ID,Original User Story,Rewritten User Story,Correction Reason,Fuzzy Terms (with source),I_before,I_after,delta_I,N_before,N_after,delta_N,V_before,V_after,delta_V,E_before,E_after,delta_E,S_before,S_after,delta_S,T_before,T_after,delta_T,overall_before,overall_after,delta_overall,Low-score Explanation (<2)
A1US1O1,"As a passenger, I want the AV to detect hazards in real-time using AI sensors, so that my safety is ensured.","User Story:
As a passenger, I want the autonomous vehicle (AV) to utilize AI sensors for real-time hazard detection so that my safety is guaranteed during travel.

Acceptance Criteria:
- The AV must identify and respond to at least 95% of potential hazards within 1 second of detection.
- The system should demonstrate a reduction in accident rates by at least 30% during testing compared to vehicles without this technology.
- User feedback should reflect a safety satisfaction rate of 90% or higher after experiencing the AV's hazard detection capabilities.

Test Outline:
- Conduct real-world simulations to measure the response time and accuracy of hazard detection under various conditions.
- Analyze accident data before and after implementing the AI sensor system to confirm the reduction in accident rates.","The original user story was clear but lacked measurable criteria and specificity. The improved version enhances clarity by explicitly stating the technology involved, setting quantifiable acceptance criteria, and providing a structured test outline to ensure the effectiveness of the hazard detection system.","this (ISO 29148)
that (ISO 29148)",5,5,0.0,4,4,0.0,5,5,0.0,4,5,1.0,5,5,0.0,4,5,1.0,5,5,0.0,—
A1US2O1,"As a fleet manager, I want to monitor AV performance data via IoT, so that I can proactively manage maintenance.","User Story:
As a fleet manager, I want to access real-time performance data of autonomous vehicles (AVs) through IoT technology so that I can proactively manage maintenance and reduce downtime by at least 20%.

Acceptance Criteria:
- The IoT system must provide performance data updates every 5 minutes for all vehicles in the fleet.
- At least 95% of performance data readings should be accurate and reliable.
- The system should generate alerts for maintenance needs with a lead time of at least 48 hours before any potential failure.

Test Outline:
- Monitor the frequency of data updates to ensure they occur within the 5-minute window.
- Validate the accuracy of performance data by cross-referencing with manual checks on a sample of vehicles.
- Test the alert system to confirm that maintenance notifications are sent out at least 48 hours in advance of identified issues.","The original user story was clear but lacked measurable criteria and specific business impact. The improved version enhances clarity by specifying the technology used, quantifying the expected reduction in downtime, and providing detailed acceptance criteria and a test outline.","reliable (ISO 29148)
that (ISO 29148)
all (ISO 29148)
every (ISO 29148)
can (NASA ARM)",4,4,0.0,4,4,0.0,5,5,0.0,4,5,1.0,4,5,1.0,3,5,2.0,4,5,1.0,—
A1US3O1,"As a driver, I want the AV to predict and prevent collisions using AI, so that accidents are significantly reduced.","User Story:
As a driver, I want the autonomous vehicle (AV) to utilize AI for predicting and preventing potential collisions so that the incidence of accidents is reduced by at least 70%, enhancing overall road safety.

Acceptance Criteria:
- The AI system must accurately predict potential collision scenarios with a success rate of 95% or higher.
- The AV should initiate preventive actions (such as braking or steering adjustments) within 0.5 seconds of detecting a potential collision.
- Post-implementation, the number of reported accidents involving the AV should decrease by at least 70% over a 12-month period.

Test Outline:
- Simulate various driving scenarios to evaluate the AI's prediction accuracy and response time in collision prevention.
- Analyze accident reports before and after the implementation to measure the reduction in incidents.","The original user story was clear but lacked specific, measurable criteria. The improved version enhances clarity by specifying the expected reduction in accidents, the accuracy of the AI predictions, and the response time for preventive actions, making it more actionable and focused on business value.",that (ISO 29148),4,4,0.0,4,4,0.0,5,5,0.0,4,5,1.0,5,5,0.0,4,5,1.0,4,5,1.0,—
A1US4O1,"As a transportation executive, I want the AV to optimize fuel consumption with AI, so that operational costs are minimized.","User Story:
As a transportation executive, I want the autonomous vehicle (AV) to utilize AI algorithms to optimize fuel consumption so that operational costs are reduced by at least 15% annually.

Acceptance Criteria:
- The AI system must analyze driving patterns and adjust routes to achieve a minimum of 10% improvement in fuel efficiency within the first quarter of implementation.
- Fuel consumption data should be tracked and reported monthly, demonstrating a consistent reduction in costs over a 12-month period.
- User feedback from drivers should indicate a satisfaction rate of 90% or higher regarding the AV's performance in fuel optimization.

Test Outline:
- Measure fuel consumption before and after AI implementation to verify the 15% cost reduction goal.
- Analyze route efficiency and fuel savings through data analytics tools to ensure the 10% improvement is achieved.
- Conduct surveys with drivers to assess their satisfaction with the AI's fuel optimization capabilities.","The original user story was clear but lacked specific, measurable criteria. The improved version enhances clarity by specifying quantifiable goals for fuel savings, operational cost reduction, and user satisfaction, along with a structured test outline.",that (ISO 29148),4,5,1.0,4,4,0.0,5,5,0.0,4,5,1.0,4,5,1.0,3,5,2.0,4,5,1.0,—
A1US5O1,"As a passenger, I want the AV to navigate autonomously through traffic using AI and IoT, so that my travel is seamless and stress-free.","User Story:
As a passenger, I want the autonomous vehicle (AV) to navigate through traffic using advanced AI and IoT technologies so that my travel experience is seamless, stress-free, and safe.

Acceptance Criteria:
- The AV must successfully navigate through urban traffic with a success rate of at least 95% without human intervention.
- The average time taken to reach the destination should be reduced by 20% compared to traditional navigation methods.
- User satisfaction regarding the travel experience should achieve a rating of 90% or higher in post-ride surveys.

Test Outline:
- Monitor the AV's navigation performance in real traffic conditions to verify the success rate of autonomous navigation.
- Compare travel times of the AV against traditional vehicles over the same routes to assess time efficiency.
- Conduct user surveys after rides to evaluate satisfaction levels and gather feedback on the travel experience.","The original user story was well-structured but needed more specificity and measurable criteria. The improved version clarifies the technology involved, emphasizes safety and efficiency, and provides explicit acceptance criteria and a test outline to ensure the functionality meets user expectations.",that (ISO 29148),4,4,0.0,4,4,0.0,5,5,0.0,4,5,1.0,4,5,1.0,2,5,3.0,4,5,1.0,—
A1US6O1,"As a commuter, I want the AV to handle driving tasks autonomously, so that I can use my travel time productively.","User Story:
As a commuter, I want the autonomous vehicle (AV) to manage all driving tasks independently so that I can utilize my travel time for work or leisure activities, enhancing my overall productivity.

Acceptance Criteria:
- The AV must successfully navigate and complete driving tasks with a success rate of at least 95% in various traffic conditions.
- The system should respond to unexpected obstacles or changes in traffic patterns within 1 second to ensure safety.
- User feedback should reflect a satisfaction rate of 90% or higher regarding the AV's driving performance and reliability.

Test Outline:
- Conduct real-world driving tests to measure the success rate of the AV in different scenarios and conditions.
- Simulate unexpected obstacles during test drives to evaluate the system's response time and effectiveness.
- Gather user feedback through surveys to assess satisfaction with the AV's autonomous driving capabilities.","The original user story was clear but lacked measurable criteria and specific details. The improved version enhances clarity by specifying the role of the AV, outlines explicit benefits, and provides measurable acceptance criteria and a structured test outline.","that (ISO 29148)
all (ISO 29148)
can (NASA ARM)",4,5,1.0,4,4,0.0,5,5,0.0,4,5,1.0,4,5,1.0,3,5,2.0,4,5,1.0,—
A1US7O1,"As an environmental advocate, I want the AV to reduce emissions through AI-optimized routes, so that it contributes to a cleaner environment.","User Story:
As an environmental advocate, I want the autonomous vehicle (AV) to utilize AI-optimized routes to minimize emissions by at least 20% per trip, so that it significantly contributes to a cleaner environment and supports sustainability goals.

Acceptance Criteria:
- The AI routing system must demonstrate a reduction in emissions of at least 20% compared to traditional routing methods for 90% of trips.
- The system should calculate and display estimated emissions savings for each route, ensuring accuracy within 5%.
- User feedback should reflect a satisfaction rate of 90% or higher regarding the perceived environmental impact of the AV's routing decisions.

Test Outline:
- Analyze trip data to compare emissions from AI-optimized routes against standard routes to verify the 20% reduction.
- Validate the accuracy of emissions calculations by cross-referencing with environmental standards and metrics.
- Conduct user surveys to assess satisfaction with the environmental benefits of the AV's routing.","The original user story was clear but lacked measurable criteria and specific targets. The improved version enhances clarity by specifying the role of the AV, quantifying the expected emissions reduction, and providing detailed acceptance criteria and testing methods to ensure accountability and effectiveness.","it (ISO 29148)
that (ISO 29148)",4,4,0.0,4,4,0.0,5,4,-1.0,4,5,1.0,4,5,1.0,3,5,2.0,4,4,0.0,—
A1US8O1,"As a software engineer, I want the AV to efficiently process large-scale sensor data using AI and IoT, so that it makes informed decisions quickly.","User Story:
As a software engineer, I want the autonomous vehicle (AV) system to efficiently process large-scale sensor data using AI and IoT technologies so that it can make informed decisions within 100 milliseconds, enhancing safety and operational efficiency.

Acceptance Criteria:
- The AV must process and analyze sensor data from at least 10,000 data points per second with a decision-making latency of no more than 100 milliseconds.
- The accuracy of the decisions made based on the processed data should be at least 95% in real-world scenarios.
- The system should demonstrate the ability to handle peak data loads without performance degradation for 99% of the time.

Test Outline:
- Simulate various scenarios to measure the processing speed and decision-making latency of the AV system under different data loads.
- Validate the accuracy of decisions made by comparing them against expected outcomes in controlled tests.","The original user story was clear but lacked specific measurable criteria. The improved version enhances clarity by defining the technology involved, setting explicit performance metrics, and outlining acceptance criteria and testing methods to ensure the system meets business needs.","it (ISO 29148)
that (ISO 29148)
can (NASA ARM)
more (NASA ARM)",3,4,1.0,3,4,1.0,4,5,1.0,3,5,2.0,4,5,1.0,2,5,3.0,3,5,2.0,—
A1US9O1,"As a business strategist, I want to leverage AI and IoT in AVs to explore new market opportunities, so that the company can expand its revenue streams.","User Story:
As a business strategist, I want to integrate AI and IoT technologies in autonomous vehicles (AVs) to identify and capitalize on at least three new market opportunities, so that the company can increase its revenue streams by 20% within the next fiscal year.

Acceptance Criteria:
- Conduct a market analysis to identify a minimum of three viable opportunities for AI and IoT applications in AVs by the end of Q2.
- Develop a strategic plan outlining potential revenue impacts, aiming for a projected increase of 20% in revenue from these new opportunities within 12 months.
- Present findings and strategic recommendations to stakeholders with a satisfaction rating of 90% or higher on the clarity and feasibility of the proposed initiatives.

Test Outline:
- Review the market analysis report to ensure it identifies at least three opportunities and aligns with the company’s strategic goals.
- Evaluate the strategic plan for projected revenue impacts and gather feedback from stakeholders to assess their satisfaction with the recommendations.","The original user story was clear but lacked measurable criteria and specific targets. The improved version enhances clarity by specifying quantifiable goals, such as the number of market opportunities and expected revenue growth, while also providing a structured approach for testing and validation.","it (ISO 29148)
that (ISO 29148)
these (ISO 29148)
can (NASA ARM)",2,4,2.0,2,5,3.0,4,5,1.0,2,5,3.0,3,5,2.0,2,5,3.0,3,5,2.0,—
A1US10O1,"As a network administrator, I want the AV to maintain low-latency connectivity through IoT, so that it can communicate effectively for safe operations.","User Story:
As a network administrator, I want the antivirus (AV) system to ensure low-latency connectivity across IoT devices so that they can communicate effectively, maintaining operational safety and efficiency.

Acceptance Criteria:
- The AV must maintain latency levels below 50 milliseconds for 95% of IoT communications.
- The system should demonstrate a 99% uptime for connectivity to IoT devices over a 30-day period.
- User feedback should reflect a satisfaction rate of 90% or higher regarding the effectiveness of the AV in maintaining connectivity.

Test Outline:
- Measure the latency of IoT communications while the AV is active to ensure it meets the 50 milliseconds criterion.
- Monitor the uptime of the AV system over a month to confirm it meets the 99% threshold.
- Conduct user surveys to assess satisfaction with the AV's performance in maintaining connectivity.","The original user story was clear but lacked measurable criteria and specificity. The improved version clarifies the role of the network administrator, specifies the capability of the AV, and provides explicit, quantifiable acceptance criteria and a structured test outline.","it (ISO 29148)
that (ISO 29148)
can (NASA ARM)",3,4,1.0,2,4,2.0,4,5,1.0,2,5,3.0,3,5,2.0,2,5,3.0,3,5,2.0,—
A2US1O1,"As a parent, I want to receive real-time alerts when my child shows aggressive behavior, so I can intervene immediately.","User Story:
As a parent, I want to receive instant notifications when my child exhibits aggressive behavior so that I can intervene within 5 minutes to ensure their safety and promote positive behavior.

Acceptance Criteria:
- The alert system must detect aggressive behavior with at least 90% accuracy.
- Notifications should be sent to the parent’s device within 30 seconds of the behavior being detected.
- Parents should report a satisfaction rate of 95% or higher regarding the timeliness and effectiveness of the alerts.

Test Outline:
- Conduct behavioral assessments to evaluate the accuracy of the detection system against known aggressive behaviors.
- Measure the time taken from detection to notification delivery to ensure it meets the 30-second requirement.
- Survey parents after implementation to gauge their satisfaction with the alert system.","The original user story was clear but lacked measurable criteria and specific timeframes. The improved version enhances clarity by specifying the desired response time, accuracy, and user satisfaction metrics, making it more actionable and focused on business value.","it (ISO 29148)
that (ISO 29148)
can (NASA ARM)",5,4,-1.0,4,4,0.0,4,5,1.0,4,5,1.0,5,5,0.0,4,5,1.0,4,5,1.0,—
A2US2O1,"As a teacher, I want daily reports on students' aggression levels from wearable sensors, so I can implement effective classroom strategies.","User Story:
As a teacher, I want to receive daily reports on students' aggression levels collected from wearable sensors so that I can implement targeted classroom strategies to improve student behavior and learning outcomes.

Acceptance Criteria:
- Daily reports must be generated and delivered to the teacher within 24 hours of data collection.
- The reports should include a clear summary of aggression levels for at least 90% of students, with actionable insights for intervention.
- The effectiveness of implemented strategies should be measurable, showing at least a 20% reduction in reported aggression levels over a month.

Test Outline:
- Verify the timeliness of report generation by checking the delivery time against the 24-hour requirement.
- Review the content of the reports to ensure they meet the accuracy and insight criteria.
- Track changes in aggression levels over time to assess the impact of the strategies implemented.","The original user story was clear but lacked specific measurable criteria and a structured approach. The improved version enhances clarity by specifying the delivery timeline, accuracy requirements, and measurable outcomes, while also providing a detailed test outline.","that (ISO 29148)
can (NASA ARM)",4,4,0.0,4,4,0.0,4,5,1.0,4,5,1.0,4,5,1.0,3,5,2.0,4,5,1.0,—
A2US3O1,"As a clinician, I want access to detailed logs of a child's aggressive incidents, so I can create personalized intervention plans.","User Story:
As a clinician, I want to access comprehensive logs of a child's aggressive incidents so that I can develop tailored intervention plans that effectively address their specific behavioral needs.

Acceptance Criteria:
- The system must provide detailed incident logs that include at least 5 key data points (e.g., date, time, context, triggers, and responses) for each incident.
- Clinicians should be able to retrieve these logs within 3 seconds of making a request.
- At least 90% of clinicians should report that the logs significantly aid in creating effective intervention plans based on user feedback.

Test Outline:
- Verify the completeness of incident logs by checking for the presence of all required data points.
- Measure the response time for retrieving logs to ensure it meets the 3-second requirement.
- Conduct surveys with clinicians to assess the perceived usefulness of the logs in developing intervention strategies.","The original user story was clear but lacked measurable criteria and specific details. The improved version enhances clarity by specifying the required data points, response time, and clinician feedback, thus strengthening the overall INVEST dimensions.","effective (ISO 29148)
it (ISO 29148)
that (ISO 29148)
these (ISO 29148)
all (ISO 29148)
be able to (NASA ARM)
effective (NASA ARM)
can (NASA ARM)",4,5,1.0,4,4,0.0,4,5,1.0,4,5,1.0,4,5,1.0,3,5,2.0,4,5,1.0,—
A2US4O1,"As a researcher, I want to analyze aggregated sensor data from multiple participants, so I can study the triggers of aggression in children.","User Story:
As a researcher, I want to analyze aggregated sensor data collected from at least 100 participants so that I can identify and understand the triggers of aggression in children with a confidence level of 95%.

Acceptance Criteria:
- The aggregated data must include sensor readings from a minimum of 100 participants to ensure statistical significance.
- The analysis should be completed within 2 weeks of data collection, providing timely insights for further research.
- The findings must be presented in a report that includes at least 3 actionable recommendations based on the data analysis.

Test Outline:
- Verify the completeness of the aggregated dataset to ensure it meets the participant threshold.
- Track the timeline from data collection to analysis completion to confirm it adheres to the 2-week requirement.
- Review the final report for clarity and the presence of actionable recommendations.","The original user story was clear but lacked measurable criteria and specificity regarding the data and outcomes. The improved version enhances clarity by specifying participant numbers, analysis timelines, and actionable results, thus strengthening the overall INVEST dimensions.","it (ISO 29148)
that (ISO 29148)
timely (NASA ARM)
can (NASA ARM)",4,4,0.0,4,4,0.0,4,5,1.0,4,5,1.0,4,5,1.0,3,5,2.0,4,5,1.0,—
A2US5O1,"As a school administrator, I want to monitor overall aggression data across the school, so I can develop policies to enhance safety.","User Story:
As a school administrator, I want to analyze and monitor overall aggression data across the school so that I can formulate evidence-based policies that enhance student safety and well-being.

Acceptance Criteria:
- The system must aggregate and display aggression data from at least 90% of reported incidents within 24 hours.
- Reports should provide insights on trends and patterns, with at least 3 actionable recommendations for policy development based on the data.
- User satisfaction with the data reporting tool should reach a minimum of 85% in post-implementation surveys.

Test Outline:
- Verify the data aggregation process by comparing reported incidents against the system's output for accuracy and timeliness.
- Conduct user surveys to assess the effectiveness and usability of the reporting tool in generating actionable insights.","The original user story was clear but lacked measurable criteria and specific outcomes. The improved version enhances clarity by specifying the capability, business relevance, and measurable acceptance criteria, along with a structured test outline to ensure effectiveness.","that (ISO 29148)
can (NASA ARM)",4,4,0.0,4,4,0.0,4,5,1.0,4,5,1.0,4,5,1.0,3,5,2.0,4,5,1.0,—
A2US6O1,"As a child with ADHD, I want to wear a comfortable activity monitor, so my behavior is tracked without feeling uncomfortable.","User Story:
As a child with ADHD, I want to wear a lightweight and comfortable activity monitor so that my behavior can be tracked discreetly, allowing me to focus on my activities without discomfort.

Acceptance Criteria:
- The activity monitor must weigh no more than 50 grams to ensure comfort during daily use.
- At least 90% of users should report that the monitor does not cause any discomfort during extended wear.
- The monitor should accurately track activity levels with a minimum accuracy rate of 95% compared to standard tracking methods.

Test Outline:
- Conduct user trials to measure the weight of the monitor and gather feedback on comfort levels during various activities.
- Compare the activity tracking data from the monitor against established tracking methods to verify accuracy.","The original user story was clear but lacked measurable criteria and specific details. The improved version enhances clarity by specifying comfort requirements, quantifiable acceptance criteria, and a structured test outline to ensure the product meets the user's needs effectively.","that (ISO 29148)
can (NASA ARM)
more (NASA ARM)",4,4,0.0,4,4,0.0,4,5,1.0,4,5,1.0,4,5,1.0,3,5,2.0,4,5,1.0,—
A2US7O1,"As a data scientist, I want the machine learning model to accurately distinguish between aggressive and non-aggressive activities, so the system reliably identifies true aggression incidents.","User Story:
As a data scientist, I want the machine learning model to achieve at least 95% accuracy in distinguishing between aggressive and non-aggressive activities so that the system can reliably identify true aggression incidents and reduce false positives.

Acceptance Criteria:
- The model must demonstrate a precision rate of 90% or higher in identifying aggressive activities during testing.
- The recall rate for detecting true aggression incidents should be at least 85%.
- The model's performance should be validated on a dataset of at least 10,000 labeled activities to ensure robustness.

Test Outline:
- Evaluate the model's accuracy, precision, and recall using a confusion matrix on the test dataset.
- Conduct cross-validation to ensure the model's performance is consistent across different subsets of data.","The original user story was clear but lacked specific, measurable criteria for success. The improved version enhances clarity by specifying accuracy, precision, and recall metrics, along with a structured testing approach to validate the model's effectiveness.","that (ISO 29148)
can (NASA ARM)",4,4,0.0,4,4,0.0,4,5,1.0,4,5,1.0,4,5,1.0,3,5,2.0,4,5,1.0,—
A2US8O1,"As a guardian, I want to view trends of my child's aggression incidents over time, so I can understand and support their behavioral development.","User Story:
As a guardian, I want to analyze trends in my child's aggression incidents over a specified period so that I can better understand their behavioral development and provide targeted support.

Acceptance Criteria:
- The system must display a visual trend graph of aggression incidents over time, updated in real-time, with data points for at least the past 6 months.
- Users should be able to filter incidents by type and severity, with at least 80% of filters functioning correctly.
- The platform should provide actionable insights or recommendations based on the trends observed, with a satisfaction rate of 90% or higher from guardians.

Test Outline:
- Verify the accuracy and timeliness of the trend graph by comparing it against recorded incident data.
- Test the filtering functionality to ensure it meets the specified criteria and gather user feedback on the usefulness of the insights provided.","The original user story was clear but lacked measurable criteria and specific details. The improved version enhances clarity by specifying the capability, providing quantifiable acceptance criteria, and outlining a structured test plan to ensure the feature meets user needs effectively.","it (ISO 29148)
that (ISO 29148)
better (ISO 29148)
be able to (NASA ARM)
can (NASA ARM)
better (NASA ARM)",4,4,0.0,4,4,0.0,4,5,1.0,4,5,1.0,5,5,0.0,4,5,1.0,4,5,1.0,—
A2US9O1,"As a privacy officer, I want all sensor data to be securely stored and access-controlled, so children's privacy is protected.","User Story:
As a privacy officer, I want all sensor data to be securely stored and access-controlled so that children's privacy is protected and compliance with regulations is ensured.

Acceptance Criteria:
- All sensor data must be encrypted both at rest and in transit, achieving a minimum encryption standard of AES-256.
- Access to sensor data should be restricted to authorized personnel only, with at least 99% of access attempts logged and monitored.
- A compliance audit must confirm that data storage and access controls meet or exceed relevant privacy regulations, with a target completion rate of 100% for audits conducted quarterly.

Test Outline:
- Verify encryption standards by conducting security assessments on stored and transmitted data.
- Review access logs to ensure that unauthorized access attempts are below 1% and that all access is appropriately logged.
- Schedule and complete quarterly audits to assess compliance with privacy regulations.","The original user story was clear but lacked measurable criteria and specific compliance goals. The improved version strengthens the focus on security and compliance, providing explicit acceptance criteria and a structured test outline to ensure children's privacy is effectively protected.","that (ISO 29148)
all (ISO 29148)",4,4,0.0,4,4,0.0,4,5,1.0,4,5,1.0,4,5,1.0,3,5,2.0,4,5,1.0,—
A2US10O1,"As a software developer, I want to integrate sensor data with existing health management systems, so comprehensive support services can be provided seamlessly","User Story:
As a software developer, I want to integrate sensor data with existing health management systems so that we can provide comprehensive support services seamlessly, improving patient care and operational efficiency.

Acceptance Criteria:
- The integration must successfully process and display sensor data within 5 seconds of collection for at least 95% of cases.
- The system should maintain a data accuracy rate of 98% or higher when syncing sensor data with health management systems.
- User feedback from healthcare providers should reflect a satisfaction rate of 90% or higher regarding the integration's effectiveness.

Test Outline:
- Measure the time taken for sensor data to be processed and displayed in the health management system to ensure it meets the 5-second requirement.
- Conduct data validation tests to confirm the accuracy of the integrated sensor data.
- Gather user feedback through surveys to assess satisfaction with the integration.","The original user story was clear but lacked measurable criteria and specific acceptance metrics. The improved version enhances clarity by specifying the expected performance, accuracy, and user satisfaction, making it more actionable and aligned with business goals.","it (ISO 29148)
that (ISO 29148)
can (NASA ARM)",4,4,0.0,4,4,0.0,4,5,1.0,4,5,1.0,4,5,1.0,3,5,2.0,4,5,1.0,—
A3US1O1,"As a social media moderator, I want real-time alerts of aggressive tweets, so I can promptly address and remove harmful content.","User Story:
As a social media moderator, I want to receive real-time alerts for aggressive tweets so that I can swiftly identify and remove harmful content, ensuring a safer online environment for users.

Acceptance Criteria:
- Alerts for aggressive tweets must be generated within 5 seconds of detection, allowing for timely intervention.
- The system should achieve at least 90% accuracy in identifying aggressive content to minimize false positives.
- Moderators should be able to resolve flagged tweets within 10 minutes of receiving an alert, with a target resolution rate of 95%.

Test Outline:
- Measure the time taken from the detection of aggressive tweets to the generation of alerts to ensure it meets the 5-second requirement.
- Evaluate the accuracy of the alert system by comparing flagged tweets against a manual review of content.
- Track the time taken by moderators to address alerts and calculate the resolution rate over a specified period.","The original user story was clear but lacked measurable criteria and specific outcomes. The improved version enhances clarity by specifying the desired response times, accuracy rates, and resolution targets, making it more actionable and aligned with business goals.","it (ISO 29148)
that (ISO 29148)
be able to (NASA ARM)
timely (NASA ARM)
can (NASA ARM)",4,4,0.0,4,4,0.0,4,5,1.0,4,5,1.0,5,5,0.0,4,5,1.0,4,5,1.0,—
A3US2O1,"As a platform administrator, I want the aggression detection system to scale efficiently with Twitter’s data volume, so it can handle up to 778 million tweets daily using minimal resources.","User Story:
As a platform administrator, I want the aggression detection system to efficiently scale with Twitter’s data volume so that it can process up to 778 million tweets daily while utilizing no more than 70% of available server resources.

Acceptance Criteria:
- The system must handle a minimum of 778 million tweets per day without exceeding 70% resource utilization.
- The detection accuracy should remain above 95% even during peak load times.
- The system should be able to scale up or down within 5 minutes based on real-time data volume fluctuations.

Test Outline:
- Simulate tweet traffic to measure the system's performance and resource usage under maximum load conditions.
- Evaluate the accuracy of aggression detection during peak and off-peak times to ensure it meets the 95% threshold.","The original user story was clear but lacked specific measurable criteria and resource constraints. The improved version clarifies the scaling requirements, sets explicit performance metrics, and provides a structured test outline to ensure the system meets operational goals.","it (ISO 29148)
that (ISO 29148)
be able to (NASA ARM)
can (NASA ARM)
more (NASA ARM)",5,5,0.0,4,4,0.0,4,5,1.0,4,5,1.0,5,5,0.0,4,5,1.0,4,5,1.0,—
A3US3O1,"As a data scientist, I want the machine learning classifiers to adapt incrementally with new data, so the detection accuracy remains high as aggressive behavior evolves.","User Story:
As a data scientist, I want the machine learning classifiers to incrementally adapt to new data so that the detection accuracy remains above 95% as aggressive behavior patterns evolve over time.

Acceptance Criteria:
- The classifiers must update their models with new data within 24 hours of data availability.
- The detection accuracy should be evaluated monthly, maintaining at least a 95% accuracy rate.
- The system should provide a report on model performance and adaptation effectiveness after each update.

Test Outline:
- Monitor the time taken for the classifiers to incorporate new data and update their models.
- Conduct monthly evaluations of detection accuracy against a validation dataset to ensure it meets the 95% threshold.
- Review the performance reports generated after each model update for insights on adaptation effectiveness.","The original user story was clear but lacked specific measurable criteria and a structured testing approach. The improved version emphasizes quantifiable goals for accuracy, update frequency, and performance reporting, enhancing clarity and business relevance.","it (ISO 29148)
that (ISO 29148)",5,5,0.0,4,4,0.0,4,5,1.0,4,5,1.0,5,5,0.0,4,5,1.0,4,5,1.0,—
A3US4O1,"As a researcher, I want to analyze detected aggression, sarcasm, racism, and sexism in real-time, so I can study trends and patterns in online behavior.","User Story:
As a researcher, I want to analyze instances of aggression, sarcasm, racism, and sexism in real-time so that I can identify and study trends and patterns in online behavior effectively.

Acceptance Criteria:
- The system must detect and categorize at least 95% of instances of aggression, sarcasm, racism, and sexism in real-time conversations.
- Analysis results should be available within 5 seconds of detection to facilitate timely research insights.
- The accuracy of the categorization should be validated with a minimum precision rate of 90% based on a sample of 1,000 interactions.

Test Outline:
- Conduct real-time tests on a diverse dataset to measure the detection rate and categorize instances accurately.
- Evaluate the response time for analysis results to ensure they meet the 5-second requirement.
- Review a sample of categorized interactions to confirm the precision rate aligns with the specified criteria.","The original user story was clear but lacked measurable criteria and specific acceptance metrics. The improved version enhances clarity by specifying the research goals, measurable acceptance criteria, and a structured test outline to ensure the functionality meets the research needs.","that (ISO 29148)
timely (NASA ARM)
can (NASA ARM)",4,4,0.0,4,4,0.0,4,5,1.0,4,5,1.0,4,5,1.0,3,5,2.0,4,5,1.0,—
A3US5O1,"As a user, I want aggressive content to be minimized on my Twitter feed, so my online experience is safer and more positive.","User Story:
As a user, I want to reduce the visibility of aggressive content on my feed so that I can enjoy a safer and more positive online experience.

Acceptance Criteria:
- The system must filter out at least 80% of aggressive content based on user-defined criteria.
- Users should have the ability to customize their content filters, with changes applied within 5 seconds.
- User satisfaction regarding the reduction of aggressive content should reach at least 90% in feedback surveys.

Test Outline:
- Analyze the content displayed on user feeds before and after applying the filters to measure the percentage of aggressive content removed.
- Conduct user surveys to assess satisfaction levels with the effectiveness of the content filtering feature.","The original user story was clear but lacked measurable criteria and specificity. The improved version clarifies the user's intent, provides explicit acceptance criteria, and outlines a structured test plan to ensure the feature's effectiveness.","that (ISO 29148)
can (NASA ARM)
more (NASA ARM)",2,4,2.0,2,4,2.0,3,5,2.0,2,5,3.0,4,5,1.0,2,5,3.0,3,5,2.0,—
A3US6O1,"As a compliance officer, I want detailed reports on detected aggressive behavior, so I can ensure the platform adheres to community guidelines and regulations.","User Story:
As a compliance officer, I want to receive comprehensive reports on instances of detected aggressive behavior so that I can ensure the platform complies with community guidelines and regulatory standards, ultimately fostering a safer environment for users.

Acceptance Criteria:
- Reports must include at least 95% of detected aggressive behavior incidents within a 24-hour reporting period.
- Each report should detail the nature of the behavior, user IDs involved, and timestamps, with a minimum of 10 data points per report.
- The system should generate reports automatically, with a success rate of 98% in report generation without errors.

Test Outline:
- Review the generated reports for completeness and accuracy against the incidents logged in the system.
- Monitor the report generation process to ensure it meets the 24-hour timeframe and checks for any errors in the output.","The original user story was clear but lacked specific, measurable criteria. The improved version enhances clarity by specifying the requirements for the reports, including accuracy, detail, and automation, while also providing a structured test outline to verify compliance.","it (ISO 29148)
that (ISO 29148)
can (NASA ARM)",4,4,0.0,4,4,0.0,4,5,1.0,4,5,1.0,4,5,1.0,3,5,2.0,4,5,1.0,—
A3US7O1,"As a developer, I want the framework to integrate seamlessly with existing Twitter infrastructure, so deployment is efficient and does not disrupt service.","User Story:
As a developer, I want the framework to integrate flawlessly with the existing Twitter infrastructure so that deployment can occur within 30 minutes without causing any service interruptions.

Acceptance Criteria:
- The integration process must complete successfully in under 30 minutes for at least 95% of deployment attempts.
- There should be zero service disruptions reported during or after the integration for 100% of users.
- Post-deployment, at least 90% of users should report that the system functions as expected without any issues.

Test Outline:
- Measure the time taken for the integration process during multiple deployment attempts to ensure it meets the 30-minute requirement.
- Monitor service uptime and user reports during and after the integration to confirm no disruptions occur.
- Conduct user surveys to assess the functionality and performance of the system post-deployment.","The original user story was clear but lacked measurable criteria and specific performance metrics. The improved version enhances clarity by specifying timeframes, success rates, and user satisfaction, making it more actionable and aligned with business goals.","it (ISO 29148)
that (ISO 29148)
can (NASA ARM)",4,5,1.0,4,4,0.0,4,5,1.0,4,5,1.0,4,5,1.0,3,5,2.0,4,5,1.0,—
A3US8O1,"As a content strategist, I want insights from aggression detection to inform policy updates, so the platform can proactively manage evolving online threats.","User Story:
As a content strategist, I want to leverage insights from aggression detection analytics to guide policy updates, so that the platform can proactively address and mitigate emerging online threats effectively.

Acceptance Criteria:
- The aggression detection system must analyze and report on at least 95% of flagged content within 24 hours.
- Policy recommendations based on insights should be generated with a minimum accuracy rate of 90%.
- User engagement metrics should show a 20% improvement in user safety perceptions following policy updates informed by aggression detection insights.

Test Outline:
- Review the timeliness and accuracy of the aggression detection reports to ensure they meet the 24-hour and 90% criteria.
- Conduct surveys to measure user perceptions of safety before and after policy updates to confirm the 20% improvement.","The original user story was clear but lacked measurable criteria and specific outcomes. The improved version enhances clarity by specifying the role, capability, and business relevance while providing quantifiable acceptance criteria and a structured test outline.","that (ISO 29148)
can (NASA ARM)",4,4,0.0,4,4,0.0,4,5,1.0,4,5,1.0,4,5,1.0,3,5,2.0,4,5,1.0,—
A3US9O1,"As a marketer, I want to ensure that aggressive or harmful content does not appear alongside advertisements, so brand safety is maintained on the platform.","User Story:
As a marketer, I want to implement strict content filtering measures to prevent aggressive or harmful content from appearing alongside advertisements so that brand safety is upheld and our brand reputation is protected.

Acceptance Criteria:
- The content filtering system must block at least 98% of aggressive or harmful content from being displayed with advertisements.
- The system should perform real-time checks, ensuring that content is filtered within 1 second of being uploaded.
- Brand safety audits should show a 100% compliance rate with established guidelines during quarterly reviews.

Test Outline:
- Conduct regular tests to evaluate the effectiveness of the content filtering system by analyzing a sample of advertisements and their associated content.
- Monitor the response time of the filtering system to ensure it meets the 1-second requirement.","The original user story was clear but lacked measurable criteria and specificity. The improved version enhances clarity by defining the marketing professional's role, specifying the capability, and providing explicit, quantifiable acceptance criteria and a structured test outline to ensure brand safety.","it (ISO 29148)
that (ISO 29148)",4,4,0.0,4,4,0.0,4,5,1.0,4,5,1.0,4,5,1.0,3,5,2.0,4,5,1.0,—
A3US10O1,"As a cybersecurity analyst, I want the system to detect and report coordinated aggressive campaigns, so I can mitigate large-scale harassment or abuse efforts effectively.","User Story:
As a cybersecurity analyst, I want the system to identify and report coordinated aggressive campaigns in real-time so that I can take proactive measures to mitigate large-scale harassment or abuse efforts effectively.

Acceptance Criteria:
- The system must detect at least 95% of coordinated campaigns within 5 minutes of initiation.
- Reports generated should include actionable insights and be delivered to analysts within 2 minutes of detection.
- User feedback from analysts should indicate a satisfaction rate of 90% or higher regarding the effectiveness of the detection and reporting process.

Test Outline:
- Simulate various coordinated campaign scenarios to evaluate the system's detection accuracy and response time.
- Collect feedback from cybersecurity analysts on the usefulness and clarity of the reports generated.","The original user story was clear but lacked measurable criteria and specificity. The improved version enhances clarity by specifying the desired outcomes, measurable acceptance criteria, and a structured test outline to ensure effectiveness.","that (ISO 29148)
can (NASA ARM)",4,4,0.0,4,4,0.0,4,5,1.0,4,5,1.0,4,5,1.0,3,5,2.0,4,5,1.0,—
A4US1O1,"As a military commander, I want autonomous drones to conduct reconnaissance missions, so that I can gather real-time intelligence without risking personnel.","User Story:
As a military commander, I want autonomous drones to perform reconnaissance missions so that I can obtain real-time intelligence while minimizing the risk to personnel and resources.

Acceptance Criteria:
- Drones must be able to complete reconnaissance missions with at least 95% accuracy in identifying targets and gathering data.
- Each mission should provide real-time intelligence updates within 30 seconds of data collection.
- The system should demonstrate a failure rate of less than 2% during operational missions.

Test Outline:
- Evaluate the accuracy of the drones' reconnaissance data by comparing it against ground truth data from previous missions.
- Measure the time taken for the drones to transmit intelligence updates during test missions to ensure compliance with the 30-second requirement.","The original user story was clear but lacked measurable criteria and specific performance metrics. The improved version enhances clarity by specifying the accuracy, timeliness, and reliability of the drones, along with a structured test outline to verify these capabilities.","it (ISO 29148)
that (ISO 29148)
be able to (NASA ARM)
can (NASA ARM)
less (NASA ARM)",5,4,-1.0,4,4,0.0,5,5,0.0,4,5,1.0,5,5,0.0,4,5,1.0,5,5,0.0,—
A4US2O1,"As a drone operator, I want AI-driven drones to adapt to changing battlefield conditions, so that missions remain effective under dynamic scenarios.","User Story:
As a drone operator, I want AI-powered drones to autonomously adjust their flight paths and strategies in response to real-time battlefield conditions so that mission success rates increase by at least 20% in dynamic environments.

Acceptance Criteria:
- Drones must demonstrate the ability to adapt to at least 95% of identified changing conditions during test missions.
- The response time for the drones to adjust their strategies should be within 3 seconds of detecting a change.
- Post-mission analysis should show a minimum of 20% improvement in mission effectiveness compared to non-AI-assisted operations.

Test Outline:
- Simulate various battlefield scenarios to evaluate the drones' adaptability and measure their performance against the acceptance criteria.
- Record the time taken for drones to respond to changes and analyze mission outcomes to confirm the effectiveness improvements.","The original user story was clear but lacked measurable criteria and specific performance goals. The improved version enhances clarity by specifying quantifiable acceptance criteria and a structured test outline, emphasizing the value of AI adaptation in mission effectiveness.",that (ISO 29148),4,4,0.0,4,4,0.0,5,5,0.0,4,5,1.0,4,5,1.0,3,5,2.0,4,5,1.0,—
A4US3O1,"As a GIS specialist, I want drones integrated with GIS systems, so that they can utilize geospatial data for precise navigation and targeting.","User Story:
As a GIS specialist, I want drones to be seamlessly integrated with GIS systems so that they can leverage geospatial data for accurate navigation and targeting, improving operational efficiency by at least 30%.

Acceptance Criteria:
- The integration must enable drones to access and utilize geospatial data with a latency of no more than 1 second.
- At least 95% of navigation and targeting tasks should be completed successfully using the integrated system.
- User feedback should reflect a satisfaction rate of 90% or higher regarding the accuracy and reliability of the drone operations post-integration.

Test Outline:
- Measure the latency of data access during drone operations to ensure it meets the 1-second requirement.
- Track the success rate of navigation and targeting tasks over a series of missions to confirm it meets the 95% threshold.
- Conduct user surveys to assess satisfaction with the integration and its impact on operational efficiency.","The original user story was clear but lacked measurable criteria and specific benefits. The improved version enhances clarity by specifying the operational efficiency goal, providing quantifiable acceptance criteria, and outlining a structured test plan.","it (ISO 29148)
that (ISO 29148)
can (NASA ARM)
more (NASA ARM)",4,4,0.0,4,4,0.0,5,5,0.0,4,5,1.0,4,5,1.0,3,5,2.0,4,5,1.0,—
A4US4O1,"As a cybersecurity analyst, I want AI-powered drones to detect and respond to cyber threats autonomously, so that our defense systems remain secure against digital attacks.","User Story:
As a cybersecurity analyst, I want AI-powered drones to autonomously detect and respond to cyber threats so that our defense systems can maintain a security posture with a 99% threat detection rate and a response time of under 5 minutes.

Acceptance Criteria:
- The drones must identify and classify at least 95% of potential cyber threats accurately.
- The response mechanism should mitigate identified threats within 5 minutes for at least 90% of incidents.
- System performance should be validated through simulated attacks, achieving a minimum of 98% effectiveness in threat neutralization.

Test Outline:
- Conduct tests using a variety of simulated cyber threats to evaluate the detection accuracy of the drones.
- Measure the time taken from threat detection to response to ensure it meets the 5-minute requirement.
- Analyze the effectiveness of the drones in neutralizing threats during simulation exercises.","The original user story was clear but lacked measurable criteria and specific performance metrics. The improved version enhances clarity by specifying quantifiable acceptance criteria and a structured test outline, ensuring a focus on measurable outcomes and business relevance.","it (ISO 29148)
that (ISO 29148)
can (NASA ARM)",2,4,2.0,2,4,2.0,4,5,1.0,2,5,3.0,3,5,2.0,1,5,4.0,2,5,3.0,—
A4US5O1,"As a logistics coordinator, I want autonomous drones to manage supply deliveries in combat zones, so that frontline units receive necessary resources promptly.","User Story:
As a logistics coordinator, I want autonomous drones to efficiently manage supply deliveries in combat zones so that frontline units receive essential resources within 30 minutes of request, ensuring operational readiness and mission success.

Acceptance Criteria:
- Drones must successfully deliver supplies to designated locations with a success rate of at least 95%.
- The average delivery time for supplies should not exceed 30 minutes from the moment of request.
- The system should be able to handle at least 100 simultaneous delivery requests without failure.

Test Outline:
- Track the success rate of deliveries over a series of missions to ensure it meets the 95% threshold.
- Measure the time taken for each delivery to confirm compliance with the 30-minute requirement.
- Simulate multiple delivery requests to test the system's capacity and reliability under load.","The original user story was clear but lacked measurable criteria and specific performance metrics. The improved version enhances clarity by specifying the expected delivery time, success rates, and system capacity, making it more actionable and aligned with business objectives.","it (ISO 29148)
that (ISO 29148)
be able to (NASA ARM)",4,4,0.0,4,4,0.0,5,5,0.0,4,5,1.0,4,5,1.0,3,5,2.0,4,5,1.0,—
A4US6O1,"As a strategic planner, I want drones equipped with AI to analyze and predict enemy movements, so that I can make informed decisions to counteract threats.","User Story:
As a strategic planner, I want AI-equipped drones to analyze and predict enemy movements with at least 95% accuracy, so that I can make timely and informed decisions to effectively counteract potential threats.

Acceptance Criteria:
- The AI algorithms must process and analyze data from drone surveillance within 5 minutes to ensure rapid response capabilities.
- The prediction accuracy of enemy movements should be validated through historical data, achieving a minimum of 95% accuracy in at least 80% of scenarios tested.
- The system should provide actionable insights that lead to a 30% improvement in response time to identified threats.

Test Outline:
- Simulate various scenarios to evaluate the accuracy of predictions made by the AI algorithms against actual enemy movements.
- Measure the time taken for data processing and analysis to ensure it meets the 5-minute requirement.
- Analyze the effectiveness of the insights provided by the drones in real-time exercises to confirm a 30% improvement in response time.","The original user story was clear but lacked measurable criteria and specific performance metrics. The improved version enhances clarity by specifying accuracy, response times, and actionable outcomes, making it more aligned with the INVEST principles.","it (ISO 29148)
that (ISO 29148)
timely (NASA ARM)
can (NASA ARM)",4,4,0.0,4,4,0.0,5,5,0.0,4,5,1.0,4,5,1.0,3,5,2.0,4,5,1.0,—
A4US7O1,"As a communications officer, I want drones to be integrated with C5ISR systems, so that they can seamlessly share information across all command and control networks.","User Story:
As a communications officer, I want drones to be fully integrated with C5ISR systems so that they can share real-time information across all command and control networks, enhancing situational awareness and operational efficiency.

Acceptance Criteria:
- The integration must enable data sharing with a latency of less than 1 second for at least 95% of transmissions.
- At least 90% of users should report improved situational awareness due to the integration within the first month of deployment.
- The system should support simultaneous connections from a minimum of 50 drones without degradation in performance.

Test Outline:
- Measure the latency of data transmissions between drones and C5ISR systems during peak usage to ensure it meets the 1-second requirement.
- Conduct user surveys to assess perceived improvements in situational awareness after the integration.
- Test the system's performance with 50 drones connected simultaneously to verify stability and reliability.","The original user story was clear but lacked measurable criteria and specific benefits. The improved version enhances clarity by specifying the operational benefits, measurable acceptance criteria, and a structured test outline to ensure the integration's effectiveness.","it (ISO 29148)
that (ISO 29148)
improved (ISO 29148)
all (ISO 29148)
can (NASA ARM)
improved (NASA ARM)
less (NASA ARM)",2,4,2.0,2,4,2.0,4,5,1.0,2,5,3.0,3,5,2.0,2,5,3.0,3,5,2.0,—
A4US8O1,"As a field commander, I want AI-enabled drones to perform search and rescue operations, so that injured personnel can be located and evacuated swiftly.","User Story:
As a field commander, I want AI-enabled drones to autonomously conduct search and rescue operations so that injured personnel can be located and evacuated within 15 minutes of an incident, significantly improving response times and saving lives.

Acceptance Criteria:
- Drones must be able to identify and locate injured personnel with at least 90% accuracy in various terrains.
- The average time taken from deployment to locating an injured individual should not exceed 15 minutes.
- The system should provide real-time updates to the command center with a reliability rate of 95% or higher during operations.

Test Outline:
- Simulate search and rescue scenarios to evaluate the drones' accuracy in locating personnel and measure the time taken for each operation.
- Monitor the reliability of real-time updates during test operations to ensure they meet the specified criteria.","The original user story was clear but lacked measurable criteria and specific performance metrics. The improved version enhances clarity by specifying the desired outcomes, measurable acceptance criteria, and a structured test outline to ensure the effectiveness of the AI-enabled drones in search and rescue operations.","that (ISO 29148)
be able to (NASA ARM)
can (NASA ARM)",4,4,0.0,4,4,0.0,5,5,0.0,4,5,1.0,5,5,0.0,4,5,1.0,4,5,1.0,—
A4US9O1,"As an interoperability coordinator, I want drones from different allied forces to communicate and operate cohesively, so that joint missions are more efficient and effective.","User Story:
As an interoperability coordinator, I want drones from various allied forces to seamlessly communicate and operate together so that joint missions can achieve a 30% increase in operational efficiency and a 25% reduction in mission completion time.

Acceptance Criteria:
- The communication protocol must enable data exchange between drones with a success rate of at least 95%.
- Joint missions should demonstrate a 30% improvement in task execution speed compared to previous missions without interoperability.
- User feedback from mission participants should reflect a satisfaction rate of 90% or higher regarding the effectiveness of drone collaboration.

Test Outline:
- Conduct interoperability tests to measure the success rate of data exchange between different drones.
- Analyze mission performance metrics before and after implementing the communication protocols to quantify improvements in efficiency and completion time.
- Gather feedback from mission participants through surveys to assess their satisfaction with the collaborative capabilities of the drones.","The original user story was clear but lacked measurable criteria and specific benefits. The improved version enhances clarity by specifying quantifiable goals for efficiency and satisfaction, along with detailed acceptance criteria and a structured test outline.","that (ISO 29148)
can (NASA ARM)",3,4,1.0,3,4,1.0,4,4,0.0,3,5,2.0,4,5,1.0,2,5,3.0,3,4,1.0,—
A4US10O1,"As a defense strategist, I want AI-powered drones to learn from each mission, so that their performance improves continuously and adapts to emerging threats.","User Story:
As a defense strategist, I want AI-powered drones to analyze and learn from each mission's data so that their operational effectiveness increases by at least 20% over time and they can adapt to new threats in real-time.

Acceptance Criteria:
- The AI system must demonstrate a 20% improvement in mission success rates after processing data from at least 10 previous missions.
- Drones should be able to identify and adapt to at least 3 new threat types within a month of deployment.
- Performance metrics should be reviewed and reported bi-weekly to ensure continuous improvement and adaptation.

Test Outline:
- Evaluate the success rates of missions before and after implementing the learning algorithm to confirm the 20% improvement.
- Conduct simulations to test the drones' ability to recognize and respond to new threats based on updated data.
- Review performance reports to ensure they are generated and analyzed every two weeks.","The original user story was clear but lacked measurable criteria and specific performance metrics. The improved version enhances clarity by specifying quantifiable goals, ensuring the story is actionable and focused on continuous improvement.","that (ISO 29148)
every (ISO 29148)
be able to (NASA ARM)
can (NASA ARM)",2,4,2.0,2,4,2.0,4,5,1.0,2,5,3.0,3,5,2.0,1,5,4.0,2,5,3.0,—
A5US1O1,"As a nurse, I want the GoCart to deliver blood and urine samples to the pathology lab, so I can save time and reduce manual handling of specimens.","User Story:
As a nurse, I want the GoCart to autonomously transport blood and urine samples to the pathology lab so that I can save at least 15 minutes per shift and minimize the risk of specimen contamination from manual handling.

Acceptance Criteria:
- The GoCart must successfully deliver samples to the pathology lab within 5 minutes for at least 90% of trips.
- The system should reduce manual handling incidents by 80% compared to current practices.
- User feedback should reflect a satisfaction rate of 90% or higher regarding the efficiency of the GoCart.

Test Outline:
- Track the time taken for each delivery to ensure it meets the 5-minute requirement.
- Monitor the number of manual handling incidents before and after the implementation of the GoCart.
- Conduct user surveys to assess satisfaction with the GoCart's performance.","The original user story was clear but lacked measurable criteria and specific benefits. The improved version enhances clarity by specifying time savings, quantifiable acceptance criteria, and a structured test outline to ensure the functionality meets user needs.","it (ISO 29148)
that (ISO 29148)
can (NASA ARM)",4,4,0.0,4,4,0.0,4,5,1.0,4,5,1.0,5,5,0.0,4,5,1.0,4,5,1.0,—
A5US2O1,"As a dietary staff member, I want the GoCart to transport meals to residents, so I can focus more on meal preparation and patient care.","User Story:
As a dietary staff member, I want the GoCart to efficiently transport meals to residents so that I can dedicate at least 30% more time to meal preparation and patient care.

Acceptance Criteria:
- The GoCart must successfully deliver meals to residents with a 98% on-time delivery rate.
- The time taken for meal transportation should not exceed 5 minutes from the kitchen to the resident's location.
- Staff should report a 25% increase in time available for meal preparation and patient care after implementing the GoCart.

Test Outline:
- Track the delivery times of the GoCart over a month to ensure it meets the 5-minute requirement.
- Survey dietary staff before and after implementation to measure changes in time allocation for meal preparation and patient care.","The original user story was clear but lacked measurable criteria and specific benefits. The improved version emphasizes quantifiable outcomes, clarifies the capability of the GoCart, and provides structured acceptance criteria and testing methods to enhance clarity and focus on business value.","it (ISO 29148)
that (ISO 29148)
can (NASA ARM)
more (NASA ARM)",4,4,0.0,4,4,0.0,4,5,1.0,4,5,1.0,4,5,1.0,3,5,2.0,4,5,1.0,—
A5US3O1,"As a facility manager, I want to monitor the GoCart’s delivery routes in real-time, so I can ensure efficient operation and address any issues promptly.","User Story:
As a facility manager, I want to monitor the GoCart’s delivery routes in real-time so that I can optimize operational efficiency and resolve any delivery issues within 5 minutes of detection.

Acceptance Criteria:
- The system must provide real-time tracking updates with a refresh rate of no more than 30 seconds.
- At least 95% of delivery routes should be accurately displayed on the monitoring interface.
- Alerts for any delivery delays or route deviations must be generated within 1 minute of occurrence.

Test Outline:
- Verify the refresh rate of the tracking updates by measuring the time between updates during live monitoring.
- Conduct accuracy tests by comparing the displayed routes against actual delivery paths.
- Simulate delivery delays to ensure alerts are triggered within the specified timeframe.","The original user story was clear but lacked measurable criteria and specific performance metrics. The improved version enhances clarity by specifying the operational goals, measurable acceptance criteria, and a structured test outline to ensure effective monitoring.","that (ISO 29148)
can (NASA ARM)
more (NASA ARM)",4,4,0.0,4,4,0.0,4,5,1.0,4,5,1.0,4,5,1.0,3,5,2.0,4,5,1.0,—
A5US4O1,"As a laboratory technician, I want the GoCart to notify me upon arrival of samples, so I can process them without delays.","User Story:
As a laboratory technician, I want the GoCart system to send me real-time notifications upon the arrival of samples so that I can begin processing them within 5 minutes, minimizing delays in the workflow.

Acceptance Criteria:
- Notifications must be sent within 1 minute of sample arrival for at least 95% of cases.
- The system should ensure that 100% of notifications are received without errors.
- User feedback should reflect a satisfaction rate of 90% or higher regarding the timeliness and reliability of notifications.

Test Outline:
- Monitor the time taken from sample arrival to notification delivery to ensure it meets the 1-minute requirement.
- Conduct tests to verify that all notifications are successfully received by the technician.
- Gather user feedback through surveys to assess satisfaction with the notification system.","The original user story was clear but lacked measurable criteria and specific details. The improved version enhances clarity by specifying the technician's needs, establishing quantifiable acceptance criteria, and providing a structured test outline to ensure the functionality meets business requirements.","it (ISO 29148)
that (ISO 29148)
all (ISO 29148)
can (NASA ARM)",4,5,1.0,4,4,0.0,4,5,1.0,4,5,1.0,4,5,1.0,3,5,2.0,4,5,1.0,—
A5US5O1,"As a residential care staff member, I want the GoCart to have a user-friendly interface, so I can easily schedule and track meal deliveries.","User Story:
As a residential care staff member, I want the GoCart application to feature an intuitive and user-friendly interface so that I can efficiently schedule and monitor meal deliveries, enhancing the quality of care provided to residents.

Acceptance Criteria:
- The interface must allow staff to schedule meal deliveries in under 3 minutes for at least 90% of users.
- Users should be able to track the status of meal deliveries in real-time with updates provided every 30 seconds.
- At least 85% of staff should report satisfaction with the interface usability in a post-implementation survey.

Test Outline:
- Conduct usability testing sessions to measure the time taken to schedule a meal delivery and gather feedback on the interface.
- Monitor the frequency and accuracy of delivery status updates during a trial period to ensure real-time tracking is functioning as intended.","The original user story was clear but lacked measurable criteria and specific benefits. The improved version enhances clarity by specifying the desired outcomes, measurable acceptance criteria, and a structured test outline to ensure the interface meets user needs effectively.","intuitive (ISO 29148)
that (ISO 29148)
every (ISO 29148)
be able to (NASA ARM)
can (NASA ARM)",3,4,1.0,3,4,1.0,4,5,1.0,3,5,2.0,4,5,1.0,2,5,3.0,3,5,2.0,—
A5US6O1,"As a patient, I want the GoCart to operate safely around me, so I feel secure and comfortable with its presence in the facility.","User Story:
As a patient, I want the GoCart to operate safely in my vicinity so that I can feel secure and comfortable during my time in the facility, minimizing any risk of accidents or disruptions.

Acceptance Criteria:
- The GoCart must maintain a safe distance of at least 3 feet from patients at all times while in operation.
- The system should have a 99% success rate in avoiding obstacles and responding to patient presence within 1 second.
- Patient feedback should reflect a comfort and safety satisfaction rate of 90% or higher regarding the GoCart's operation.

Test Outline:
- Monitor the GoCart's distance from patients during operation to ensure compliance with the 3-foot safety requirement.
- Conduct obstacle avoidance tests to verify the 99% success rate in real-time scenarios.
- Gather patient feedback through surveys to assess their comfort and safety perceptions while the GoCart is in use.","The original user story was clear but lacked measurable criteria and specific details. The improved version enhances clarity by specifying safety distances, success rates, and satisfaction metrics, making it more actionable and focused on patient experience.","secure (ISO 29148)
that (ISO 29148)
all (ISO 29148)
can (NASA ARM)",3,4,1.0,3,4,1.0,4,5,1.0,3,5,2.0,4,5,1.0,2,5,3.0,3,5,2.0,—
A5US7O1,"As a technician, I want the GoCart to have easy maintenance access, so I can perform repairs and updates without disrupting its functionality.","User Story:
As a technician, I want the GoCart to be designed with accessible maintenance points so that I can perform repairs and updates efficiently, minimizing downtime to less than 30 minutes per service.

Acceptance Criteria:
- Maintenance access points must be clearly labeled and reachable within 1 minute for at least 95% of components.
- The average time taken for routine maintenance tasks should not exceed 15 minutes.
- User feedback from technicians should indicate a satisfaction rate of 90% or higher regarding the ease of access for maintenance.

Test Outline:
- Conduct time trials to measure the accessibility of maintenance points and the time taken for various repair tasks.
- Gather feedback from technicians after maintenance sessions to evaluate their satisfaction with the access and efficiency of the process.","The original user story was clear but lacked measurable criteria and specific performance metrics. The improved version enhances clarity by specifying the technician's needs, providing quantifiable acceptance criteria, and outlining a structured test plan to ensure the maintenance access meets operational efficiency.","that (ISO 29148)
can (NASA ARM)
less (NASA ARM)",4,4,0.0,4,4,0.0,4,5,1.0,4,5,1.0,4,5,1.0,3,5,2.0,4,5,1.0,—
A5US8O1,"As a security officer, I want the GoCart to have secure access controls, so sensitive deliveries are protected from unauthorized access.","User Story:
As a security officer, I want GoCart to implement robust access controls so that sensitive deliveries are safeguarded against unauthorized access, ensuring compliance with security protocols.

Acceptance Criteria:
- Access controls must restrict entry to sensitive delivery areas to authorized personnel only, achieving a 100% compliance rate during audits.
- The system should log all access attempts, with at least 95% of logs being generated and stored without errors.
- Unauthorized access attempts should trigger an alert within 5 seconds to enable immediate response.

Test Outline:
- Conduct regular audits to verify that access controls are functioning correctly and that only authorized personnel can access sensitive areas.
- Simulate unauthorized access attempts to test the alert system's response time and accuracy.","The original user story was clear but lacked measurable criteria and specificity. The improved version enhances clarity by detailing the security requirements, establishing quantifiable acceptance criteria, and providing a structured test outline to ensure effectiveness.","robust (ISO 29148)
that (ISO 29148)
all (ISO 29148)
can (NASA ARM)",4,5,1.0,3,4,1.0,4,5,1.0,3,5,2.0,4,5,1.0,2,5,3.0,3,5,2.0,—
A5US9O1,"As a manager, I want to receive feedback from staff and patients about the GoCart’s performance, so I can make informed decisions on necessary improvements.","User Story:
As a manager, I want to gather structured feedback from both staff and patients regarding the performance of the GoCart system so that I can make data-driven decisions for targeted improvements.

Acceptance Criteria:
- Feedback should be collected from at least 80% of staff and 75% of patients within a 4-week period.
- The feedback collection process must ensure a response rate of at least 70% for each group.
- A report summarizing the feedback and suggested improvements should be generated within 2 weeks of the feedback collection period ending.

Test Outline:
- Track the number of feedback responses received from both staff and patients to ensure the target percentages are met.
- Review the generated report for completeness and actionable insights based on the collected feedback.","The original user story was clear but lacked measurable criteria and specificity. The improved version clarifies the capability, sets explicit acceptance criteria with quantifiable goals, and outlines a structured test plan to ensure the feedback process is effective.","that (ISO 29148)
can (NASA ARM)",4,4,0.0,4,4,0.0,4,5,1.0,4,5,1.0,4,5,1.0,3,5,2.0,4,5,1.0,—
A5US10O1,"As an IT specialist, I want the GoCart to integrate seamlessly with our existing hospital information systems, so data flows smoothly and operations are streamlined.","User Story:
As an IT specialist, I want GoCart to integrate flawlessly with our existing hospital information systems so that data transfers occur in real-time, reducing manual entry errors and improving operational efficiency.

Acceptance Criteria:
- The integration must enable data synchronization with a success rate of at least 98% during peak usage hours.
- Data transfer between GoCart and hospital systems should occur within 1 second for 90% of transactions.
- User feedback from hospital staff should reflect a satisfaction rate of 90% or higher regarding the integration's effectiveness.

Test Outline:
- Monitor data synchronization logs to verify the success rate of 98% during peak hours.
- Measure the time taken for data transfers to ensure it meets the 1-second requirement.
- Conduct surveys with hospital staff to assess their satisfaction with the integration.","The original user story was clear but lacked measurable criteria and specific performance metrics. The improved version enhances clarity by specifying the desired outcomes, measurable acceptance criteria, and a structured test outline to ensure the integration's effectiveness.","it (ISO 29148)
that (ISO 29148)",4,4,0.0,4,4,0.0,4,4,0.0,4,5,1.0,4,5,1.0,3,5,2.0,4,4,0.0,—
A6US1O1,"As a driver, I want the ADAS to adapt to my driving style, so that the system feels more intuitive and personalized to my behavior.","User Story:
As a driver, I want the Advanced Driver Assistance System (ADAS) to learn and adapt to my unique driving style so that the system feels intuitive and enhances my overall driving experience.

Acceptance Criteria:
- The ADAS must analyze and adapt to my driving behavior within the first 100 miles of driving, achieving at least 80% accuracy in adjustments.
- The system should provide personalized feedback on driving style improvements with a satisfaction rating of 90% or higher from users after adaptation.
- The response time for system adjustments based on driving style should not exceed 1 second during operation.

Test Outline:
- Monitor the system's adaptation process over the first 100 miles to evaluate accuracy in adjustments.
- Conduct user surveys to assess satisfaction with the personalized feedback and overall driving experience.","The original user story was clear but lacked measurable criteria and specific details. The improved version enhances clarity by specifying the system's learning process, quantifying acceptance criteria, and providing a structured test outline to ensure the system meets user expectations.","intuitive (ISO 29148)
that (ISO 29148)",3,4,1.0,3,4,1.0,4,5,1.0,3,5,2.0,4,5,1.0,2,5,3.0,3,5,2.0,—
A6US2O1,"As a safety engineer, I want the ADAS to accurately predict driver intentions, so that forward collision avoidance measures can be activated proactively.","User Story:
As a safety engineer, I want the Advanced Driver Assistance System (ADAS) to reliably predict driver intentions with at least 95% accuracy, so that proactive forward collision avoidance measures can be activated, reducing accident risk by a minimum of 30%.

Acceptance Criteria:
- The system must analyze driver behavior and predict intentions within 1 second of detecting a potential hazard.
- At least 90% of predicted intentions should align with actual driver actions during real-world testing.
- The implementation of proactive measures should demonstrate a reduction in collision incidents by at least 30% over a 6-month period.

Test Outline:
- Conduct real-time simulations to measure the accuracy of intention predictions and response times.
- Analyze collision data before and after implementing the predictive measures to assess the effectiveness in reducing incidents.","The original user story was clear but lacked measurable criteria and specific targets. The improved version enhances clarity by specifying accuracy rates, response times, and quantifiable safety improvements, making it more actionable and aligned with business goals.","that (ISO 29148)
can (NASA ARM)",4,5,1.0,4,4,0.0,5,5,0.0,4,5,1.0,4,5,1.0,3,5,2.0,4,5,1.0,—
A6US3O1,"As a vehicle manufacturer, I want the ADAS to integrate seamlessly with existing vehicle systems, so that it enhances overall vehicle performance without compatibility issues.","User Story:
As a vehicle manufacturer, I want the Advanced Driver Assistance Systems (ADAS) to integrate flawlessly with existing vehicle systems so that it improves overall vehicle performance by at least 20% without any compatibility issues.

Acceptance Criteria:
- The integration process must ensure that 100% of existing vehicle systems are compatible with the new ADAS features.
- Performance metrics should show at least a 20% improvement in vehicle handling and safety features post-integration.
- User feedback from vehicle testing should indicate a satisfaction rate of 90% or higher regarding the seamless operation of ADAS with existing systems.

Test Outline:
- Conduct compatibility tests across a range of existing vehicle systems to confirm 100% integration success.
- Measure performance improvements through controlled testing scenarios to validate the 20% enhancement in vehicle performance.
- Gather user feedback during test drives to assess satisfaction with the integration.","The original user story was clear but lacked measurable criteria and specific performance goals. The improved version enhances clarity by specifying quantifiable acceptance criteria and a structured test outline, ensuring a focus on business value and user satisfaction.","it (ISO 29148)
that (ISO 29148)",4,5,1.0,4,4,0.0,5,5,0.0,4,5,1.0,4,5,1.0,3,5,2.0,4,5,1.0,—
A6US4O1,"As a developer, I want to use Gaussian Mixture Models to analyze driving data, so that the ADAS can effectively recognize and adapt to different driving behaviors.","User Story:
As a developer, I want to implement Gaussian Mixture Models (GMM) to analyze driving data so that the Advanced Driver Assistance Systems (ADAS) can accurately identify and adapt to at least 95% of varying driving behaviors, enhancing safety and performance.

Acceptance Criteria:
- The GMM implementation must achieve a classification accuracy of 90% or higher when tested against a diverse dataset of driving behaviors.
- The system should process and analyze driving data in real-time, with a latency of no more than 100 milliseconds per data input.
- User feedback from ADAS performance evaluations should indicate a satisfaction rate of 85% or higher regarding the system's adaptability to different driving styles.

Test Outline:
- Validate the accuracy of the GMM by comparing its classifications against a labeled dataset of driving behaviors.
- Measure the processing latency of the GMM during real-time data analysis to ensure it meets the 100 milliseconds requirement.
- Conduct user surveys to gather feedback on the effectiveness of the ADAS in adapting to various driving behaviors.","The original user story was clear but lacked measurable criteria and specific performance goals. The improved version enhances clarity by specifying the developer's role, the technology used, and quantifiable acceptance criteria, ensuring a focus on business relevance and user satisfaction.","it (ISO 29148)
that (ISO 29148)
can (NASA ARM)
more (NASA ARM)",4,4,0.0,4,4,0.0,5,5,0.0,4,5,1.0,4,5,1.0,3,5,2.0,4,5,1.0,—
A6US5O1,"As a tester, I want to simulate various braking scenarios in a driving simulator, so that I can validate the performance and reliability of the personalized ADAS.","User Story:
As a tester, I want to simulate multiple braking scenarios within the driving simulator so that I can thoroughly validate the performance and reliability of the personalized Advanced Driver Assistance Systems (ADAS) under diverse conditions.

Acceptance Criteria:
- The simulator must support at least 10 distinct braking scenarios, including emergency stops and gradual deceleration.
- Each scenario should be completed within a maximum of 5 minutes, allowing for efficient testing cycles.
- The ADAS must demonstrate a reliability rate of 95% or higher in correctly executing braking responses during simulations.

Test Outline:
- Execute each braking scenario and record the system's response time and accuracy to ensure it meets the acceptance criteria.
- Analyze the results of the simulations to confirm that the ADAS performs reliably across all tested scenarios.","The original user story was clear but lacked specificity and measurable criteria. The improved version enhances clarity by specifying the role of the tester, detailing the scenarios to be simulated, and providing quantifiable acceptance criteria and a structured test outline.","efficient (ISO 29148)
it (ISO 29148)
that (ISO 29148)
all (ISO 29148)
can (NASA ARM)",4,4,0.0,4,4,0.0,5,5,0.0,4,5,1.0,4,5,1.0,4,5,1.0,4,5,1.0,—
A6US6O1,"As a user experience designer, I want the ADAS to provide clear feedback to drivers, so that users understand when and why the system is taking action to avoid collisions.","User Story:
As a user experience designer, I want the Advanced Driver Assistance System (ADAS) to deliver clear and timely feedback to drivers so that they can understand the system's actions and the reasons behind them, ultimately enhancing safety and user trust.

Acceptance Criteria:
- The system must provide feedback within 1 second of any action taken to avoid a collision.
- At least 90% of users should report understanding the feedback provided by the ADAS during testing.
- Feedback messages should be concise, with a maximum of 50 characters, ensuring clarity and quick comprehension.

Test Outline:
- Measure the response time of feedback delivery after a collision avoidance action to ensure it meets the 1-second requirement.
- Conduct user testing sessions to evaluate the clarity of feedback messages and gather data on user understanding.","The original user story was clear but lacked measurable criteria and specific details. The improved version enhances clarity by specifying the system's name, establishing measurable acceptance criteria, and providing a structured test outline to ensure the feedback is effective and understood by users.","it (ISO 29148)
that (ISO 29148)
timely (NASA ARM)
can (NASA ARM)",4,4,0.0,4,4,0.0,5,5,0.0,4,5,1.0,4,5,1.0,3,5,2.0,4,5,1.0,—
A6US7O1,"As a data analyst, I want to collect and analyze driving behavior data, so that I can continuously improve the accuracy of the ADAS's intention recognition.","User Story:
As a data analyst, I want to gather and analyze driving behavior data from at least 1,000 vehicles so that I can enhance the accuracy of the Advanced Driver Assistance Systems (ADAS) intention recognition by a minimum of 20%.

Acceptance Criteria:
- The data collection process must capture driving behavior metrics with at least 95% accuracy.
- Analysis should identify at least 5 key patterns in driving behavior that can be used to improve intention recognition.
- The improvements in intention recognition accuracy should be measurable and validated through testing, achieving at least a 20% increase.

Test Outline:
- Verify the accuracy of the data collection process by cross-referencing with manual observations from a sample of vehicles.
- Conduct a comparative analysis of intention recognition accuracy before and after implementing the identified improvements.","The original user story was clear but lacked measurable criteria and specific targets. The improved version specifies the number of vehicles for data collection, sets a quantifiable goal for accuracy improvement, and outlines clear acceptance criteria and testing methods.","that (ISO 29148)
can (NASA ARM)",4,4,0.0,4,4,0.0,5,5,0.0,4,5,1.0,4,5,1.0,3,5,2.0,4,5,1.0,—
A6US8O1,"As a regulatory compliance officer, I want the personalized ADAS to meet all safety standards, so that the system is legally approved for use in vehicles.","User Story:
As a regulatory compliance officer, I want the personalized Advanced Driver Assistance System (ADAS) to comply with all relevant safety standards so that it can achieve legal approval for deployment in vehicles, ensuring user safety and regulatory adherence.

Acceptance Criteria:
- The ADAS must meet or exceed 100% of the applicable safety standards set by regulatory bodies, such as ISO 26262 and SAE J3016.
- A comprehensive compliance report must be generated and validated by an independent third-party auditor before the system's launch.
- User testing should demonstrate a minimum of 95% satisfaction regarding the perceived safety and reliability of the ADAS.

Test Outline:
- Review the compliance report against the safety standards to ensure all criteria are met.
- Conduct independent audits to verify the accuracy of the compliance documentation.
- Gather user feedback through surveys to assess satisfaction levels with the ADAS's safety features.","The original user story was clear but lacked specific measurable criteria and a structured test outline. The improved version enhances clarity by specifying the standards, quantifying acceptance criteria, and providing a detailed testing approach to ensure compliance and safety.","it (ISO 29148)
that (ISO 29148)
all (ISO 29148)
can (NASA ARM)",4,4,0.0,4,4,0.0,5,5,0.0,4,5,1.0,4,5,1.0,3,5,2.0,4,5,1.0,—
A6US9O1,"As a fleet manager, I want the ADAS to enhance driver safety and reduce collision risks, so that overall fleet performance and safety metrics improve.","User Story:
As a fleet manager, I want the Advanced Driver Assistance Systems (ADAS) to significantly enhance driver safety and minimize collision risks so that fleet performance metrics improve by at least 20% and safety incidents decrease by 30% within the next year.

Acceptance Criteria:
- The ADAS must reduce collision incidents by at least 30% as measured over a 12-month period.
- Driver safety scores should improve by a minimum of 20% based on pre- and post-implementation assessments.
- The system should provide real-time alerts for potential hazards with a response accuracy of 95% or higher.

Test Outline:
- Analyze collision data before and after ADAS implementation to confirm a 30% reduction in incidents.
- Conduct safety assessments to evaluate improvements in driver performance and ensure a 20% increase in safety scores.
- Test the accuracy of real-time alerts by simulating various driving scenarios and measuring response effectiveness.","The original user story was clear but lacked specific, measurable criteria. The improved version enhances clarity by specifying quantifiable goals for safety and performance improvements, along with detailed acceptance criteria and a structured test outline.",that (ISO 29148),4,4,0.0,4,4,0.0,5,5,0.0,4,5,1.0,4,5,1.0,3,5,2.0,4,5,1.0,—
A6US10O1,"As a driver, I want the ADAS to learn from my braking patterns, so that autonomous emergency braking is more effective and less intrusive during normal driving conditions.","User Story:
As a driver, I want the Advanced Driver Assistance System (ADAS) to analyze and adapt to my braking patterns so that the autonomous emergency braking system can operate more effectively and minimize unnecessary interventions during regular driving.

Acceptance Criteria:
- The ADAS must learn from at least 95% of my braking events to accurately adjust its response.
- The system should reduce false positive emergency braking events by at least 30% within the first month of use.
- User feedback should reflect a satisfaction rate of 90% or higher regarding the system's responsiveness and intrusiveness.

Test Outline:
- Monitor the system's learning process by tracking the number of braking events it analyzes and the adjustments made to its algorithms.
- Evaluate the frequency of false positive braking events before and after the learning phase to ensure a reduction of at least 30%.
- Conduct user surveys to assess satisfaction with the system's performance in real-world driving scenarios.","The original user story was clear but lacked measurable criteria and specific details. The improved version enhances clarity by specifying the system's learning capabilities, quantifying acceptance criteria, and providing a structured test outline to ensure effectiveness and user satisfaction.","it (ISO 29148)
that (ISO 29148)
can (NASA ARM)
more (NASA ARM)",4,4,0.0,4,4,0.0,5,5,0.0,4,5,1.0,5,5,0.0,4,5,1.0,4,5,1.0,—
A7US1O1,"As an individual, I want to receive early alerts about potential mental health issues, so I can seek timely support and maintain my well-being.","User Story:
As an individual, I want to receive proactive alerts regarding potential mental health issues so that I can seek timely support and maintain my well-being effectively.

Acceptance Criteria:
- The alert system must identify and notify users of potential mental health concerns with at least 85% accuracy based on user input and behavioral data.
- Users should receive alerts within 24 hours of identifying potential issues to ensure timely intervention.
- At least 75% of users should report feeling more informed and empowered to seek help after receiving alerts.

Test Outline:
- Analyze the accuracy of the alert system by comparing identified issues with follow-up assessments from mental health professionals.
- Track the time taken from issue identification to alert notification to ensure it meets the 24-hour requirement.
- Conduct user surveys to measure the perceived effectiveness and impact of the alerts on their mental health awareness.","The original user story was clear but lacked measurable criteria and specificity. The improved version enhances clarity by defining the user's role, specifying the capability, and providing explicit, quantifiable acceptance criteria and a structured test outline.","it (ISO 29148)
that (ISO 29148)
timely (NASA ARM)
can (NASA ARM)
more (NASA ARM)",4,4,0.0,4,4,0.0,4,4,0.0,4,5,1.0,4,5,1.0,3,5,2.0,4,4,0.0,—
A7US2O1,"As a mental health professional, I want access to predictive analytics on patients' mental states, so I can provide proactive and personalized care.","User Story:
As a mental health professional, I want to access predictive analytics on my patients' mental states so that I can deliver proactive and tailored care, improving patient outcomes and engagement.

Acceptance Criteria:
- The predictive analytics tool must analyze patient data and provide insights with at least 85% accuracy in predicting mental health trends.
- Mental health professionals should receive alerts for at least 90% of patients showing signs of potential decline in their mental state.
- User satisfaction with the analytics tool should reach a minimum of 80% based on feedback collected after implementation.

Test Outline:
- Validate the accuracy of the predictive analytics by comparing predictions against actual patient outcomes over a 6-month period.
- Monitor the alert system to ensure it successfully identifies at-risk patients and track the percentage of alerts generated.
- Conduct user surveys to assess satisfaction levels with the tool's functionality and insights.","The original user story was clear but lacked measurable criteria and specific acceptance metrics. The improved version enhances clarity by specifying the accuracy of predictions, alert effectiveness, and user satisfaction, along with a structured test outline to verify the functionality.","it (ISO 29148)
that (ISO 29148)
can (NASA ARM)",4,4,0.0,4,4,0.0,4,5,1.0,4,5,1.0,4,5,1.0,3,5,2.0,4,5,1.0,—
A7US3O1,"As a researcher, I want to analyze data from various target groups using machine learning algorithms, so I can identify trends and improve mental health interventions.","User Story:
As a researcher, I want to utilize machine learning algorithms to analyze data from at least 5 diverse target groups so that I can identify trends with a minimum accuracy of 85% and enhance the effectiveness of mental health interventions.

Acceptance Criteria:
- The analysis must be able to process data from at least 5 different target groups within 10 minutes.
- The machine learning models should achieve a trend identification accuracy of 85% or higher.
- The insights generated should lead to at least a 20% improvement in the effectiveness of mental health interventions based on follow-up assessments.

Test Outline:
- Validate the processing time by measuring the duration taken to analyze data from the specified target groups.
- Test the accuracy of the machine learning models against a validation dataset to ensure they meet the 85% threshold.
- Conduct follow-up assessments to measure the improvement in intervention effectiveness post-analysis.","The original user story was clear but lacked measurable criteria and specificity. The improved version clarifies the researcher's role, specifies the capability, and outlines explicit, quantifiable acceptance criteria and a structured test outline to enhance clarity and focus on business value.","that (ISO 29148)
be able to (NASA ARM)
can (NASA ARM)",4,4,0.0,4,4,0.0,4,5,1.0,4,5,1.0,4,5,1.0,3,5,2.0,4,5,1.0,—
A7US4O1,"As a school counselor, I want to monitor the mental health of high school students through AI insights, so I can address issues like stress and anxiety early.","User Story:
As a school counselor, I want to utilize AI-driven insights to monitor the mental health of high school students so that I can proactively identify and address issues such as stress and anxiety, ultimately improving student well-being.

Acceptance Criteria:
- The AI system must analyze student data and provide insights with at least 85% accuracy in identifying potential mental health concerns.
- Counselors should receive alerts for at least 90% of students showing signs of stress or anxiety based on the AI analysis.
- The implementation of AI insights should lead to a 30% increase in early interventions for mental health issues within the first semester.

Test Outline:
- Validate the accuracy of AI insights by comparing them against follow-up assessments conducted by counselors.
- Track the number of alerts generated by the AI system and the subsequent interventions to ensure the 90% threshold is met.
- Measure the increase in early interventions over the first semester to confirm the 30% improvement.","The original user story was clear but lacked measurable criteria and specific outcomes. The improved version enhances clarity by specifying the role of AI, quantifying acceptance criteria, and providing a structured test outline to ensure accountability and effectiveness.","that (ISO 29148)
can (NASA ARM)",4,4,0.0,4,4,0.0,4,5,1.0,4,5,1.0,4,5,1.0,3,5,2.0,4,5,1.0,—
A7US5O1,"As a company HR manager, I want to utilize AI tools to assess the mental well-being of employees, so I can implement programs to reduce burnout and improve productivity.","User Story:
As a company HR manager, I want to leverage AI tools to evaluate the mental well-being of employees so that I can implement targeted programs that reduce burnout by at least 30% and enhance overall productivity by 20%.

Acceptance Criteria:
- AI assessments must provide mental well-being scores for at least 80% of employees within 5 minutes of completion.
- The implementation of well-being programs should lead to a measurable decrease in reported burnout levels within 3 months.
- Employee productivity metrics should show a 20% improvement within 6 months post-implementation of the programs.

Test Outline:
- Analyze the completion rates and time taken for AI assessments to ensure they meet the 80% and 5-minute criteria.
- Conduct follow-up surveys to measure changes in burnout levels and productivity metrics before and after program implementation.","The original user story was clear but lacked specific, measurable criteria. The improved version enhances clarity by specifying quantifiable goals for burnout reduction and productivity improvement, along with detailed acceptance criteria and a structured test outline.","that (ISO 29148)
can (NASA ARM)",4,4,0.0,4,4,0.0,4,5,1.0,4,5,1.0,4,5,1.0,3,5,2.0,4,5,1.0,—
A7US6O1,"As a developer, I want to integrate multiple machine learning models into the mental health prediction system, so it can accurately identify different mental health conditions.","User Story:
As a developer, I want to integrate at least three distinct machine learning models into the mental health prediction system so that it can accurately identify and differentiate between various mental health conditions with a precision rate of 85% or higher.

Acceptance Criteria:
- The system must successfully integrate and run all three models, achieving a minimum accuracy of 85% on test datasets.
- The prediction time for each model should not exceed 1 second per query.
- User feedback from mental health professionals should indicate a satisfaction rate of 90% or higher regarding the system's effectiveness in identifying conditions.

Test Outline:
- Evaluate the accuracy of each machine learning model using a standardized dataset to ensure they meet the 85% accuracy requirement.
- Measure the response time for predictions to confirm it stays within the 1-second limit.
- Conduct surveys with mental health professionals to gather feedback on the system's performance and usability.","The original user story was clear but lacked measurable criteria and specific performance goals. The improved version enhances clarity by specifying the number of models, accuracy requirements, and includes structured acceptance criteria and testing methods to ensure the system's effectiveness.","it (ISO 29148)
that (ISO 29148)
all (ISO 29148)
can (NASA ARM)",4,4,0.0,4,4,0.0,4,5,1.0,4,5,1.0,4,5,1.0,3,5,2.0,4,5,1.0,—
A7US7O1,"As a data analyst, I want to validate cluster labels with Mean Opinion Scores, so I can ensure the accuracy and reliability of the mental health predictions.","User Story:
As a data analyst, I want to validate cluster labels using Mean Opinion Scores (MOS) so that I can achieve at least 95% accuracy in the mental health predictions, ensuring their reliability and effectiveness in decision-making.

Acceptance Criteria:
- The validation process must demonstrate that at least 90% of the cluster labels align with the MOS ratings.
- The analysis should be completed within 3 days to maintain project timelines.
- A report summarizing the validation results must be generated, with a minimum of 5 actionable insights derived from the data.

Test Outline:
- Compare the cluster labels against the MOS ratings to calculate the alignment percentage.
- Track the time taken to complete the validation process to ensure it meets the 3-day requirement.
- Review the generated report for clarity and the number of actionable insights provided.","The original user story was clear but lacked measurable criteria and specific timelines. The improved version enhances clarity by specifying accuracy targets, timeframes, and actionable outcomes, making it more aligned with the INVEST principles.","it (ISO 29148)
that (ISO 29148)
can (NASA ARM)",4,4,0.0,4,4,0.0,4,5,1.0,4,5,1.0,5,5,0.0,4,5,1.0,4,5,1.0,—
A7US8O1,"As a college student, I want to use a confidential AI-based tool to assess my mental health, so I can understand and manage my emotional and psychological well-being.","User Story:
As a college student, I want to utilize a secure AI-driven tool to evaluate my mental health so that I can gain insights into my emotional and psychological well-being and take proactive steps to manage it effectively.

Acceptance Criteria:
- The tool must ensure 100% confidentiality of user data and comply with relevant privacy regulations.
- Users should receive a comprehensive mental health assessment report within 5 minutes of completing the evaluation.
- At least 80% of users should report feeling more informed about their mental health after using the tool.

Test Outline:
- Verify the confidentiality measures in place by reviewing data handling and storage protocols.
- Measure the time taken to generate assessment reports after users complete the evaluation.
- Conduct user surveys to assess their understanding and satisfaction with the insights provided by the tool.","The original user story was clear but lacked specific measurable criteria and a structured approach. The improved version enhances clarity by specifying the tool's confidentiality, the expected time for report generation, and user satisfaction metrics, along with a detailed test outline.","secure (ISO 29148)
it (ISO 29148)
that (ISO 29148)
can (NASA ARM)
more (NASA ARM)",4,4,0.0,4,4,0.0,4,5,1.0,4,5,1.0,4,5,1.0,3,5,2.0,4,5,1.0,—
A7US9O1,"As a healthcare administrator, I want the AI system to handle real-time data from questionnaires, so it can efficiently monitor and support large populations.","User Story:
As a healthcare administrator, I want the AI system to process real-time data from patient questionnaires so that I can effectively monitor health trends and provide timely support to at least 10,000 patients simultaneously.

Acceptance Criteria:
- The AI system must analyze and respond to questionnaire data within 5 seconds for 95% of submissions.
- The system should accurately identify and flag at least 90% of critical health issues based on the responses.
- User satisfaction with the AI's monitoring capabilities should reach a minimum of 85% in post-implementation surveys.

Test Outline:
- Measure the response time of the AI system to ensure it meets the 5-second requirement for data processing.
- Validate the accuracy of the AI's identification of critical health issues through a review of flagged cases.
- Conduct user satisfaction surveys to assess the effectiveness of the AI system in monitoring and supporting patient populations.","The original user story was clear but lacked measurable criteria and specific outcomes. The improved version enhances clarity by specifying the scale of monitoring, establishing quantifiable acceptance criteria, and providing a structured test outline to ensure the system's effectiveness.","it (ISO 29148)
that (ISO 29148)
timely (NASA ARM)
can (NASA ARM)",4,4,0.0,4,4,0.0,4,5,1.0,4,5,1.0,4,5,1.0,3,5,2.0,4,5,1.0,—
A7US10O1,"As a policy maker, I want insights from the AI-driven mental health system, so I can develop informed policies to address mental health challenges in various communities","User Story:
As a policy maker, I want to receive actionable insights from the AI-driven mental health system so that I can formulate data-driven policies that effectively address mental health challenges across diverse communities.

Acceptance Criteria:
- The system must generate insights with at least 95% accuracy based on the latest mental health data.
- Insights should be delivered within 24 hours of data collection to ensure timely policy development.
- User satisfaction with the relevance and clarity of insights should reach at least 90% in feedback surveys.

Test Outline:
- Validate the accuracy of insights by comparing them against established mental health metrics and outcomes.
- Measure the time taken from data collection to insight delivery to ensure compliance with the 24-hour requirement.
- Conduct user surveys to assess satisfaction levels regarding the insights provided.","The original user story was clear but lacked measurable criteria and specificity. The improved version enhances clarity by defining actionable insights, establishing quantifiable acceptance criteria, and outlining a structured test plan to ensure the effectiveness of the AI-driven system.","that (ISO 29148)
timely (NASA ARM)
can (NASA ARM)",4,5,1.0,3,4,1.0,4,5,1.0,3,5,2.0,4,5,1.0,2,5,3.0,3,5,2.0,—
A8US1O1,"As a healthcare provider, I want the system to automatically detect unusual health metrics from wearable sensors, so I can respond promptly to potential health issues.","User Story:
As a healthcare provider, I want the system to automatically identify and alert me to unusual health metrics from wearable sensors so that I can intervene within 5 minutes of detection, ensuring timely care for my patients.

Acceptance Criteria:
- The system must detect and flag unusual health metrics with at least 95% accuracy.
- Alerts should be generated and delivered to the healthcare provider within 1 minute of detection.
- The system should log all detected anomalies and responses, with a report generated weekly to review the effectiveness of alerts.

Test Outline:
- Validate the accuracy of the detection algorithm by comparing flagged metrics against a control group of known health issues.
- Measure the time taken from detection to alert delivery to ensure it meets the 1-minute requirement.
- Review the weekly reports to assess the number of alerts and the response times to ensure compliance with the criteria.","The original user story was clear but lacked measurable criteria and specific timeframes. The improved version enhances clarity by specifying accuracy, response times, and logging requirements, making it more actionable and aligned with healthcare standards.","it (ISO 29148)
that (ISO 29148)
all (ISO 29148)
timely (NASA ARM)
can (NASA ARM)",5,4,-1.0,4,4,0.0,4,5,1.0,4,5,1.0,5,5,0.0,4,5,1.0,4,5,1.0,—
A8US2O1,"As a patient, I want my wearable device to monitor my vital signs continuously, so I can receive early warnings of any abnormal health conditions.","User Story:
As a patient, I want my wearable device to continuously monitor my vital signs, such as heart rate and blood pressure, so that I can receive alerts for any abnormal health conditions, ensuring timely medical intervention.

Acceptance Criteria:
- The device must monitor vital signs in real-time with an accuracy rate of at least 95%.
- Users should receive alerts for abnormal readings within 1 minute of detection.
- The system should log all vital sign data and alerts, allowing users to review their health trends over the past 30 days.

Test Outline:
- Validate the accuracy of vital sign measurements against clinical standards during testing.
- Simulate abnormal health conditions to ensure alerts are triggered within the specified time frame.
- Review the logged data to confirm that it accurately reflects the monitored vital signs and alerts.","The original user story was clear but lacked specific measurable criteria. The improved version enhances clarity by specifying the vital signs monitored, establishes quantifiable acceptance criteria, and outlines a structured test plan to ensure functionality and reliability.","it (ISO 29148)
that (ISO 29148)
all (ISO 29148)
timely (NASA ARM)
can (NASA ARM)",5,4,-1.0,4,4,0.0,4,5,1.0,4,5,1.0,5,5,0.0,4,5,1.0,4,5,1.0,—
A8US3O1,"As a data analyst, I want to visualize anomaly patterns detected by K-means and K-medoids algorithms, so I can identify trends and improve patient care strategies.","User Story:
As a data analyst, I want to create visualizations of anomaly patterns identified by K-means and K-medoids algorithms so that I can effectively identify trends and enhance patient care strategies based on data-driven insights.

Acceptance Criteria:
- Visualizations must clearly display at least 3 distinct anomaly patterns with a minimum accuracy of 85% in identifying true anomalies.
- The visualization tools should allow for interactive exploration of data, enabling users to filter and drill down into specific patient demographics or conditions.
- User feedback should reflect a satisfaction rate of 90% or higher regarding the clarity and usefulness of the visualizations in decision-making.

Test Outline:
- Validate the accuracy of the anomaly detection by comparing visualized results against a known dataset of anomalies.
- Conduct user testing sessions to gather feedback on the usability and effectiveness of the visualizations in identifying trends.","The original user story was clear but lacked measurable criteria and specific acceptance metrics. The improved version enhances clarity by specifying the expected outcomes, measurable acceptance criteria, and a structured test outline to ensure the visualizations meet user needs.","that (ISO 29148)
can (NASA ARM)",4,4,0.0,4,4,0.0,4,5,1.0,4,5,1.0,5,5,0.0,4,5,1.0,4,5,1.0,—
A8US4O1,"As a system administrator, I want the anomaly detection system to integrate seamlessly with existing healthcare IT infrastructure, so data flows smoothly and securely.","User Story:
As a system administrator, I want the anomaly detection system to integrate flawlessly with the existing healthcare IT infrastructure so that data can flow securely and efficiently, minimizing disruptions to operations.

Acceptance Criteria:
- The integration must ensure that at least 98% of data transfers occur without errors or delays.
- The system should maintain compliance with healthcare data security standards (e.g., HIPAA) during all data exchanges.
- User feedback from IT staff should reflect a satisfaction rate of 90% or higher regarding the integration process within the first month of deployment.

Test Outline:
- Monitor data transfer logs to verify the error rate and ensure it meets the 98% success criterion.
- Conduct security audits to confirm compliance with relevant healthcare regulations.
- Gather feedback from IT staff through surveys to assess their satisfaction with the integration.","The original user story was clear but lacked measurable criteria and specific outcomes. The improved version enhances clarity by specifying the desired outcomes, measurable acceptance criteria, and a structured test outline to ensure the integration's effectiveness and security.","it (ISO 29148)
that (ISO 29148)
all (ISO 29148)
can (NASA ARM)",4,4,0.0,4,4,0.0,4,5,1.0,4,5,1.0,4,5,1.0,3,5,2.0,4,5,1.0,—
A8US5O1,"As a caregiver in a remote area, I want real-time alerts of patient anomalies, so I can provide timely assistance even when I'm not physically present.","User Story:
As a caregiver in a remote area, I want to receive real-time alerts for any patient anomalies so that I can respond promptly and provide necessary assistance, ensuring patient safety and well-being even when I am not on-site.

Acceptance Criteria:
- Alerts must be delivered within 1 minute of detecting an anomaly, ensuring timely intervention.
- The system should achieve a notification accuracy rate of at least 95% to minimize false alarms.
- Caregivers should report a satisfaction rate of 90% or higher regarding the effectiveness of the alert system in real-world scenarios.

Test Outline:
- Simulate various patient anomaly scenarios to measure the time taken for alerts to be sent and received.
- Track the accuracy of alerts by comparing them against actual patient conditions over a defined period.
- Conduct surveys with caregivers to assess their satisfaction with the alert system's performance.","The original user story was clear but lacked measurable criteria and specific acceptance standards. The improved version enhances clarity by specifying the caregiver's role, the urgency of the alerts, and includes quantifiable acceptance criteria and a structured test outline to ensure the system's effectiveness.","that (ISO 29148)
timely (NASA ARM)
can (NASA ARM)",5,4,-1.0,4,4,0.0,4,5,1.0,4,5,1.0,5,5,0.0,4,5,1.0,4,5,1.0,—
A8US6O1,"As a healthcare manager, I want detailed reports on detected anomalies, so I can evaluate the effectiveness of our monitoring services and make informed decisions.","User Story:
As a healthcare manager, I want to receive comprehensive reports on detected anomalies in our monitoring services so that I can assess their effectiveness and make data-driven decisions to improve patient care.

Acceptance Criteria:
- Reports must include at least 5 key metrics on detected anomalies, such as frequency, type, and resolution time, delivered within 24 hours of detection.
- The accuracy of the anomaly detection should be at least 95%, ensuring reliable data for evaluation.
- User feedback should reflect a satisfaction rate of 90% or higher regarding the clarity and usefulness of the reports.

Test Outline:
- Review the content of the reports to ensure they include the required metrics and are delivered within the specified timeframe.
- Validate the accuracy of the anomaly detection by cross-referencing with actual cases and measuring the satisfaction rate through user surveys.","The original user story was clear but lacked specific, measurable criteria. The improved version enhances clarity by specifying the metrics to be included in the reports, establishes quantifiable acceptance criteria, and outlines a structured testing approach to ensure the reports meet user needs.","reliable (ISO 29148)
that (ISO 29148)
can (NASA ARM)",4,4,0.0,4,4,0.0,4,5,1.0,4,5,1.0,5,5,0.0,4,5,1.0,4,5,1.0,—
A8US7O1,"As a software developer, I want to implement scalable K-means and K-medoids clustering algorithms, so the system can handle increasing amounts of sensor data efficiently.","User Story:
As a software developer, I want to implement scalable K-means and K-medoids clustering algorithms so that the system can efficiently process and analyze up to 1 million sensor data points without performance degradation.

Acceptance Criteria:
- The K-means and K-medoids algorithms must be able to cluster data sets of at least 1 million points within 5 minutes.
- The algorithms should maintain a clustering accuracy of 90% or higher when tested against benchmark data sets.
- The system should demonstrate a reduction in processing time by at least 30% compared to the current clustering methods.

Test Outline:
- Measure the execution time of the algorithms on data sets of varying sizes to ensure they meet the 5-minute requirement.
- Validate the clustering results against known benchmarks to confirm the accuracy rate.
- Compare the performance metrics of the new algorithms with the existing methods to verify the 30% improvement.","The original user story was clear but lacked specific, measurable criteria. The improved version enhances clarity by specifying performance metrics, accuracy requirements, and a structured testing approach to ensure the implementation meets business needs.","that (ISO 29148)
be able to (NASA ARM)
can (NASA ARM)",4,4,0.0,4,4,0.0,4,5,1.0,4,5,1.0,4,5,1.0,3,5,2.0,4,5,1.0,—
A8US8O1,"As a privacy officer, I want all patient data to be anonymized and securely stored, so patient privacy is maintained while using the anomaly detection system.","User Story:
As a privacy officer, I want all patient data to be anonymized and securely stored in compliance with regulations so that patient privacy is preserved while utilizing the anomaly detection system effectively.

Acceptance Criteria:
- 100% of patient data must be anonymized before being processed by the anomaly detection system.
- All stored data must be encrypted using industry-standard encryption protocols, ensuring a security level of at least AES-256.
- Regular audits should confirm that patient data remains anonymized and secure, with compliance reports generated quarterly.

Test Outline:
- Verify the anonymization process by checking a sample of patient data to ensure no identifiable information is retained.
- Conduct security assessments to confirm that encryption protocols are correctly implemented and functioning.
- Review audit logs and compliance reports to ensure adherence to privacy regulations.","The original user story was clear but lacked specific measurable criteria and a structured test outline. The improved version enhances clarity by specifying compliance requirements, measurable acceptance criteria, and a detailed testing approach to ensure patient privacy is maintained.","secure (ISO 29148)
that (ISO 29148)
all (ISO 29148)",4,4,0.0,4,4,0.0,4,5,1.0,4,5,1.0,4,5,1.0,3,5,2.0,4,5,1.0,—
A8US9O1,"As a researcher, I want to analyze the performance of different clustering algorithms in detecting health anomalies, so I can contribute to improving machine learning models in healthcare.","User Story:
As a researcher, I want to evaluate the effectiveness of various clustering algorithms in identifying health anomalies so that I can enhance the accuracy of machine learning models used in healthcare applications.

Acceptance Criteria:
- The analysis must compare at least 5 different clustering algorithms, measuring their performance based on precision, recall, and F1 score.
- Each algorithm's performance should be assessed on a dataset of at least 1,000 health records to ensure statistical significance.
- The findings should be documented in a report with a minimum of 10 actionable insights to guide future model improvements.

Test Outline:
- Implement each clustering algorithm on the specified dataset and record the performance metrics.
- Review the report for clarity and the presence of actionable insights, ensuring it meets the minimum requirements.","The original user story was clear but lacked specific measurable criteria and a structured approach. The improved version enhances clarity by specifying the number of algorithms, dataset size, and actionable insights, making it more aligned with the INVEST criteria.","it (ISO 29148)
that (ISO 29148)
can (NASA ARM)",4,5,1.0,4,4,0.0,4,5,1.0,4,5,1.0,4,5,1.0,3,5,2.0,4,5,1.0,—
A8US10O1,"As a patient, I want the wearable device to provide feedback on my health status based on detected anomalies, so I can take proactive measures to maintain my well-being.","User Story:
As a patient, I want the wearable device to deliver real-time feedback on my health status when it detects anomalies, so that I can take timely and proactive measures to maintain my well-being and prevent potential health issues.

Acceptance Criteria:
- The device must notify users of detected anomalies within 5 seconds of detection with clear, actionable insights.
- At least 90% of users should report feeling more informed about their health status after using the device for one month.
- The system should provide a summary of detected anomalies and user actions taken, with a completion rate of at least 80% for recommended follow-up actions.

Test Outline:
- Measure the notification response time for detected anomalies to ensure it meets the 5-second requirement.
- Conduct user surveys after one month of use to assess perceived health awareness and satisfaction.
- Analyze the follow-up action completion rates based on the summary reports generated by the device.","The original user story was clear but lacked measurable criteria and specific outcomes. The improved version enhances clarity by specifying actionable insights, measurable acceptance criteria, and a structured test outline to ensure the device's effectiveness in promoting user well-being.","it (ISO 29148)
that (ISO 29148)
timely (NASA ARM)
can (NASA ARM)
more (NASA ARM)",5,4,-1.0,4,4,0.0,4,5,1.0,4,5,1.0,5,5,0.0,4,5,1.0,4,5,1.0,—
A9US1O1,"As a cardiologist, I want the system to quickly analyze patient data using incremental Fuzzy SVM, so I can receive timely and accurate heart disease diagnoses.","User Story:
As a cardiologist, I want the system to efficiently analyze patient data using incremental Fuzzy Support Vector Machine (SVM) algorithms so that I can receive heart disease diagnoses with at least 95% accuracy within 5 minutes of data input.

Acceptance Criteria:
- The system must process and analyze patient data within 5 minutes for 90% of cases.
- The accuracy of the heart disease diagnoses should be validated at a minimum of 95% based on historical patient data.
- The system should provide a detailed report of the analysis, including key metrics and insights, for 100% of the analyzed cases.

Test Outline:
- Measure the time taken for the system to analyze a set of patient data to ensure it meets the 5-minute requirement.
- Validate the accuracy of the diagnoses against a control group of historical cases to confirm the 95% accuracy threshold.
- Review the generated reports for completeness and clarity in 100% of analyzed cases.","The original user story was clear but lacked specific measurable criteria. The improved version enhances clarity by specifying the algorithm, establishing quantifiable acceptance criteria, and providing a structured test outline to ensure the system meets the cardiologist's needs effectively.","it (ISO 29148)
that (ISO 29148)
can (NASA ARM)",4,5,1.0,4,4,0.0,4,5,1.0,4,5,1.0,5,5,0.0,4,5,1.0,4,5,1.0,—
A9US2O1,"As a data scientist, I want to apply Principal Component Analysis (PCA) for dimensionality reduction, so the model can process large medical datasets efficiently without losing critical information.","User Story:
As a data scientist, I want to implement Principal Component Analysis (PCA) for dimensionality reduction on large medical datasets so that the model can process the data efficiently while retaining at least 95% of the original variance.

Acceptance Criteria:
- The PCA implementation must reduce the dataset dimensions by at least 70% without compromising critical information.
- The processing time for the model should not exceed 5 minutes for datasets containing up to 1 million records.
- The model's performance metrics (e.g., accuracy, F1 score) should remain within 5% of the baseline established with the full dataset.

Test Outline:
- Evaluate the variance retained after applying PCA to ensure it meets the 95% threshold.
- Measure the time taken to process the dataset before and after PCA implementation.
- Compare the model's performance metrics with and without PCA to confirm they fall within the specified range.","The original user story was clear but lacked measurable criteria and specific performance metrics. The improved version enhances clarity by specifying the expected outcomes, including quantifiable acceptance criteria and a structured test outline to ensure the effectiveness of the PCA implementation.","it (ISO 29148)
that (ISO 29148)
can (NASA ARM)",4,5,1.0,4,4,0.0,4,5,1.0,4,5,1.0,4,5,1.0,3,5,2.0,4,5,1.0,—
A9US3O1,"As a healthcare administrator, I want the diagnostic system to reduce computation time, so that more patients can be evaluated promptly without increasing resource costs.","User Story:
As a healthcare administrator, I want the diagnostic system to decrease computation time by at least 40% so that we can evaluate 30% more patients per hour without incurring additional resource costs.

Acceptance Criteria:
- The system must achieve a computation time reduction of 40% compared to the current baseline.
- The number of patients evaluated per hour should increase by at least 30% following the optimization.
- Resource costs associated with the diagnostic process should remain stable or decrease by 10% after implementation.

Test Outline:
- Measure the computation time before and after the optimization to confirm the 40% reduction.
- Track the number of patients evaluated per hour over a month to ensure the 30% increase is achieved.
- Analyze resource cost reports to verify that costs have not increased or have decreased by the specified percentage.","The original user story was clear but lacked specific, measurable criteria. The improved version provides explicit numerical targets for computation time reduction, patient evaluation increase, and resource cost management, enhancing clarity and focus on business impact.","that (ISO 29148)
can (NASA ARM)
more (NASA ARM)",4,5,1.0,3,4,1.0,4,5,1.0,3,5,2.0,4,5,1.0,2,5,3.0,3,5,2.0,—
A9US4O1,"As a patient, I want my heart disease diagnosis to be accurate and delivered swiftly, so I can begin appropriate treatment without unnecessary delays.","User Story:
As a patient, I want my heart disease diagnosis to be both precise and communicated to me within 24 hours, so that I can initiate the appropriate treatment plan without any unnecessary delays.

Acceptance Criteria:
- The diagnostic process must achieve an accuracy rate of at least 95% for heart disease identification.
- Patients should receive their diagnosis results within 24 hours of testing completion for timely intervention.
- Follow-up consultations should be scheduled within 48 hours of diagnosis to discuss treatment options.

Test Outline:
- Review diagnostic reports to verify the accuracy of heart disease diagnoses against established medical standards.
- Track the time taken from testing to diagnosis delivery to ensure compliance with the 24-hour requirement.
- Monitor the scheduling of follow-up consultations to confirm they occur within the specified timeframe.","The original user story was clear but lacked specific measurable criteria. The improved version enhances clarity by specifying accuracy rates, timeframes for diagnosis delivery, and follow-up actions, making it more actionable and focused on patient outcomes.","that (ISO 29148)
appropriate (ISO 29148)
timely (NASA ARM)
can (NASA ARM)",4,4,0.0,4,4,0.0,4,5,1.0,4,5,1.0,5,5,0.0,4,5,1.0,4,5,1.0,—
A9US5O1,"As a software developer, I want to implement incremental learning techniques in the Fuzzy SVM model, so the system can continuously improve its accuracy with new data without extensive reprocessing.","User Story:
As a software developer, I want to integrate incremental learning techniques into the Fuzzy SVM model so that the system can enhance its accuracy by at least 20% with each new batch of data, without requiring extensive reprocessing.

Acceptance Criteria:
- The model must demonstrate a minimum accuracy improvement of 20% after incorporating new data in at least 90% of test cases.
- The time taken to update the model with new data should not exceed 5 minutes.
- The system should maintain a user satisfaction rate of 90% or higher regarding the accuracy of predictions post-implementation.

Test Outline:
- Evaluate the model's accuracy before and after the integration of incremental learning techniques using a controlled dataset.
- Measure the time required for the model to process new data and update its parameters.
- Conduct user surveys to assess satisfaction with the model's predictive accuracy after updates.","The original user story was clear but lacked measurable criteria and specific goals. The improved version emphasizes quantifiable improvements, sets clear acceptance criteria, and outlines a structured testing approach to ensure the effectiveness of the implementation.","that (ISO 29148)
can (NASA ARM)",4,5,1.0,4,4,0.0,4,5,1.0,4,5,1.0,4,5,1.0,3,5,2.0,4,5,1.0,—
A9US6O1,"As a medical researcher, I want to utilize both unsupervised and supervised learning techniques, so I can enhance the predictive capabilities and robustness of the heart disease diagnosis model.","User Story:
As a medical researcher, I want to implement both unsupervised and supervised learning techniques in the heart disease diagnosis model so that I can improve its predictive accuracy by at least 15% and enhance its robustness against varying patient data.

Acceptance Criteria:
- The model must demonstrate a minimum 15% increase in predictive accuracy compared to the previous version, validated through cross-validation techniques.
- The model should maintain a robustness score of 90% or higher when tested against diverse datasets.
- The implementation of both learning techniques should be completed within a 3-month timeframe.

Test Outline:
- Evaluate the model's predictive accuracy using a test dataset to confirm the 15% improvement.
- Conduct robustness testing with multiple datasets to ensure the model achieves the required robustness score.","The original user story was clear but lacked measurable criteria and specific goals. The improved version emphasizes quantifiable improvements, sets clear acceptance criteria, and outlines a structured testing approach to enhance clarity and focus on business value.","that (ISO 29148)
can (NASA ARM)",4,4,0.0,4,4,0.0,4,5,1.0,4,5,1.0,4,5,1.0,3,5,2.0,4,5,1.0,—
A9US7O1,"As a clinical decision support specialist, I want the system to handle missing values effectively using imputation techniques, so that incomplete patient data does not compromise diagnosis accuracy.","User Story:
As a clinical decision support specialist, I want the system to implement robust imputation techniques for handling missing values in patient data so that the accuracy of diagnoses is maintained at 95% or higher, even with incomplete datasets.

Acceptance Criteria:
- The system must apply imputation techniques that reduce the impact of missing values, achieving at least a 90% accuracy rate in diagnostic predictions.
- The imputation process should complete within 5 seconds for datasets containing up to 10,000 records.
- User feedback should reflect a satisfaction rate of 90% or higher regarding the effectiveness of the imputation methods used.

Test Outline:
- Evaluate the accuracy of diagnoses before and after implementing imputation techniques using a controlled dataset.
- Measure the time taken for the imputation process on various dataset sizes to ensure it meets the 5-second requirement.","The original user story was clear but lacked specific, measurable criteria. The improved version enhances clarity by specifying the desired accuracy, performance metrics, and user satisfaction goals, making it more actionable and aligned with business objectives.","robust (ISO 29148)
it (ISO 29148)
that (ISO 29148)",5,5,0.0,4,4,0.0,5,5,0.0,4,5,1.0,5,5,0.0,4,5,1.0,5,5,0.0,—
A9US8O1,"As an IT manager in a healthcare facility, I want the heart disease prediction system to integrate seamlessly with existing electronic health records (EHR), so that patient data flows smoothly and securely between systems.","User Story:
As an IT manager in a healthcare facility, I want the heart disease prediction system to integrate flawlessly with our existing electronic health records (EHR) so that patient data can flow securely and efficiently, enhancing clinical decision-making and patient care.

Acceptance Criteria:
- The integration must ensure that at least 98% of patient data is accurately transferred between the heart disease prediction system and the EHR without data loss.
- The data synchronization process should occur in real-time, with updates reflected in the EHR within 5 seconds of data entry.
- User acceptance testing should show that at least 90% of healthcare staff find the integration intuitive and effective for their workflow.

Test Outline:
- Conduct data transfer tests to verify the accuracy and completeness of patient data between the two systems.
- Measure the time taken for data updates to ensure they meet the 5-second requirement.
- Gather feedback from healthcare staff through surveys to assess their satisfaction with the integration.","The original user story was clear but could benefit from more specificity and measurable criteria. The improved version enhances clarity by emphasizing the importance of data accuracy, real-time updates, and user satisfaction, while also providing structured acceptance criteria and a test outline.","effective (ISO 29148)
intuitive (ISO 29148)
it (ISO 29148)
that (ISO 29148)
effective (NASA ARM)
can (NASA ARM)",4,4,0.0,4,4,0.0,5,4,-1.0,4,5,1.0,4,5,1.0,3,5,2.0,4,4,0.0,—
A9US9O1,"As a quality assurance officer, I want to validate the model’s performance on real-world datasets like Cleveland and Statlog, so I can ensure its reliability and effectiveness in clinical settings.","User Story:
As a quality assurance officer, I want to assess the model’s performance using real-world datasets such as Cleveland and Statlog so that I can confirm its reliability and effectiveness in clinical applications, ultimately improving patient outcomes.

Acceptance Criteria:
- The model must achieve an accuracy rate of at least 90% when validated against the Cleveland and Statlog datasets.
- Performance metrics, including precision, recall, and F1 score, should be reported and meet or exceed industry standards for clinical models.
- A comprehensive report detailing the validation process and results must be completed within 2 weeks of testing.

Test Outline:
- Execute the model on both datasets and record the accuracy and other performance metrics.
- Review the validation report for completeness and adherence to the specified timeline.","The original user story was clear but lacked measurable criteria and specific outcomes. The improved version enhances clarity by specifying performance metrics, timelines, and the ultimate goal of improving patient outcomes, thus strengthening the INVEST dimensions.","that (ISO 29148)
can (NASA ARM)",4,4,0.0,4,4,0.0,4,5,1.0,4,5,1.0,5,5,0.0,4,5,1.0,4,5,1.0,—
A9US10O1,"As a medical educator, I want to use the predictive system as a teaching tool, so that students can learn about the application of machine learning techniques in disease diagnosis and understand the trade-offs between computation time and accuracy.","User Story:
As a medical educator, I want to utilize the predictive system as an interactive teaching tool so that my students can effectively learn how machine learning techniques are applied in disease diagnosis and critically evaluate the trade-offs between computation time and accuracy.

Acceptance Criteria:
- At least 80% of students should demonstrate improved understanding of machine learning applications in diagnostics, as measured by pre- and post-lesson assessments.
- The system should allow students to manipulate parameters and observe changes in accuracy and computation time in real-time, with updates occurring within 3 seconds.
- Student feedback should reflect a satisfaction rate of 90% or higher regarding the effectiveness of the predictive system as a learning tool.

Test Outline:
- Administer assessments before and after the lesson to quantify student understanding and improvement.
- Monitor the responsiveness of the system during parameter adjustments to ensure it meets the 3-second requirement.
- Conduct surveys to gather student feedback on their learning experience with the predictive system.","The original user story was clear but lacked measurable criteria and specific outcomes. The improved version enhances clarity by specifying the educational goals, measurable acceptance criteria, and a structured test outline to evaluate the effectiveness of the teaching tool.","it (ISO 29148)
that (ISO 29148)
improved (ISO 29148)
can (NASA ARM)
improved (NASA ARM)",4,4,0.0,4,5,1.0,5,5,0.0,4,5,1.0,4,5,1.0,3,5,2.0,4,5,1.0,—
A10US1O1,"As a diabetic patient, I want to receive alerts about imminent blood glucose changes, so I can take preventive actions to maintain my health.","User Story:
As a diabetic patient, I want to receive timely alerts about potential blood glucose fluctuations so that I can take proactive measures to maintain my health and prevent complications.

Acceptance Criteria:
- Alerts must be sent to the user within 5 minutes of detecting a significant blood glucose change (≥20 mg/dL).
- At least 90% of alerts should be accurate, minimizing false positives and negatives.
- Users should report a satisfaction rate of 85% or higher regarding the usefulness of the alerts in managing their condition.

Test Outline:
- Monitor the system's response time to ensure alerts are generated within the 5-minute window.
- Analyze the accuracy of alerts by comparing them against actual blood glucose readings over a month.
- Conduct user surveys to assess the perceived value and effectiveness of the alert system.","The original user story was clear but lacked measurable criteria and specificity. The improved version enhances clarity by defining explicit acceptance criteria and a structured test outline, ensuring the story is actionable and focused on health outcomes.","that (ISO 29148)
significant (ISO 29148)
timely (NASA ARM)
can (NASA ARM)",5,4,-1.0,4,4,0.0,4,5,1.0,4,5,1.0,5,5,0.0,4,5,1.0,4,5,1.0,—
A10US2O1,"As an endocrinologist, I want access to my patients' predicted blood glucose trends, so I can adjust their treatment plans proactively.","User Story:
As an endocrinologist, I want to access my patients' predicted blood glucose trends in real-time so that I can proactively adjust their treatment plans and improve their health outcomes.

Acceptance Criteria:
- The system must provide predicted blood glucose trends with at least 90% accuracy based on historical data.
- Predictions should be updated at least every 15 minutes to ensure timely adjustments.
- User feedback from at least 80% of endocrinologists should indicate that the trend data is useful for treatment decisions.

Test Outline:
- Validate the accuracy of the predicted trends by comparing them against actual blood glucose readings over a specified period.
- Monitor the frequency of updates to ensure they occur within the 15-minute timeframe.
- Conduct surveys with endocrinologists to assess the perceived usefulness of the trend data in clinical decision-making.","The original user story was clear but lacked measurable criteria and specific acceptance standards. The improved version enhances clarity by specifying the accuracy of predictions, update frequency, and user feedback metrics, making it more actionable and aligned with business goals.","that (ISO 29148)
every (ISO 29148)
timely (NASA ARM)
can (NASA ARM)",4,4,0.0,4,4,0.0,4,4,0.0,4,5,1.0,5,5,0.0,4,5,1.0,4,4,0.0,—
A10US3O1,"As a healthcare app developer, I want to integrate the prediction model into mobile applications, so patients can easily monitor their blood glucose levels in real-time.","User Story:
As a healthcare app developer, I want to seamlessly integrate the prediction model into mobile applications so that patients can monitor their blood glucose levels in real-time, improving their health management and decision-making.

Acceptance Criteria:
- The integration must allow for real-time updates of blood glucose levels with a latency of no more than 5 seconds.
- At least 90% of users should report that the prediction model provides accurate readings based on their historical data.
- The app should include a user-friendly interface that enables patients to access their glucose data and trends within 3 taps.

Test Outline:
- Measure the latency of data updates during peak usage times to ensure it meets the 5-second requirement.
- Conduct user testing to gather feedback on the accuracy of the predictions and the overall user experience.
- Analyze user interaction data to confirm that patients can access their glucose information within the specified number of taps.","The original user story was clear but lacked measurable criteria and specific acceptance tests. The improved version enhances clarity by specifying the integration's impact on patient health management, includes quantifiable acceptance criteria, and outlines a structured test plan to ensure functionality.","it (ISO 29148)
that (ISO 29148)
can (NASA ARM)
more (NASA ARM)",5,4,-1.0,4,4,0.0,4,5,1.0,4,5,1.0,5,5,0.0,4,5,1.0,4,5,1.0,—
A10US4O1,"As a diabetes researcher, I want to analyze the prediction model’s performance against expert assessments, so I can validate and improve its accuracy.","User Story:
As a diabetes researcher, I want to evaluate the performance of the prediction model by comparing its outcomes with expert assessments so that I can validate its accuracy and identify areas for improvement.

Acceptance Criteria:
- The model's predictions must align with expert assessments at least 85% of the time to be considered reliable.
- A comprehensive report detailing discrepancies between the model and expert assessments should be generated within 24 hours of analysis.
- The model's accuracy should improve by at least 10% after implementing adjustments based on expert feedback.

Test Outline:
- Conduct a series of tests comparing the model's predictions against a set of expert assessments to measure alignment.
- Review the generated report for completeness and accuracy, ensuring it meets the 24-hour turnaround requirement.","The original user story was clear but lacked measurable criteria and specific outcomes. The improved version enhances clarity by specifying the evaluation process, measurable acceptance criteria, and a structured test outline to ensure the model's performance can be effectively validated and improved.","reliable (ISO 29148)
it (ISO 29148)
that (ISO 29148)
can (NASA ARM)",4,4,0.0,4,4,0.0,4,5,1.0,4,5,1.0,5,5,0.0,4,5,1.0,4,5,1.0,—
A10US5O1,"As a caregiver, I want to receive notifications when a patient’s blood glucose is predicted to drop, so I can assist them in managing their condition promptly.","User Story:
As a caregiver, I want to receive real-time notifications when a patient's blood glucose levels are predicted to drop below 70 mg/dL, so that I can intervene promptly and ensure their safety and well-being.

Acceptance Criteria:
- Notifications must be sent within 1 minute of the prediction to allow for timely intervention.
- The system should achieve at least a 95% accuracy rate in predicting blood glucose drops.
- Caregivers should report a satisfaction rate of 90% or higher regarding the effectiveness of the notification system.

Test Outline:
- Monitor the time taken from prediction to notification to ensure it meets the 1-minute requirement.
- Validate the accuracy of predictions by comparing them against actual blood glucose readings over a defined period.
- Conduct surveys with caregivers to assess their satisfaction with the notification system.","The original user story was clear but lacked measurable criteria and specificity. The improved version enhances clarity by specifying the threshold for blood glucose levels, includes measurable acceptance criteria, and outlines a structured test plan to ensure the functionality meets user needs.","it (ISO 29148)
that (ISO 29148)
timely (NASA ARM)
can (NASA ARM)",5,4,-1.0,4,4,0.0,4,5,1.0,4,5,1.0,5,5,0.0,4,5,1.0,4,5,1.0,—
A10US6O1,"As a data scientist, I want to use patient-specific data to train the Support Vector Regression model, so the predictions are tailored and more accurate for each individual.","User Story:
As a data scientist, I want to utilize patient-specific data to train the Support Vector Regression (SVR) model so that the predictions achieve at least a 15% improvement in accuracy for individual patient outcomes compared to generic models.

Acceptance Criteria:
- The SVR model must be trained on a dataset that includes at least 500 unique patient records to ensure diversity and reliability.
- The model's prediction accuracy should be evaluated using a cross-validation method, achieving a minimum R-squared value of 0.85.
- User feedback from clinical staff should indicate a satisfaction rate of 90% or higher regarding the relevance and accuracy of the predictions.

Test Outline:
- Validate the model's performance by comparing its predictions against actual patient outcomes and calculating the R-squared value.
- Conduct surveys with clinical staff to gather feedback on the usefulness and accuracy of the model's predictions.","The original user story was clear but lacked measurable criteria and specific goals. The improved version enhances clarity by specifying quantifiable acceptance criteria, including data requirements and performance metrics, while maintaining the original intent.",that (ISO 29148),4,5,1.0,4,4,0.0,4,5,1.0,4,5,1.0,5,5,0.0,4,5,1.0,4,5,1.0,—
A10US7O1,"As a patient using a continuous glucose monitor (CGM), I want the prediction model to seamlessly integrate with my device, so I can receive timely warnings without additional steps.","User Story:
As a patient using a continuous glucose monitor (CGM), I want the predictive model to integrate flawlessly with my device so that I can receive timely alerts about my glucose levels without any extra actions, enhancing my ability to manage my health effectively.

Acceptance Criteria:
- The integration must ensure that at least 95% of predictions are delivered within 1 minute of a significant glucose change.
- Users should receive alerts with a 90% accuracy rate, minimizing false positives and negatives.
- The system should require no more than 2 user interactions to set up the integration initially.

Test Outline:
- Monitor the time taken for alerts to be generated after a glucose level change to ensure it meets the 1-minute requirement.
- Conduct user testing to evaluate the accuracy of alerts and gather feedback on the integration process.","The original user story was clear but lacked measurable criteria and specificity. The improved version enhances clarity by defining explicit acceptance criteria and a test outline, ensuring that the integration's effectiveness and user experience are quantifiable.","it (ISO 29148)
that (ISO 29148)
significant (ISO 29148)
timely (NASA ARM)
can (NASA ARM)
more (NASA ARM)",4,5,1.0,4,4,0.0,4,5,1.0,4,5,1.0,4,5,1.0,3,5,2.0,4,5,1.0,—
A10US8O1,"As a healthcare administrator, I want the prediction system to generate reports on hypoglycemic events, so I can monitor the effectiveness of diabetes management programs.","User Story:
As a healthcare administrator, I want the prediction system to generate detailed reports on hypoglycemic events so that I can effectively monitor and evaluate the success of diabetes management programs and make data-driven decisions.

Acceptance Criteria:
- The system must generate reports on hypoglycemic events within 5 minutes of data collection for timely analysis.
- Reports should include at least 3 key metrics: frequency of events, patient demographics, and intervention outcomes, with a minimum of 90% accuracy.
- User feedback should reflect a satisfaction rate of 80% or higher regarding the clarity and usefulness of the reports.

Test Outline:
- Test the report generation process to ensure it completes within the 5-minute timeframe and includes the required metrics.
- Conduct user surveys to assess the clarity and effectiveness of the reports in supporting decision-making.","The original user story was clear but lacked measurable criteria and specific details. The improved version enhances clarity by specifying the metrics to be included in the reports, establishes measurable acceptance criteria, and outlines a structured test plan to ensure the system meets the administrator's needs.","it (ISO 29148)
that (ISO 29148)
timely (NASA ARM)
can (NASA ARM)",5,4,-1.0,4,4,0.0,4,5,1.0,4,5,1.0,5,5,0.0,4,5,1.0,4,5,1.0,—
A10US9O1,"As a software engineer, I want to ensure the prediction model has a user-friendly interface, so patients of all technical abilities can easily understand and act on the alerts.","User Story:
As a software engineer, I want to design a user-friendly interface for the prediction model so that patients, regardless of their technical skills, can easily comprehend and respond to alerts effectively.

Acceptance Criteria:
- The interface must achieve a usability score of at least 85% in user testing with a diverse group of patients.
- At least 90% of users should be able to navigate the interface and understand alerts without assistance during usability sessions.
- The interface should load within 3 seconds to ensure a smooth user experience.

Test Outline:
- Conduct usability testing sessions with patients of varying technical abilities to evaluate the interface and gather feedback on comprehension and navigation.
- Measure the loading time of the interface to confirm it meets the 3-second requirement.","The original user story was clear but lacked measurable criteria and specific acceptance standards. The improved version enhances clarity by specifying usability metrics, user testing goals, and a structured test outline to ensure the interface meets the needs of all patients.","it (ISO 29148)
that (ISO 29148)
be able to (NASA ARM)
can (NASA ARM)",4,4,0.0,4,4,0.0,4,5,1.0,4,5,1.0,4,5,1.0,3,5,2.0,4,5,1.0,—
A10US10O1,"As a quality assurance specialist, I want to test the precision of the prediction model in various scenarios, so I can minimize false alarms and ensure patient safety.","User Story:
As a quality assurance specialist, I want to evaluate the accuracy of the prediction model across multiple scenarios so that I can reduce false alarms by at least 30% and enhance patient safety.

Acceptance Criteria:
- The prediction model must demonstrate an accuracy rate of 95% or higher in identifying true positives and true negatives during testing.
- False alarm rates should be reduced to less than 5% across all tested scenarios.
- Testing should cover a minimum of 10 different scenarios to ensure comprehensive evaluation.

Test Outline:
- Conduct a series of tests on the prediction model using a diverse set of scenarios and record the accuracy and false alarm rates.
- Analyze the results to confirm that the model meets the specified accuracy and false alarm criteria.","The original user story was clear but lacked specific measurable criteria. The improved version enhances clarity by specifying quantifiable goals for accuracy and false alarm rates, along with a structured testing approach to ensure thorough evaluation.","that (ISO 29148)
all (ISO 29148)
can (NASA ARM)
less (NASA ARM)",4,4,0.0,4,4,0.0,4,5,1.0,4,5,1.0,5,5,0.0,4,5,1.0,4,5,1.0,—
A11US1O1,"As a security engineer, I want to generate accurate printed CDP from digital templates, so that anti-counterfeiting features are reliably produced across various printing devices.","User Story:
As a security engineer, I want to generate precise printed Counterfeit Detection Patterns (CDP) from digital templates so that anti-counterfeiting features are consistently produced across multiple printing devices, ensuring a minimum of 98% accuracy in replication.

Acceptance Criteria:
- The generated CDP must match the digital template with at least 98% accuracy across all supported printing devices.
- The printing process should complete within 5 minutes for batches of up to 100 CDPs.
- Quality assurance tests should confirm that at least 95% of printed CDPs pass anti-counterfeiting feature checks.

Test Outline:
- Compare printed CDPs against digital templates using image recognition software to verify accuracy.
- Measure the time taken to print batches of CDPs to ensure it meets the 5-minute requirement.
- Conduct quality assurance tests on a sample of printed CDPs to assess the effectiveness of anti-counterfeiting features.","The original user story was clear but lacked measurable criteria and specific performance metrics. The improved version enhances clarity by specifying accuracy, time constraints, and quality assurance requirements, making it more actionable and aligned with business goals.","it (ISO 29148)
that (ISO 29148)
all (ISO 29148)",4,5,1.0,4,4,0.0,5,5,0.0,4,5,1.0,4,5,1.0,3,5,2.0,4,5,1.0,—
A11US2O1,"As a quality assurance specialist, I want the system to support both paired and unpaired training data, so that I can train the digital twin flexibly with available datasets.","User Story:
As a quality assurance specialist, I want the system to accommodate both paired and unpaired training data so that I can flexibly train the digital twin using various available datasets, enhancing model accuracy and adaptability.

Acceptance Criteria:
- The system must successfully process and utilize paired training data with an accuracy rate of at least 95%.
- The system should also handle unpaired training data, achieving a minimum performance improvement of 20% in model adaptability.
- User documentation must clearly outline the procedures for using both types of training data, with a satisfaction rate of 90% or higher from users.

Test Outline:
- Validate the accuracy of the model trained with paired data by comparing it against a benchmark dataset.
- Assess the performance of the model trained with unpaired data through a series of adaptability tests.
- Review user feedback on the clarity and usefulness of the documentation provided.","The original user story was clear but lacked measurable criteria and specific outcomes. The improved version enhances clarity by specifying the expected performance metrics, user satisfaction goals, and a structured testing approach to ensure the system meets the user's needs.","it (ISO 29148)
that (ISO 29148)
can (NASA ARM)",4,4,0.0,4,4,0.0,5,5,0.0,4,5,1.0,4,5,1.0,3,5,2.0,4,5,1.0,—
A11US3O1,"As a machine learning engineer, I want the digital twin to use variational approximations of mutual information, so that the encoder and decoder efficiently exchange information within the model.","User Story:
As a machine learning engineer, I want the digital twin to implement variational approximations of mutual information so that the encoder and decoder can exchange information with at least 30% greater efficiency, improving model performance and reducing training time.

Acceptance Criteria:
- The implementation must demonstrate a minimum 30% reduction in the time taken for the encoder-decoder information exchange compared to the current method.
- The model's accuracy should improve by at least 15% as measured by validation metrics after integrating the variational approximations.
- The system should handle at least 1000 data points per second during the information exchange process without degradation in performance.

Test Outline:
- Benchmark the current encoder-decoder exchange time and compare it to the new implementation to verify the 30% improvement.
- Evaluate the model's accuracy before and after the implementation using a standardized dataset to confirm the 15% accuracy increase.
- Monitor the system's throughput during the information exchange to ensure it meets the 1000 data points per second requirement.","The original user story was clear but lacked measurable criteria and specific performance goals. The improved version enhances clarity by specifying quantifiable acceptance criteria and a structured test outline, ensuring that the implementation's impact can be effectively evaluated.","it (ISO 29148)
that (ISO 29148)
can (NASA ARM)
greater (NASA ARM)",4,4,0.0,4,4,0.0,5,5,0.0,4,5,1.0,4,5,1.0,3,5,2.0,4,5,1.0,—
A11US4O1,"As a product manager, I want the digital twin architecture to be scalable and adaptable to multiple printing and imaging devices, so that it can be deployed in various practical setups without significant modifications.","User Story:
As a product manager, I want the digital twin architecture to be highly scalable and adaptable to at least 5 different printing and imaging devices so that it can be deployed in diverse practical setups with minimal modifications, enhancing operational efficiency.

Acceptance Criteria:
- The architecture must support integration with a minimum of 5 distinct printing and imaging devices without requiring major redesigns.
- Scalability tests should demonstrate the ability to handle a 50% increase in device connections without performance degradation.
- User feedback should reflect a satisfaction rate of 90% or higher regarding the adaptability of the architecture in various setups.

Test Outline:
- Conduct integration tests with at least 5 different devices to verify compatibility and ease of deployment.
- Simulate increased load scenarios to assess performance under a 50% increase in device connections.
- Gather user feedback through surveys to evaluate satisfaction with the architecture's adaptability.","The original user story was clear but lacked measurable criteria and specific targets. The improved version enhances clarity by specifying the number of devices, performance metrics, and user satisfaction goals, making it more actionable and focused on business value.","it (ISO 29148)
that (ISO 29148)
minimal (ISO 29148)
can (NASA ARM)",4,4,0.0,4,4,0.0,5,5,0.0,4,5,1.0,4,5,1.0,2,5,3.0,4,5,1.0,—
A11US5O1,"As a data scientist, I want the model to extend architectures like pix2pix and CycleGAN for image-to-image translation, so that I can leverage proven techniques while enhancing CDP modeling capabilities.","User Story:
As a data scientist, I want to enhance existing architectures such as pix2pix and CycleGAN for image-to-image translation so that I can utilize established methodologies to improve the accuracy and efficiency of CDP modeling by at least 20%.

Acceptance Criteria:
- The extended model must demonstrate a minimum 20% improvement in image translation accuracy compared to the baseline models.
- The processing time for generating translated images should not exceed 5 seconds per image for at least 90% of cases.
- User evaluations should reflect a satisfaction rate of 85% or higher regarding the quality of the translated images.

Test Outline:
- Compare the performance of the enhanced models against the baseline using a standardized dataset to measure accuracy improvements.
- Measure the time taken for image generation to ensure it meets the 5-second criterion.
- Conduct user surveys to gather feedback on the quality of the output images.","The original user story was clear but lacked measurable criteria and specific performance goals. The improved version emphasizes quantifiable improvements, clarifies the business relevance, and provides a structured approach for testing the enhancements.","it (ISO 29148)
that (ISO 29148)
can (NASA ARM)",4,4,0.0,4,4,0.0,5,5,0.0,4,5,1.0,4,5,1.0,3,5,2.0,4,5,1.0,—
A11US6O1,"As a system architect, I want the digital twin to handle hybrid datasets combining paired and unpaired data, so that the model training process is more robust and inclusive of diverse data sources.","User Story:
As a system architect, I want the digital twin to effectively manage hybrid datasets that integrate both paired and unpaired data, so that the model training process achieves at least a 20% improvement in accuracy and is inclusive of diverse data sources.

Acceptance Criteria:
- The digital twin must successfully process and utilize hybrid datasets with a minimum of 95% data integrity during model training.
- The model's performance should demonstrate a 20% increase in accuracy compared to models trained on single-type datasets.
- The system should handle at least 10 different data sources simultaneously without degradation in performance.

Test Outline:
- Validate the integrity of the hybrid datasets by comparing the processed data against original sources to ensure 95% accuracy.
- Measure the model's accuracy before and after implementing hybrid datasets to confirm the 20% improvement.
- Test the system's performance by loading multiple data sources and monitoring for any performance issues.","The original user story was clear but lacked measurable criteria and specific performance goals. The improved version enhances clarity by specifying quantifiable acceptance criteria and a structured test outline, ensuring the story is actionable and focused on business value.",that (ISO 29148),4,4,0.0,4,4,0.0,5,5,0.0,4,5,1.0,4,5,1.0,3,5,2.0,4,5,1.0,—
A11US7O1,"As a researcher, I want to evaluate the influence of various architectural factors, metrics, and discriminators on system performance, so that I can optimize the digital twin for accurate CDP generation and prediction.","User Story:
As a researcher, I want to systematically assess the impact of different architectural factors, performance metrics, and discriminators on system performance so that I can enhance the digital twin's capabilities for precise Customer Data Platform (CDP) generation and predictive analytics.

Acceptance Criteria:
- The evaluation must identify at least 5 key architectural factors that significantly influence system performance.
- Performance metrics should demonstrate a minimum 20% improvement in accuracy for CDP generation after optimization.
- The predictive model's accuracy must reach at least 90% based on the refined digital twin parameters.

Test Outline:
- Conduct experiments to analyze the relationship between architectural factors and system performance, documenting findings for each factor.
- Measure the accuracy of CDP generation before and after implementing optimizations to ensure a 20% improvement.
- Validate the predictive model's accuracy through a series of test cases to confirm it meets the 90% threshold.","The original user story was well-defined but could benefit from clearer, measurable criteria. The improved version specifies the research goals, outlines quantifiable acceptance criteria, and provides a structured test outline to ensure clarity and focus on business relevance.","it (ISO 29148)
that (ISO 29148)
can (NASA ARM)",4,4,0.0,4,4,0.0,5,5,0.0,4,5,1.0,4,5,1.0,3,5,2.0,4,5,1.0,—
A11US8O1,"As an anti-counterfeiting specialist, I want the digital twin to accurately predict printed CDP back to their digital versions, so that I can effectively verify the authenticity of printed materials.","User Story:
As an anti-counterfeiting specialist, I want the digital twin technology to reliably predict the digital versions of printed CDP with at least 95% accuracy, so that I can efficiently verify the authenticity of printed materials and reduce counterfeit incidents by 30%.

Acceptance Criteria:
- The digital twin must achieve a prediction accuracy of 95% or higher when comparing printed CDP to their digital counterparts.
- The verification process should take no longer than 5 seconds per item to ensure timely assessments.
- A reduction in counterfeit verification time by at least 30% should be measurable within the first quarter of implementation.

Test Outline:
- Validate the accuracy of the digital twin predictions by comparing a sample of printed CDP against their digital versions and calculating the accuracy rate.
- Measure the time taken for the verification process before and after implementing the digital twin technology to confirm the 5-second criterion.","The original user story was clear but lacked measurable criteria and specific business impact. The improved version enhances clarity by specifying accuracy targets, time requirements, and quantifiable benefits, making it more actionable and aligned with business goals.","that (ISO 29148)
timely (NASA ARM)
can (NASA ARM)",4,4,0.0,4,4,0.0,5,4,-1.0,4,5,1.0,4,5,1.0,3,5,2.0,4,4,0.0,—
A11US9O1,"As a technical lead, I want the system to be compatible with any type of printing and imaging devices, so that the digital twin can be universally applied across different technologies and platforms.","User Story:
As a technical lead, I want the system to ensure compatibility with all printing and imaging devices so that the digital twin can be seamlessly integrated and utilized across various technologies and platforms, enhancing operational flexibility.

Acceptance Criteria:
- The system must support at least 95% of commonly used printing and imaging devices as identified in a compatibility report.
- Compatibility testing should demonstrate successful operation with a minimum of 10 different device types across various manufacturers.
- User feedback should reflect a satisfaction rate of 90% or higher regarding the ease of integration with their existing devices.

Test Outline:
- Compile a list of supported devices and conduct compatibility tests to verify functionality with each.
- Gather user feedback through surveys to assess their experience with device integration and compatibility.","The original user story was clear but lacked measurable criteria and specificity. The improved version enhances clarity by defining explicit acceptance criteria and a test outline, ensuring that the story is actionable and focused on business value.","that (ISO 29148)
all (ISO 29148)
can (NASA ARM)",3,4,1.0,3,4,1.0,4,5,1.0,3,5,2.0,3,5,2.0,2,5,3.0,3,5,2.0,—
A11US10O1,"As a competitive analyst, I want the digital twin to include comparison capabilities with state-of-the-art image-to-image translation methods, so that I can assess its performance against industry standards.","User Story:
As a competitive analyst, I want the digital twin to incorporate advanced comparison features with leading image-to-image translation methods so that I can evaluate its performance against industry benchmarks and identify areas for improvement.

Acceptance Criteria:
- The digital twin must provide comparison metrics that include at least 3 key performance indicators (KPIs) such as accuracy, processing time, and user satisfaction.
- The comparison results should be generated within 5 seconds for real-time analysis.
- The system should allow for side-by-side visual comparisons with a minimum of 90% clarity in the displayed results.

Test Outline:
- Validate the accuracy of the comparison metrics by running a series of tests against established industry standards.
- Measure the time taken to generate comparison results to ensure it meets the 5-second requirement.
- Conduct user testing to assess the clarity and usability of the side-by-side comparison feature.","The original user story was clear but lacked measurable criteria and specific details. The improved version enhances clarity by specifying the desired capabilities, establishing quantifiable acceptance criteria, and providing a structured test outline to ensure the functionality meets business needs.","it (ISO 29148)
that (ISO 29148)
can (NASA ARM)",5,4,-1.0,4,4,0.0,5,5,0.0,4,5,1.0,5,5,0.0,4,5,1.0,5,5,0.0,—
A12US1O1,"As a public health official, I want to use the Firearm Violence Vulnerability Index (FVVI) to identify high-risk communities, so that I can target prevention efforts effectively.","User Story:
As a public health official, I want to utilize the Firearm Violence Vulnerability Index (FVVI) to pinpoint communities at high risk for firearm violence so that I can strategically allocate prevention resources and initiatives to reduce incidents by at least 20% over the next year.

Acceptance Criteria:
- The FVVI must accurately identify at least 90% of communities that have experienced firearm violence in the past three years.
- The tool should provide actionable insights within 5 minutes of data input to facilitate timely decision-making.
- A follow-up assessment should show a measurable decrease in firearm violence incidents in targeted communities by at least 20% within 12 months of intervention.

Test Outline:
- Validate the accuracy of the FVVI by comparing its predictions against historical data on firearm violence incidents.
- Measure the time taken to generate insights from the FVVI after data input to ensure it meets the 5-minute requirement.
- Conduct a review of firearm violence statistics in targeted communities after one year to assess the effectiveness of the prevention efforts.","The original user story was clear but lacked specific, measurable criteria for success. The improved version enhances clarity by specifying the desired outcomes, measurable acceptance criteria, and a structured test outline to ensure the effectiveness of the FVVI in targeting prevention efforts.","it (ISO 29148)
that (ISO 29148)
timely (NASA ARM)
can (NASA ARM)",5,4,-1.0,4,4,0.0,5,5,0.0,4,5,1.0,5,5,0.0,4,5,1.0,5,5,0.0,—
A12US2O1,"As a data scientist, I want to develop the FVVI using XGBoost with population characteristics, so that the model accurately predicts firearm violence rates in urban census tracts.","User Story:
As a data scientist, I want to build the Firearm Violence Victimization Index (FVVI) using the XGBoost algorithm with comprehensive population characteristics so that the model can predict firearm violence rates in urban census tracts with at least 85% accuracy.

Acceptance Criteria:
- The FVVI model must achieve a predictive accuracy of 85% or higher when validated against historical data.
- The model should be trained on a dataset that includes at least 10,000 urban census tracts to ensure robustness.
- The prediction results must be generated within 5 seconds for real-time analysis.

Test Outline:
- Validate the model's accuracy by comparing its predictions against actual firearm violence rates in a test dataset.
- Measure the training time and response time for predictions to ensure they meet the specified criteria.","The original user story was clear but lacked measurable criteria and specificity regarding the model's performance. The improved version clarifies the goal, sets explicit accuracy targets, and outlines a structured approach to testing the model's effectiveness.","that (ISO 29148)
can (NASA ARM)",5,5,0.0,4,4,0.0,5,5,0.0,4,5,1.0,5,5,0.0,4,5,1.0,5,5,0.0,—
A12US3O1,"As a policymaker, I want access to the FVVI’s predictions, so that I can allocate resources to areas most vulnerable to firearm violence.","User Story:
As a policymaker, I want to access the FVVI’s predictions on firearm violence trends so that I can strategically allocate resources to the top 10% of areas identified as most vulnerable, thereby maximizing the impact of our interventions.

Acceptance Criteria:
- The FVVI predictions must be updated and accessible at least once a month to ensure timely decision-making.
- The accuracy of the predictions should be validated with a minimum of 85% correlation to actual incidents over the past year.
- A user-friendly dashboard must be available for policymakers to visualize the data, with at least 90% of users reporting ease of use in feedback surveys.

Test Outline:
- Review the frequency of updates to the FVVI predictions to confirm they meet the monthly requirement.
- Analyze the correlation between predictions and actual incidents to verify the accuracy criterion.
- Conduct user testing sessions to gather feedback on the dashboard's usability and make necessary adjustments.","The original user story was clear but lacked measurable criteria and specific details on how the predictions would be utilized. The improved version enhances clarity by specifying the desired outcomes, measurable acceptance criteria, and a structured test outline to ensure the functionality meets the needs of the policymaker.","most (ISO 29148)
that (ISO 29148)
timely (NASA ARM)
can (NASA ARM)",4,5,1.0,4,4,0.0,5,5,0.0,4,5,1.0,4,5,1.0,3,5,2.0,4,5,1.0,—
A12US4O1,"As a community leader, I want to understand the factors influencing the FVVI, so that I can address underlying social issues contributing to firearm violence.","User Story:
As a community leader, I want to analyze the factors affecting the Firearm Violence Victimization Index (FVVI) so that I can implement targeted interventions to reduce firearm violence by at least 20% over the next year.

Acceptance Criteria:
- A comprehensive report must identify at least 5 key social factors influencing FVVI within 3 months.
- The analysis should include data from at least 100 community surveys to ensure statistical relevance.
- Proposed interventions must be actionable and measurable, with a plan to evaluate their effectiveness within 6 months of implementation.

Test Outline:
- Review the report for the identification of key factors and ensure it meets the timeline.
- Validate the survey data collection process to confirm the sample size and relevance.
- Monitor the impact of implemented interventions on FVVI through follow-up surveys and data analysis.","The original user story was clear but lacked measurable criteria and specific goals. The improved version emphasizes quantifiable outcomes, a structured timeline, and a clear plan for evaluation, enhancing the overall clarity and focus on business relevance.","it (ISO 29148)
that (ISO 29148)
can (NASA ARM)",3,5,2.0,2,4,2.0,4,5,1.0,2,5,3.0,3,5,2.0,2,5,3.0,3,5,2.0,—
A12US5O1,"As a researcher, I want the FVVI to fill data gaps in firearm assault information, so that I can conduct more comprehensive studies on violence prevention.","User Story:
As a researcher, I want the Firearm Violence Victimization Index (FVVI) to systematically fill data gaps in firearm assault information so that I can conduct more thorough and impactful studies on violence prevention strategies.

Acceptance Criteria:
- The FVVI must identify and fill at least 80% of existing data gaps in firearm assault records within the first year of implementation.
- The accuracy of the filled data should be validated through cross-referencing with at least three independent data sources, achieving a minimum accuracy rate of 90%.
- Researchers should report a 75% increase in the comprehensiveness of their studies due to the availability of enhanced data from the FVVI.

Test Outline:
- Analyze the data gap reports generated by the FVVI to ensure that at least 80% of gaps are addressed.
- Conduct a validation study comparing FVVI data with independent sources to confirm the accuracy rate.
- Survey researchers to measure the perceived increase in study comprehensiveness after utilizing FVVI data.","The original user story was clear but lacked specific, measurable criteria. The improved version enhances clarity by specifying the tool (FVVI), quantifying the expected outcomes, and providing a structured approach to testing the effectiveness of the data filling process.","that (ISO 29148)
can (NASA ARM)
more (NASA ARM)",4,4,0.0,4,4,0.0,5,5,0.0,4,5,1.0,4,5,1.0,3,5,2.0,4,5,1.0,—
A12US6O1,"As a public safety analyst, I want the FVVI to forecast shooting incident rates at a granular geographic level, so that I can implement timely interventions.","User Story:
As a public safety analyst, I want the Firearm Violence Victimization Index (FVVI) to accurately forecast shooting incident rates at a detailed geographic level so that I can implement targeted interventions and allocate resources effectively.

Acceptance Criteria:
- The FVVI must provide forecasts with at least 85% accuracy for shooting incident rates within specific neighborhoods.
- Forecasts should be generated and updated at least once a week to ensure timely data availability.
- The system should allow for user-defined geographic parameters, enabling analysis at various levels (e.g., block, precinct) with a response time of no more than 3 seconds.

Test Outline:
- Validate the accuracy of the forecasts by comparing them against actual incident data over a 6-month period.
- Measure the frequency and speed of updates to ensure they meet the weekly requirement.
- Test the geographic parameter functionality by running queries at different levels and measuring response times.","The original user story was clear but lacked specific measurable criteria and details on the functionality. The improved version enhances clarity by specifying the accuracy, frequency of updates, and response times, making it more actionable and aligned with business needs.","that (ISO 29148)
timely (NASA ARM)
can (NASA ARM)
more (NASA ARM)",5,4,-1.0,4,4,0.0,5,5,0.0,4,5,1.0,5,5,0.0,4,5,1.0,5,5,0.0,—
A12US7O1,"As a grant writer, I want to utilize the FVVI’s standardized risk assessments, so that I can secure funding for targeted violence prevention programs.","User Story:
As a grant writer, I want to leverage the FVVI’s standardized risk assessments to enhance my proposals so that I can increase the likelihood of securing funding for targeted violence prevention programs by at least 30%.

Acceptance Criteria:
- The standardized risk assessments must be integrated into the grant writing process, with at least 90% of proposals utilizing them.
- Proposals that incorporate these assessments should achieve a funding success rate of 40% or higher.
- User feedback from grant writers should indicate a satisfaction rate of 85% or higher regarding the usefulness of the risk assessments in their proposals.

Test Outline:
- Track the number of proposals submitted that utilize the standardized risk assessments and measure the success rate of those proposals.
- Conduct surveys with grant writers to gather feedback on the effectiveness and usability of the risk assessments in their funding applications.","The original user story was clear but lacked measurable criteria and specific goals. The improved version emphasizes the capability and business relevance, providing quantifiable acceptance criteria and a structured test outline to enhance clarity and focus on achieving measurable outcomes.","that (ISO 29148)
these (ISO 29148)
those (ISO 29148)
can (NASA ARM)",4,5,1.0,4,4,0.0,5,5,0.0,4,5,1.0,4,5,1.0,3,5,2.0,4,5,1.0,—
A12US8O1,"As a city planner, I want to integrate FVVI data into urban development plans, so that I can create safer community environments.","User Story:
As a city planner, I want to incorporate FVVI (Future Vision and Vulnerability Index) data into urban development plans so that I can design safer community environments that reduce risks by at least 30% over the next five years.

Acceptance Criteria:
- The integration of FVVI data must be completed within 6 months and should be reflected in at least 3 major urban development projects.
- Safety assessments based on FVVI data should show a measurable improvement in community safety metrics by 30% within one year of implementation.
- Stakeholder feedback should indicate a satisfaction rate of 80% or higher regarding the effectiveness of the integrated data in planning decisions.

Test Outline:
- Review project timelines and deliverables to ensure FVVI data integration is completed within the 6-month timeframe.
- Analyze safety metrics before and after the implementation to confirm a 30% improvement.
- Conduct surveys with stakeholders to gather feedback on the integration process and its impact on planning.","The original user story was clear but lacked measurable criteria and specific outcomes. The improved version enhances clarity by specifying quantifiable goals, timelines, and acceptance criteria, ensuring a stronger focus on the business impact and effectiveness of the integration.","that (ISO 29148)
can (NASA ARM)",4,4,0.0,4,4,0.0,5,5,0.0,4,5,1.0,4,5,1.0,3,5,2.0,4,5,1.0,—
A12US9O1,"As a law enforcement strategist, I want to leverage the FVVI to identify hotspots for firearm violence, so that I can deploy resources more efficiently.","User Story:
As a law enforcement strategist, I want to utilize the Firearm Violence Visualization Interface (FVVI) to pinpoint firearm violence hotspots so that I can allocate resources effectively and reduce incidents by at least 20% over the next year.

Acceptance Criteria:
- The FVVI must accurately identify hotspots with a minimum detection rate of 90% based on historical data.
- Resource allocation decisions should be based on FVVI insights, leading to a measurable decrease in firearm-related incidents by 20% within 12 months.
- User training sessions should achieve a satisfaction rate of 90% or higher, ensuring that strategists can effectively use the FVVI.

Test Outline:
- Validate the accuracy of hotspot identification by comparing FVVI outputs with actual incident reports over a specified period.
- Track the number of firearm incidents before and after resource deployment based on FVVI data to measure the impact on violence reduction.
- Conduct user feedback surveys post-training to assess the effectiveness and usability of the FVVI.","The original user story was clear but lacked measurable criteria and specific targets. The improved version enhances clarity by specifying the tool's name, setting quantifiable goals for incident reduction, and providing detailed acceptance criteria and testing methods.","that (ISO 29148)
can (NASA ARM)",4,4,0.0,4,4,0.0,5,5,0.0,4,5,1.0,4,5,1.0,3,5,2.0,4,5,1.0,—
A12US10O1,"As a public health researcher, I want the FVVI to incorporate diverse population characteristics, so that the model remains robust and inclusive across different urban settings.","User Story:
As a public health researcher, I want the FVVI (Food Value and Vulnerability Index) to integrate diverse population characteristics so that the model can maintain a robust and inclusive framework across various urban environments, ultimately improving health outcomes for all demographics.

Acceptance Criteria:
- The FVVI must include data from at least 5 distinct demographic groups to ensure comprehensive representation.
- The model's predictive accuracy should be validated with a minimum of 90% effectiveness across different urban settings.
- User feedback from at least 100 researchers should indicate a satisfaction rate of 85% or higher regarding the model's inclusivity and applicability.

Test Outline:
- Analyze the demographic data incorporated into the FVVI to confirm the inclusion of diverse population characteristics.
- Conduct validation tests to measure the model's predictive accuracy across the specified urban settings.
- Gather and evaluate user feedback to assess satisfaction with the model's inclusivity.","The original user story was clear but lacked specific, measurable criteria. The improved version enhances clarity by specifying the need for diverse data, measurable acceptance criteria, and a structured test outline to ensure the model's robustness and inclusivity.","robust (ISO 29148)
that (ISO 29148)
all (ISO 29148)
can (NASA ARM)",4,4,0.0,4,4,0.0,5,5,0.0,4,5,1.0,4,5,1.0,3,5,2.0,4,5,1.0,—
A13US1O1,"As a neurologist, I want to utilize the AI-DrugNet framework to identify repurposed drugs for Alzheimer's disease, so that I can offer new therapeutic options to my patients.","User Story:
As a neurologist, I want to leverage the AI-DrugNet framework to discover repurposed drugs for Alzheimer's disease so that I can provide at least 3 new therapeutic options to my patients within the next 6 months.

Acceptance Criteria:
- The AI-DrugNet framework must identify at least 5 potential repurposed drugs with supporting evidence for efficacy in Alzheimer's treatment.
- The analysis should be completed and presented within 6 months to ensure timely access to new treatment options.
- A follow-up survey should indicate that at least 80% of patients are satisfied with the new therapeutic options provided.

Test Outline:
- Validate the identified drugs through clinical data and literature reviews to confirm their potential effectiveness.
- Track the timeline of the analysis process to ensure it adheres to the 6-month deadline.
- Conduct patient satisfaction surveys post-implementation to measure the acceptance of the new therapies.","The original user story was clear but lacked measurable criteria and specific timelines. The improved version enhances clarity by specifying the number of therapeutic options, a defined timeframe for analysis, and measurable acceptance criteria to ensure the story is actionable and focused on delivering value.","it (ISO 29148)
that (ISO 29148)
timely (NASA ARM)
can (NASA ARM)",5,5,0.0,4,4,0.0,5,5,0.0,4,5,1.0,5,5,0.0,4,5,1.0,5,5,0.0,—
A13US2O1,"As a pharmaceutical researcher, I want to leverage the deep learning-based prediction framework, so that I can discover effective drug combinations for treating complex neurological disorders.","User Story:
As a pharmaceutical researcher, I want to utilize a deep learning-based prediction framework to identify effective drug combinations for treating complex neurological disorders, enabling faster and more accurate discovery of potential therapies.

Acceptance Criteria:
- The framework must analyze at least 10,000 drug combinations and provide predictions with a success rate of 85% or higher in identifying effective treatments.
- The prediction process should be completed within 30 minutes for each batch of drug combinations.
- User feedback should reflect a satisfaction rate of 90% or higher regarding the usability and accuracy of the framework.

Test Outline:
- Validate the framework's predictions by comparing them against clinical trial outcomes to measure the success rate.
- Measure the time taken to process and analyze the drug combinations to ensure it meets the 30-minute requirement.
- Conduct user surveys to assess satisfaction with the framework's performance and usability.","The original user story was clear but lacked measurable criteria and specific acceptance tests. The improved version enhances clarity by specifying the researcher's goals, quantifying success metrics, and providing a structured test outline to ensure the framework's effectiveness.","effective (ISO 29148)
it (ISO 29148)
faster (ISO 29148)
effective (NASA ARM)
more (NASA ARM)",4,4,0.0,3,4,1.0,4,4,0.0,3,5,2.0,4,5,1.0,2,5,3.0,3,4,1.0,—
A13US3O1,"As a data scientist, I want to build and analyze a drug-target pair (DTP) network using multiple drug and target features, so that I can uncover meaningful associations within the AD disease network.","User Story:
As a data scientist, I want to construct and analyze a comprehensive drug-target pair (DTP) network utilizing diverse drug and target features so that I can identify significant associations within the Alzheimer's disease (AD) network, ultimately enhancing our understanding of potential therapeutic targets.

Acceptance Criteria:
- The DTP network must incorporate at least 100 unique drug and target features to ensure a robust analysis.
- The analysis should reveal at least 5 meaningful associations with a statistical significance level of p < 0.05.
- The results must be documented in a report that is accessible to stakeholders within 2 weeks of the analysis completion.

Test Outline:
- Validate the completeness of the DTP network by checking the inclusion of the required number of features.
- Use statistical methods to confirm the significance of the identified associations.
- Review the final report for clarity and accessibility to ensure it meets stakeholder needs.","The original user story was clear but lacked specificity in terms of measurable criteria and business relevance. The improved version enhances clarity by specifying the number of features, the expected outcomes, and a timeline for reporting, thus strengthening the overall INVEST dimensions.","robust (ISO 29148)
it (ISO 29148)
that (ISO 29148)
significant (ISO 29148)
can (NASA ARM)",4,4,0.0,4,4,0.0,5,5,0.0,4,5,1.0,4,5,1.0,3,5,2.0,4,5,1.0,—
A13US4O1,"As a bioinformatician, I want to integrate drug-drug, target-target, and drug-target relationships into the AI-DrugNet model, so that the framework can generate comprehensive features for accurate drug prediction.","User Story:
As a bioinformatician, I want to incorporate drug-drug, target-target, and drug-target relationships into the AI-DrugNet model so that the framework can generate a minimum of 30% more comprehensive features, enhancing the accuracy of drug prediction outcomes.

Acceptance Criteria:
- The integration must successfully include at least 95% of relevant relationships identified in existing databases.
- The model's predictive accuracy should improve by at least 15% compared to the previous version after the integration.
- Comprehensive feature generation should be completed within a 4-week timeline, with weekly progress reports.

Test Outline:
- Validate the inclusion of relationships by cross-referencing with established databases to ensure 95% coverage.
- Measure the predictive accuracy of the model before and after integration using a standardized dataset.
- Review weekly progress reports to ensure the timeline is adhered to and adjustments are made as necessary.","The original user story was clear but lacked measurable criteria and specific goals. The improved version enhances clarity by specifying quantifiable acceptance criteria and a structured test outline, ensuring a focus on business relevance and measurable outcomes.","that (ISO 29148)
can (NASA ARM)
more (NASA ARM)",4,4,0.0,4,4,0.0,5,5,0.0,4,5,1.0,5,5,0.0,4,5,1.0,4,5,1.0,—
A13US5O1,"As a clinical trial coordinator, I want to use AI-DrugNet to identify potential repurposed drug therapies, so that I can design and initiate clinical trials more efficiently for Alzheimer's disease.","User Story:
As a clinical trial coordinator, I want to leverage AI-DrugNet to identify promising repurposed drug therapies for Alzheimer's disease so that I can streamline the design and initiation of clinical trials, ultimately reducing the time to bring effective treatments to patients.

Acceptance Criteria:
- AI-DrugNet must analyze at least 100 existing drugs and provide a ranked list of potential candidates within 5 minutes.
- The system should achieve a predictive accuracy of at least 85% in identifying viable drug repurposing opportunities.
- The time taken to design a clinical trial protocol using AI-DrugNet should be reduced by at least 30% compared to traditional methods.

Test Outline:
- Validate the performance of AI-DrugNet by measuring the time taken to analyze drug candidates and generate results.
- Compare the accuracy of identified candidates against clinical outcomes from previous trials to ensure predictive reliability.
- Assess the time required to create trial protocols before and after implementing AI-DrugNet.","The original user story was clear but lacked measurable criteria and specific outcomes. The improved version enhances clarity by specifying the role, capability, and business benefits while providing quantifiable acceptance criteria and a structured test outline.","effective (ISO 29148)
that (ISO 29148)
effective (NASA ARM)
can (NASA ARM)",4,4,0.0,4,4,0.0,5,5,0.0,4,5,1.0,5,5,0.0,4,5,1.0,4,5,1.0,—
A13US6O1,"As a pharmacologist, I want the prediction framework to generalize to other diseases, so that I can apply the same methodology to discover drug combinations for various complex conditions.","User Story:
As a pharmacologist, I want the prediction framework to effectively generalize across multiple diseases so that I can utilize the same methodology to identify drug combinations for at least 5 different complex conditions, enhancing the efficiency of drug discovery.

Acceptance Criteria:
- The framework must demonstrate a generalization accuracy of at least 85% when applied to new disease datasets.
- It should successfully identify viable drug combinations for a minimum of 5 distinct complex conditions within a 3-month period.
- User feedback from pharmacologists should reflect a satisfaction rate of 90% or higher regarding the framework's applicability to various diseases.

Test Outline:
- Evaluate the framework's performance on new disease datasets to measure generalization accuracy.
- Track the number of successful drug combinations identified for different conditions over the specified timeframe.
- Conduct surveys with pharmacologists to assess their satisfaction with the framework's versatility.","The original user story was clear but lacked measurable criteria and specific goals. The improved version enhances clarity by specifying quantifiable acceptance criteria and a structured test outline, ensuring the story is actionable and focused on business value.","it (ISO 29148)
that (ISO 29148)
can (NASA ARM)",4,5,1.0,3,4,1.0,4,5,1.0,3,5,2.0,4,5,1.0,2,5,3.0,3,5,2.0,—
A13US7O1,"As a healthcare policymaker, I want to adopt the AI-DrugNet framework for drug repurposing, so that I can support cost-effective and timely therapeutic developments for public health.","User Story:
As a healthcare policymaker, I want to implement the AI-DrugNet framework for drug repurposing so that I can facilitate the development of cost-effective therapies within 6 months, ultimately improving public health outcomes.

Acceptance Criteria:
- The AI-DrugNet framework must identify at least 5 viable drug repurposing candidates within the first 3 months of implementation.
- The cost of therapeutic development using the framework should be reduced by at least 30% compared to traditional methods.
- A report on the effectiveness of the framework should be generated within 6 months, demonstrating improved time efficiency in drug development processes.

Test Outline:
- Track the number of drug candidates identified by the framework and assess their viability through clinical data analysis.
- Compare the costs associated with drug development before and after implementing the AI-DrugNet framework.
- Review the generated report to evaluate the time taken for drug development and the overall impact on public health.","The original user story was clear but lacked specific, measurable criteria. The improved version enhances clarity by specifying quantifiable goals, timelines, and a structured test outline to assess the framework's effectiveness in a public health context.","effective (ISO 29148)
that (ISO 29148)
improved (ISO 29148)
effective (NASA ARM)
can (NASA ARM)
improved (NASA ARM)",4,5,1.0,4,4,0.0,5,5,0.0,4,5,1.0,4,5,1.0,3,5,2.0,4,5,1.0,—
A13US8O1,"As a machine learning engineer, I want to develop and refine the AI-DrugNet model, so that it exhibits robust predictive performance in identifying effective drug therapies.","User Story:
As a machine learning engineer, I want to enhance the AI-DrugNet model so that it achieves at least 95% accuracy in predicting effective drug therapies, thereby improving treatment outcomes for patients.

Acceptance Criteria:
- The model's predictive performance must be validated with a dataset of at least 10,000 drug therapy cases.
- The model should demonstrate a reduction in false positives and false negatives by at least 30% compared to the previous version.
- User feedback from clinical trials should indicate a satisfaction rate of 90% or higher regarding the model's recommendations.

Test Outline:
- Evaluate the model's accuracy using cross-validation techniques on the specified dataset.
- Analyze the confusion matrix to measure improvements in false positive and false negative rates.
- Collect and assess feedback from clinical trial participants to gauge satisfaction with the model's predictions.","The original user story was clear but lacked measurable criteria and specific performance goals. The improved version emphasizes quantifiable acceptance criteria, ensuring clarity in the expected outcomes and enhancing the overall value of the project.","effective (ISO 29148)
it (ISO 29148)
that (ISO 29148)
effective (NASA ARM)",4,5,1.0,4,4,0.0,5,5,0.0,4,5,1.0,4,5,1.0,3,5,2.0,4,5,1.0,—
A13US9O1,"As a medical researcher, I want to explore the associations between drug-target pairs within the AD network, so that I can better understand the mechanisms underlying Alzheimer's disease progression.","User Story:
As a medical researcher, I want to analyze the relationships between drug-target pairs within the Alzheimer's Disease (AD) network so that I can gain insights into the mechanisms driving the progression of Alzheimer's disease and identify potential therapeutic targets.

Acceptance Criteria:
- The analysis must identify at least 10 significant drug-target associations with a confidence level of 95% or higher.
- The exploration should be completed within a timeframe of 4 weeks to ensure timely insights for ongoing research.
- A comprehensive report summarizing the findings must be generated, with at least 5 actionable recommendations for future studies.

Test Outline:
- Validate the identified drug-target associations through statistical analysis to confirm the 95% confidence level.
- Track the progress of the analysis against the 4-week timeline to ensure timely completion.
- Review the generated report for clarity, relevance, and the number of actionable recommendations.","The original user story was clear but lacked measurable criteria and specific timelines. The improved version enhances clarity by specifying the expected outcomes, timeframes, and actionable insights, thus strengthening the overall structure and focus on business relevance.","that (ISO 29148)
significant (ISO 29148)
timely (NASA ARM)
can (NASA ARM)",4,4,0.0,4,4,0.0,5,5,0.0,4,5,1.0,4,5,1.0,3,5,2.0,4,5,1.0,—
A13US10O1,"As a biotech entrepreneur, I want to implement the AI-DrugNet framework in my startup, so that I can accelerate the discovery of innovative drug therapies for neurological and developmental disorders.","User Story:
As a biotech entrepreneur, I want to integrate the AI-DrugNet framework into my startup so that I can expedite the discovery of innovative drug therapies for neurological and developmental disorders, ultimately reducing the time to market by at least 30%.

Acceptance Criteria:
- The AI-DrugNet framework must be fully operational within 6 months of implementation.
- The framework should identify at least 5 potential drug candidates within the first year of use.
- The time taken to analyze data and generate insights should be reduced by 40% compared to current methods.

Test Outline:
- Track the timeline of the integration process to ensure it is completed within the 6-month target.
- Evaluate the number of drug candidates identified by the framework after one year.
- Measure the time taken for data analysis before and after implementing the AI-DrugNet framework.","The original user story was clear but lacked measurable criteria and specific timelines. The improved version enhances clarity by specifying quantifiable goals, timelines, and a structured testing approach to ensure the framework's effectiveness.","it (ISO 29148)
that (ISO 29148)
can (NASA ARM)",4,4,0.0,4,4,0.0,5,5,0.0,4,5,1.0,4,5,1.0,3,5,2.0,4,5,1.0,—
A14US1O1,"As a city planner, I want to use the XGBoost model to predict taxi and Uber ridership across NYC zip codes, so that I can optimize the placement of transportation resources.","User Story:
As a city planner, I want to implement the XGBoost model to accurately predict taxi and Uber ridership across NYC zip codes so that I can strategically optimize the allocation of transportation resources, improving service efficiency and reducing wait times.

Acceptance Criteria:
- The model must achieve a prediction accuracy of at least 85% when tested against historical ridership data.
- Predictions should be generated within 5 seconds for each zip code to facilitate timely decision-making.
- The optimized resource allocation plan should demonstrate a reduction in average wait times by at least 20% within three months of implementation.

Test Outline:
- Validate the model's accuracy by comparing its predictions with actual ridership data over a specified period.
- Measure the time taken to generate predictions for each zip code to ensure it meets the 5-second requirement.
- Analyze user feedback and wait time metrics post-implementation to confirm the effectiveness of the resource allocation strategy.","The original user story was clear but lacked measurable criteria and specific outcomes. The improved version enhances clarity by specifying the desired accuracy, response time, and expected impact on wait times, along with a structured test outline to verify success.","it (ISO 29148)
that (ISO 29148)
timely (NASA ARM)
can (NASA ARM)",4,4,0.0,4,4,0.0,5,5,0.0,4,5,1.0,5,5,0.0,4,5,1.0,4,5,1.0,—
A14US2O1,"As a transportation analyst, I want to analyze the spatiotemporal distribution of yellow, green, and Uber pickups, so that I can understand usage patterns across different boroughs.","User Story:
As a transportation analyst, I want to analyze the spatiotemporal distribution of yellow, green, and Uber pickups across various boroughs so that I can identify usage patterns and trends to inform transportation planning and policy decisions.

Acceptance Criteria:
- The analysis must include data from at least the past 12 months to ensure comprehensive insights.
- The report should highlight at least 5 key trends in usage patterns across different boroughs.
- The findings must be presented in a visual format (e.g., charts or maps) that is accessible and understandable to stakeholders.

Test Outline:
- Validate the data sources to ensure they cover the required time frame and types of pickups.
- Review the analysis report for the identification of trends and the clarity of visual representations.","The original user story was clear but lacked specificity in terms of measurable outcomes and criteria. The improved version enhances clarity by specifying the time frame, the number of trends to be identified, and the format for presenting findings, thus strengthening the overall INVEST dimensions.","that (ISO 29148)
can (NASA ARM)",4,4,0.0,4,4,0.0,5,5,0.0,4,5,1.0,4,5,1.0,3,5,2.0,4,5,1.0,—
A14US3O1,"As a taxi company manager, I want to leverage predictive insights from the XGBoost model, so that I can determine the optimal number of taxis to dispatch to meet demand.","User Story:
As a taxi company manager, I want to utilize predictive insights generated by the XGBoost model to accurately forecast demand, so that I can optimize the number of taxis dispatched and improve service efficiency.

Acceptance Criteria:
- The model must provide demand forecasts with at least 85% accuracy based on historical data.
- Dispatch decisions should result in a reduction of wait times for customers by at least 20%.
- The implementation of the model should lead to a 15% increase in overall ride completions within the first month.

Test Outline:
- Validate the accuracy of the XGBoost model by comparing its predictions against actual demand over a specified period.
- Measure customer wait times before and after implementing the model to ensure the 20% reduction is achieved.
- Track the number of completed rides monthly to confirm the 15% increase post-implementation.","The original user story was clear but lacked specific, measurable criteria. The improved version enhances clarity by specifying the expected accuracy of the model, quantifying the benefits in terms of wait time reduction and ride completions, and providing a structured test outline.","that (ISO 29148)
can (NASA ARM)",5,4,-1.0,4,4,0.0,5,5,0.0,4,5,1.0,5,5,0.0,4,5,1.0,5,5,0.0,—
A14US4O1,"As a data scientist, I want to implement machine learning algorithms like XGBoost and random forest on the ridership dataset, so that I can accurately forecast transportation trends.","User Story:
As a data scientist, I want to apply machine learning algorithms such as XGBoost and Random Forest to the ridership dataset so that I can achieve at least 90% accuracy in forecasting transportation trends, enabling data-driven decision-making.

Acceptance Criteria:
- The implementation of XGBoost and Random Forest must yield a model accuracy of 90% or higher when validated against a test dataset.
- The forecasting model should be able to process the ridership dataset and generate predictions within 5 seconds for real-time analysis.
- A comparative analysis report must be generated to demonstrate the performance differences between the two algorithms, with clear metrics on accuracy and processing time.

Test Outline:
- Validate the accuracy of the models using a separate test dataset and measure the results against the 90% accuracy threshold.
- Measure the time taken to generate predictions from the models to ensure it meets the 5-second requirement.
- Review the comparative analysis report for clarity and comprehensiveness in presenting the performance metrics.","The original user story was clear but lacked measurable criteria and specific performance goals. The improved version enhances clarity by specifying accuracy targets, processing times, and the need for a comparative analysis, thus strengthening the overall INVEST dimensions.","it (ISO 29148)
that (ISO 29148)
be able to (NASA ARM)
can (NASA ARM)",4,4,0.0,4,4,0.0,5,5,0.0,4,5,1.0,4,5,1.0,3,5,2.0,4,5,1.0,—
A14US5O1,"As a decision-maker, I want access to ridership predictions and trends, so that I can make informed policies to enhance transportation services in NYC.","User Story:
As a decision-maker, I want to access detailed ridership predictions and trends so that I can formulate data-driven policies to improve transportation services in New York City.

Acceptance Criteria:
- The system must provide ridership predictions with at least 95% accuracy based on historical data and trends.
- Users should be able to generate reports on ridership trends within 3 clicks, ensuring ease of access to information.
- The data should be updated in real-time, with a refresh rate of no longer than 10 minutes.

Test Outline:
- Validate the accuracy of ridership predictions by comparing them against actual ridership data over a specified period.
- Test the report generation process to ensure it can be completed within the defined number of clicks.
- Monitor the data refresh rate to confirm it meets the 10-minute requirement.","The original user story was clear but lacked measurable criteria and specific details. The improved version enhances clarity by specifying the role, capability, and business relevance while providing quantifiable acceptance criteria and a structured test outline.","it (ISO 29148)
that (ISO 29148)
be able to (NASA ARM)
can (NASA ARM)",4,4,0.0,4,4,0.0,5,5,0.0,4,5,1.0,4,5,1.0,3,5,2.0,4,5,1.0,—
A14US6O1,"As a Uber operations manager, I want to understand the rising trend of Uber pickups in Manhattan and outer boroughs, so that I can strategically expand our services.","User Story:
As a Uber operations manager, I want to analyze the increasing trend of Uber pickups in Manhattan and the outer boroughs so that I can make data-driven decisions to strategically expand our services and optimize resource allocation.

Acceptance Criteria:
- A comprehensive report must be generated that includes pickup data over the last 12 months, highlighting trends with at least a 15% increase in pickups.
- The analysis should identify at least three key areas in the outer boroughs with the highest growth potential for service expansion.
- The report must be completed and presented within 4 weeks to ensure timely decision-making.

Test Outline:
- Review the generated report for accuracy and completeness, ensuring it includes the required data and insights.
- Validate the identified growth areas through additional data analysis and stakeholder feedback.","The original user story was clear but lacked measurable criteria and specific timelines. The improved version enhances clarity by specifying the analysis requirements, measurable acceptance criteria, and a structured test outline to ensure actionable insights.","it (ISO 29148)
that (ISO 29148)
timely (NASA ARM)
can (NASA ARM)",4,4,0.0,4,4,0.0,5,5,0.0,4,5,1.0,4,5,1.0,3,5,2.0,4,5,1.0,—
A14US7O1,"As a public transportation advocate, I want to visualize ridership shifts over time, so that I can advocate for balanced transportation options across all boroughs.","User Story:
As a public transportation advocate, I want to create visualizations of ridership trends over time so that I can effectively promote equitable transportation solutions across all boroughs and influence policy decisions.

Acceptance Criteria:
- The visualization tool must display ridership data for at least the past 5 years, allowing for trend analysis.
- Users should be able to filter data by borough and time period, with results generated in under 3 seconds.
- The tool should provide insights that can be used in at least 3 advocacy presentations per quarter.

Test Outline:
- Verify the accuracy of the ridership data displayed in the visualizations by cross-referencing with official transportation reports.
- Measure the response time for generating filtered results to ensure it meets the 3-second requirement.
- Collect feedback from advocacy groups on the usefulness of the insights provided by the tool.","The original user story was clear but lacked measurable criteria and specific outcomes. The improved version enhances clarity by specifying the capability, providing quantifiable acceptance criteria, and outlining a structured test plan to ensure the tool's effectiveness in advocacy efforts.","it (ISO 29148)
that (ISO 29148)
all (ISO 29148)
be able to (NASA ARM)
can (NASA ARM)",4,4,0.0,4,4,0.0,5,5,0.0,4,5,1.0,4,5,1.0,3,5,2.0,4,5,1.0,—
A14US8O1,"As a urban economist, I want to study the dominance of yellow taxis in Manhattan and Queens versus green taxis in Brooklyn and the Bronx, so that I can analyze market preferences and economic factors.","User Story:
As a urban economist, I want to conduct a comparative analysis of the dominance of yellow taxis in Manhattan and Queens versus green taxis in Brooklyn and the Bronx so that I can identify market preferences and assess the economic factors influencing taxi usage patterns.

Acceptance Criteria:
- The study must include data from at least 1,000 taxi rides in each borough to ensure statistical significance.
- The analysis should identify at least three key economic factors that influence taxi choice, such as fare pricing, availability, and user demographics.
- A comprehensive report must be completed within 8 weeks, including visual data representations and actionable insights.

Test Outline:
- Collect and analyze ride data from taxi services to verify the number of rides and the distribution across boroughs.
- Review the final report for clarity, completeness, and the inclusion of identified economic factors.","The original user story was well-defined but could benefit from more specificity regarding the analysis process and measurable outcomes. The improved version clarifies the scope of the study, establishes quantifiable acceptance criteria, and outlines a structured test plan to ensure thoroughness.","that (ISO 29148)
can (NASA ARM)",4,4,0.0,4,4,0.0,5,5,0.0,4,5,1.0,4,5,1.0,3,5,2.0,4,5,1.0,—
A14US9O1,"As a software developer, I want to integrate the XGBoost model's predictions into a user-friendly dashboard, so that stakeholders can easily access and interpret the data.","User Story:
As a software developer, I want to seamlessly integrate the XGBoost model's predictions into an intuitive dashboard so that stakeholders can access and interpret the data with ease, leading to informed decision-making.

Acceptance Criteria:
- The dashboard must display XGBoost predictions within 3 seconds of data input for real-time insights.
- At least 90% of stakeholders should report that the dashboard is user-friendly and enhances their understanding of the data.
- The integration should allow for at least 5 different types of visualizations of the predictions to cater to diverse stakeholder needs.

Test Outline:
- Measure the time taken for the dashboard to update with new predictions after data input to ensure it meets the 3-second requirement.
- Conduct user testing sessions with stakeholders to gather feedback on usability and comprehension of the dashboard.
- Verify that all 5 types of visualizations are correctly implemented and functional.","The original user story was clear but lacked measurable criteria and specific acceptance metrics. The improved version enhances clarity by specifying the integration's impact, providing quantifiable acceptance criteria, and outlining a structured test plan to ensure stakeholder satisfaction.","intuitive (ISO 29148)
it (ISO 29148)
that (ISO 29148)
all (ISO 29148)
can (NASA ARM)",4,4,0.0,4,4,0.0,5,5,0.0,4,5,1.0,4,5,1.0,3,5,2.0,4,5,1.0,—
A14US10O1,"As a researcher, I want to evaluate the performance of different regression models on the NYC ridership data, so that I can validate the effectiveness of XGBoost in capturing complex feature dependencies.","User Story:
As a researcher, I want to assess the performance of various regression models on the NYC ridership dataset so that I can quantitatively validate the effectiveness of XGBoost in modeling complex feature interactions.

Acceptance Criteria:
- Each regression model must be evaluated using at least 1000 data points from the NYC ridership dataset.
- The performance metrics, including R-squared and Mean Absolute Error (MAE), should be calculated for each model, with XGBoost achieving at least a 10% improvement over the baseline model.
- A comparative analysis report must be generated, detailing the performance of each model, with a minimum of 5 visualizations to illustrate the results.

Test Outline:
- Implement the regression models and run evaluations on the NYC ridership dataset, recording the performance metrics for each.
- Review the comparative analysis report to ensure it meets the specified criteria and includes the required visualizations.","The original user story was clear but lacked measurable criteria and specific details. The improved version enhances clarity by specifying the dataset size, performance metrics, and the requirement for a comparative analysis, making it more actionable and focused on business relevance.","it (ISO 29148)
that (ISO 29148)
can (NASA ARM)",5,5,0.0,4,4,0.0,5,5,0.0,4,5,1.0,5,5,0.0,4,5,1.0,5,5,0.0,—
A15US1O1,"As a government policy analyst, I want to use machine learning models to predict individuals' annual incomes based on their lifestyles, so that I can design targeted poverty reduction programs to address economic inequality.","User Story:
As a government policy analyst, I want to leverage machine learning models to accurately predict individuals' annual incomes based on their lifestyle choices so that I can develop targeted poverty reduction programs that effectively address economic inequality.

Acceptance Criteria:
- The machine learning model must achieve at least 85% accuracy in predicting annual incomes based on lifestyle data.
- Predictions should be generated within 5 seconds for real-time analysis of at least 1,000 individuals.
- The effectiveness of the targeted programs should be measurable, with a goal of reducing poverty rates by at least 10% within the first year of implementation.

Test Outline:
- Validate the model's accuracy by comparing its predictions against actual income data from a representative sample.
- Measure the response time of the model when processing data for 1,000 individuals to ensure it meets the 5-second requirement.
- Track the poverty rate changes over the year following the implementation of the programs to assess their impact.","The original user story was well-defined but could benefit from more explicit measurable criteria and a structured test outline. The improved version clarifies the capability, strengthens the business relevance, and provides specific, quantifiable acceptance criteria to enhance the overall INVEST score.","it (ISO 29148)
that (ISO 29148)
can (NASA ARM)",5,5,0.0,4,4,0.0,5,5,0.0,4,5,1.0,5,5,0.0,4,5,1.0,5,5,0.0,—
A15US2O1,"As a data scientist, I want to apply data mining strategies to analyze income distribution, so that I can identify key factors contributing to the wealth and income gap in the United States.","User Story:
As a data scientist, I want to implement advanced data mining techniques to analyze income distribution patterns so that I can pinpoint the primary factors influencing the wealth and income disparity in the United States.

Acceptance Criteria:
- The analysis must utilize at least three different data mining algorithms to ensure comprehensive insights.
- The findings should identify at least five key factors contributing to the income gap, supported by statistical evidence.
- The project should be completed within a 4-week timeframe, with a presentation of results to stakeholders.

Test Outline:
- Review the algorithms used and their effectiveness in uncovering relevant patterns in the data.
- Validate the identified factors through peer review and statistical analysis to confirm their significance.","The original user story was clear but could benefit from more specificity and measurable criteria. The improved version enhances clarity by specifying the use of multiple algorithms, defining the expected outcomes, and establishing a timeline for completion, thus strengthening the overall structure.","that (ISO 29148)
can (NASA ARM)",4,4,0.0,4,4,0.0,5,5,0.0,4,5,1.0,4,5,1.0,3,5,2.0,4,5,1.0,—
A15US3O1,"As an economist, I want to forecast income trends using machine learning, so that I can assess the effectiveness of policies aimed at reducing economic inequality and poverty.","User Story:
As an economist, I want to utilize machine learning algorithms to accurately forecast income trends so that I can evaluate the impact of various policies on reducing economic inequality and poverty levels.

Acceptance Criteria:
- The forecasting model must achieve an accuracy rate of at least 85% when predicting income trends based on historical data.
- The model should be able to process and analyze data sets of at least 10,000 records within 5 minutes.
- A report summarizing the effectiveness of policies must be generated within 24 hours of running the model.

Test Outline:
- Validate the accuracy of the forecasting model by comparing its predictions against actual income data over a specified period.
- Measure the processing time of the model with varying data set sizes to ensure it meets the 5-minute requirement.
- Review the generated reports for clarity and relevance to assess the evaluation of policy effectiveness.","The original user story was clear but lacked measurable criteria and specific details. The improved version enhances clarity by specifying the use of machine learning, outlines quantifiable acceptance criteria, and provides a structured test outline to ensure the effectiveness of the forecasting process.","it (ISO 29148)
that (ISO 29148)
be able to (NASA ARM)
can (NASA ARM)",4,4,0.0,4,4,0.0,5,4,-1.0,4,5,1.0,4,5,1.0,3,5,2.0,4,4,0.0,—
A15US4O1,"As a social worker, I want access to income prediction insights, so that I can better support individuals and families in need by understanding their financial situations and lifestyle factors.","User Story:
As a social worker, I want to access detailed income prediction insights so that I can effectively support individuals and families in need by comprehensively understanding their financial situations and lifestyle factors.

Acceptance Criteria:
- The income prediction tool must provide insights with at least 85% accuracy based on historical data and current trends.
- Users should be able to generate reports within 3 clicks, ensuring ease of access to information.
- Feedback from social workers should indicate a satisfaction rate of 90% or higher regarding the usefulness of the insights in their case management.

Test Outline:
- Validate the accuracy of income predictions by comparing them against actual income data over a specified period.
- Measure the number of clicks required to generate reports and ensure it does not exceed the specified limit.
- Conduct surveys with social workers to assess the perceived value and effectiveness of the insights provided.","The original user story was clear but lacked measurable criteria and specific acceptance standards. The improved version enhances clarity by specifying accuracy, ease of access, and user satisfaction metrics, along with a structured test outline to verify the functionality.","it (ISO 29148)
that (ISO 29148)
be able to (NASA ARM)
can (NASA ARM)",4,4,0.0,4,4,0.0,5,5,0.0,4,5,1.0,4,5,1.0,3,5,2.0,4,5,1.0,—
A15US5O1,"As a financial planner, I want to leverage income forecasting tools, so that I can provide personalized financial advice to clients based on predicted income levels and lifestyle choices.","User Story:
As a financial planner, I want to utilize advanced income forecasting tools so that I can deliver tailored financial advice to clients based on projected income levels and their individual lifestyle choices.

Acceptance Criteria:
- The income forecasting tools must provide predictions with at least 90% accuracy based on historical data and client inputs.
- Financial planners should be able to generate personalized reports for clients within 5 minutes of inputting data.
- Client satisfaction with the advice provided, based on the forecasts, should reach a minimum of 85% in follow-up surveys.

Test Outline:
- Validate the accuracy of the income forecasts by comparing them against actual income data over a 12-month period.
- Measure the time taken to generate personalized reports and ensure it meets the 5-minute requirement.
- Conduct client satisfaction surveys to assess the effectiveness of the financial advice based on the forecasts.","The original user story was clear but lacked measurable criteria and specific acceptance standards. The improved version enhances clarity by specifying the accuracy of forecasts, the time required for report generation, and a satisfaction metric, thus strengthening the overall INVEST dimensions.","it (ISO 29148)
that (ISO 29148)
be able to (NASA ARM)
can (NASA ARM)",4,4,0.0,4,4,0.0,5,5,0.0,4,5,1.0,4,5,1.0,3,5,2.0,4,5,1.0,—
A15US6O1,"As a policy maker, I want to utilize machine learning forecasts of annual income, so that I can implement informed strategies that promote financial stability and reduce poverty across different demographics.","User Story:
As a policy maker, I want to leverage machine learning forecasts of annual income to develop targeted strategies that enhance financial stability and decrease poverty rates among various demographics.

Acceptance Criteria:
- The machine learning model must achieve at least 85% accuracy in predicting annual income across different demographic groups.
- Forecasts should be generated and made available to policy makers within 24 hours of data input.
- Strategies informed by these forecasts should demonstrate a measurable impact, with a goal of reducing poverty rates by at least 10% within two years of implementation.

Test Outline:
- Validate the accuracy of the machine learning model by comparing its predictions against actual income data from the previous year.
- Track the time taken to generate forecasts after data input to ensure compliance with the 24-hour requirement.
- Monitor poverty rate changes over two years post-implementation of the strategies to assess effectiveness.","The original user story was well-structured but needed clearer, measurable criteria to enhance its effectiveness. The improved version specifies accuracy targets, response times, and expected outcomes, making it more actionable and aligned with the INVEST principles.","that (ISO 29148)
these (ISO 29148)",4,4,0.0,4,4,0.0,5,4,-1.0,4,5,1.0,4,5,1.0,3,5,2.0,4,4,0.0,—
A15US7O1,"As a nonprofit organization leader, I want to analyze income prediction data, so that I can develop programs that effectively target and alleviate economic disparities within communities.","User Story:
As a nonprofit organization leader, I want to analyze income prediction data with a focus on specific demographic segments so that I can design targeted programs that effectively address and reduce economic disparities in our communities.

Acceptance Criteria:
- The analysis must provide insights on at least 3 key demographic factors influencing income predictions.
- The data analysis should be completed within 5 business days to inform program development in a timely manner.
- At least 80% of the programs developed based on this analysis should demonstrate measurable impact in reducing economic disparities within the first year of implementation.

Test Outline:
- Review the demographic factors identified in the analysis to ensure they align with the targeted communities.
- Track the timeline of the analysis process to confirm it meets the 5-day requirement.
- Evaluate the effectiveness of the programs developed by measuring their impact on economic disparities through surveys and data collection.","The original user story was clear but lacked specificity and measurable criteria. The improved version enhances clarity by specifying demographic focus, includes quantifiable acceptance criteria, and outlines a structured test plan to ensure the effectiveness of the programs developed.","it (ISO 29148)
this (ISO 29148)
that (ISO 29148)
timely (NASA ARM)
can (NASA ARM)",4,4,0.0,4,4,0.0,5,5,0.0,4,5,1.0,4,5,1.0,3,5,2.0,4,5,1.0,—
A15US8O1,"As a machine learning engineer, I want to develop and refine models that predict annual income based on lifestyle data, so that the predictions are accurate and can inform various socio-economic initiatives.","User Story:
As a machine learning engineer, I want to create and enhance predictive models for annual income based on lifestyle data so that the predictions achieve at least 90% accuracy, providing valuable insights for socio-economic initiatives.

Acceptance Criteria:
- The predictive models must demonstrate a minimum accuracy of 90% when validated against a test dataset.
- The models should be able to process and analyze lifestyle data inputs within 5 seconds to ensure timely predictions.
- The results of the predictions should be interpretable, allowing stakeholders to understand the factors influencing income levels.

Test Outline:
- Evaluate the accuracy of the models using cross-validation techniques on a diverse dataset to confirm they meet the 90% accuracy requirement.
- Measure the processing time for predictions to ensure it does not exceed 5 seconds.
- Conduct stakeholder reviews to assess the interpretability of the model outputs.","The original user story was clear but lacked measurable criteria and specific performance goals. The improved version enhances clarity by specifying accuracy targets, processing times, and the need for interpretability, thus strengthening the overall INVEST dimensions.","it (ISO 29148)
that (ISO 29148)
be able to (NASA ARM)
timely (NASA ARM)",4,4,0.0,4,4,0.0,5,5,0.0,4,5,1.0,5,5,0.0,4,5,1.0,4,5,1.0,—
A15US9O1,"As a researcher in economic justice, I want to explore the relationship between lifestyle factors and income levels using data mining techniques, so that I can contribute to understanding and addressing pay uniformity issues.","User Story:
As a researcher in economic justice, I want to analyze the correlation between lifestyle factors and income levels through advanced data mining techniques so that I can provide actionable insights to promote pay equity and inform policy decisions.

Acceptance Criteria:
- The analysis must utilize a dataset of at least 10,000 entries to ensure statistical significance.
- The findings should identify at least 3 key lifestyle factors that correlate with income disparities with a confidence level of 95% or higher.
- A comprehensive report summarizing the insights and recommendations must be delivered within 4 weeks of data analysis completion.

Test Outline:
- Validate the dataset size and integrity before analysis to confirm it meets the 10,000 entry requirement.
- Review the statistical methods used to ensure they achieve the desired confidence level in identifying correlations.
- Assess the final report for clarity, relevance, and actionable recommendations based on the findings.","The original user story was clear but lacked measurable criteria and specificity regarding the research process. The improved version enhances clarity by specifying the dataset size, expected outcomes, and a timeline, while also emphasizing the business relevance of the research.","it (ISO 29148)
that (ISO 29148)
can (NASA ARM)",4,4,0.0,4,4,0.0,5,5,0.0,4,5,1.0,4,5,1.0,3,5,2.0,4,5,1.0,—
A15US10O1,"As a human resources manager, I want to use income forecasting tools, so that I can ensure equitable salary structures and identify potential areas of financial improvement within the organization.","User Story:
As a human resources manager, I want to utilize income forecasting tools to analyze salary data and trends so that I can establish equitable salary structures and pinpoint areas for financial enhancement within the organization.

Acceptance Criteria:
- The income forecasting tool must provide salary projections with at least 95% accuracy based on historical data.
- The tool should allow for the analysis of at least 5 different salary variables (e.g., role, experience, location, performance, and market trends).
- Users should be able to generate comprehensive reports within 3 minutes to facilitate timely decision-making.

Test Outline:
- Validate the accuracy of salary projections by comparing them against actual salary data over the past year.
- Test the tool's capability to analyze multiple salary variables and ensure it meets the specified criteria.
- Measure the time taken to generate reports to confirm it adheres to the 3-minute requirement.","The original user story was clear but lacked measurable criteria and specific details. The improved version enhances clarity by specifying the capabilities of the forecasting tools, establishing quantifiable acceptance criteria, and providing a structured test outline to ensure the tool's effectiveness.","it (ISO 29148)
that (ISO 29148)
be able to (NASA ARM)
capability to (NASA ARM)
timely (NASA ARM)
can (NASA ARM)",4,4,0.0,4,4,0.0,5,5,0.0,4,5,1.0,4,5,1.0,3,5,2.0,4,5,1.0,—
A16US1O1,"As a neonatal clinician, I want to use the NCDS to non-invasively diagnose unhealthy newborns through their cry audio signals, so that I can quickly identify and address health issues.","User Story:
As a neonatal clinician, I want to utilize the Neonatal Cry Diagnostic System (NCDS) to non-invasively analyze cry audio signals of newborns so that I can swiftly identify potential health issues and initiate timely interventions.

Acceptance Criteria:
- The NCDS must achieve an accuracy rate of at least 90% in diagnosing health conditions based on cry analysis.
- The system should provide diagnostic results within 5 seconds of audio input to ensure rapid response.
- Clinicians should report a satisfaction rate of 85% or higher regarding the usability and effectiveness of the NCDS in clinical settings.

Test Outline:
- Validate the accuracy of the NCDS by comparing its diagnoses against clinical assessments for a sample of newborns.
- Measure the time taken from audio input to diagnostic output to ensure it meets the 5-second requirement.
- Conduct user surveys with clinicians to gather feedback on their experience and satisfaction with the system.","The original user story was clear but lacked measurable criteria and specificity. The improved version enhances clarity by explicitly naming the system, detailing the capability, and providing quantifiable acceptance criteria and a structured test outline to ensure effective implementation.","it (ISO 29148)
that (ISO 29148)
timely (NASA ARM)
can (NASA ARM)",4,4,0.0,4,4,0.0,5,5,0.0,4,5,1.0,5,5,0.0,4,5,1.0,4,5,1.0,—
A16US2O1,"As a biomedical engineer, I want to integrate MFCC, AAM, and prosody feature sets into the NCDS, so that the system can accurately analyze different levels of cry audio signals.","User Story:
As a biomedical engineer, I want to integrate Mel-Frequency Cepstral Coefficients (MFCC), Active Appearance Models (AAM), and prosody feature sets into the Neonatal Cry Detection System (NCDS) so that the system can accurately analyze and classify cry audio signals with at least 95% accuracy across different emotional states.

Acceptance Criteria:
- The integration must enhance the system's classification accuracy to a minimum of 95% for distinguishing between various cry types.
- The processing time for analyzing each cry audio signal should not exceed 1 second.
- The system should demonstrate a 30% improvement in detection rates compared to the previous version without these feature sets.

Test Outline:
- Evaluate the classification accuracy of the NCDS using a diverse dataset of cry audio signals before and after integration.
- Measure the processing time for each audio signal to ensure it meets the 1-second requirement.
- Compare detection rates from the previous system version to the updated version to confirm the 30% improvement.","The original user story was clear but lacked measurable criteria and specific performance goals. The improved version provides detailed acceptance criteria, including accuracy, processing time, and improvement metrics, along with a structured test outline to ensure the integration's effectiveness.","it (ISO 29148)
that (ISO 29148)
these (ISO 29148)
can (NASA ARM)",4,4,0.0,4,4,0.0,5,5,0.0,4,5,1.0,4,5,1.0,3,5,2.0,4,5,1.0,—
A16US3O1,"As a machine learning specialist, I want to apply probabilistic neural networks and support vector machines to the NCDS, so that the model can effectively classify healthy and unhealthy newborns.","User Story:
As a machine learning specialist, I want to implement probabilistic neural networks and support vector machines on the Newborn Classification Data Set (NCDS) so that the model can achieve at least 95% accuracy in classifying healthy and unhealthy newborns, thereby improving early detection and intervention.

Acceptance Criteria:
- The model must demonstrate a classification accuracy of 95% or higher on a validation dataset.
- The training time for the model should not exceed 30 minutes on a standard computing setup.
- The model should maintain a false positive rate of less than 5% when tested on unseen data.

Test Outline:
- Evaluate the model's performance using a separate validation dataset to confirm the accuracy meets the 95% threshold.
- Measure the time taken to train the model and ensure it stays within the 30-minute limit.
- Conduct tests on unseen data to assess the false positive rate and ensure it is below 5%.","The original user story was clear but lacked measurable criteria and specific performance goals. The improved version enhances clarity by specifying the dataset, establishing quantifiable acceptance criteria, and providing a structured test outline to ensure the model's effectiveness.","it (ISO 29148)
that (ISO 29148)
can (NASA ARM)
less (NASA ARM)",4,4,0.0,4,4,0.0,5,5,0.0,4,5,1.0,4,5,1.0,3,5,2.0,4,5,1.0,—
A16US4O1,"As a researcher, I want to include diverse pathologies in the unhealthy newborn group, so that the NCDS can handle real-world diagnostic scenarios.","User Story:
As a researcher, I want to incorporate a variety of pathologies into the unhealthy newborn group so that the Newborn Clinical Decision Support (NCDS) system can effectively address real-world diagnostic scenarios and improve clinical outcomes.

Acceptance Criteria:
- At least 10 different pathologies must be included in the unhealthy newborn group to ensure comprehensive coverage.
- The NCDS should demonstrate a 20% increase in diagnostic accuracy when tested with the expanded pathology dataset.
- User feedback from clinicians should reflect a satisfaction rate of 90% or higher regarding the relevance and applicability of the new pathologies in clinical settings.

Test Outline:
- Review the updated dataset to confirm the inclusion of the specified number of pathologies.
- Conduct diagnostic accuracy tests comparing the NCDS performance before and after the inclusion of the new pathologies.
- Gather clinician feedback through surveys to assess the perceived value of the changes.","The original user story was clear but lacked measurable criteria and specific outcomes. The improved version enhances clarity by specifying the number of pathologies, expected increases in diagnostic accuracy, and user satisfaction metrics, making it more actionable and aligned with business goals.","that (ISO 29148)
can (NASA ARM)",4,4,0.0,4,4,0.0,5,5,0.0,4,5,1.0,4,5,1.0,3,5,2.0,4,5,1.0,—
A16US5O1,"As a data scientist, I want to fuse AAM and MFCC feature sets in the NCDS, so that the system achieves an F-measure of over 80% in diagnosing unhealthy newborns.","User Story:
As a data scientist, I want to integrate the AAM and MFCC feature sets within the NCDS framework so that the diagnostic system can achieve an F-measure of at least 80% in identifying unhealthy newborns, thereby improving early detection and intervention.

Acceptance Criteria:
- The fusion of AAM and MFCC features must be implemented and tested to ensure an F-measure of 80% or higher.
- The system should demonstrate a reduction in false negatives by at least 15% compared to previous models.
- Performance metrics should be validated using a dataset of at least 1,000 newborn cases to ensure reliability.

Test Outline:
- Evaluate the F-measure of the diagnostic system after integrating the feature sets using a controlled dataset.
- Analyze the rate of false negatives before and after the implementation to confirm the targeted reduction.","The original user story was clear but could benefit from more specificity and measurable criteria. The improved version clarifies the integration process, sets explicit performance goals, and outlines a structured testing approach to ensure the desired outcomes.","that (ISO 29148)
can (NASA ARM)",4,4,0.0,4,4,0.0,5,5,0.0,4,5,1.0,5,5,0.0,4,5,1.0,4,5,1.0,—
A16US6O1,"As a healthcare provider, I want the NCDS to operate non-invasively, so that newborns are not subjected to uncomfortable or risky diagnostic procedures.","User Story:
As a healthcare provider, I want the Newborn Clinical Diagnostic System (NCDS) to function non-invasively so that newborns can receive accurate diagnostics without undergoing uncomfortable or risky procedures, ensuring their safety and comfort.

Acceptance Criteria:
- The NCDS must achieve a diagnostic accuracy of at least 95% using non-invasive methods.
- The system should reduce the need for invasive procedures by 80% compared to current practices.
- User feedback from healthcare providers should reflect a satisfaction rate of 90% or higher regarding the non-invasive nature of the diagnostics.

Test Outline:
- Validate the diagnostic accuracy of the NCDS through clinical trials comparing non-invasive results to traditional invasive methods.
- Track the frequency of invasive procedures before and after the implementation of the NCDS to confirm an 80% reduction.
- Conduct surveys with healthcare providers to assess their satisfaction with the non-invasive capabilities of the system.","The original user story was clear but lacked measurable criteria and specific details about the system. The improved version enhances clarity by specifying the system's name, establishing measurable acceptance criteria, and providing a structured test outline to ensure the desired outcomes are met.","that (ISO 29148)
can (NASA ARM)",4,4,0.0,4,4,0.0,5,5,0.0,4,5,1.0,4,5,1.0,3,5,2.0,4,5,1.0,—
A16US7O1,"As a product manager, I want the NCDS to incorporate novel AAM features, so that the system offers innovative diagnostic capabilities not previously available.","User Story:
As a product manager, I want the NCDS to integrate advanced AAM features so that the system can provide at least three new innovative diagnostic capabilities, enhancing user experience and improving diagnostic accuracy by 20%.

Acceptance Criteria:
- The integration of AAM features must be completed within the next two development cycles (approximately 6 weeks).
- At least 80% of users should report improved diagnostic capabilities in user testing sessions.
- The new features should reduce the average time to generate diagnostic reports by at least 30%.

Test Outline:
- Review the implementation timeline to ensure it aligns with the 6-week deadline.
- Conduct user testing sessions to gather feedback on the new features and measure user satisfaction.
- Analyze the time taken to generate reports before and after the integration of the new features.","The original user story was clear but lacked measurable criteria and specific outcomes. The improved version enhances clarity by specifying quantifiable acceptance criteria and a structured test outline, ensuring the story is actionable and focused on business value.","it (ISO 29148)
that (ISO 29148)
improved (ISO 29148)
can (NASA ARM)
improved (NASA ARM)",4,4,0.0,3,4,1.0,4,5,1.0,3,5,2.0,4,5,1.0,2,5,3.0,3,5,2.0,—
A16US8O1,"As a quality assurance analyst, I want to validate the NCDS performance using both training and validation datasets, so that I can ensure the system's reliability and accuracy.","User Story:
As a quality assurance analyst, I want to assess the performance of the NCDS using both training and validation datasets so that I can confirm the system's reliability and accuracy with measurable outcomes.

Acceptance Criteria:
- The NCDS must achieve an accuracy rate of at least 95% when evaluated against the validation dataset.
- Performance metrics, including precision and recall, should be calculated and reported for both datasets, with a minimum precision of 90%.
- The analysis should be completed within 3 business days to ensure timely feedback for system improvements.

Test Outline:
- Execute a series of tests on the NCDS using the training and validation datasets, documenting the accuracy and performance metrics.
- Review the results with the development team to ensure all criteria are met and discuss any discrepancies.","The original user story was clear but lacked specific, measurable criteria. The improved version enhances clarity by specifying performance metrics, timelines, and structured testing, ensuring a focus on reliability and accuracy.","that (ISO 29148)
all (ISO 29148)
timely (NASA ARM)
can (NASA ARM)",4,4,0.0,4,4,0.0,5,5,0.0,4,5,1.0,5,5,0.0,4,5,1.0,4,5,1.0,—
A16US9O1,"As a parent advocate, I want the NCDS to provide early detection of potential health issues in newborns, so that parents can receive timely interventions and support.","User Story:
As a parent advocate, I want the Newborn Care Detection System (NCDS) to enable early identification of potential health issues in newborns so that parents can receive timely interventions and support, ultimately improving health outcomes for their children.

Acceptance Criteria:
- The NCDS must identify at least 95% of newborns with potential health issues within the first 48 hours of life.
- Parents should receive notifications of any detected issues within 1 hour of identification.
- The system should provide access to resources and support services for at least 90% of parents whose newborns are flagged for further evaluation.

Test Outline:
- Analyze the detection accuracy of the NCDS by comparing identified cases against follow-up health assessments.
- Measure the time taken from detection to notification to ensure it meets the 1-hour requirement.
- Survey parents to evaluate their access to resources and support services after receiving notifications.","The original user story was clear but lacked measurable criteria and specificity. The improved version enhances clarity by defining the system's name, specifying measurable acceptance criteria, and outlining a structured test plan to ensure the effectiveness of the NCDS.","it (ISO 29148)
that (ISO 29148)
timely (NASA ARM)
can (NASA ARM)",4,4,0.0,4,4,0.0,5,5,0.0,4,5,1.0,4,5,1.0,3,5,2.0,4,5,1.0,—
A16US10O1,"As a software developer, I want to design the NCDS to handle various feature sets and machine learning models, so that the system remains flexible and scalable for future enhancements.","User Story:
As a software developer, I want to architect the NCDS to support multiple feature sets and integrate various machine learning models so that the system can scale effectively and adapt to future enhancements with minimal downtime.

Acceptance Criteria:
- The system architecture must accommodate at least 5 different feature sets and 3 distinct machine learning models simultaneously.
- The implementation should allow for new features or models to be integrated within 2 weeks of development.
- Performance benchmarks should indicate that the system can handle a 50% increase in user load without degradation in response time.

Test Outline:
- Conduct load testing to verify that the system can support the specified number of feature sets and models.
- Track the time taken to integrate new features or models to ensure it meets the 2-week requirement.
- Monitor system performance under increased user load to confirm it meets the performance benchmarks.","The original user story was clear but lacked measurable criteria and specific performance metrics. The improved version enhances clarity by specifying the number of features and models, integration timelines, and performance benchmarks, making it more actionable and aligned with business goals.","it (ISO 29148)
that (ISO 29148)
minimal (ISO 29148)
can (NASA ARM)",3,4,1.0,3,4,1.0,4,5,1.0,3,5,2.0,4,5,1.0,2,5,3.0,3,5,2.0,—
A17US1O1,"As a sleep clinician, I want to use the apnea and hypopnea prediction system, so that I can proactively manage and treat patients with obstructive sleep apnea (OSA).","User Story:
As a sleep clinician, I want to utilize the apnea and hypopnea prediction system so that I can proactively identify and manage patients with obstructive sleep apnea (OSA), improving treatment outcomes and patient care.

Acceptance Criteria:
- The prediction system must achieve at least 85% accuracy in identifying apnea and hypopnea events based on patient data.
- Clinicians should be able to access patient predictions within 5 seconds of inputting data.
- The system should provide actionable insights for at least 90% of patients, enhancing treatment plans.

Test Outline:
- Validate the accuracy of the prediction system by comparing its outputs against a control group of diagnosed patients.
- Measure the time taken for the system to generate predictions after data entry.
- Gather clinician feedback on the usefulness of the insights provided for patient management.","The original user story was clear but lacked measurable criteria and specific outcomes. The improved version enhances clarity by specifying the clinician's goals, includes quantifiable acceptance criteria, and outlines a structured test plan to ensure the system's effectiveness.","that (ISO 29148)
be able to (NASA ARM)
can (NASA ARM)",4,4,0.0,4,4,0.0,5,5,0.0,4,5,1.0,4,5,1.0,3,5,2.0,4,5,1.0,—
A17US2O1,"As a biomedical engineer, I want to integrate LAMSTAR artificial neural networks with polysomnography data, so that the prediction system can accurately forecast apnea and hypopnea episodes.","User Story:
As a biomedical engineer, I want to integrate LAMSTAR artificial neural networks with polysomnography data so that the predictive system can forecast apnea and hypopnea episodes with at least 95% accuracy, improving patient outcomes and treatment effectiveness.

Acceptance Criteria:
- The integration must achieve a prediction accuracy of 95% or higher when tested against a dataset of at least 1,000 polysomnography records.
- The system should provide predictions within 1 second of data input to ensure timely intervention.
- User feedback from clinicians should indicate a satisfaction rate of 90% or higher regarding the reliability of the predictions.

Test Outline:
- Validate the accuracy of the predictions by comparing them against actual apnea and hypopnea occurrences in the dataset.
- Measure the response time of the prediction system to ensure it meets the 1-second requirement.
- Conduct surveys with clinicians to gather feedback on the usability and reliability of the system.","The original user story was clear but lacked measurable criteria and specific performance goals. The improved version enhances clarity by specifying accuracy, response time, and user satisfaction metrics, making it more actionable and aligned with business objectives.","it (ISO 29148)
that (ISO 29148)
timely (NASA ARM)
can (NASA ARM)",4,4,0.0,4,4,0.0,5,5,0.0,4,5,1.0,5,5,0.0,4,5,1.0,4,5,1.0,—
A17US3O1,"As a data scientist, I want to apply wavelet transform–based preprocessing to physiological signals, so that I can enhance the accuracy of the neural network predictions.","User Story:
As a data scientist, I want to implement wavelet transform-based preprocessing on physiological signals so that I can improve the accuracy of neural network predictions by at least 15%.

Acceptance Criteria:
- The preprocessing method must demonstrate a minimum 15% increase in prediction accuracy compared to the baseline model.
- The processing time for applying the wavelet transform should not exceed 5 seconds per signal.
- The method should be validated on at least 100 different physiological signals to ensure robustness.

Test Outline:
- Compare the accuracy of neural network predictions before and after applying the wavelet transform using a controlled dataset.
- Measure the time taken for preprocessing each signal to ensure it meets the 5-second requirement.
- Conduct a statistical analysis on the results from the 100 signals to confirm the improvement in accuracy.","The original user story was clear but lacked measurable criteria and specific targets. The improved version emphasizes quantifiable goals for accuracy improvement, processing time, and validation, enhancing clarity and focus on business impact.","it (ISO 29148)
that (ISO 29148)
can (NASA ARM)",4,5,1.0,4,4,0.0,5,5,0.0,4,5,1.0,4,5,1.0,3,5,2.0,4,5,1.0,—
A17US4O1,"As a patient with OSA, I want the prediction system to alert me of upcoming apnea or hypopnea episodes, so that I can take preventive actions to improve my sleep quality.","User Story:
As a patient with OSA, I want the prediction system to notify me of potential apnea or hypopnea episodes at least 5 minutes in advance so that I can take preventive measures to enhance my sleep quality and overall health.

Acceptance Criteria:
- The prediction system must accurately identify and alert users of upcoming episodes with at least 85% accuracy.
- Notifications should be delivered within 5 minutes prior to the predicted event for 90% of alerts.
- User feedback should reflect a satisfaction rate of 80% or higher regarding the effectiveness of the alerts in improving sleep quality.

Test Outline:
- Validate the accuracy of the prediction system by comparing its alerts against actual recorded episodes over a 30-day period.
- Measure the time taken from prediction to alert delivery to ensure it meets the 5-minute requirement.
- Conduct user surveys to assess satisfaction with the alert system and its impact on sleep quality.","The original user story was clear but lacked measurable criteria and specificity. The improved version enhances clarity by specifying the condition (OSA), quantifying the alert timing, and providing measurable acceptance criteria and a structured test outline to ensure effectiveness.","it (ISO 29148)
that (ISO 29148)
can (NASA ARM)",5,4,-1.0,4,4,0.0,5,5,0.0,4,5,1.0,5,5,0.0,4,5,1.0,5,5,0.0,—
A17US5O1,"As a healthcare administrator, I want to implement the apnea and hypopnea prediction system in our sleep clinics, so that we can enhance patient care and treatment outcomes.","User Story:
As a healthcare administrator, I want to deploy the apnea and hypopnea prediction system across our sleep clinics so that we can improve patient care by reducing misdiagnosis rates by at least 30% and enhance treatment outcomes through timely interventions.

Acceptance Criteria:
- The prediction system must achieve a diagnostic accuracy of at least 85% in identifying apnea and hypopnea events.
- Implementation should be completed in all clinics within 6 months, with training sessions for staff conducted within the first month.
- Patient outcomes should show a 20% improvement in treatment effectiveness as measured by follow-up assessments within 3 months post-implementation.

Test Outline:
- Validate the accuracy of the prediction system by comparing its results against clinical diagnoses over a defined period.
- Track the timeline of the implementation process to ensure it adheres to the 6-month deadline.
- Analyze patient follow-up data to measure improvements in treatment effectiveness post-implementation.","The original user story was clear but lacked specific, measurable criteria. The improved version enhances clarity by specifying quantifiable goals for accuracy, implementation timeline, and expected patient outcomes, thus strengthening the overall business relevance.","it (ISO 29148)
that (ISO 29148)
all (ISO 29148)
timely (NASA ARM)
can (NASA ARM)",4,4,0.0,4,4,0.0,5,5,0.0,4,5,1.0,4,5,1.0,3,5,2.0,4,5,1.0,—
A17US6O1,"As a medical researcher, I want to analyze the most important physiological signals for prediction, so that I can better understand the mechanisms underlying apnea and hypopnea events.","User Story:
As a medical researcher, I want to analyze key physiological signals related to apnea and hypopnea events so that I can enhance predictive models and improve patient outcomes through better understanding of these mechanisms.

Acceptance Criteria:
- Identify and analyze at least 5 critical physiological signals that correlate with apnea and hypopnea events, with a confidence level of 95% or higher.
- Develop predictive models that achieve an accuracy rate of at least 85% in forecasting these events based on the analyzed signals.
- Present findings in a comprehensive report that includes statistical analysis and visualizations, to be completed within 3 months.

Test Outline:
- Validate the correlation of identified physiological signals with apnea and hypopnea events using statistical methods.
- Test the predictive models against a separate dataset to ensure they meet the specified accuracy criteria.","The original user story was clear but lacked measurable criteria and specific outcomes. The improved version enhances clarity by specifying the number of signals to analyze, the required accuracy for predictive models, and a timeline for reporting, thus strengthening the overall INVEST dimensions.","that (ISO 29148)
these (ISO 29148)
better (ISO 29148)
can (NASA ARM)
better (NASA ARM)",4,4,0.0,4,4,0.0,5,5,0.0,4,5,1.0,4,5,1.0,3,5,2.0,4,5,1.0,—
A17US7O1,"As a software developer, I want to optimize the LAMSTAR neural network for real-time prediction, so that the system can provide timely alerts during both non-REM and REM sleep.","User Story:
As a software developer, I want to enhance the LAMSTAR neural network for real-time predictions so that the system can deliver alerts within 1 second during both non-REM and REM sleep phases, improving user responsiveness and safety.

Acceptance Criteria:
- The optimized neural network must achieve a prediction accuracy of at least 95% during both sleep phases.
- The system should process input data and generate alerts within a maximum of 1 second for 90% of predictions.
- User testing should indicate a satisfaction rate of 90% or higher regarding the timeliness and relevance of the alerts.

Test Outline:
- Evaluate the prediction accuracy by comparing the neural network's outputs against a validated dataset for both sleep phases.
- Measure the time taken from data input to alert generation to ensure compliance with the 1-second requirement.
- Conduct user surveys to assess satisfaction with the alert system's performance.","The original user story was clear but lacked specific measurable criteria. The improved version strengthens the focus on performance metrics, clarifies the business relevance of timely alerts, and provides a structured approach for testing and validation.","that (ISO 29148)
can (NASA ARM)",4,4,0.0,4,4,0.0,5,5,0.0,4,5,1.0,4,5,1.0,3,5,2.0,4,5,1.0,—
A17US8O1,"As a clinical trial coordinator, I want to evaluate the system’s sensitivity and specificity, so that I can validate its effectiveness in predicting apnea and hypopnea episodes.","User Story:
As a clinical trial coordinator, I want to assess the system’s sensitivity and specificity metrics so that I can confirm its effectiveness in accurately predicting apnea and hypopnea episodes, ultimately improving patient outcomes.

Acceptance Criteria:
- The system must demonstrate a sensitivity of at least 85% in detecting apnea and hypopnea episodes.
- The specificity should be no less than 90% to minimize false positives.
- A comprehensive report must be generated within 24 hours of evaluation, detailing the findings and statistical analysis.

Test Outline:
- Conduct a series of trials comparing the system's predictions against a gold standard to calculate sensitivity and specificity.
- Review the generated report for accuracy and completeness, ensuring it meets the 24-hour turnaround requirement.","The original user story was clear but lacked measurable criteria and specificity. The improved version enhances clarity by defining explicit metrics for sensitivity and specificity, along with a structured acceptance criteria and test outline to ensure the effectiveness of the system.","it (ISO 29148)
that (ISO 29148)
can (NASA ARM)
less (NASA ARM)",4,4,0.0,4,4,0.0,5,5,0.0,4,5,1.0,5,5,0.0,4,5,1.0,4,5,1.0,—
A17US9O1,"As a healthcare provider, I want to access detailed reports on predicted apnea and hypopnea events, so that I can tailor treatment plans to individual patient needs.","User Story:
As a healthcare provider, I want to access comprehensive reports on predicted apnea and hypopnea events for each patient so that I can customize treatment plans based on specific patient data and improve their health outcomes.

Acceptance Criteria:
- The report must include at least 5 key metrics related to apnea and hypopnea events, such as frequency, duration, and severity.
- Reports should be generated within 10 seconds of the request for at least 95% of cases.
- Healthcare providers should report a satisfaction rate of 90% or higher regarding the usefulness of the reports in tailoring treatment plans.

Test Outline:
- Review the content of the generated reports to ensure all required metrics are included.
- Measure the time taken to generate reports and confirm it meets the 10-second requirement.
- Conduct surveys with healthcare providers to assess the perceived value of the reports in clinical decision-making.","The original user story was clear but lacked specific measurable criteria. The improved version enhances clarity by detailing the metrics included in the reports, setting performance benchmarks, and establishing a structured testing approach to ensure the reports meet user needs.","it (ISO 29148)
that (ISO 29148)
all (ISO 29148)
can (NASA ARM)",4,4,0.0,4,4,0.0,5,5,0.0,4,5,1.0,5,5,0.0,4,5,1.0,4,5,1.0,—
A17US10O1,"As a quality assurance specialist, I want to monitor the prediction system’s performance metrics, so that I can ensure its reliability and accuracy in clinical settings.","User Story:
As a quality assurance specialist, I want to continuously monitor the performance metrics of the prediction system so that I can guarantee its reliability and accuracy in clinical settings, ultimately improving patient outcomes.

Acceptance Criteria:
- Performance metrics must be updated in real-time, with data reflecting system accuracy and reliability at least every 5 minutes.
- The prediction system should maintain an accuracy rate of 95% or higher in clinical evaluations.
- Any performance drop below 90% accuracy must trigger an automatic alert for immediate investigation.

Test Outline:
- Implement a dashboard to visualize performance metrics and verify that updates occur within the 5-minute timeframe.
- Conduct regular audits of the prediction system's accuracy against clinical outcomes to ensure it meets the 95% threshold.
- Test the alert system by simulating performance drops to confirm that alerts are triggered appropriately.","The original user story was clear but lacked specific, measurable criteria. The improved version enhances clarity by specifying the frequency of updates, accuracy requirements, and the alert mechanism, thus strengthening the overall INVEST dimensions.","it (ISO 29148)
that (ISO 29148)
every (ISO 29148)
can (NASA ARM)",4,4,0.0,4,4,0.0,5,5,0.0,4,5,1.0,4,5,1.0,3,5,2.0,4,5,1.0,—
A18US1O1,"As a radiologist, I want to use the CNN-based classification system to accurately identify tuberculosis and other diseases from chest radiographs, so that I can provide timely and precise diagnoses to patients.","User Story:
As a radiologist, I want to utilize a CNN-based classification system to accurately detect tuberculosis and other diseases from chest radiographs so that I can deliver timely and precise diagnoses, improving patient outcomes.

Acceptance Criteria:
- The classification system must achieve an accuracy rate of at least 95% in identifying tuberculosis and other diseases from a validation dataset.
- The system should provide results within 5 seconds of image submission to ensure prompt diagnosis.
- At least 90% of users (radiologists) should report satisfaction with the system's usability and diagnostic accuracy in post-implementation surveys.

Test Outline:
- Evaluate the accuracy of the classification system by comparing its results against expert radiologist assessments on a diverse set of chest radiographs.
- Measure the response time for the system to process and classify images to ensure it meets the 5-second requirement.
- Conduct user satisfaction surveys to gather feedback on the system's performance and usability.","The original user story was well-structured but could benefit from more explicit measurable criteria. The improved version clarifies the capability and business relevance while providing specific, quantifiable acceptance criteria and a structured test outline to enhance clarity and focus on the impact of the system.","it (ISO 29148)
that (ISO 29148)
timely (NASA ARM)
can (NASA ARM)",4,4,0.0,4,4,0.0,5,5,0.0,4,5,1.0,5,5,0.0,4,5,1.0,4,5,1.0,—
A18US2O1,"As a machine learning engineer, I want to implement transfer learning with pre-trained CNN models on the CheXpert dataset, so that I can efficiently develop a robust disease classification tool without extensive training time.","User Story:
As a machine learning engineer, I want to leverage transfer learning using pre-trained convolutional neural network (CNN) models on the CheXpert dataset so that I can develop a highly accurate disease classification tool in less than 5 hours of training time, significantly reducing resource consumption.

Acceptance Criteria:
- The model should achieve an accuracy of at least 85% on the validation set after training.
- The training process must complete within 5 hours on standard hardware configurations.
- The tool should be able to classify at least 10 different diseases based on the CheXpert dataset.

Test Outline:
- Evaluate the model's accuracy on a separate test set to confirm it meets the 85% threshold.
- Monitor the training duration to ensure it does not exceed the 5-hour limit.
- Test the classification capabilities of the tool on a diverse set of images to verify it can accurately identify the specified diseases.","The original user story was clear but lacked measurable criteria and specific performance goals. The improved version enhances clarity by specifying quantifiable acceptance criteria and a structured test outline, ensuring a focus on efficiency and effectiveness in developing the classification tool.","it (ISO 29148)
that (ISO 29148)
be able to (NASA ARM)
can (NASA ARM)
less (NASA ARM)",5,5,0.0,4,4,0.0,5,5,0.0,4,5,1.0,5,5,0.0,4,5,1.0,5,5,0.0,—
A18US3O1,"As a healthcare administrator, I want to integrate the proposed CNN classification method into our clinical workflow, so that we can enhance early diagnosis and improve patient outcomes for multiple chest diseases.","User Story:
As a healthcare administrator, I want to seamlessly integrate the proposed CNN classification method into our clinical workflow so that we can achieve a 30% increase in early diagnosis rates and improve patient outcomes for multiple chest diseases.

Acceptance Criteria:
- The integration must be completed within 3 months and should not disrupt existing clinical operations.
- The CNN classification method should demonstrate at least a 90% accuracy rate in diagnosing chest diseases during a pilot phase.
- Post-implementation, patient outcomes should show a measurable improvement, with a target of reducing misdiagnosis rates by 25% within the first year.

Test Outline:
- Monitor the integration process to ensure it adheres to the 3-month timeline and assess any operational impacts.
- Evaluate the accuracy of the CNN classification method through a controlled study comparing its results to traditional diagnostic methods.
- Analyze patient outcome data before and after implementation to confirm the targeted reduction in misdiagnosis rates.","The original user story was clear but lacked specific, measurable criteria. The improved version enhances clarity by specifying quantifiable goals, timelines, and a structured testing approach to ensure the integration's effectiveness and impact on patient outcomes.","it (ISO 29148)
that (ISO 29148)
can (NASA ARM)",4,4,0.0,4,4,0.0,5,5,0.0,4,5,1.0,4,5,1.0,3,5,2.0,4,5,1.0,—
A18US4O1,"As a software developer, I want to utilize TensorFlow to train and validate the CNN models, so that I can ensure the system performs reliably and meets clinical standards.","User Story:
As a software developer, I want to leverage TensorFlow to train and validate Convolutional Neural Network (CNN) models so that I can guarantee the system's performance aligns with clinical standards and achieves a minimum accuracy of 95% on validation datasets.

Acceptance Criteria:
- The CNN models must be trained to achieve at least 95% accuracy on the validation set within 10 epochs.
- The training process should not exceed 30 minutes for each model to ensure efficiency.
- The system must pass clinical performance benchmarks, demonstrating reliability in at least 90% of test cases.

Test Outline:
- Evaluate the accuracy of the trained CNN models against the validation dataset to confirm they meet the 95% accuracy requirement.
- Measure the total training time for each model to ensure it remains within the 30-minute limit.
- Conduct clinical performance tests to verify that the system meets the specified reliability benchmarks.","The original user story was clear but lacked specific, measurable criteria. The improved version enhances clarity by specifying performance metrics, time constraints, and a structured testing approach, ensuring the story is actionable and aligned with clinical standards.","it (ISO 29148)
that (ISO 29148)
can (NASA ARM)",4,4,0.0,4,4,0.0,5,5,0.0,4,5,1.0,4,5,1.0,3,5,2.0,4,5,1.0,—
A18US5O1,"As a public health official, I want to deploy the CNN-based TB classification tool in various healthcare settings, so that we can monitor and control the spread of tuberculosis more effectively.","User Story:
As a public health official, I want to implement the CNN-based tuberculosis classification tool across multiple healthcare facilities so that we can enhance our monitoring and control efforts for tuberculosis spread by at least 30% within the first year.

Acceptance Criteria:
- The tool must be deployed in a minimum of 10 healthcare settings within 6 months of initiation.
- At least 85% of healthcare professionals using the tool should report improved accuracy in TB diagnosis.
- The system should demonstrate a reduction in TB case reporting time by at least 40% compared to previous methods.

Test Outline:
- Track the number of healthcare settings where the tool is successfully implemented within the specified timeframe.
- Conduct surveys with healthcare professionals to assess their satisfaction and perceived accuracy improvements.
- Measure the time taken for TB case reporting before and after the tool's deployment to confirm the reduction.","The original user story was clear but lacked measurable criteria and specific targets. The improved version strengthens the business relevance by including quantifiable goals, ensuring clarity in the expected outcomes and providing a structured approach for testing the implementation.","that (ISO 29148)
improved (ISO 29148)
can (NASA ARM)
improved (NASA ARM)",4,4,0.0,4,4,0.0,5,5,0.0,4,5,1.0,4,5,1.0,3,5,2.0,4,5,1.0,—
A18US6O1,"As a medical researcher, I want to compare the AUC metrics of different pre-trained CNN models, so that I can determine the most effective architecture for disease classification in chest radiographs.","User Story:
As a medical researcher, I want to analyze and compare the Area Under the Curve (AUC) metrics of various pre-trained Convolutional Neural Network (CNN) models so that I can identify the most effective architecture for accurately classifying diseases in chest radiographs.

Acceptance Criteria:
- AUC metrics for at least 5 different pre-trained CNN models must be calculated and documented.
- The comparison should include a statistical significance test to determine if differences in AUC are greater than 0.05.
- The analysis should be completed within a 2-week timeframe, with a comprehensive report generated for review.

Test Outline:
- Validate the AUC calculations by cross-referencing with established benchmarks for each model.
- Review the statistical analysis to ensure it meets the criteria for significance and is documented in the final report.","The original user story was clear but could benefit from more specificity and measurable criteria. The improved version clarifies the research goals, specifies quantifiable acceptance criteria, and outlines a structured test plan to ensure thorough analysis.","most (ISO 29148)
effective (ISO 29148)
it (ISO 29148)
that (ISO 29148)
effective (NASA ARM)
can (NASA ARM)
greater (NASA ARM)",5,4,-1.0,4,4,0.0,5,5,0.0,4,5,1.0,5,5,0.0,4,5,1.0,5,5,0.0,—
A18US7O1,"As a patient, I want to receive quick and accurate diagnoses through automated chest radiograph analysis, so that I can begin appropriate treatment without unnecessary delays.","User Story:
As a patient, I want to receive prompt and precise diagnoses from automated chest radiograph analysis so that I can initiate the appropriate treatment within 24 hours, minimizing any potential health risks.

Acceptance Criteria:
- The automated analysis system must provide diagnostic results within 5 minutes for at least 90% of chest radiographs.
- The accuracy of the diagnoses should be at least 95%, validated against expert radiologist assessments.
- Patients should report a satisfaction rate of 90% or higher regarding the speed and clarity of the diagnostic process.

Test Outline:
- Measure the time taken for the automated system to analyze and return results for a sample set of chest radiographs.
- Compare the automated diagnoses with those provided by expert radiologists to assess accuracy.
- Conduct patient surveys to evaluate their satisfaction with the diagnostic process.","The original user story was clear but lacked specific, measurable criteria. The improved version enhances clarity by specifying timeframes, accuracy rates, and satisfaction metrics, making it more actionable and aligned with business goals.","that (ISO 29148)
those (ISO 29148)
appropriate (ISO 29148)
can (NASA ARM)",4,4,0.0,4,4,0.0,5,5,0.0,4,5,1.0,5,5,0.0,4,5,1.0,4,5,1.0,—
A18US8O1,"As a quality assurance specialist, I want to evaluate the performance of the CNN models in classifying multiple diseases, so that I can ensure the system maintains high accuracy and reliability in a clinical environment.","User Story:
As a quality assurance specialist, I want to assess the performance of the CNN models in accurately classifying at least 10 different diseases so that I can guarantee the system achieves a minimum accuracy rate of 95% and maintains reliability in a clinical setting.

Acceptance Criteria:
- The CNN models must demonstrate an accuracy of 95% or higher when tested against a validation dataset of at least 1,000 images for each disease.
- The models should have a false positive rate of less than 5% across all classifications.
- Performance evaluations should be completed within 2 weeks of model deployment, with a comprehensive report generated for review.

Test Outline:
- Conduct a series of tests using a diverse dataset to measure the accuracy and false positive rates of the CNN models.
- Review the performance report to ensure it meets the specified criteria and timelines.","The original user story was clear but lacked specific measurable criteria and a structured approach. The improved version enhances clarity by specifying the number of diseases, accuracy targets, and a timeline for evaluations, making it more actionable and focused on business relevance.","it (ISO 29148)
that (ISO 29148)
all (ISO 29148)
can (NASA ARM)
less (NASA ARM)",4,4,0.0,4,4,0.0,5,5,0.0,4,5,1.0,4,5,1.0,3,5,2.0,4,5,1.0,—
A18US9O1,"As a clinical decision-maker, I want access to a tool that can classify diseases like atelectasis, edema, and tuberculosis with high AUC scores, so that I can make informed treatment decisions based on precise diagnostic information.","User Story:
As a clinical decision-maker, I want to utilize a diagnostic tool that can accurately classify diseases such as atelectasis, edema, and tuberculosis with an AUC score of at least 0.90, so that I can make informed treatment decisions based on reliable and precise diagnostic information.

Acceptance Criteria:
- The tool must achieve an AUC score of 0.90 or higher in classification accuracy for the specified diseases.
- The classification results should be delivered within 5 seconds to ensure timely decision-making.
- At least 95% of users should report confidence in the tool's diagnostic capabilities based on a post-usage survey.

Test Outline:
- Validate the AUC score through a series of clinical trials comparing the tool's classifications against expert diagnoses.
- Measure the response time for the tool to provide classifications under various conditions.
- Conduct user surveys to assess confidence levels in the tool's diagnostic accuracy.","The original user story was well-structured but needed more specificity regarding measurable criteria. The improved version clarifies the required AUC score, response time, and user confidence metrics, enhancing the overall clarity and focus on business value.","reliable (ISO 29148)
that (ISO 29148)
timely (NASA ARM)
can (NASA ARM)",4,4,0.0,4,4,0.0,5,5,0.0,4,5,1.0,5,5,0.0,4,5,1.0,4,5,1.0,—
A18US10O1,"As a product manager, I want to develop and market the CNN-based chest radiograph classification system, so that healthcare providers can adopt an effective early diagnosis tool to improve patient care and streamline clinical processes.","User Story:
As a product manager, I want to create and promote a CNN-based chest radiograph classification system so that healthcare providers can implement a reliable early diagnosis tool, enhancing patient care and optimizing clinical workflows.

Acceptance Criteria:
- The classification system must achieve an accuracy rate of at least 95% in identifying conditions from chest radiographs during clinical trials.
- The system should be market-ready within 6 months, including successful completion of regulatory approvals.
- At least 80% of healthcare providers who trial the system should report improved diagnostic efficiency within 3 months of implementation.

Test Outline:
- Validate the accuracy of the classification system through a series of clinical trials with a diverse dataset.
- Track the timeline of development milestones to ensure the project stays on schedule for market readiness.
- Conduct surveys with healthcare providers post-implementation to assess perceived improvements in diagnostic efficiency.","The original user story was well-structured but could benefit from clearer, measurable criteria and a more explicit focus on the business impact. The improved version specifies quantifiable acceptance criteria and a structured test outline to enhance clarity and ensure alignment with business goals.","reliable (ISO 29148)
that (ISO 29148)
improved (ISO 29148)
can (NASA ARM)
improved (NASA ARM)",4,4,0.0,4,4,0.0,5,5,0.0,4,5,1.0,4,5,1.0,3,5,2.0,4,5,1.0,—
A19US1O1,"As a risk manager, I want to utilize the random forest model to predict credit card defaults, so that I can effectively mitigate credit risks for the bank.","User Story:
As a risk manager, I want to implement a random forest model to predict credit card defaults with at least 85% accuracy so that I can proactively mitigate credit risks and reduce potential losses for the bank.

Acceptance Criteria:
- The model must achieve a minimum accuracy of 85% on validation datasets.
- The prediction time for each credit card application should not exceed 1 second.
- The model should identify at least 90% of actual defaults in a test set, ensuring high sensitivity.

Test Outline:
- Evaluate the model's accuracy using a separate validation dataset and compare it against the 85% threshold.
- Measure the time taken for predictions on a sample of credit card applications to ensure it meets the 1-second requirement.
- Analyze the model's sensitivity by calculating the true positive rate on the test set.","The original user story was clear but lacked specific measurable criteria. The improved version enhances clarity by specifying accuracy, prediction time, and sensitivity metrics, making it more actionable and aligned with business objectives.","it (ISO 29148)
that (ISO 29148)
can (NASA ARM)",5,4,-1.0,4,4,0.0,5,5,0.0,4,5,1.0,5,5,0.0,4,5,1.0,5,5,0.0,—
A19US2O1,"As a data scientist, I want to implement and compare logistic regression, decision tree (rpart), and random forest algorithms, so that I can determine the most accurate method for predicting credit card defaults.","User Story:
As a data scientist, I want to implement and evaluate logistic regression, decision tree (rpart), and random forest algorithms so that I can identify the most accurate model for predicting credit card defaults, ultimately improving our risk assessment strategies.

Acceptance Criteria:
- Each algorithm must be trained and tested on the same dataset, achieving a minimum accuracy of 80% for the best-performing model.
- The comparison should include metrics such as precision, recall, and F1 score, with at least 5% improvement in F1 score for the selected model over the baseline.
- A comprehensive report must be generated detailing the performance of each algorithm, including visualizations of the results, within 2 weeks of implementation.

Test Outline:
- Use cross-validation to assess the accuracy and other performance metrics of each algorithm on the dataset.
- Analyze the generated report to ensure it includes all required metrics and visualizations for a clear comparison.","The original user story was clear but lacked specific measurable criteria and a structured approach. The improved version enhances clarity by specifying performance metrics, timelines, and the overall goal of improving risk assessment, making it more actionable and focused on business value.","best (ISO 29148)
most (ISO 29148)
it (ISO 29148)
that (ISO 29148)
all (ISO 29148)
can (NASA ARM)
best (NASA ARM)",4,4,0.0,4,4,0.0,5,5,0.0,4,5,1.0,5,5,0.0,4,5,1.0,4,5,1.0,—
A19US3O1,"As a credit analyst, I want access to predictive analytics tools that identify key factors influencing credit defaults, so that I can make informed decisions when granting credit.","User Story:
As a credit analyst, I want to utilize advanced predictive analytics tools that pinpoint the top 5 key factors influencing credit defaults, so that I can enhance my decision-making process and reduce default rates by at least 15% when granting credit.

Acceptance Criteria:
- The predictive analytics tools must identify and rank at least 5 significant factors affecting credit defaults with a confidence level of 90% or higher.
- The tools should provide actionable insights within 3 seconds of data input to facilitate timely decisions.
- Post-implementation analysis should show a reduction in default rates by at least 15% within the first quarter of use.

Test Outline:
- Validate the accuracy of the identified factors by comparing them against historical default data.
- Measure the response time of the analytics tools during peak usage to ensure it meets the 3-second requirement.
- Analyze default rates before and after the implementation of the tools to confirm the targeted reduction.","The original user story was clear but lacked specific measurable criteria and a defined impact. The improved version enhances clarity by specifying the number of factors, expected reduction in default rates, and includes measurable acceptance criteria and a structured test outline.","it (ISO 29148)
that (ISO 29148)
significant (ISO 29148)
timely (NASA ARM)
can (NASA ARM)",5,4,-1.0,4,4,0.0,5,5,0.0,4,5,1.0,5,5,0.0,4,5,1.0,5,5,0.0,—
A19US4O1,"As a software developer, I want to integrate the random forest prediction model into the bank’s existing credit management system, so that real-time credit risk assessments can be performed efficiently.","User Story:
As a software developer, I want to seamlessly integrate the random forest prediction model into the bank’s existing credit management system so that real-time credit risk assessments can be conducted with at least 95% accuracy, enhancing decision-making efficiency.

Acceptance Criteria:
- The integration must allow for credit risk assessments to be completed within 3 seconds for 90% of transactions.
- The model should demonstrate a predictive accuracy of 95% or higher when evaluated against historical data.
- The system should handle at least 100 concurrent assessments without performance degradation.

Test Outline:
- Measure the time taken for credit risk assessments before and after integration to ensure it meets the 3-second requirement.
- Validate the accuracy of the model by comparing its predictions against a set of known outcomes from historical data.
- Stress test the system to confirm it can manage 100 concurrent assessments without issues.","The original user story was clear but lacked measurable criteria and specific performance metrics. The improved version enhances clarity by specifying accuracy, response time, and system capacity, along with structured acceptance criteria and a test outline.","it (ISO 29148)
that (ISO 29148)
can (NASA ARM)",5,5,0.0,4,4,0.0,5,5,0.0,4,5,1.0,5,5,0.0,4,5,1.0,5,5,0.0,—
A19US5O1,"As a financial officer, I want to understand the accuracy and Area Under Curve (AUC) metrics of different prediction models, so that I can choose the best model for assessing credit risk.","User Story:
As a financial officer, I want to analyze the accuracy and Area Under Curve (AUC) metrics of various prediction models so that I can select the most effective model for evaluating credit risk, ultimately improving our risk assessment process.

Acceptance Criteria:
- Each model's accuracy must be reported with a minimum threshold of 85% to be considered viable.
- The AUC for each model should be calculated and presented, with a target of ≥0.80 for optimal performance.
- A comparative analysis report must be generated, summarizing the metrics of at least 5 different models within 3 business days.

Test Outline:
- Validate the accuracy and AUC calculations by cross-referencing with established benchmarks for each model.
- Review the comparative analysis report for completeness and clarity, ensuring it meets the specified timeline.","The original user story was clear but lacked specific measurable criteria and a structured approach. The improved version enhances clarity by specifying performance thresholds, a timeline for deliverables, and a structured test outline to ensure the selection process is thorough and data-driven.","most (ISO 29148)
effective (ISO 29148)
it (ISO 29148)
that (ISO 29148)
effective (NASA ARM)
can (NASA ARM)",4,4,0.0,4,4,0.0,5,5,0.0,4,5,1.0,5,5,0.0,4,5,1.0,4,5,1.0,—
A19US6O1,"As a compliance officer, I want the credit default prediction system to adhere to regulatory standards, so that the bank remains compliant while managing credit risks.","User Story:
As a compliance officer, I want the credit default prediction system to fully comply with regulatory standards so that the bank can effectively manage credit risks while avoiding potential legal penalties.

Acceptance Criteria:
- The system must meet 100% of the relevant regulatory requirements as outlined by financial authorities.
- Compliance audits should show no more than 2% deviation from the established standards during quarterly reviews.
- The system should provide documentation of compliance processes that can be reviewed and verified by external auditors within 5 business days.

Test Outline:
- Conduct a compliance audit to verify adherence to regulatory standards and document findings.
- Review the system's compliance documentation to ensure it meets the required criteria and is accessible for audits.","The original user story was clear but lacked specific, measurable criteria. The improved version emphasizes the importance of compliance, specifies quantifiable acceptance criteria, and outlines a structured testing approach to ensure adherence to regulations.","it (ISO 29148)
that (ISO 29148)
can (NASA ARM)
more (NASA ARM)",4,5,1.0,4,4,0.0,5,5,0.0,4,5,1.0,4,5,1.0,3,5,2.0,4,5,1.0,—
A19US7O1,"As a marketing manager, I want insights from the credit default predictions, so that I can tailor credit card offers to low-risk customers and reduce default rates.","User Story:
As a marketing manager, I want to obtain actionable insights from credit default predictions so that I can customize credit card offers for low-risk customers, ultimately reducing default rates by at least 15% over the next quarter.

Acceptance Criteria:
- The insights generated must identify at least 3 distinct customer segments classified as low-risk based on predictive analytics.
- The tailored credit card offers should lead to a minimum of 20% increase in acceptance rates among the targeted low-risk segments.
- Default rates for the newly targeted offers should decrease by at least 15% within 3 months of implementation.

Test Outline:
- Analyze the predictive model's output to ensure it accurately segments low-risk customers.
- Track the acceptance rates of the new offers and compare them to previous campaigns to measure the increase.
- Monitor default rates for the new offers over a 3-month period to verify the reduction goal.","The original user story was clear but lacked specific, measurable criteria. The improved version enhances clarity by specifying quantifiable goals, ensuring the insights lead to actionable outcomes, and providing a structured test outline to verify success.","it (ISO 29148)
that (ISO 29148)
can (NASA ARM)",4,5,1.0,4,4,0.0,5,5,0.0,4,5,1.0,5,5,0.0,4,5,1.0,4,5,1.0,—
A19US8O1,"As a business intelligence analyst, I want to visualize the factors contributing to credit card defaults, so that stakeholders can easily interpret and act on the data-driven insights.","User Story:
As a business intelligence analyst, I want to create visualizations that clearly depict the factors contributing to credit card defaults so that stakeholders can quickly interpret the data and make informed decisions to mitigate risks.

Acceptance Criteria:
- The visualizations must highlight at least 5 key factors influencing credit card defaults with a clarity rating of 90% or higher from stakeholder feedback.
- The loading time for the visualizations should not exceed 3 seconds to ensure a smooth user experience.
- Stakeholders should be able to generate reports from the visualizations with a success rate of 95% or higher.

Test Outline:
- Conduct user testing sessions to gather feedback on the clarity and effectiveness of the visualizations.
- Measure the loading time of the visualizations to ensure it meets the 3-second requirement.
- Track the success rate of report generation to confirm it meets the specified criteria.","The original user story was clear but lacked measurable criteria and specific outcomes. The improved version enhances clarity by specifying the desired outcomes, measurable acceptance criteria, and a structured test outline to ensure the visualizations meet stakeholder needs.","it (ISO 29148)
that (ISO 29148)
be able to (NASA ARM)
can (NASA ARM)",4,4,0.0,4,4,0.0,5,5,0.0,4,5,1.0,5,5,0.0,4,5,1.0,4,5,1.0,—
A19US9O1,"As a customer service manager, I want to use the prediction model’s insights to proactively address potential default risks, so that we can offer support to customers before defaults occur.","User Story:
As a customer service manager, I want to leverage insights from the prediction model to identify potential default risks proactively so that we can provide timely support to at least 80% of at-risk customers before defaults occur.

Acceptance Criteria:
- The prediction model must accurately identify potential default risks with at least 90% precision.
- Customer service representatives should be able to initiate support actions for identified risks within 24 hours of detection.
- A follow-up survey should show that at least 75% of customers who received proactive support felt it was helpful in preventing default.

Test Outline:
- Validate the accuracy of the prediction model by comparing its risk assessments against actual default occurrences over a 6-month period.
- Track the response time from risk identification to support initiation to ensure it meets the 24-hour requirement.
- Conduct customer satisfaction surveys post-intervention to measure the perceived effectiveness of the support provided.","The original user story was clear but lacked measurable criteria and specific targets. The improved version enhances clarity by specifying quantifiable acceptance criteria and a structured test outline, ensuring a focus on business impact and effectiveness.","it (ISO 29148)
that (ISO 29148)
be able to (NASA ARM)
timely (NASA ARM)
can (NASA ARM)",5,5,0.0,4,4,0.0,5,5,0.0,4,5,1.0,5,5,0.0,4,5,1.0,5,5,0.0,—
A19US10O1,"As a product manager, I want to leverage the high accuracy of the random forest model, so that I can develop reliable credit risk assessment tools that enhance the bank’s financial stability.","User Story:
As a product manager, I want to utilize the high accuracy of the random forest model to create robust credit risk assessment tools so that I can improve the bank's financial stability and reduce default rates by at least 15%.

Acceptance Criteria:
- The random forest model must achieve an accuracy rate of 95% or higher in predicting credit risk.
- The implementation of the assessment tools should lead to a measurable decrease in default rates by 15% within the first year of deployment.
- User feedback from the risk assessment team should indicate a satisfaction rate of 90% or higher regarding the tool's effectiveness.

Test Outline:
- Validate the accuracy of the random forest model using a test dataset to ensure it meets the 95% accuracy requirement.
- Analyze default rates before and after the implementation of the tools to confirm the 15% reduction.
- Conduct surveys with the risk assessment team to gather feedback on the tool's usability and effectiveness.","The original user story was clear but lacked specific, measurable criteria. The improved version emphasizes quantifiable goals, such as accuracy rates and default rate reductions, while providing a structured approach to testing and validation.","robust (ISO 29148)
it (ISO 29148)
that (ISO 29148)
can (NASA ARM)",4,4,0.0,4,4,0.0,5,5,0.0,4,5,1.0,4,5,1.0,3,5,2.0,4,5,1.0,—
A20US1O1,"As a public health official, I want to use machine learning models to predict individuals at risk of drug abuse based on personality traits and demographics, so that I can implement targeted prevention programs.","User Story:
As a public health official, I want to leverage machine learning models to accurately identify individuals at risk of drug abuse based on their personality traits and demographic data, so that I can implement targeted prevention programs that reduce drug abuse rates by at least 20% within the next year.

Acceptance Criteria:
- The machine learning model must achieve an accuracy rate of 85% or higher in predicting at-risk individuals.
- The model should analyze at least 5 key personality traits and 3 demographic factors to ensure comprehensive risk assessment.
- A pilot prevention program should be launched within 6 months of model deployment, with measurable outcomes tracked over the following year.

Test Outline:
- Validate the model's predictions against a control group to ensure it meets the 85% accuracy requirement.
- Review the model's input data to confirm the inclusion of the specified personality traits and demographic factors.
- Monitor the implementation and outcomes of the pilot prevention program to assess its effectiveness in reducing drug abuse rates.","The original user story was clear but lacked specific measurable criteria and a defined impact. The improved version enhances clarity by specifying the desired accuracy of the model, the factors to be analyzed, and the expected outcomes of the prevention programs, making it more actionable and focused on measurable results.","it (ISO 29148)
that (ISO 29148)
can (NASA ARM)",4,4,0.0,4,4,0.0,5,5,0.0,4,5,1.0,5,5,0.0,4,5,1.0,4,5,1.0,—
A20US2O1,"As a data scientist, I want to apply logistic regression, decision tree, and random forest algorithms to drug consumption data, so that I can identify the most accurate model for predicting drug abuse.","User Story:
As a data scientist, I want to implement logistic regression, decision tree, and random forest algorithms on drug consumption data so that I can determine the most effective predictive model for drug abuse with a minimum accuracy of 85%.

Acceptance Criteria:
- Each algorithm must be evaluated using a consistent dataset, achieving at least 85% accuracy on the validation set.
- The model comparison should include performance metrics such as precision, recall, and F1 score, with results documented for each algorithm.
- A final report must be generated that summarizes the findings and recommends the best model based on the evaluation criteria.

Test Outline:
- Use cross-validation to assess the accuracy of each algorithm and ensure it meets the 85% threshold.
- Analyze the performance metrics for each model and compile the results into a comprehensive report for review.","The original user story was clear but lacked measurable criteria and specific outcomes. The improved version emphasizes the need for quantifiable success metrics, outlines acceptance criteria, and provides a structured test plan to ensure clarity and focus on business relevance.","best (ISO 29148)
most (ISO 29148)
effective (ISO 29148)
it (ISO 29148)
that (ISO 29148)
effective (NASA ARM)
can (NASA ARM)
best (NASA ARM)",4,4,0.0,4,4,0.0,5,5,0.0,4,5,1.0,5,5,0.0,4,5,1.0,4,5,1.0,—
A20US3O1,"As a social worker, I want access to predictive insights on drug abuse risk factors, so that I can provide better support and intervention strategies to at-risk individuals.","User Story:
As a social worker, I want to access predictive analytics on drug abuse risk factors so that I can develop targeted support and intervention strategies for at least 80% of at-risk individuals, ultimately improving their outcomes.

Acceptance Criteria:
- The predictive insights must identify risk factors with at least 90% accuracy based on historical data.
- The system should provide insights within 5 seconds of a query to ensure timely decision-making.
- At least 75% of users should report that the insights significantly enhance their ability to support at-risk individuals.

Test Outline:
- Validate the accuracy of the predictive insights by comparing them against a control group of known cases.
- Measure the response time for generating insights to ensure it meets the 5-second requirement.
- Conduct user surveys to assess the perceived value of the insights in improving intervention strategies.","The original user story was clear but lacked measurable criteria and specific goals. The improved version enhances clarity by specifying quantifiable acceptance criteria and a structured test outline, emphasizing the impact on at-risk individuals.","it (ISO 29148)
that (ISO 29148)
timely (NASA ARM)
can (NASA ARM)",4,4,0.0,4,4,0.0,5,5,0.0,4,5,1.0,4,5,1.0,3,5,2.0,4,5,1.0,—
A20US4O1,"As a policymaker, I want to understand the impact of sensation seeking and environmental factors on drug abuse, so that I can develop effective policies to mitigate these risks.","User Story:
As a policymaker, I want to analyze the influence of sensation-seeking behaviors and environmental factors on drug abuse rates so that I can formulate targeted policies that reduce these risks by at least 20% over the next three years.

Acceptance Criteria:
- Comprehensive data analysis must be conducted to identify correlations between sensation-seeking traits and drug abuse, with a minimum sample size of 1,000 participants.
- Policy recommendations should be based on findings and presented within six months of data collection.
- The effectiveness of implemented policies should be evaluated, aiming for a measurable reduction in drug abuse rates by 20% within three years.

Test Outline:
- Review the data analysis process to ensure it meets the sample size and correlation requirements.
- Monitor the timeline for policy development and ensure recommendations are delivered within the specified timeframe.
- Assess drug abuse rates before and after policy implementation to verify the targeted reduction.","The original user story was clear but lacked measurable criteria and specific timelines. The improved version enhances clarity by specifying quantifiable goals, a structured approach to data analysis, and a timeline for policy development and evaluation.","it (ISO 29148)
that (ISO 29148)
these (ISO 29148)
can (NASA ARM)",3,4,1.0,3,4,1.0,4,5,1.0,3,5,2.0,4,5,1.0,2,5,3.0,3,5,2.0,—
A20US5O1,"As a healthcare provider, I want to identify patients with high risk of drug abuse using predictive models, so that I can offer timely counseling and treatment options.","User Story:
As a healthcare provider, I want to utilize predictive models to identify patients at high risk of drug abuse so that I can proactively offer targeted counseling and appropriate treatment options, ultimately improving patient outcomes.

Acceptance Criteria:
- The predictive model must accurately identify at least 85% of patients who are at high risk of drug abuse based on historical data.
- The implementation of the model should lead to a 20% increase in the number of patients receiving timely counseling within 30 days of identification.
- A follow-up assessment should show a reduction in drug abuse incidents among identified patients by at least 15% within 6 months of intervention.

Test Outline:
- Validate the predictive model's accuracy by comparing its risk assessments against actual patient outcomes over a defined period.
- Track the number of patients receiving counseling and treatment options within the specified timeframe to ensure the 20% increase is achieved.
- Monitor drug abuse incidents among the identified patients to evaluate the effectiveness of the interventions over the 6-month period.","The original user story was clear but lacked measurable criteria and specific outcomes. The improved version enhances clarity by specifying quantifiable acceptance criteria and a structured test outline, emphasizing the impact on patient care.","that (ISO 29148)
appropriate (ISO 29148)
timely (NASA ARM)
can (NASA ARM)",4,4,0.0,4,4,0.0,5,5,0.0,4,5,1.0,5,5,0.0,4,5,1.0,4,5,1.0,—
A20US6O1,"As a researcher, I want to analyze the influence of the Big Five personality traits on drug abuse, so that I can contribute to the academic understanding of addiction behaviors.","User Story:
As a researcher, I want to conduct a comprehensive analysis of how the Big Five personality traits impact drug abuse behaviors so that I can enhance the academic community's understanding of addiction and inform potential intervention strategies.

Acceptance Criteria:
- The study must include a sample size of at least 500 participants to ensure statistical significance.
- The analysis should identify correlations with a confidence level of 95% or higher for the findings.
- A detailed report summarizing the results and implications must be completed and submitted to a peer-reviewed journal within 6 months of data collection.

Test Outline:
- Verify the sample size and demographic diversity of participants to ensure representativeness.
- Review the statistical methods used to confirm that they meet the required confidence levels.
- Check the submission status of the report to ensure it adheres to the 6-month timeline.","The original user story was clear but lacked specific measurable criteria and a structured approach. The improved version enhances clarity by specifying the research context, measurable acceptance criteria, and a test outline to ensure the research's validity and impact.","it (ISO 29148)
that (ISO 29148)
can (NASA ARM)",3,4,1.0,2,4,2.0,4,5,1.0,2,5,3.0,3,5,2.0,2,5,3.0,3,5,2.0,—
A20US7O1,"As a machine learning engineer, I want to integrate random forest models into our drug abuse prediction system, so that we can achieve higher accuracy and reliability in our predictions.","User Story:
As a machine learning engineer, I want to integrate random forest models into our drug abuse prediction system so that we can improve prediction accuracy to at least 85% and enhance reliability by reducing false positives by 20%.

Acceptance Criteria:
- The random forest model must achieve a minimum accuracy of 85% on the validation dataset.
- The integration should reduce the false positive rate by at least 20% compared to the current model.
- The system must process predictions within 1 second for real-time analysis.

Test Outline:
- Evaluate the model's accuracy using a comprehensive validation dataset and compare it to the existing model's performance.
- Measure the false positive rate before and after integration to confirm the 20% reduction.
- Test the prediction speed to ensure it meets the 1-second requirement under various load conditions.","The original user story was clear but lacked specific, measurable criteria for success. The improved version provides explicit performance metrics, enhancing clarity and focus on business value while ensuring the story adheres to the INVEST principles.","it (ISO 29148)
that (ISO 29148)
can (NASA ARM)",4,4,0.0,4,4,0.0,5,5,0.0,4,5,1.0,4,5,1.0,3,5,2.0,4,5,1.0,—
A20US8O1,"As a nonprofit organization leader, I want to leverage predictive analytics to identify communities vulnerable to drug abuse, so that we can allocate resources effectively for prevention efforts.","User Story:
As a nonprofit organization leader, I want to utilize predictive analytics to pinpoint communities at high risk for drug abuse so that we can strategically allocate resources and enhance our prevention initiatives.

Acceptance Criteria:
- Predictive models must identify at least 80% of communities with a high likelihood of drug abuse based on historical data.
- Resource allocation plans should be developed for at least 5 identified communities within 3 months of analysis completion.
- The effectiveness of allocated resources should be evaluated, aiming for a 20% reduction in drug abuse incidents in targeted communities within one year.

Test Outline:
- Validate the accuracy of predictive models by comparing identified communities against actual drug abuse statistics over the past year.
- Review the resource allocation plans to ensure they are implemented within the specified timeframe and assess their impact on drug abuse rates.","The original user story was clear but lacked measurable criteria and specific timelines. The improved version enhances clarity by specifying the expected outcomes, measurable acceptance criteria, and a structured test outline to ensure accountability and effectiveness.","that (ISO 29148)
can (NASA ARM)",5,4,-1.0,4,4,0.0,5,5,0.0,4,5,1.0,5,5,0.0,4,5,1.0,5,5,0.0,—
A20US9O1,"As a mental health counselor, I want to utilize prediction models that consider both personal and environmental factors, so that I can tailor my interventions to address the root causes of drug abuse.","User Story:
As a mental health counselor, I want to implement advanced prediction models that analyze both individual and environmental factors so that I can customize my interventions to effectively target the underlying causes of drug abuse.

Acceptance Criteria:
- The prediction models must incorporate at least 5 key personal and environmental factors to ensure comprehensive analysis.
- The accuracy of the predictions should be validated with a success rate of 80% or higher in identifying at-risk individuals.
- Interventions based on these models should demonstrate a reduction in drug abuse incidents by at least 20% within 6 months of implementation.

Test Outline:
- Evaluate the prediction models by comparing their outputs against historical data to assess accuracy.
- Monitor the effectiveness of tailored interventions through follow-up assessments with clients over a 6-month period.","The original user story was clear but lacked specificity and measurable criteria. The improved version enhances clarity by detailing the factors involved, establishing quantifiable acceptance criteria, and providing a structured test outline to ensure the effectiveness of the prediction models.","that (ISO 29148)
these (ISO 29148)
can (NASA ARM)",4,4,0.0,4,4,0.0,5,5,0.0,4,5,1.0,4,5,1.0,3,5,2.0,4,5,1.0,—
A20US10O1,"As a education administrator, I want to understand how demographic information influences drug abuse rates, so that I can develop educational programs that address these specific risk factors.","User Story:
As a education administrator, I want to analyze the correlation between demographic information and drug abuse rates so that I can design targeted educational programs that effectively address identified risk factors.

Acceptance Criteria:
- A comprehensive report must be generated that includes demographic data analysis and its impact on drug abuse rates, with findings presented within 4 weeks.
- The report should identify at least 3 key demographic factors that significantly influence drug abuse rates.
- Educational programs developed as a result of this analysis should aim to reduce drug abuse rates by at least 15% within the first year of implementation.

Test Outline:
- Review the generated report for completeness and accuracy of the demographic analysis.
- Monitor the effectiveness of the educational programs through pre- and post-implementation surveys to measure changes in drug abuse rates.","The original user story was clear but lacked measurable criteria and specificity. The improved version enhances clarity by specifying the analysis process, measurable outcomes, and a structured approach to testing the effectiveness of the educational programs.","this (ISO 29148)
that (ISO 29148)
can (NASA ARM)",4,4,0.0,4,4,0.0,5,5,0.0,4,5,1.0,4,5,1.0,3,5,2.0,4,5,1.0,—
A21US1O1,"As an online marketplace manager, I want to analyze racial and gender biases in worker evaluations on TaskRabbit and Fiverr, so that I can implement policies to promote fair employment practices.","User Story:
As an online marketplace manager, I want to conduct a comprehensive analysis of racial and gender biases in worker evaluations on platforms like TaskRabbit and Fiverr so that I can develop and implement data-driven policies that promote equitable employment practices across our marketplace.

Acceptance Criteria:
- The analysis must include data from at least 1,000 worker evaluations to ensure statistical significance.
- Findings should identify at least three specific areas of bias, with a detailed report generated within 30 days of data collection.
- Policies developed as a result of the analysis should aim to reduce identified biases by at least 25% within the first year of implementation.

Test Outline:
- Review the data collection process to ensure it captures a representative sample of evaluations.
- Validate the analysis results by comparing them against industry benchmarks for bias in worker evaluations.","The original user story was clear but lacked measurable criteria and specificity regarding the analysis process and expected outcomes. The improved version enhances clarity, specifies quantifiable acceptance criteria, and outlines a structured test plan to ensure the effectiveness of the policies.","it (ISO 29148)
that (ISO 29148)
can (NASA ARM)",4,4,0.0,4,4,0.0,5,4,-1.0,4,5,1.0,4,5,1.0,3,5,2.0,4,4,0.0,—
A21US2O1,"As a freelancer, I want assurance that my gender and race do not negatively impact my customer reviews and search rankings, so that I have equal opportunities to succeed on the platform.","User Story:
As a freelancer, I want to ensure that my gender and race do not adversely affect my customer reviews and search rankings so that I can have equal opportunities for success on the platform and maintain a fair competitive environment.

Acceptance Criteria:
- The platform must implement an algorithm that guarantees at least 95% of freelancers receive unbiased reviews, regardless of gender or race.
- Search rankings should be evaluated quarterly to confirm that no demographic factors influence the visibility of freelancers, with a target of ≤5% variance in ranking for diverse profiles.
- User surveys should reflect a satisfaction rate of 90% or higher regarding perceived fairness in reviews and search results.

Test Outline:
- Analyze review data to assess the correlation between demographic factors and review scores, ensuring compliance with the 95% unbiased target.
- Review search ranking data quarterly to verify that demographic factors do not significantly impact visibility.
- Conduct user surveys to gather feedback on perceived fairness and equality in the platform's review and ranking processes.","The original user story was clear but lacked measurable criteria and specific acceptance metrics. The improved version emphasizes the importance of fairness, provides quantifiable acceptance criteria, and outlines a structured testing approach to ensure accountability and transparency.","that (ISO 29148)
can (NASA ARM)",3,4,1.0,3,4,1.0,4,5,1.0,3,5,2.0,3,5,2.0,2,5,3.0,3,5,2.0,—
A21US3O1,"As a data scientist, I want to examine the correlation between worker demographics and customer ratings, so that I can identify and address potential biases in the evaluation system.","User Story:
As a data scientist, I want to analyze the correlation between worker demographics and customer ratings so that I can identify and mitigate potential biases in the evaluation system, ultimately improving fairness and accuracy in performance assessments.

Acceptance Criteria:
- The analysis must quantify the correlation coefficient, aiming for a minimum of 0.5 to indicate a significant relationship.
- A report detailing findings and recommendations should be generated within 5 business days of data collection.
- At least 80% of stakeholders should express confidence in the revised evaluation system based on the analysis results.

Test Outline:
- Use statistical software to calculate the correlation coefficient and validate the findings against historical data.
- Distribute the report to stakeholders and conduct a survey to measure their confidence in the evaluation system post-analysis.","The original user story was clear but lacked measurable criteria and specific outcomes. The improved version enhances clarity by specifying the desired correlation strength, the timeline for reporting, and stakeholder confidence metrics, thus strengthening the overall INVEST dimensions.","that (ISO 29148)
significant (ISO 29148)
can (NASA ARM)",4,4,0.0,4,4,0.0,5,5,0.0,4,5,1.0,4,5,1.0,3,5,2.0,4,5,1.0,—
A21US4O1,"As a policy maker, I want to understand the extent of discrimination in online freelancing marketplaces, so that I can develop regulations to ensure equitable treatment of all workers.","User Story:
As a policy maker, I want to analyze the prevalence and types of discrimination in online freelancing marketplaces so that I can formulate data-driven regulations that promote fair treatment for all workers.

Acceptance Criteria:
- A comprehensive report must be generated that includes at least 5 key metrics on discrimination rates across different demographics within 3 months.
- The analysis should include data from at least 3 major freelancing platforms to ensure a broad understanding of the issue.
- Stakeholder feedback should indicate that 80% of participants find the findings relevant and actionable for policy development.

Test Outline:
- Review the generated report for completeness and accuracy against the established metrics.
- Conduct interviews or surveys with stakeholders to assess the perceived relevance and utility of the findings.","The original user story was clear but lacked specificity and measurable criteria. The improved version enhances clarity by specifying the analysis goals, establishing quantifiable acceptance criteria, and outlining a structured test plan to ensure the effectiveness of the regulations.","that (ISO 29148)
all (ISO 29148)
can (NASA ARM)",4,4,0.0,3,4,1.0,4,5,1.0,3,5,2.0,4,5,1.0,2,5,3.0,3,5,2.0,—
A21US5O1,"As a diversity and inclusion officer, I want tools to monitor and mitigate bias in worker evaluations, so that the platform fosters an inclusive and fair environment for all users.","User Story:
As a diversity and inclusion officer, I want to implement tools that effectively monitor and reduce bias in employee evaluations so that the platform promotes a fair and inclusive environment for all users, leading to improved employee satisfaction and retention.

Acceptance Criteria:
- The bias monitoring tools must analyze at least 95% of evaluations for potential bias indicators.
- The system should provide actionable insights to mitigate bias in evaluations within 24 hours of analysis.
- User feedback should reflect a 90% satisfaction rate regarding the perceived fairness of the evaluation process after the tools are implemented.

Test Outline:
- Review a sample of evaluations before and after the implementation of the tools to assess the reduction in bias indicators.
- Conduct surveys with users to measure their satisfaction with the evaluation process and the perceived effectiveness of the bias mitigation tools.","The original user story was clear but lacked specific, measurable criteria. The improved version enhances clarity by specifying the desired outcomes, measurable acceptance criteria, and a structured test outline to ensure the tools' effectiveness in promoting diversity and inclusion.","that (ISO 29148)
improved (ISO 29148)
all (ISO 29148)
improved (NASA ARM)",4,4,0.0,4,4,0.0,5,5,0.0,4,5,1.0,4,5,1.0,3,5,2.0,4,5,1.0,—
A21US6O1,"As a customer support manager, I want to train support staff to recognize and address biased customer reviews, so that workers are treated fairly and discrimination is minimized.","User Story:
As a customer support manager, I want to implement a training program for support staff to effectively identify and respond to biased customer reviews so that we can ensure fair treatment of all workers and reduce instances of discrimination by at least 30% within the next quarter.

Acceptance Criteria:
- At least 90% of support staff must complete the training program within 4 weeks.
- Post-training assessments should show a minimum of 80% proficiency in recognizing biased reviews.
- Customer feedback should indicate a 25% improvement in perceived fairness in support interactions within 3 months of training completion.

Test Outline:
- Track the completion rates of the training program and assess staff proficiency through quizzes and role-playing scenarios.
- Conduct surveys before and after the training to measure changes in customer perceptions regarding fairness.","The original user story was clear but lacked measurable criteria and specific goals. The improved version enhances clarity by specifying quantifiable acceptance criteria and a structured test outline, focusing on the impact of the training program.","that (ISO 29148)
all (ISO 29148)
can (NASA ARM)",4,4,0.0,4,4,0.0,5,5,0.0,4,5,1.0,4,5,1.0,3,5,2.0,4,5,1.0,—
A21US7O1,"As a user experience designer, I want to redesign search ranking algorithms to reduce bias based on gender and race, so that all workers have an equal chance of being discovered by clients.","User Story:
As a user experience designer, I want to revamp the search ranking algorithms to minimize bias related to gender and race, ensuring that all workers have an equitable opportunity to be discovered by clients.

Acceptance Criteria:
- The redesigned algorithms must demonstrate a reduction in bias, achieving at least a 30% improvement in fairness metrics as measured by diverse user testing.
- The system should ensure that search results reflect a balanced representation of all demographics, with no group being favored more than 5% over others.
- User feedback should indicate a satisfaction rate of 90% or higher regarding the perceived fairness of search results post-implementation.

Test Outline:
- Analyze the search results before and after the algorithm changes using statistical methods to measure bias reduction.
- Conduct user surveys to gather feedback on the perceived fairness and effectiveness of the new search ranking system.","The original user story was clear but could benefit from more specificity and measurable criteria. The improved version clarifies the goals, provides explicit acceptance criteria, and outlines a structured testing approach to ensure the effectiveness of the redesign.","that (ISO 29148)
all (ISO 29148)
more (NASA ARM)",4,4,0.0,4,4,0.0,5,4,-1.0,4,5,1.0,4,5,1.0,3,5,2.0,4,4,0.0,—
A21US8O1,"As an anti-discrimination advocate, I want to highlight findings of bias in online freelance marketplaces, so that awareness is raised and corrective actions are encouraged.","User Story:
As an anti-discrimination advocate, I want to present documented findings of bias in online freelance marketplaces so that stakeholders can raise awareness and implement corrective actions to promote equity.

Acceptance Criteria:
- At least 3 comprehensive reports highlighting specific instances of bias must be published within the next quarter.
- The findings should be shared with a minimum of 5 key stakeholders in the freelance industry to ensure broad awareness.
- A follow-up survey should be conducted to measure a 70% increase in awareness of bias issues among stakeholders within 6 months of report publication.

Test Outline:
- Review the published reports to ensure they meet the criteria for comprehensiveness and clarity.
- Track the distribution of findings to confirm that they reach the targeted stakeholders.
- Analyze survey results to assess the increase in awareness post-publication.","The original user story was clear but lacked measurable criteria and specific actions. The improved version enhances clarity by specifying the number of reports, target stakeholders, and measurable outcomes, thus strengthening the overall impact and accountability.","that (ISO 29148)
can (NASA ARM)",4,4,0.0,4,4,0.0,5,4,-1.0,4,5,1.0,4,5,1.0,3,5,2.0,4,4,0.0,—
A21US9O1,"As an academic researcher, I want access to anonymized worker and review data from TaskRabbit and Fiverr, so that I can conduct studies on discrimination in digital economies.","User Story:
As an academic researcher, I want to obtain access to anonymized worker and review data from platforms like TaskRabbit and Fiverr so that I can conduct comprehensive studies on discrimination patterns in digital economies, contributing to policy recommendations.

Acceptance Criteria:
- Access to anonymized data sets must be granted within 30 days of the request submission.
- The data should include at least 10,000 worker profiles and corresponding reviews to ensure statistical significance.
- The data access must comply with ethical guidelines and privacy regulations, verified by an institutional review board (IRB).

Test Outline:
- Track the time taken from request submission to data access to ensure it meets the 30-day requirement.
- Analyze the data set for completeness and relevance to confirm it includes the required number of profiles and reviews.
- Review the compliance documentation to ensure adherence to ethical standards.","The original user story was clear but lacked measurable criteria and specific details regarding the data access process. The improved version enhances clarity by specifying the timeline, data requirements, and compliance standards, making it more actionable and aligned with research goals.","it (ISO 29148)
that (ISO 29148)
can (NASA ARM)",4,4,0.0,4,4,0.0,5,4,-1.0,4,5,1.0,4,5,1.0,3,5,2.0,4,4,0.0,—
A21US10O1,"As an HR manager for a freelancing platform, I want to implement bias detection and correction mechanisms in worker evaluations, so that our platform supports equal opportunity and fairness for all users.","User Story:
As an HR manager for a freelancing platform, I want to implement bias detection and correction mechanisms in worker evaluations so that we can ensure a fair and equitable assessment process for all freelancers, promoting equal opportunity across our platform.

Acceptance Criteria:
- The bias detection system must analyze at least 95% of worker evaluations to identify potential biases within 3 seconds of submission.
- The correction mechanisms should reduce identified biases by at least 70% in subsequent evaluations.
- User feedback should reflect a satisfaction rate of 90% or higher regarding the perceived fairness of the evaluation process after implementation.

Test Outline:
- Conduct a series of evaluations to measure the effectiveness of the bias detection system in identifying biases.
- Analyze the results of evaluations before and after implementing correction mechanisms to quantify the reduction in bias.
- Survey users to gather feedback on their perceptions of fairness in the evaluation process post-implementation.","The original user story was well-structured but needed more specificity in terms of measurable criteria and outcomes. The improved version clarifies the goals, provides explicit acceptance criteria, and outlines a test plan to ensure the effectiveness of the bias detection and correction mechanisms.","that (ISO 29148)
all (ISO 29148)
can (NASA ARM)",4,4,0.0,4,4,0.0,5,4,-1.0,4,5,1.0,4,5,1.0,3,5,2.0,4,4,0.0,—
A22US1O1,"As a client on an online marketplace, I want a multidimensional assessment framework to evaluate freelancers, so that I can make more informed hiring decisions beyond biased ratings.","User Story:
As a client on an online marketplace, I want a comprehensive assessment framework to evaluate freelancers based on multiple criteria, so that I can make informed hiring decisions that minimize bias and enhance the quality of my selections.

Acceptance Criteria:
- The framework must include at least 5 distinct evaluation dimensions, such as skills, experience, communication, reliability, and client feedback.
- Each freelancer should receive a score on a scale of 1 to 10 for each dimension, with an overall rating calculated from these scores.
- The system should allow clients to filter and sort freelancers based on their scores in each dimension, with at least 80% of users reporting improved decision-making satisfaction.

Test Outline:
- Review the framework to ensure it includes the required evaluation dimensions and scoring system.
- Conduct user testing to gather feedback on the filtering and sorting functionalities, measuring user satisfaction with the decision-making process.","The original user story was clear but lacked measurable criteria and specific details about the framework. The improved version enhances clarity by specifying the dimensions of evaluation, quantifiable acceptance criteria, and a structured test outline to ensure the framework's effectiveness.","it (ISO 29148)
that (ISO 29148)
these (ISO 29148)
improved (ISO 29148)
can (NASA ARM)
improved (NASA ARM)",4,4,0.0,4,4,0.0,5,5,0.0,4,5,1.0,4,5,1.0,3,5,2.0,4,5,1.0,—
A22US2O1,"As a freelance worker, I want my past job performances to be considered in my evaluations, so that my true abilities and work quality are accurately reflected to potential clients.","User Story:
As a freelance worker, I want my previous job performances to be factored into my evaluations so that my skills and the quality of my work are accurately represented to potential clients, increasing my chances of securing future projects.

Acceptance Criteria:
- Evaluations must incorporate at least 3 metrics from past job performances, such as client feedback scores, project completion rates, and on-time delivery percentages.
- The evaluation process should reflect a minimum of 80% of my past job performances in the final assessment.
- Clients should report a 90% satisfaction rate with the accuracy of the evaluations based on my historical performance data.

Test Outline:
- Review a sample of evaluations to ensure they include the specified metrics and reflect the required percentage of past performances.
- Conduct surveys with clients to gather feedback on their satisfaction with the evaluation accuracy.","The original user story was clear but lacked measurable criteria and specific details. The improved version enhances clarity by specifying how past performances will be evaluated, includes quantifiable acceptance criteria, and outlines a structured test plan to verify the effectiveness of the evaluations.",that (ISO 29148),4,4,0.0,4,4,0.0,5,5,0.0,4,5,1.0,4,5,1.0,3,5,2.0,4,5,1.0,—
A22US3O1,"As a platform manager, I want to implement a comprehensive assessment system, so that the hiring process becomes more efficient and trustworthy for both clients and freelancers.","User Story:
As a platform manager, I want to establish a robust assessment system for candidates so that the hiring process is streamlined, resulting in a 30% reduction in time-to-hire and a 20% increase in client satisfaction regarding candidate quality.

Acceptance Criteria:
- The assessment system must evaluate candidates on at least 5 key competencies relevant to their roles.
- At least 85% of clients should report improved confidence in candidate selection after the implementation of the assessment system.
- The average time to complete assessments should not exceed 15 minutes per candidate.

Test Outline:
- Analyze the time-to-hire metrics before and after the implementation to confirm a 30% reduction.
- Conduct client surveys to measure satisfaction levels with candidate quality before and after the assessment system is in place.
- Monitor the average time taken by candidates to complete the assessments to ensure it meets the 15-minute criterion.","The original user story was clear but lacked measurable criteria and specific benefits. The improved version enhances clarity by specifying quantifiable goals, acceptance criteria, and a structured test outline to ensure the effectiveness of the assessment system.","robust (ISO 29148)
it (ISO 29148)
that (ISO 29148)
improved (ISO 29148)
improved (NASA ARM)",2,4,2.0,2,4,2.0,4,5,1.0,2,5,3.0,3,5,2.0,2,5,3.0,3,5,2.0,—
A22US4O1,"As a data scientist, I want to analyze large datasets of job applications and outcomes, so that I can refine the multidimensional assessment framework to better predict freelancer performance.","User Story:
As a data scientist, I want to analyze extensive datasets of job applications and their outcomes so that I can enhance the multidimensional assessment framework, leading to a 20% improvement in the accuracy of predicting freelancer performance.

Acceptance Criteria:
- The analysis must be completed within 5 days, providing actionable insights for framework refinement.
- The enhanced assessment framework should demonstrate at least a 20% increase in predictive accuracy when tested against historical data.
- User feedback from stakeholders should reflect a satisfaction rate of 90% or higher regarding the effectiveness of the new framework.

Test Outline:
- Track the time taken to analyze the datasets and ensure it meets the 5-day requirement.
- Validate the predictive accuracy of the refined framework using a sample of historical data to confirm the 20% improvement.
- Conduct surveys with stakeholders to gather feedback on the new framework's effectiveness.","The original user story was clear but lacked measurable criteria and specific goals. The improved version emphasizes quantifiable outcomes, such as the 20% improvement in accuracy, and provides structured acceptance criteria and a test outline to ensure clarity and focus on business value.","it (ISO 29148)
that (ISO 29148)
can (NASA ARM)",4,4,0.0,4,4,0.0,5,5,0.0,4,5,1.0,4,5,1.0,3,5,2.0,4,5,1.0,—
A22US5O1,"As a hiring manager, I want detailed insights into multiple dimensions of a freelancer’s capabilities, so that I can select the most suitable candidate for each specific job requirement.","User Story:
As a hiring manager, I want to access comprehensive insights into various dimensions of a freelancer’s skills and experience so that I can make informed decisions and select the best candidate for each specific job requirement.

Acceptance Criteria:
- The insights must cover at least 5 key dimensions, such as technical skills, past project success rates, client feedback scores, availability, and communication skills.
- Each dimension should be quantifiable, with metrics provided (e.g., success rates ≥ 80%, average client feedback score ≥ 4.5 out of 5).
- The insights should be generated within 3 seconds of the request to ensure timely decision-making.

Test Outline:
- Review the generated insights for a sample of freelancers to ensure all 5 dimensions are covered and metrics are accurate.
- Measure the time taken to retrieve insights to confirm it meets the 3-second requirement.","The original user story was clear but lacked specific measurable criteria and a structured approach. The improved version enhances clarity by specifying the dimensions of insights, quantifiable metrics, and a test outline to ensure the functionality meets business needs.","best (ISO 29148)
it (ISO 29148)
that (ISO 29148)
all (ISO 29148)
timely (NASA ARM)
can (NASA ARM)
best (NASA ARM)",4,4,0.0,4,4,0.0,5,5,0.0,4,5,1.0,4,5,1.0,3,5,2.0,4,5,1.0,—
A22US6O1,"As a quality assurance specialist, I want the assessment framework to outperform baseline algorithms, so that I can ensure the platform consistently provides high-quality freelancer evaluations.","User Story:
As a quality assurance specialist, I want the assessment framework to exceed the performance of baseline algorithms by at least 15% in accuracy and reliability, so that I can guarantee that the platform consistently delivers high-quality evaluations of freelancers.

Acceptance Criteria:
- The assessment framework must demonstrate a minimum of 85% accuracy in evaluations, surpassing the baseline algorithms by at least 15%.
- The framework should process evaluations within 3 seconds to maintain user engagement and efficiency.
- User feedback should reflect a satisfaction rate of 90% or higher regarding the quality of freelancer evaluations.

Test Outline:
- Compare the accuracy of the new assessment framework against baseline algorithms using a standardized set of evaluation data.
- Measure the processing time for evaluations to ensure it meets the 3-second requirement.
- Conduct user surveys to gather feedback on the perceived quality of evaluations.","The original user story was clear but lacked specific measurable criteria. The improved version enhances clarity by defining explicit performance metrics, acceptance criteria, and a structured testing approach to ensure the framework's effectiveness.","it (ISO 29148)
that (ISO 29148)
can (NASA ARM)",3,4,1.0,2,4,2.0,4,5,1.0,2,5,3.0,3,5,2.0,2,5,3.0,3,5,2.0,—
A22US7O1,"As a freelancer, I want a fair and transparent evaluation system, so that my chances of being hired are based on my actual skills and past performance rather than inflated ratings.","User Story:
As a freelancer, I want a fair and transparent evaluation system that accurately reflects my skills and past performance so that my likelihood of being hired is based on objective criteria rather than inflated ratings.

Acceptance Criteria:
- The evaluation system must incorporate at least 5 measurable performance metrics, such as project completion rate, client feedback scores, and timely delivery percentages.
- At least 90% of users should report that the evaluation system accurately represents their skills and experiences in a user satisfaction survey.
- The system should update ratings in real-time, ensuring that changes in performance are reflected within 24 hours.

Test Outline:
- Analyze the evaluation metrics to ensure they are being applied consistently across all freelancers.
- Conduct user surveys to gather feedback on the perceived fairness and transparency of the evaluation system.","The original user story was clear but lacked specific, measurable criteria. The improved version enhances clarity by specifying measurable acceptance criteria and a structured test outline, ensuring that the evaluation system's effectiveness can be objectively assessed.","that (ISO 29148)
all (ISO 29148)
timely (NASA ARM)",3,4,1.0,3,4,1.0,4,5,1.0,3,5,2.0,3,5,2.0,2,5,3.0,3,5,2.0,—
A22US8O1,"As a marketing manager for the platform, I want to promote the new assessment framework, so that we can attract both high-quality freelancers and discerning clients seeking reliable hiring tools.","User Story:
As a marketing manager for the platform, I want to effectively promote the new assessment framework so that we can increase our user base by 30% within the next quarter, attracting high-quality freelancers and discerning clients seeking reliable hiring tools.

Acceptance Criteria:
- The marketing campaign must reach at least 50,000 potential users through targeted channels.
- We should achieve a conversion rate of at least 10% from the campaign, resulting in a minimum of 5,000 new sign-ups.
- User feedback should indicate that at least 80% of new clients find the assessment framework valuable for their hiring needs.

Test Outline:
- Track the reach and engagement metrics of the marketing campaign across various platforms to ensure it meets the target audience.
- Analyze the conversion rates from the campaign to verify the effectiveness of the promotional strategies.
- Conduct surveys with new clients to assess their satisfaction with the assessment framework.","The original user story was clear but lacked measurable criteria and specific goals. The improved version adds quantifiable targets for user growth, campaign reach, and client satisfaction, enhancing clarity and focus on business outcomes.","reliable (ISO 29148)
it (ISO 29148)
that (ISO 29148)
can (NASA ARM)",4,4,0.0,4,4,0.0,5,5,0.0,4,5,1.0,4,5,1.0,3,5,2.0,4,5,1.0,—
A22US9O1,"As a user experience designer, I want to create an intuitive interface for the assessment framework, so that clients can easily understand and utilize the multidimensional evaluations during their hiring process.","User Story:
As a user experience designer, I want to develop a user-friendly interface for the assessment framework so that clients can effortlessly navigate and utilize the multidimensional evaluations, enhancing their hiring process efficiency.

Acceptance Criteria:
- The interface must achieve a usability score of at least 85% in user testing sessions.
- Clients should be able to complete the evaluation process within 5 minutes, with a minimum of 90% reporting ease of use.
- Documentation and tooltips should be available for all features, with at least 95% of users finding them helpful.

Test Outline:
- Conduct usability testing with a diverse group of clients to measure the usability score and gather feedback on the interface.
- Time the evaluation process for multiple users to ensure it meets the 5-minute requirement.
- Survey users post-interaction to assess the helpfulness of documentation and tooltips.","The original user story was clear but lacked measurable criteria and specific acceptance metrics. The improved version enhances clarity by specifying usability goals, time efficiency, and user feedback, making it more actionable and focused on business outcomes.","it (ISO 29148)
that (ISO 29148)
all (ISO 29148)
be able to (NASA ARM)
can (NASA ARM)",3,4,1.0,3,4,1.0,4,5,1.0,3,5,2.0,3,5,2.0,2,5,3.0,3,5,2.0,—
A22US10O1,"As an academic researcher, I want access to the assessment framework’s evaluation data, so that I can study its effectiveness in improving hiring outcomes in online labor marketplaces.","User Story:
As an academic researcher, I want to access the evaluation data from the assessment framework so that I can analyze its effectiveness in enhancing hiring outcomes in online labor marketplaces, contributing to evidence-based improvements.

Acceptance Criteria:
- The evaluation data must be available for at least 90% of assessments conducted within the last year.
- Data should be provided in a standardized format that allows for easy analysis, such as CSV or JSON.
- Researchers should receive access to the data within 5 business days of the request.

Test Outline:
- Verify the availability of evaluation data by checking the completeness of records for the past year.
- Test the data format by attempting to import it into common analysis software to ensure compatibility.
- Track the response time for data access requests to confirm it meets the 5-day requirement.","The original user story was clear but lacked measurable criteria and specificity regarding the data access process. The improved version enhances clarity by specifying the criteria for data availability, format, and response time, making it more actionable and aligned with the INVEST principles.","easy (ISO 29148)
it (ISO 29148)
that (ISO 29148)
can (NASA ARM)",4,4,0.0,4,4,0.0,5,4,-1.0,4,5,1.0,4,5,1.0,3,5,2.0,4,4,0.0,—
A23US1O1,"As a web user, I want to understand how different search engines prioritize content, so that I can make informed decisions about which results to trust and explore.","User Story:
As a web user, I want to gain insights into how various search engines rank and prioritize content so that I can make informed decisions about the credibility and relevance of the search results I choose to explore.

Acceptance Criteria:
- The system should provide a detailed comparison of at least 3 major search engines, highlighting their ranking algorithms and criteria.
- Users should be able to access this information within 3 clicks from the homepage.
- At least 80% of users should report feeling more confident in evaluating search results after reviewing the provided insights.

Test Outline:
- Review the content provided for clarity and comprehensiveness against the specified search engines.
- Conduct user surveys to measure confidence levels before and after accessing the information.","The original user story was clear but lacked measurable criteria and specific acceptance metrics. The improved version enhances clarity, specifies the capability, and includes quantifiable acceptance criteria and a structured test outline to ensure the value is explicit.","this (ISO 29148)
that (ISO 29148)
be able to (NASA ARM)
can (NASA ARM)
more (NASA ARM)",2,4,2.0,2,4,2.0,4,5,1.0,2,5,3.0,4,5,1.0,2,5,3.0,3,5,2.0,—
A23US2O1,"As a transparency advocate, I want to use the PAWS platform to analyze search engine biases, so that I can promote fair and unbiased access to web information.","User Story:
As a transparency advocate, I want to utilize the PAWS platform to conduct a comprehensive analysis of search engine biases so that I can effectively promote equitable and unbiased access to web information for all users.

Acceptance Criteria:
- The PAWS platform must provide at least 5 distinct metrics for analyzing search engine biases, such as result diversity and ranking fairness.
- Users should be able to generate reports on search engine biases within 10 minutes of initiating the analysis.
- At least 80% of users should report an increase in understanding of search engine biases after using the platform.

Test Outline:
- Verify the availability and accuracy of the 5 metrics by conducting sample analyses on various search engines.
- Measure the time taken to generate reports and ensure it meets the 10-minute requirement.
- Conduct user surveys to assess the perceived increase in understanding of biases after using the platform.","The original user story was clear but lacked measurable criteria and specific details. The improved version enhances clarity by specifying the metrics for analysis, the time frame for report generation, and user feedback expectations, thus strengthening the overall structure.","it (ISO 29148)
that (ISO 29148)
all (ISO 29148)
be able to (NASA ARM)
can (NASA ARM)",4,4,0.0,4,4,0.0,5,5,0.0,4,5,1.0,4,5,1.0,3,5,2.0,4,5,1.0,—
A23US3O1,"As a data scientist, I want to leverage PAWS to measure content emphasis across search engines, so that I can study the correlation between search rankings and content features.","User Story:
As a data scientist, I want to utilize the PAWS tool to quantitatively measure content emphasis across various search engines so that I can analyze the correlation between search rankings and specific content features, ultimately improving our SEO strategies.

Acceptance Criteria:
- The PAWS tool must provide content emphasis metrics for at least 5 different search engines with a data accuracy of 95% or higher.
- The analysis should reveal correlations with a statistical significance level of p < 0.05 between search rankings and at least 3 identified content features.
- The results of the analysis should be documented in a report that is completed within 2 weeks of data collection.

Test Outline:
- Validate the accuracy of the PAWS tool by comparing its metrics against known benchmarks for content emphasis.
- Perform statistical analysis on the collected data to confirm the significance of the correlations identified.","The original user story was clear but lacked measurable criteria and specific outcomes. The improved version enhances clarity by specifying the tool's capabilities, establishing quantifiable acceptance criteria, and outlining a structured test plan to ensure the analysis is effective and actionable.","that (ISO 29148)
can (NASA ARM)",4,4,0.0,4,4,0.0,5,5,0.0,4,5,1.0,4,5,1.0,3,5,2.0,4,5,1.0,—
A23US4O1,"As a journalist, I want to identify if search engines favor certain news sites or viewpoints, so that I can report on potential biases in information dissemination.","User Story:
As a journalist, I want to analyze search engine algorithms to determine if they favor specific news sites or viewpoints, so that I can provide a comprehensive report on potential biases in information dissemination and promote transparency in media.

Acceptance Criteria:
- Conduct a comparative analysis of at least 10 major news sites to assess their visibility in search results, aiming for a minimum of 80% accuracy in identifying bias.
- The analysis should be completed within 4 weeks, with a detailed report generated that includes data visualizations.
- At least 3 different search engines must be evaluated to ensure a broad understanding of bias across platforms.

Test Outline:
- Use web scraping tools to collect data on search result rankings for the selected news sites and analyze the results for bias.
- Review the generated report for clarity, accuracy, and comprehensiveness, ensuring it meets the specified criteria.","The original user story was clear but lacked measurable criteria and specific timelines. The improved version enhances clarity by specifying the analysis process, measurable acceptance criteria, and a structured test outline to ensure thoroughness and relevance.","it (ISO 29148)
that (ISO 29148)
can (NASA ARM)",4,4,0.0,3,4,1.0,4,5,1.0,3,5,2.0,4,5,1.0,2,5,3.0,3,5,2.0,—
A23US5O1,"As a search engine developer, I want to utilize insights from PAWS, so that I can improve our ranking algorithms to ensure balanced and fair search results.","User Story:
As a search engine developer, I want to leverage insights from the PAWS (Personalized Algorithm for Web Search) system so that I can enhance our ranking algorithms, ensuring that at least 95% of users receive balanced and fair search results tailored to their needs.

Acceptance Criteria:
- The implementation of PAWS insights should lead to a measurable improvement in user satisfaction scores by at least 15% within three months.
- The ranking algorithms must be adjusted to reduce bias in search results, achieving a fairness score of 90% or higher based on user feedback.
- The system should process and integrate PAWS insights into the ranking algorithms within a maximum of 5 seconds per query.

Test Outline:
- Conduct user satisfaction surveys before and after the implementation to quantify the improvement in user experience.
- Analyze search result fairness through A/B testing, comparing user engagement metrics between the old and new algorithms.","The original user story was clear but lacked measurable criteria and specific outcomes. The improved version enhances clarity by specifying quantifiable acceptance criteria and a structured test outline, ensuring a focus on business relevance and user impact.","that (ISO 29148)
can (NASA ARM)",4,4,0.0,4,4,0.0,5,5,0.0,4,5,1.0,4,5,1.0,3,5,2.0,4,5,1.0,—
A23US6O1,"As a policy maker, I want to understand the influence of search engine rankings on public opinion, so that I can develop regulations that promote transparency and fairness.","User Story:
As a policy maker, I want to analyze the impact of search engine rankings on public opinion so that I can create regulations that ensure transparency and fairness in digital information dissemination.

Acceptance Criteria:
- Conduct a comprehensive study that includes at least 500 survey responses to assess public perception of search engine results.
- Identify and report on at least 3 key metrics that demonstrate the correlation between search rankings and public opinion shifts.
- Develop a draft regulation proposal based on findings within 3 months of completing the analysis.

Test Outline:
- Utilize statistical analysis tools to evaluate survey data and measure the relationship between search rankings and public opinion.
- Review the draft regulation proposal with stakeholders to ensure it addresses the identified issues effectively.","The original user story was clear but lacked specificity and measurable criteria. The improved version enhances clarity by specifying the analysis process, quantifying the survey size, and establishing a timeline for the regulation proposal, thus strengthening the overall structure.","it (ISO 29148)
that (ISO 29148)
can (NASA ARM)",2,4,2.0,2,4,2.0,4,5,1.0,2,5,3.0,3,5,2.0,2,5,3.0,3,5,2.0,—
A23US7O1,"As a marketing analyst, I want to determine if search engines prioritize pages with our advertisements, so that I can optimize our advertising strategies accordingly.","User Story:
As a marketing analyst, I want to analyze the impact of our advertisements on search engine rankings so that I can refine our advertising strategies to increase visibility and engagement.

Acceptance Criteria:
- Conduct a comparative analysis of at least 50 search queries to determine the ranking of pages with our advertisements versus those without.
- The analysis should reveal a correlation of at least 70% between advertisement presence and page ranking in search results.
- Provide a report with actionable insights and recommendations within 2 weeks of data collection.

Test Outline:
- Use SEO tools to track and document the rankings of pages with and without advertisements for the selected queries.
- Review the report with stakeholders to validate findings and discuss potential strategy adjustments.","The original user story was clear but lacked measurable criteria and specific outcomes. The improved version enhances clarity by specifying the analysis process, measurable acceptance criteria, and a structured test outline to ensure actionable insights.","that (ISO 29148)
those (ISO 29148)
can (NASA ARM)",4,4,0.0,4,4,0.0,5,5,0.0,4,5,1.0,4,5,1.0,3,5,2.0,4,5,1.0,—
A23US8O1,"As an academic researcher, I want to apply PAWS to various search engines, so that I can conduct comprehensive studies on search engine behavior and content emphasis.","User Story:
As an academic researcher, I want to implement the PAWS methodology across multiple search engines so that I can perform in-depth analyses of search engine behavior and content prioritization, leading to more robust research findings.

Acceptance Criteria:
- The PAWS methodology must be successfully applied to at least 5 different search engines within a 3-month timeframe.
- The study should yield a comprehensive report detailing at least 10 key insights regarding search engine behavior and content emphasis.
- The research findings should be validated by peer review, achieving a publication acceptance rate of 80% or higher.

Test Outline:
- Track the implementation process of PAWS across the selected search engines to ensure adherence to the timeline.
- Analyze the insights generated from the research and prepare them for peer review to confirm the quality and relevance of the findings.","The original user story was clear but lacked measurable criteria and specificity regarding the research process. The improved version enhances clarity by specifying the number of search engines, the expected insights, and the validation process, thus strengthening the overall structure.","robust (ISO 29148)
that (ISO 29148)
can (NASA ARM)
more (NASA ARM)",4,4,0.0,4,4,0.0,5,4,-1.0,4,5,1.0,4,5,1.0,3,5,2.0,4,4,0.0,—
A23US9O1,"As a competitor in the search engine market, I want to analyze how our ranking algorithms compare to others using PAWS, so that I can identify areas for improvement and differentiation.","User Story:
As a competitor in the search engine market, I want to utilize the PAWS tool to conduct a comprehensive analysis of our ranking algorithms compared to industry leaders so that I can pinpoint specific areas for enhancement and establish our unique value proposition.

Acceptance Criteria:
- The analysis must cover at least 5 key performance indicators (KPIs) related to ranking algorithms, such as relevance, speed, and user engagement.
- A report detailing findings and actionable insights should be generated within 2 weeks of initiating the analysis.
- At least 3 distinct areas for improvement and differentiation must be identified based on the comparative analysis.

Test Outline:
- Review the generated report to ensure it includes the required KPIs and actionable insights.
- Validate the identification of improvement areas through stakeholder feedback sessions.","The original user story was clear but lacked specificity and measurable criteria. The improved version enhances clarity by specifying the use of the PAWS tool, defining KPIs, and establishing a timeline for the analysis, which strengthens the overall business relevance.","it (ISO 29148)
that (ISO 29148)
can (NASA ARM)",4,4,0.0,4,4,0.0,5,5,0.0,4,5,1.0,4,5,1.0,3,5,2.0,4,5,1.0,—
A23US10O1,"As a privacy-conscious user, I want to be informed when search engines favor certain points of view or advertisements, so that I can seek a more balanced perspective in my searches.","User Story:
As a privacy-conscious user, I want to receive notifications when search engines prioritize specific viewpoints or advertisements so that I can make informed decisions and seek a more balanced perspective in my search results.

Acceptance Criteria:
- Users must receive a notification for at least 90% of instances where biased content is presented in search results.
- The notification system should be implemented to trigger within 1 second of the search results being displayed.
- User feedback should reflect a satisfaction rate of 80% or higher regarding the clarity and usefulness of the notifications.

Test Outline:
- Analyze search results to identify instances of biased content and verify that notifications are triggered appropriately.
- Measure the response time of the notification system to ensure it meets the 1-second requirement.
- Conduct user surveys to assess the effectiveness and clarity of the notifications.","The original user story was clear but lacked measurable criteria and specific acceptance standards. The improved version enhances clarity by specifying measurable outcomes, ensuring the story is actionable and focused on user value.","it (ISO 29148)
that (ISO 29148)
can (NASA ARM)
more (NASA ARM)",4,4,0.0,4,4,0.0,5,5,0.0,4,5,1.0,4,5,1.0,3,5,2.0,4,5,1.0,—
A24US1O1,"As a researcher, I want automated extraction of my profile from the Web, so that my academic information is accurately represented in the ArnetMiner system.","User Story:
As a researcher, I want the system to automatically extract and update my academic profile from the Web so that my information is accurately represented in the ArnetMiner system, enhancing my visibility and credibility.

Acceptance Criteria:
- The automated extraction process must successfully retrieve and update at least 95% of relevant academic information from specified sources.
- The update should occur within 10 minutes of new information being available online.
- Users should be able to review and confirm the accuracy of the extracted data, with a satisfaction rate of 90% or higher regarding the representation of their profiles.

Test Outline:
- Test the extraction process by comparing the retrieved data against the actual online profiles to ensure a 95% accuracy rate.
- Measure the time taken for updates to occur after new information is published online.
- Conduct user surveys to assess satisfaction with the accuracy and completeness of their profiles.","The original user story was clear but lacked measurable criteria and specific benefits. The improved version enhances clarity by specifying the accuracy and timeliness of the extraction process, along with user satisfaction metrics, making it more actionable and focused on business value.","that (ISO 29148)
be able to (NASA ARM)",4,4,0.0,4,4,0.0,5,5,0.0,4,5,1.0,4,5,1.0,3,5,2.0,4,5,1.0,—
A24US2O1,"As a digital library manager, I want to integrate publication data into the academic network, so that the system provides a comprehensive view of research outputs.","User Story:
As a digital library manager, I want to seamlessly integrate publication data into the academic network so that the system can deliver a comprehensive overview of research outputs, enhancing visibility and accessibility for researchers.

Acceptance Criteria:
- The integration process must successfully import publication data with a 98% accuracy rate.
- The system should update the academic network with new publication data within 5 minutes of submission.
- User engagement metrics should show a 30% increase in access to research outputs within three months of integration.

Test Outline:
- Validate the accuracy of imported publication data by cross-referencing with original sources.
- Measure the time taken for the system to reflect new publication data after submission.
- Analyze user engagement statistics before and after the integration to assess the impact on access to research outputs.","The original user story was clear but lacked measurable criteria and specific outcomes. The improved version enhances clarity by specifying the accuracy of data integration, the timeliness of updates, and expected user engagement metrics, making it more actionable and focused on business value.","that (ISO 29148)
can (NASA ARM)",4,4,0.0,4,4,0.0,5,5,0.0,4,5,1.0,4,5,1.0,3,5,2.0,4,5,1.0,—
A24US3O1,"As a data scientist, I want a probabilistic framework to resolve name ambiguities, so that researcher profiles are accurately matched to their publications.","User Story:
As a data scientist, I want to implement a probabilistic framework for resolving name ambiguities so that I can achieve at least 95% accuracy in matching researcher profiles to their respective publications, thereby enhancing the reliability of our data analysis.

Acceptance Criteria:
- The framework must correctly match researcher profiles to publications with a minimum accuracy rate of 95%.
- The system should process name ambiguity resolutions within 3 seconds for each query.
- User feedback from researchers should indicate a satisfaction rate of 90% or higher regarding the accuracy of the matches.

Test Outline:
- Evaluate the accuracy of the framework by comparing its matches against a validated dataset of researcher-publication pairs.
- Measure the time taken to resolve name ambiguities for a sample set of queries to ensure it meets the 3-second requirement.","The original user story was clear but lacked measurable criteria and specific performance metrics. The improved version enhances clarity by specifying accuracy rates, processing times, and user satisfaction, making it more actionable and aligned with business goals.","it (ISO 29148)
that (ISO 29148)
can (NASA ARM)",4,5,1.0,4,4,0.0,5,5,0.0,4,5,1.0,4,5,1.0,3,5,2.0,4,5,1.0,—
A24US4O1,"As an academic network modeler, I want to simultaneously model topics, authors, and publication venues, so that the system accurately reflects the relationships within the academic community.","User Story:
As an academic network modeler, I want to concurrently model topics, authors, and publication venues so that the system can accurately represent the intricate relationships within the academic community, facilitating better insights and collaboration.

Acceptance Criteria:
- The system must allow for the simultaneous modeling of at least 3 distinct entities (topics, authors, and venues) without performance degradation, maintaining response times under 3 seconds.
- The accuracy of the relationships represented must be validated through user feedback, achieving a satisfaction rate of 90% or higher from academic users.
- The model should be able to handle a minimum of 10,000 records for each entity type while maintaining data integrity.

Test Outline:
- Perform load testing to ensure the system can handle simultaneous modeling of the specified entities within the required response time.
- Conduct user surveys to assess the accuracy and usefulness of the relationships represented in the model.","The original user story was clear but lacked measurable criteria and specific performance metrics. The improved version enhances clarity by specifying the capability, providing quantifiable acceptance criteria, and outlining a structured test plan to ensure the system meets user needs.","that (ISO 29148)
better (ISO 29148)
be able to (NASA ARM)
can (NASA ARM)
better (NASA ARM)",4,4,0.0,4,4,0.0,5,4,-1.0,4,5,1.0,4,5,1.0,3,5,2.0,4,4,0.0,—
A24US5O1,"As a university administrator, I want to access expertise search services, so that I can identify experts within specific research areas for collaboration or consultation.","User Story:
As a university administrator, I want to utilize an expertise search service to efficiently identify experts in specific research areas so that I can facilitate collaboration and consultation opportunities, enhancing our research initiatives.

Acceptance Criteria:
- The expertise search service must return relevant expert profiles within 3 seconds for at least 90% of queries.
- The system should provide at least 95% accuracy in matching experts to specified research areas based on user input.
- User satisfaction with the search functionality should reach a minimum of 85% in post-usage surveys.

Test Outline:
- Measure the response time of the expertise search service across various queries to ensure it meets the 3-second requirement.
- Validate the accuracy of expert matches by comparing results against a curated list of experts in the specified research areas.
- Conduct user surveys to assess satisfaction levels with the search service.","The original user story was clear but lacked measurable criteria and specific details. The improved version enhances clarity by specifying the capability, business relevance, and measurable acceptance criteria, along with a structured test outline to ensure effectiveness.","it (ISO 29148)
that (ISO 29148)
can (NASA ARM)",4,4,0.0,3,4,1.0,4,5,1.0,3,5,2.0,4,5,1.0,2,5,3.0,3,5,2.0,—
A24US6O1,"As a scholar, I want people association search capabilities, so that I can discover potential collaborators and understand the connections within my field.","User Story:
As a scholar, I want advanced search capabilities for people associations so that I can identify potential collaborators and analyze the connections within my academic field effectively.

Acceptance Criteria:
- The search function must return relevant associations with at least 85% accuracy based on user-defined criteria.
- Users should be able to filter results by specific parameters such as research interests, publication history, and geographic location.
- The system should provide search results within 3 seconds for at least 90% of queries.

Test Outline:
- Evaluate the accuracy of search results by comparing them against a curated list of known associations in the field.
- Test the filtering options to ensure they function correctly and improve the relevance of search results.
- Measure the response time for various search queries to confirm compliance with the 3-second requirement.","The original user story was somewhat vague and lacked measurable criteria. The improved version clarifies the user's intent, specifies measurable acceptance criteria, and outlines a structured test plan to ensure the functionality meets user needs.","that (ISO 29148)
be able to (NASA ARM)
can (NASA ARM)",3,4,1.0,3,4,1.0,4,5,1.0,3,5,2.0,4,5,1.0,2,5,3.0,3,5,2.0,—
A24US7O1,"As a system architect, I want a unified tagging approach to extract researcher profiles, so that the system can efficiently handle large-scale data from diverse Web sources.","User Story:
As a system architect, I want to implement a standardized tagging approach for extracting researcher profiles so that the system can efficiently process and manage large-scale data from various web sources, improving data retrieval speed and accuracy.

Acceptance Criteria:
- The unified tagging system must achieve at least 95% accuracy in identifying and categorizing researcher profiles from diverse sources.
- The data extraction process should reduce the time taken to compile profiles by at least 40% compared to the current method.
- The system should handle a minimum of 10,000 profiles per hour without performance degradation.

Test Outline:
- Validate the accuracy of the tagging system by comparing extracted profiles against a manually curated dataset.
- Measure the time taken for data extraction before and after implementing the unified tagging approach to ensure a 40% reduction.
- Monitor system performance metrics to confirm it can handle the specified volume of profiles efficiently.","The original user story was clear but lacked measurable criteria and specific performance goals. The improved version enhances clarity by specifying the expected outcomes, measurable acceptance criteria, and a structured test outline to ensure the solution's effectiveness.","it (ISO 29148)
that (ISO 29148)
can (NASA ARM)",4,4,0.0,4,4,0.0,5,5,0.0,4,5,1.0,4,5,1.0,3,5,2.0,4,5,1.0,—
A24US8O1,"As a librarian, I want the ArnetMiner system to integrate seamlessly with existing digital libraries, so that users have unified access to comprehensive academic data.","User Story:
As a librarian, I want the ArnetMiner system to integrate flawlessly with our existing digital libraries so that users can access a unified platform with comprehensive academic data, enhancing their research capabilities.

Acceptance Criteria:
- The integration must allow users to access data from at least 3 different digital libraries within a single search interface.
- The system should ensure that 95% of users can retrieve relevant academic data without encountering errors during the integration process.
- User satisfaction regarding the ease of access to academic data should reach at least 90% in post-integration surveys.

Test Outline:
- Test the integration by conducting searches across the connected digital libraries and measuring the accuracy and relevance of the results.
- Gather user feedback through surveys to evaluate their experience and satisfaction with the unified access.","The original user story was clear but lacked measurable criteria and specific outcomes. The improved version enhances clarity by specifying the expected outcomes, measurable acceptance criteria, and a structured test outline to ensure the integration's effectiveness.","that (ISO 29148)
can (NASA ARM)",4,5,1.0,4,4,0.0,4,5,1.0,3,5,2.0,4,5,1.0,2,5,3.0,4,5,1.0,—
A24US9O1,"As a user experience designer, I want the architecture of the ArnetMiner system to support intuitive search services, so that users can easily navigate and utilize the academic network.","User Story:
As a user experience designer, I want the architecture of the ArnetMiner system to facilitate intuitive search services so that users can navigate the academic network effortlessly and find relevant information quickly.

Acceptance Criteria:
- The search architecture must enable users to locate relevant academic resources with at least 90% accuracy based on their queries.
- The average time taken to perform a search should not exceed 3 seconds for 95% of users.
- User satisfaction regarding the ease of navigation should reach at least 85% in post-implementation surveys.

Test Outline:
- Conduct usability testing with a diverse group of users to evaluate the accuracy of search results and navigation ease.
- Measure the average response time for search queries to ensure it meets the 3-second requirement.
- Analyze user feedback from surveys to assess satisfaction levels with the new search services.","The original user story was clear but lacked measurable criteria and specific acceptance tests. The improved version enhances clarity by specifying measurable outcomes, ensuring the story aligns with the INVEST principles while maintaining the original intent.","intuitive (ISO 29148)
it (ISO 29148)
that (ISO 29148)
can (NASA ARM)",3,4,1.0,3,4,1.0,4,5,1.0,3,5,2.0,4,5,1.0,2,5,3.0,3,5,2.0,—
A24US10O1,"As a research evaluator, I want empirical evaluations of the system’s methods, so that I can trust the accuracy and reliability of the academic network data provided.","User Story:
As a research evaluator, I want comprehensive empirical evaluations of the system’s methodologies so that I can confidently assess the accuracy and reliability of the academic network data provided.

Acceptance Criteria:
- At least 95% of the evaluation reports must demonstrate a clear methodology with reproducible results.
- The evaluations should include statistical analyses that confirm the reliability of the data with a confidence level of 95% or higher.
- User feedback from at least 80% of evaluators should indicate trust in the accuracy of the data after reviewing the evaluations.

Test Outline:
- Review a sample of evaluation reports to ensure they meet the criteria for methodology and reproducibility.
- Conduct surveys with research evaluators to gather feedback on their trust in the data based on the evaluations.",The original user story was clear but could be enhanced with more specific and measurable criteria. The improved version strengthens the clarity of the capability and business relevance while providing explicit acceptance criteria and a structured test outline.,"that (ISO 29148)
can (NASA ARM)",4,4,0.0,4,4,0.0,5,5,0.0,4,5,1.0,4,5,1.0,3,5,2.0,4,5,1.0,—
A25US1O1,"As a customer, I want personalized product recommendations based on my browsing and purchasing history, so that I can easily find items that match my interests and needs.","User Story:
As a customer, I want to receive tailored product recommendations based on my browsing and purchasing history so that I can discover items that align with my preferences and enhance my shopping experience.

Acceptance Criteria:
- The recommendation engine must analyze user data and generate relevant suggestions with at least 85% accuracy based on past interactions.
- Customers should see personalized recommendations within 3 seconds of accessing the product page.
- The click-through rate on recommended products should increase by at least 20% within the first month of implementation.

Test Outline:
- Evaluate the accuracy of recommendations by comparing suggested products against user preferences through A/B testing.
- Measure the time taken for recommendations to load on the product page to ensure it meets the 3-second requirement.
- Track the click-through rates on recommended products before and after the implementation to assess the impact.","The original user story was well-structured but lacked specific measurable criteria. The improved version enhances clarity by specifying accuracy, response time, and expected outcomes, making it easier to assess the effectiveness of the feature.","it (ISO 29148)
that (ISO 29148)
can (NASA ARM)",4,4,0.0,4,4,0.0,5,5,0.0,4,5,1.0,5,5,0.0,4,5,1.0,4,5,1.0,—
A25US2O1,"As a data scientist, I want to implement the item-to-item collaborative filtering algorithm, so that I can generate high-quality recommendations that scale efficiently with large datasets.","User Story:
As a data scientist, I want to implement the item-to-item collaborative filtering algorithm so that I can generate high-quality recommendations that can efficiently scale to handle datasets with over 1 million items.

Acceptance Criteria:
- The algorithm must achieve a recommendation accuracy of at least 85% as measured by precision and recall metrics.
- It should be capable of processing and generating recommendations for a dataset of 1 million items within 10 seconds.
- User engagement with the recommendations should increase by at least 20% within three months of implementation.

Test Outline:
- Evaluate the accuracy of the recommendations by comparing them against user interactions and feedback.
- Measure the processing time for generating recommendations on a dataset of 1 million items to ensure it meets the 10-second requirement.
- Analyze user engagement metrics before and after the implementation to assess the impact of the new recommendations.","The original user story was clear but lacked measurable criteria and specific performance metrics. The improved version enhances clarity by specifying quantifiable acceptance criteria and a structured test outline, ensuring the story is actionable and focused on business value.","it (ISO 29148)
that (ISO 29148)
be capable of (NASA ARM)
can (NASA ARM)",4,5,1.0,4,4,0.0,5,5,0.0,4,5,1.0,4,5,1.0,3,5,2.0,4,5,1.0,—
A25US3O1,"As a software engineer, I want the recommendation system to perform real-time computations, so that customers receive up-to-date suggestions instantly as they interact with the website.","User Story:
As a software engineer, I want the recommendation system to execute real-time computations so that customers receive relevant suggestions within 1 second of their interactions, enhancing their shopping experience and increasing conversion rates.

Acceptance Criteria:
- The recommendation system must generate suggestions within 1 second for at least 95% of user interactions.
- The accuracy of the recommendations should be at least 85% based on user preferences and behavior.
- The system should handle a minimum of 100 concurrent users without degradation in performance.

Test Outline:
- Measure the response time of the recommendation system during peak usage to ensure it meets the 1-second requirement.
- Analyze the accuracy of the recommendations by comparing them against user selections and feedback.
- Conduct stress tests to verify the system's performance with 100 concurrent users.","The original user story was clear but lacked specific, measurable criteria. The improved version enhances clarity by specifying performance metrics, user experience benefits, and a structured testing approach to ensure the system meets business objectives.","it (ISO 29148)
that (ISO 29148)",4,4,0.0,4,4,0.0,5,5,0.0,4,5,1.0,4,5,1.0,3,5,2.0,4,5,1.0,—
A25US4O1,"As a product manager, I want to compare different recommendation algorithms, including traditional collaborative filtering and cluster models, so that I can select the most effective approach for our e-commerce platform.","User Story:
As a product manager, I want to evaluate various recommendation algorithms, such as traditional collaborative filtering and clustering models, so that I can identify the most effective method to enhance user engagement and increase sales on our e-commerce platform.

Acceptance Criteria:
- A comparative analysis must be conducted on at least three different recommendation algorithms, with performance metrics including accuracy, response time, and user engagement rates.
- The selected algorithm should demonstrate at least a 15% improvement in user engagement metrics compared to the current system.
- A report summarizing the findings and recommendations must be completed within 4 weeks.

Test Outline:
- Implement each recommendation algorithm in a controlled environment and measure their performance against predefined metrics.
- Analyze user engagement data before and after implementing the selected algorithm to validate the improvement.","The original user story was clear but lacked measurable criteria and specific outcomes. The improved version enhances clarity by specifying the evaluation process, measurable acceptance criteria, and a structured test outline to ensure the effectiveness of the selected algorithm.","most (ISO 29148)
effective (ISO 29148)
that (ISO 29148)
effective (NASA ARM)
can (NASA ARM)",4,4,0.0,4,4,0.0,5,5,0.0,4,5,1.0,5,5,0.0,4,5,1.0,4,5,1.0,—
A25US5O1,"As a system architect, I want to design a scalable recommendation infrastructure that operates independently of the number of users and items, so that the system remains efficient as our product catalog and user base grow.","User Story:
As a system architect, I want to create a scalable recommendation infrastructure that can handle an increasing number of users and items without degradation in performance, so that the system maintains efficiency and responsiveness as our product catalog expands and our user base grows.

Acceptance Criteria:
- The infrastructure must support at least 10,000 concurrent users and 100,000 items without performance issues.
- The recommendation response time should remain under 1 second for 95% of requests, regardless of the load.
- System scalability tests should demonstrate the ability to double the user and item count while maintaining performance metrics.

Test Outline:
- Simulate concurrent user access to evaluate system performance under load and measure response times.
- Conduct scalability tests to ensure the infrastructure can handle increased user and item counts while meeting the specified criteria.","The original user story was clear but lacked specific measurable criteria. The improved version enhances clarity by specifying performance metrics, scalability requirements, and a structured testing approach to ensure the infrastructure meets business needs.","that (ISO 29148)
can (NASA ARM)",4,4,0.0,4,4,0.0,5,5,0.0,4,5,1.0,5,5,0.0,4,5,1.0,4,5,1.0,—
A25US6O1,"As a marketing specialist, I want to leverage personalized recommendations to increase customer engagement and sales, so that we can enhance the shopping experience and drive revenue growth.","User Story:
As a marketing specialist, I want to implement personalized product recommendations for customers so that we can boost customer engagement by 30% and increase sales by 20%, ultimately enhancing the overall shopping experience and driving significant revenue growth.

Acceptance Criteria:
- Personalized recommendations must be displayed to at least 80% of users based on their browsing history and preferences.
- The system should achieve a conversion rate of at least 15% from the recommended products.
- Customer engagement metrics, such as time spent on site and interaction rates, should improve by 30% within three months of implementation.

Test Outline:
- Analyze user interaction data to verify that 80% of users receive personalized recommendations.
- Track conversion rates for recommended products to ensure they meet the 15% target.
- Measure engagement metrics before and after implementation to confirm a 30% increase.","The original user story was well-structured but lacked specific measurable criteria. The improved version clarifies the expected outcomes with quantifiable goals, enhancing the focus on business impact and providing a clear framework for acceptance and testing.","that (ISO 29148)
significant (ISO 29148)
can (NASA ARM)",4,4,0.0,4,4,0.0,5,5,0.0,4,5,1.0,5,5,0.0,4,5,1.0,4,5,1.0,—
A25US7O1,"As an e-commerce manager, I want to analyze the performance of the item-to-item collaborative filtering algorithm, so that I can ensure it consistently delivers relevant and accurate product suggestions to our customers.","User Story:
As an e-commerce manager, I want to evaluate the effectiveness of the item-to-item collaborative filtering algorithm so that I can guarantee it provides relevant and precise product recommendations to at least 90% of our customers, enhancing their shopping experience.

Acceptance Criteria:
- The algorithm must achieve a recommendation accuracy of 85% or higher based on user feedback and purchase behavior analysis.
- The system should generate product suggestions within 1 second for a seamless user experience.
- Customer engagement metrics, such as click-through rates on recommendations, should increase by at least 20% after implementing improvements.

Test Outline:
- Analyze a sample of user interactions to measure the accuracy of recommendations against actual purchases.
- Monitor the response time for generating recommendations to ensure it meets the 1-second requirement.
- Track engagement metrics before and after algorithm adjustments to assess the impact on customer behavior.","The original user story was well-structured but lacked specific, measurable criteria for success. The improved version clarifies the goals, provides quantifiable acceptance criteria, and outlines a test plan to ensure the algorithm's effectiveness.","it (ISO 29148)
that (ISO 29148)
can (NASA ARM)",4,4,0.0,4,4,0.0,5,4,-1.0,4,5,1.0,4,5,1.0,3,5,2.0,4,4,0.0,—
A25US8O1,"As a UX designer, I want to integrate seamless recommendation features into the online store interface, so that customers can effortlessly discover new products without feeling overwhelmed.","User Story:
As a UX designer, I want to implement intuitive recommendation features within the online store interface so that customers can easily discover relevant products, increasing their engagement and boosting sales by at least 15%.

Acceptance Criteria:
- The recommendation engine must present personalized product suggestions with a click-through rate of at least 20%.
- The integration should not increase the page load time by more than 1 second.
- Customer feedback should reflect a satisfaction rate of 90% or higher regarding the ease of discovering new products.

Test Outline:
- Analyze the click-through rates of recommended products before and after implementation to ensure the 20% target is met.
- Measure the page load time with the new features integrated to confirm it does not exceed the 1-second increase.
- Conduct user surveys to gather feedback on the effectiveness and user-friendliness of the recommendation features.",The original user story was clear but lacked measurable criteria and specific business outcomes. The improved version strengthens the acceptance criteria with quantifiable goals and outlines a structured test plan to ensure the effectiveness of the recommendation features.,"intuitive (ISO 29148)
it (ISO 29148)
that (ISO 29148)
can (NASA ARM)
more (NASA ARM)",4,4,0.0,4,4,0.0,5,5,0.0,4,5,1.0,4,5,1.0,3,5,2.0,4,5,1.0,—
A25US9O1,"As a business analyst, I want to track the effectiveness of various recommendation methods, so that I can provide insights into which strategies yield the highest conversion rates and customer satisfaction.","User Story:
As a business analyst, I want to evaluate the performance of different recommendation methods so that I can identify which strategies achieve at least a 15% increase in conversion rates and a customer satisfaction score of 90% or higher.

Acceptance Criteria:
- Each recommendation method must be tested over a minimum of 1,000 user interactions to ensure statistical significance.
- The analysis should be completed within 4 weeks of implementation to provide timely insights.
- A report summarizing the findings, including conversion rates and customer satisfaction metrics, must be delivered to stakeholders within 5 business days after analysis completion.

Test Outline:
- Track and compare conversion rates and customer satisfaction scores for each recommendation method using A/B testing.
- Review the analysis report for clarity and comprehensiveness, ensuring it meets the specified criteria.","The original user story was well-structured but lacked specific measurable criteria. The improved version clarifies the desired outcomes with quantifiable metrics, ensuring a focus on business relevance and actionable insights.","it (ISO 29148)
that (ISO 29148)
timely (NASA ARM)
can (NASA ARM)",4,4,0.0,4,4,0.0,5,5,0.0,4,5,1.0,5,5,0.0,4,5,1.0,4,5,1.0,—
A25US10O1,"As a developer, I want to optimize the recommendation algorithm for massive data sets, so that our platform can handle increasing amounts of user interactions and product listings without performance degradation.","User Story:
As a developer, I want to enhance the recommendation algorithm to efficiently process large data sets so that our platform can support a 50% increase in user interactions and product listings without any decline in performance.

Acceptance Criteria:
- The optimized algorithm must handle at least 1 million user interactions and 100,000 product listings simultaneously with a response time of under 3 seconds.
- The accuracy of recommendations should improve by at least 20% as measured by user engagement metrics.
- System performance should maintain a 99% uptime during peak usage periods.

Test Outline:
- Simulate user interactions and product listings to evaluate the algorithm's performance under load, measuring response times and accuracy.
- Monitor system uptime and performance metrics during peak usage to ensure compliance with the specified criteria.","The original user story was clear but lacked specific, measurable criteria. The improved version strengthens the focus on performance metrics, clarifies the developer's role, and provides explicit acceptance criteria and testing methods to ensure the algorithm's effectiveness.","that (ISO 29148)
can (NASA ARM)",4,4,0.0,4,4,0.0,5,5,0.0,4,5,1.0,4,5,1.0,3,5,2.0,4,5,1.0,—
A26US1O1,"As a e-commerce customer, I want personalized justifications for product recommendations, so that I can understand why certain items match my interests and make informed purchasing decisions.","User Story:
As a e-commerce customer, I want to receive tailored justifications for product recommendations so that I can comprehend the reasoning behind each suggestion and make informed purchasing decisions that align with my preferences.

Acceptance Criteria:
- Each product recommendation must include at least three personalized justifications based on my browsing history, purchase patterns, and preferences.
- The system should generate these justifications within 1 second of displaying the recommendations.
- User feedback should reflect a satisfaction rate of 90% or higher regarding the clarity and relevance of the justifications provided.

Test Outline:
- Review a sample of product recommendations to ensure that each includes the required personalized justifications.
- Measure the time taken to generate justifications and confirm it meets the 1-second requirement.
- Conduct user surveys to assess satisfaction with the relevance and clarity of the justifications.","The original user story was clear but lacked measurable criteria and specific details. The improved version enhances clarity by specifying the number of justifications, response time, and user satisfaction metrics, making it more actionable and focused on business value.","it (ISO 29148)
that (ISO 29148)
these (ISO 29148)
can (NASA ARM)",4,4,0.0,4,4,0.0,5,5,0.0,4,5,1.0,5,5,0.0,4,5,1.0,4,5,1.0,—
A26US2O1,"As a recommendation system developer, I want to implement extractive methods to identify relevant review segments, so that the system can generate accurate and meaningful justifications for recommendations.","User Story:
As a recommendation system developer, I want to implement extractive methods to accurately identify relevant segments of reviews so that the system can generate justifications for recommendations that are at least 90% relevant and meaningful to users.

Acceptance Criteria:
- The extractive methods must achieve a precision rate of 85% or higher in identifying relevant review segments.
- The system should generate justifications for recommendations within 3 seconds of processing user input.
- User testing should indicate that at least 80% of users find the justifications helpful and relevant.

Test Outline:
- Evaluate the precision of the extractive methods by comparing identified segments against a manually curated set of relevant reviews.
- Measure the time taken to generate justifications for a sample of recommendations to ensure it meets the 3-second requirement.
- Conduct user surveys to assess the perceived helpfulness and relevance of the generated justifications.","The original user story was clear but lacked measurable criteria and specific outcomes. The improved version enhances clarity by specifying quantifiable acceptance criteria and a structured test outline, ensuring a focus on the effectiveness and user satisfaction of the recommendation system.","it (ISO 29148)
that (ISO 29148)
can (NASA ARM)",4,4,0.0,4,4,0.0,5,5,0.0,4,5,1.0,4,5,1.0,3,5,2.0,4,5,1.0,—
A26US3O1,"As a data scientist, I want to construct large-scale personalized recommendation justification datasets, so that I can train models that provide tailored explanations to users.","User Story:
As a data scientist, I want to create extensive datasets for personalized recommendation justifications so that I can train machine learning models that deliver tailored explanations to users, enhancing user engagement and satisfaction.

Acceptance Criteria:
- The dataset must include at least 10,000 unique user interactions to ensure diversity in recommendations.
- Each recommendation justification should be linked to at least 3 relevant user attributes to improve the model's contextual understanding.
- The model's accuracy in generating explanations should reach a minimum of 85% as measured by user feedback and validation tests.

Test Outline:
- Validate the dataset by checking for completeness and diversity of user interactions.
- Conduct user studies to assess the relevance and clarity of the explanations generated by the trained models.","The original user story was clear but lacked measurable criteria and specific outcomes. The improved version enhances clarity by specifying the size and attributes of the dataset, as well as defining measurable acceptance criteria and a structured test outline to ensure the effectiveness of the model.","that (ISO 29148)
can (NASA ARM)",4,4,0.0,4,4,0.0,5,5,0.0,4,5,1.0,4,5,1.0,3,5,2.0,4,5,1.0,—
A26US4O1,"As a UX designer, I want recommendation justifications to cover different aspects of products, so that users receive comprehensive and varied explanations that enhance their browsing experience.","User Story:
As a UX designer, I want the recommendation justifications to encompass multiple product aspects, such as features, benefits, and user reviews, so that users receive diverse and thorough explanations that significantly enhance their browsing experience.

Acceptance Criteria:
- Justifications must cover at least 3 different aspects of each product recommendation.
- User engagement metrics should show a 20% increase in time spent on product pages after implementing the justifications.
- User satisfaction ratings regarding the clarity and usefulness of recommendations should reach at least 90%.

Test Outline:
- Review a sample of product recommendations to ensure they include the required aspects.
- Analyze user engagement data before and after implementation to measure the increase in time spent on product pages.
- Conduct user surveys to assess satisfaction with the recommendation justifications.","The original user story was clear but lacked measurable criteria and specific details. The improved version enhances clarity by specifying the aspects to be covered, includes quantifiable acceptance criteria, and outlines a structured test plan to verify the effectiveness of the recommendations.",that (ISO 29148),4,4,0.0,4,4,0.0,5,5,0.0,4,5,1.0,4,5,1.0,3,5,2.0,4,5,1.0,—
A26US5O1,"As a product manager, I want to leverage personalized generation models to create diverse justifications, so that our recommendation system stands out by offering convincing and varied explanations to users.","User Story:
As a product manager, I want to implement personalized generation models to produce a variety of justifications for recommendations so that our recommendation system can enhance user engagement by providing at least 5 distinct and compelling explanations for each suggestion.

Acceptance Criteria:
- The system must generate at least 5 unique justifications for 90% of the recommendations provided to users.
- User engagement metrics should show a 20% increase in interaction with recommendations after implementing the new justifications.
- Feedback from users should reflect a satisfaction rate of 80% or higher regarding the clarity and relevance of the explanations.

Test Outline:
- Analyze the diversity of justifications generated for a sample set of recommendations to ensure the target of 5 unique explanations is met.
- Measure user engagement before and after the implementation to confirm the 20% increase in interactions.
- Conduct user surveys to assess satisfaction with the explanations provided by the recommendation system.","The original user story was well-structured but lacked specific measurable criteria. The improved version clarifies the capability and business relevance while providing explicit, quantifiable acceptance criteria and a structured test outline to enhance clarity and focus on user engagement.","that (ISO 29148)
can (NASA ARM)",4,4,0.0,4,4,0.0,5,5,0.0,4,5,1.0,4,5,1.0,3,5,2.0,4,5,1.0,—
A26US6O1,"As a machine learning engineer, I want to develop a reference-based Seq2Seq model with aspect-planning, so that the system can generate justifications that address multiple facets of user preferences.","User Story:
As a machine learning engineer, I want to create a reference-based Seq2Seq model that incorporates aspect-planning so that the system can generate comprehensive justifications that effectively address at least 3 distinct facets of user preferences.

Acceptance Criteria:
- The model must achieve a minimum accuracy of 85% in generating relevant justifications based on user input.
- The system should be able to handle and process user preferences with a response time of less than 3 seconds.
- User testing should indicate that at least 80% of users find the generated justifications relevant and satisfactory.

Test Outline:
- Evaluate the model's performance by comparing generated justifications against a benchmark dataset to measure accuracy.
- Measure the response time for generating justifications to ensure it meets the 3-second requirement.
- Conduct user surveys to assess the relevance and satisfaction of the justifications produced by the system.","The original user story was clear but lacked measurable criteria and specific goals. The improved version enhances clarity by specifying the number of facets to address, includes quantifiable acceptance criteria, and outlines a structured testing approach to ensure the model's effectiveness.","it (ISO 29148)
that (ISO 29148)
be able to (NASA ARM)
can (NASA ARM)
less (NASA ARM)",4,5,1.0,3,4,1.0,4,5,1.0,3,5,2.0,3,5,2.0,2,5,3.0,3,5,2.0,—
A26US7O1,"As a content strategist, I want aspect-conditional masked language models to generate explanations based on historical justification templates, so that the justifications remain relevant and contextually appropriate for each user.","User Story:
As a content strategist, I want aspect-conditional masked language models to generate tailored explanations using historical justification templates so that the justifications are contextually relevant and appropriate for at least 90% of users.

Acceptance Criteria:
- The model must generate explanations that align with historical templates in 95% of test cases.
- User feedback should indicate that at least 85% of users find the generated justifications relevant to their specific context.
- The average time taken to generate these explanations should not exceed 3 seconds.

Test Outline:
- Evaluate the generated explanations against a set of predefined historical templates to measure alignment.
- Conduct user surveys to assess the perceived relevance of the justifications provided by the model.
- Measure the response time for generating explanations to ensure it meets the specified criteria.","The original user story was clear but lacked measurable criteria and specific outcomes. The improved version enhances clarity by specifying quantifiable acceptance criteria and a structured test outline, ensuring the story is actionable and focused on user value.","it (ISO 29148)
that (ISO 29148)
these (ISO 29148)
appropriate (ISO 29148)",4,4,0.0,4,4,0.0,5,5,0.0,4,5,1.0,4,5,1.0,3,5,2.0,4,5,1.0,—
A26US8O1,"As a quality assurance specialist, I want to evaluate the  and diversity of generated justifications, so that I can ensure the explanations effectively support users' decision-making processes.","User Story:
As a quality assurance specialist, I want to assess the quality and diversity of generated justifications so that I can ensure that the explanations provided enhance users' decision-making processes effectively.

Acceptance Criteria:
- At least 90% of generated justifications must meet predefined quality standards based on clarity, relevance, and completeness.
- The diversity of justifications should include at least 5 different perspectives or approaches to ensure comprehensive support for decision-making.
- User feedback should reflect a satisfaction rate of 80% or higher regarding the usefulness of the justifications in their decision-making.

Test Outline:
- Review a sample of generated justifications against the quality standards checklist to confirm compliance.
- Analyze the variety of justifications produced to ensure a minimum of 5 distinct approaches are represented.
- Conduct user surveys to gather feedback on the effectiveness of the justifications in aiding their decisions.","The original user story was somewhat unclear and lacked measurable criteria. The improved version clarifies the user's role and intent, specifies measurable acceptance criteria, and provides a structured test outline to ensure the effectiveness of the justifications.","that (ISO 29148)
can (NASA ARM)",2,4,2.0,2,4,2.0,4,5,1.0,2,5,3.0,3,5,2.0,2,5,3.0,3,5,2.0,—
A26US9O1,"As a research scientist, I want to experiment with new datasets and generation methods for recommendation justifications, so that I can advance the field of explainable AI and improve user trust in recommendation systems.","User Story:
As a research scientist, I want to explore innovative datasets and generation techniques for recommendation justifications so that I can contribute to the advancement of explainable AI and enhance user trust in recommendation systems.

Acceptance Criteria:
- At least 3 new datasets must be identified and utilized in experiments to ensure diverse data representation.
- The generation methods should demonstrate a minimum of 20% improvement in the clarity of recommendation justifications compared to existing methods.
- User trust metrics should show an increase of at least 15% in user satisfaction surveys after implementing the new justifications.

Test Outline:
- Evaluate the effectiveness of the new datasets by comparing the performance of recommendation systems before and after their implementation.
- Conduct user studies to measure the clarity of justifications and gather feedback on user trust levels.","The original user story was well-articulated but lacked measurable criteria. The improved version maintains the intent while providing specific, quantifiable acceptance criteria and a structured test outline to enhance clarity and focus on business value.","that (ISO 29148)
can (NASA ARM)",4,4,0.0,4,4,0.0,5,5,0.0,4,5,1.0,4,5,1.0,3,5,2.0,4,5,1.0,—
A26US10O1,"As an academic researcher, I want to analyze the performance of personalized generation models on real-world datasets, so that I can validate their effectiveness in producing convincing and diverse justifications for recommendations.","User Story:
As an academic researcher, I want to evaluate the performance of personalized generation models using real-world datasets so that I can empirically validate their effectiveness in generating convincing and diverse justifications for recommendations.

Acceptance Criteria:
- The analysis must include at least 3 different real-world datasets to ensure comprehensive evaluation.
- The models should demonstrate a minimum of 80% accuracy in producing relevant justifications based on user feedback.
- The diversity of generated justifications should be assessed, with at least 70% of the outputs rated as distinct by independent reviewers.

Test Outline:
- Collect and analyze performance metrics from the models on the selected datasets to verify accuracy and relevance.
- Conduct a review session with independent reviewers to evaluate the diversity of the justifications produced.","The original user story was clear but could benefit from more specificity and measurable criteria. The improved version clarifies the evaluation process, adds quantifiable acceptance criteria, and outlines a structured testing approach to enhance clarity and focus on research objectives.","that (ISO 29148)
can (NASA ARM)",4,4,0.0,4,4,0.0,5,4,-1.0,4,5,1.0,5,5,0.0,4,5,1.0,4,4,0.0,—
A27US1O1,"As a recommendation system developer, I want to implement an RNN-based approach for session-based recommendations, so that I can provide more accurate suggestions for users with short interaction histories.","User Story:
As a recommendation system developer, I want to implement a Recurrent Neural Network (RNN) approach for session-based recommendations so that I can enhance the accuracy of suggestions for users with limited interaction histories, ultimately increasing user engagement by at least 20%.

Acceptance Criteria:
- The RNN model must achieve a precision rate of 85% or higher in generating relevant recommendations based on session data.
- The implementation should reduce the average time taken to generate recommendations to under 1 second.
- User engagement metrics should show a minimum increase of 20% in click-through rates on recommended items within the first month of deployment.

Test Outline:
- Evaluate the precision of the RNN model by comparing its recommendations against user interactions in a controlled test environment.
- Measure the time taken for the system to generate recommendations and ensure it meets the 1-second requirement.
- Analyze user engagement data before and after the implementation to confirm the 20% increase in click-through rates.","The original user story was clear but lacked measurable criteria and specific business impact. The improved version provides explicit metrics for success, enhancing clarity and focus on the expected outcomes of the implementation.","it (ISO 29148)
that (ISO 29148)
can (NASA ARM)",4,5,1.0,4,4,0.0,5,5,0.0,4,5,1.0,4,5,1.0,3,5,2.0,4,5,1.0,—
A27US2O1,"As a data scientist, I want to apply recurrent neural networks to model entire user sessions, so that I can capture the sequence of user interactions for improved recommendation accuracy.","User Story:
As a data scientist, I want to implement recurrent neural networks (RNNs) to analyze complete user sessions so that I can accurately capture the sequence of user interactions, leading to a minimum 15% improvement in recommendation accuracy.

Acceptance Criteria:
- The RNN model must be able to process user session data and generate predictions with at least 85% accuracy.
- The implementation should reduce the time taken to generate recommendations by 30% compared to the current method.
- User engagement metrics should show a 20% increase in click-through rates on recommended items after deploying the new model.

Test Outline:
- Evaluate the accuracy of the RNN model by comparing its predictions against actual user interactions over a defined period.
- Measure the time taken to generate recommendations before and after implementing the RNN model.
- Analyze user engagement metrics to assess the impact of the new recommendations on user behavior.","The original user story was clear but lacked measurable criteria and specific business outcomes. The improved version enhances clarity by specifying quantifiable acceptance criteria and a structured test outline, emphasizing the expected impact on recommendation accuracy and user engagement.","that (ISO 29148)
be able to (NASA ARM)
can (NASA ARM)",5,5,0.0,4,4,0.0,5,5,0.0,4,5,1.0,5,5,0.0,4,5,1.0,5,5,0.0,—
A27US3O1,"As a product manager for an e-commerce platform, I want to leverage session-based RNN recommendations, so that I can enhance user engagement and increase conversion rates on our website.","User Story:
As a product manager for an e-commerce platform, I want to implement session-based recurrent neural network (RNN) recommendations so that I can boost user engagement by at least 20% and increase conversion rates by a minimum of 15% on our website.

Acceptance Criteria:
- The RNN recommendation system must provide personalized product suggestions with an accuracy rate of at least 85%.
- User engagement metrics, such as time spent on site, should show a 20% increase within three months of implementation.
- Conversion rates should rise by at least 15% within the same three-month period following the deployment of the recommendations.

Test Outline:
- Analyze user interaction data to measure the accuracy of the recommendations against actual purchases.
- Track engagement metrics and conversion rates before and after the implementation to verify improvements.","The original user story was clear but lacked specific, measurable criteria for success. The improved version strengthens the business relevance by quantifying expected outcomes and providing detailed acceptance criteria and a test outline to ensure accountability.","that (ISO 29148)
can (NASA ARM)",4,4,0.0,4,4,0.0,5,5,0.0,4,5,1.0,4,5,1.0,3,5,2.0,4,5,1.0,—
A27US4O1,"As a machine learning engineer, I want to incorporate a ranking loss function into our RNN model, so that the recommendations are better aligned with user preferences and .","User Story:
As a machine learning engineer, I want to integrate a ranking loss function into our recurrent neural network (RNN) model so that the recommendations can achieve at least a 15% improvement in alignment with user preferences, enhancing user satisfaction and engagement.

Acceptance Criteria:
- The implementation of the ranking loss function must result in a measurable increase in recommendation accuracy by at least 15% compared to the previous model.
- The model's performance should be validated using a test dataset, achieving a precision score of 0.85 or higher.
- User feedback should reflect a satisfaction increase of 20% or more regarding the relevance of recommendations post-implementation.

Test Outline:
- Compare the accuracy of recommendations before and after the integration of the ranking loss function using statistical analysis.
- Evaluate the precision score of the model on a designated test dataset to ensure it meets the 0.85 threshold.
- Conduct user surveys to assess changes in satisfaction levels regarding the recommendations.","The original user story was incomplete and lacked measurable criteria. The improved version clarifies the engineer's role, specifies the capability, and outlines explicit, quantifiable acceptance criteria and a structured test outline to enhance clarity and focus on business value.","it (ISO 29148)
that (ISO 29148)
can (NASA ARM)
more (NASA ARM)",4,4,0.0,4,4,0.0,5,5,0.0,4,5,1.0,4,5,1.0,3,5,2.0,4,5,1.0,—
A27US5O1,"As a UX designer, I want the recommendation system to provide timely and relevant suggestions based on current session data, so that users have a seamless and satisfying browsing experience.","User Story:
As a UX designer, I want the recommendation system to deliver timely and contextually relevant suggestions based on real-time session data so that users can enjoy a seamless browsing experience that increases engagement and satisfaction.

Acceptance Criteria:
- The recommendation system must generate suggestions within 1 second of user interaction for at least 95% of sessions.
- Suggestions should align with user preferences and session context, achieving a relevance score of 90% or higher based on user feedback.
- User engagement metrics should show a 20% increase in click-through rates on recommended items after implementation.

Test Outline:
- Measure the response time of the recommendation system during user interactions to ensure it meets the 1-second requirement.
- Conduct user surveys to evaluate the relevance of suggestions and calculate the relevance score.
- Analyze click-through rates on recommended items before and after the implementation to assess the impact on user engagement.","The original user story was well-structured but lacked specific measurable criteria. The improved version enhances clarity by specifying performance metrics, user engagement goals, and a structured testing approach to ensure the recommendation system meets user needs effectively.","it (ISO 29148)
that (ISO 29148)
timely (NASA ARM)
can (NASA ARM)",4,4,0.0,4,4,0.0,5,5,0.0,4,5,1.0,4,5,1.0,3,5,2.0,4,5,1.0,—
A27US6O1,"As a business analyst, I want to evaluate the performance of RNN-based recommendations against traditional matrix factorization methods, so that I can demonstrate the value of our new approach to stakeholders.","User Story:
As a business analyst, I want to assess the effectiveness of RNN-based recommendation systems compared to traditional matrix factorization methods so that I can provide quantifiable evidence of the advantages of our new approach to stakeholders.

Acceptance Criteria:
- The evaluation must show that RNN-based recommendations outperform matrix factorization methods by at least 15% in terms of accuracy metrics (e.g., precision, recall).
- The analysis should be completed within a 4-week timeframe to ensure timely reporting to stakeholders.
- A comprehensive report must be generated, including visualizations and key performance indicators, with a satisfaction rating of 90% or higher from stakeholders on the clarity and usefulness of the findings.

Test Outline:
- Conduct A/B testing to compare the performance of both recommendation systems using a consistent dataset.
- Gather feedback from stakeholders on the report's clarity and the perceived value of the findings.","The original user story was clear but lacked specific, measurable criteria for success. The improved version enhances clarity by specifying quantifiable acceptance criteria and a structured test outline, ensuring that the value of the new approach is demonstrable.","that (ISO 29148)
timely (NASA ARM)
can (NASA ARM)",5,5,0.0,4,4,0.0,5,5,0.0,4,5,1.0,5,5,0.0,4,5,1.0,5,5,0.0,—
A27US7O1,"As a software architect, I want to modify classic RNN architectures to suit session-based recommendation tasks, so that the system remains efficient and scalable for real-time applications.","User Story:
As a software architect, I want to adapt traditional RNN architectures specifically for session-based recommendation tasks so that the system can efficiently handle real-time data processing and scale to support at least 10,000 concurrent users without performance degradation.

Acceptance Criteria:
- The modified RNN architecture must achieve a recommendation accuracy of at least 85% based on user session data.
- The system should process session data and generate recommendations within 500 milliseconds for 95% of requests.
- Scalability tests must demonstrate the ability to maintain performance with a minimum of 10,000 concurrent users.

Test Outline:
- Evaluate the accuracy of recommendations generated by the modified RNN against a benchmark dataset.
- Measure the response time for generating recommendations under varying loads to ensure it meets the 500-millisecond requirement.
- Conduct stress tests to confirm the system's performance with 10,000 concurrent users.","The original user story was clear but lacked measurable criteria and specific performance goals. The improved version enhances clarity by specifying quantifiable acceptance criteria and a structured test outline, ensuring the focus on efficiency and scalability.","it (ISO 29148)
that (ISO 29148)
can (NASA ARM)",4,4,0.0,4,4,0.0,5,5,0.0,4,5,1.0,4,5,1.0,3,5,2.0,4,5,1.0,—
A27US8O1,"As a marketing strategist, I want to use more accurate session-based recommendations, so that I can tailor promotional campaigns to individual user behaviors and preferences.","User Story:
As a marketing strategist, I want to implement precise session-based recommendations so that I can customize promotional campaigns based on individual user behaviors and preferences, ultimately increasing engagement and conversion rates.

Acceptance Criteria:
- The recommendation engine must achieve at least 85% accuracy in predicting user preferences based on session data.
- Campaigns tailored using these recommendations should result in a minimum 20% increase in user engagement compared to previous campaigns.
- The system should process session data and generate recommendations within 3 seconds for real-time application.

Test Outline:
- Analyze the accuracy of recommendations by comparing predicted preferences against actual user behavior over a defined period.
- Measure engagement metrics before and after implementing the session-based recommendations to confirm the 20% increase.
- Test the processing speed of the recommendation engine to ensure it meets the 3-second requirement.","The original user story was well-structured but lacked specific measurable criteria. The improved version enhances clarity by defining explicit acceptance criteria and a test outline, focusing on quantifiable outcomes that demonstrate the value of the recommendations.","it (ISO 29148)
that (ISO 29148)
these (ISO 29148)
can (NASA ARM)",4,4,0.0,4,4,0.0,5,5,0.0,4,5,1.0,4,5,1.0,3,5,2.0,4,5,1.0,—
A27US9O1,"As a researcher in recommender systems, I want to explore the effectiveness of RNNs on different datasets, so that I can validate the improvements over widely used traditional approaches.","User Story:
As a researcher in recommender systems, I want to analyze the performance of Recurrent Neural Networks (RNNs) across various datasets so that I can quantitatively assess their effectiveness compared to traditional recommendation methods.

Acceptance Criteria:
- The analysis must include at least 3 different datasets to ensure comprehensive evaluation.
- RNNs should demonstrate at least a 15% improvement in recommendation accuracy over traditional methods, measured by metrics such as precision and recall.
- The research findings should be documented and presented in a peer-reviewed format within 3 months of the analysis completion.

Test Outline:
- Compare the recommendation accuracy of RNNs and traditional methods using the selected datasets and record the results.
- Prepare a draft of the research paper and submit it for peer review to validate the findings.","The original user story was clear but lacked specific measurable criteria and a structured approach. The improved version enhances clarity by specifying the datasets, quantifiable performance improvements, and a timeline for documentation, thus strengthening the overall INVEST dimensions.","it (ISO 29148)
that (ISO 29148)
can (NASA ARM)",4,5,1.0,4,4,0.0,5,5,0.0,4,5,1.0,4,5,1.0,3,5,2.0,4,5,1.0,—
A27US10O1,"As a customer support manager, I want the recommendation system to adapt quickly to short-term user interactions, so that I can ensure users receive relevant assistance and product suggestions during their browsing sessions.","User Story:
As a customer support manager, I want the recommendation system to rapidly adjust to short-term user interactions so that users receive highly relevant assistance and product suggestions within 3 seconds of their browsing activity, enhancing their overall experience.

Acceptance Criteria:
- The recommendation system must update suggestions based on user interactions with at least 90% accuracy.
- The system should process and adapt to user interactions within 3 seconds for 95% of browsing sessions.
- User feedback should reflect a satisfaction rate of 80% or higher regarding the relevance of the recommendations provided.

Test Outline:
- Analyze the accuracy of recommendations by comparing them to user interactions over a defined period.
- Measure the response time of the recommendation system during various user interactions to ensure it meets the 3-second requirement.","The original user story was clear but lacked specific measurable criteria. The improved version enhances clarity by specifying performance metrics, user satisfaction goals, and a structured testing approach to ensure the recommendation system meets user needs effectively.","it (ISO 29148)
that (ISO 29148)",4,4,0.0,4,4,0.0,5,5,0.0,4,5,1.0,4,5,1.0,3,5,2.0,4,5,1.0,—
A28US1O1,"As a dating app user, I want recommendations based on objective evaluations from speed dating events, so that I can find more compatible and genuine matches beyond self-portrayed profiles.","User Story:
As a dating app user, I want to receive match recommendations based on objective evaluations from speed dating events so that I can discover more compatible and authentic matches, enhancing my overall dating experience.

Acceptance Criteria:
- The recommendation algorithm must analyze data from at least 80% of speed dating participants to ensure a robust evaluation.
- Users should receive personalized match suggestions within 5 seconds of completing their profile and event evaluations.
- At least 75% of users should report increased satisfaction with their matches after implementing the new recommendation system.

Test Outline:
- Evaluate the accuracy of the recommendation algorithm by comparing suggested matches against user feedback and compatibility scores.
- Measure the time taken to generate recommendations after profile completion to ensure it meets the 5-second requirement.","The original user story was clear but lacked measurable criteria and specific acceptance standards. The improved version enhances clarity by specifying the evaluation process, quantifiable acceptance criteria, and a structured test outline to ensure the feature's effectiveness.","robust (ISO 29148)
it (ISO 29148)
that (ISO 29148)
can (NASA ARM)
more (NASA ARM)",4,4,0.0,4,4,0.0,5,5,0.0,4,5,1.0,5,5,0.0,4,5,1.0,4,5,1.0,—
A28US2O1,"As a product manager for a dating platform, I want to integrate speed dating data into our recommender system, so that we can enhance match accuracy and user satisfaction.","User Story:
As a product manager for a dating platform, I want to incorporate speed dating data into our recommendation engine so that we can improve match accuracy by at least 20% and increase user satisfaction ratings to 90% or higher.

Acceptance Criteria:
- The integration must utilize speed dating data to enhance match suggestions, achieving a minimum of 20% improvement in match accuracy as measured by user feedback.
- User satisfaction with match recommendations should reach at least 90% based on post-interaction surveys.
- The system should process and integrate new speed dating data within 24 hours of each event.

Test Outline:
- Analyze user feedback and match success rates before and after the integration to confirm the 20% improvement.
- Conduct user satisfaction surveys to measure the percentage of users who are satisfied with the new match recommendations.
- Monitor the data integration process to ensure it meets the 24-hour requirement consistently.","The original user story was clear but lacked specific, measurable criteria for success. The improved version strengthens the acceptance criteria with quantifiable goals and outlines a structured test plan to verify the integration's effectiveness.","it (ISO 29148)
that (ISO 29148)
can (NASA ARM)",4,4,0.0,4,4,0.0,5,5,0.0,4,5,1.0,4,5,1.0,3,5,2.0,4,5,1.0,—
A28US3O1,"As a data scientist, I want to apply SMOTE oversampling to the speed dating dataset, so that I can address class imbalance and improve the reliability of match predictions.","User Story:
As a data scientist, I want to implement SMOTE (Synthetic Minority Over-sampling Technique) on the speed dating dataset so that I can effectively mitigate class imbalance, leading to at least a 15% improvement in the accuracy of match predictions.

Acceptance Criteria:
- The application of SMOTE must increase the representation of the minority class by at least 50% in the dataset.
- The accuracy of match predictions should improve by a minimum of 15% compared to the baseline model without SMOTE.
- The model's F1 score should reach at least 0.75 after applying SMOTE.

Test Outline:
- Analyze the class distribution before and after applying SMOTE to ensure the minority class representation meets the 50% increase.
- Compare the accuracy and F1 score of the predictive model before and after the application of SMOTE to verify the improvements.","The original user story was clear but lacked measurable criteria and specific targets. The improved version specifies the expected outcomes, provides quantifiable acceptance criteria, and outlines a structured test plan to ensure the effectiveness of the SMOTE application.","that (ISO 29148)
can (NASA ARM)",4,5,1.0,4,4,0.0,5,5,0.0,4,5,1.0,5,5,0.0,4,5,1.0,4,5,1.0,—
A28US4O1,"As a user experience designer, I want to build an objective profile library from speed dating ratings, so that users receive recommendations based on real-life interactions and evaluations.","User Story:
As a user experience designer, I want to create a comprehensive profile library utilizing speed dating ratings so that users can receive personalized recommendations grounded in authentic interactions and evaluations.

Acceptance Criteria:
- The profile library must aggregate at least 1,000 speed dating ratings to ensure a diverse dataset for recommendations.
- Recommendations should be generated within 3 seconds based on user preferences and past interactions.
- User satisfaction with the recommendations should reach a minimum of 80% in feedback surveys conducted after implementation.

Test Outline:
- Analyze the dataset to confirm the collection of at least 1,000 ratings and assess the diversity of profiles.
- Measure the time taken to generate recommendations for users to ensure it meets the 3-second requirement.
- Conduct user surveys post-implementation to evaluate satisfaction levels with the recommendations provided.","The original user story was clear but lacked measurable criteria and specific acceptance standards. The improved version enhances clarity by specifying the data requirements, response time, and user satisfaction metrics, making it more actionable and focused on business value.","it (ISO 29148)
that (ISO 29148)
can (NASA ARM)",4,4,0.0,4,4,0.0,5,5,0.0,4,5,1.0,4,5,1.0,3,5,2.0,4,5,1.0,—
A28US5O1,"As a machine learning engineer, I want to develop a random forest regression-based reciprocal recommender, so that our system can achieve high match prediction accuracy and outperform existing algorithms.","User Story:
As a machine learning engineer, I want to create a reciprocal recommender system using random forest regression so that our platform can achieve a match prediction accuracy of at least 85%, significantly surpassing the performance of current algorithms.

Acceptance Criteria:
- The random forest model must be trained and validated to achieve a minimum R-squared value of 0.85 on the test dataset.
- The new recommender system should demonstrate at least a 20% improvement in prediction accuracy compared to existing algorithms.
- User engagement metrics should show a 15% increase in interactions with recommended items post-implementation.

Test Outline:
- Evaluate the model's performance by comparing R-squared values before and after implementation using a standardized test dataset.
- Conduct A/B testing to measure the improvement in prediction accuracy against existing algorithms.
- Analyze user engagement data to quantify the increase in interactions with the recommendations.","The original user story was clear but lacked specific, measurable criteria for success. The improved version enhances clarity by defining explicit performance metrics, acceptance criteria, and a structured testing approach to ensure the project's success.","that (ISO 29148)
can (NASA ARM)",4,5,1.0,4,4,0.0,5,5,0.0,4,5,1.0,5,5,0.0,4,5,1.0,4,5,1.0,—
A28US6O1,"As a researcher in online dating behaviors, I want to explore the discrepancy between self-portrayed profiles and objective likeability ratings, so that I can understand factors influencing successful matches.","User Story:
As a researcher in online dating behaviors, I want to analyze the differences between users' self-reported profiles and their objectively measured likeability ratings so that I can identify key factors that contribute to successful matches and improve matchmaking algorithms.

Acceptance Criteria:
- The study must include at least 200 profiles to ensure a statistically significant sample size.
- Discrepancies between self-portrayed profiles and likeability ratings should be quantified, with a minimum of 75% of profiles analyzed showing notable differences.
- The research findings should be compiled into a report with actionable insights, to be completed within 3 months of data collection.

Test Outline:
- Validate the accuracy of likeability ratings through peer reviews and comparison with user feedback.
- Analyze the data to identify patterns and correlations, ensuring the results are reproducible and can be verified by independent researchers.","The original user story was well-defined but lacked measurable criteria and specific timelines. The improved version enhances clarity by specifying sample size, quantifiable discrepancies, and a completion timeline, thus strengthening the overall structure and focus on actionable outcomes.","that (ISO 29148)
significant (ISO 29148)
can (NASA ARM)",4,4,0.0,4,4,0.0,5,5,0.0,4,5,1.0,4,5,1.0,3,5,2.0,4,5,1.0,—
A28US7O1,"As a marketing strategist, I want to highlight the use of objective speed dating data in our recommender system, so that we can attract users seeking more authentic and effective matchmaking solutions.","User Story:
As a marketing strategist, I want to prominently feature the use of objective speed dating data in our recommender system so that we can attract at least 20% more users looking for authentic and effective matchmaking solutions.

Acceptance Criteria:
- The marketing campaign must increase user sign-ups by 20% within the first three months of implementation.
- At least 75% of users should report that the objective data enhances their matchmaking experience in post-campaign surveys.
- The recommender system should demonstrate a 15% improvement in user engagement metrics, such as time spent on the platform, within six months.

Test Outline:
- Analyze user sign-up data before and after the campaign to measure the increase in new users.
- Conduct user surveys to gather feedback on the perceived value of the objective speed dating data.
- Monitor engagement metrics to assess the impact of the recommender system enhancements.","The original user story was clear but lacked measurable criteria and specific goals. The improved version emphasizes quantifiable outcomes, ensuring that the marketing strategy is aligned with business objectives and provides a structured approach for testing success.","effective (ISO 29148)
that (ISO 29148)
effective (NASA ARM)
can (NASA ARM)
more (NASA ARM)",4,4,0.0,4,4,0.0,5,5,0.0,4,5,1.0,4,5,1.0,3,5,2.0,4,5,1.0,—
A28US8O1,"As a quality assurance specialist, I want to evaluate the effectiveness of the combined objective profile library and SMOTE oversampling, so that I can ensure our recommender system maintains high performance and accuracy.","User Story:
As a quality assurance specialist, I want to assess the effectiveness of the integrated objective profile library and SMOTE oversampling techniques so that I can guarantee our recommender system achieves at least 95% accuracy and maintains optimal performance.

Acceptance Criteria:
- The evaluation must demonstrate that the recommender system's accuracy is ≥ 95% when using the combined techniques.
- Performance metrics should show a reduction in prediction error by at least 20% compared to previous models.
- The system should handle a minimum of 1,000 simultaneous queries without degradation in response time.

Test Outline:
- Conduct a series of tests to measure the accuracy of the recommender system before and after implementing the combined techniques.
- Analyze prediction errors to quantify improvements and ensure they meet the 20% reduction target.
- Simulate high-load scenarios to verify the system's performance under stress.","The original user story was clear but lacked specific, measurable criteria. The improved version enhances clarity by specifying performance metrics, acceptance criteria, and a structured test outline to ensure the effectiveness of the techniques being evaluated.","that (ISO 29148)
can (NASA ARM)",4,4,0.0,4,4,0.0,5,5,0.0,4,5,1.0,4,5,1.0,3,5,2.0,4,5,1.0,—
A28US9O1,"As a software developer, I want to implement the reciprocal recommender algorithm, so that users receive personalized and mutually compatible match suggestions in real-time.","User Story:
As a software developer, I want to implement the reciprocal recommender algorithm so that users receive personalized match suggestions that are mutually compatible, enhancing user engagement and satisfaction in real-time.

Acceptance Criteria:
- The algorithm must generate match suggestions with at least 85% relevance based on user preferences and interactions.
- The system should deliver recommendations within 1 second for 90% of user requests.
- User feedback should reflect a satisfaction rate of 80% or higher regarding the quality of match suggestions.

Test Outline:
- Evaluate the relevance of match suggestions by comparing them against user feedback and preferences.
- Measure the response time of the recommendation system to ensure it meets the 1-second requirement.","The original user story was clear but lacked measurable criteria and specific acceptance metrics. The improved version enhances clarity by specifying quantifiable acceptance criteria and a structured test outline, ensuring a focus on user engagement and satisfaction.","it (ISO 29148)
that (ISO 29148)",4,4,0.0,4,4,0.0,5,5,0.0,4,5,1.0,4,5,1.0,3,5,2.0,4,5,1.0,—
A28US10O1,"As an academic collaborator, I want access to the objective profile library and match prediction results, so that I can conduct further studies on improving matchmaking algorithms and understanding relationship dynamics.","User Story:
As an academic collaborator, I want to gain access to the objective profile library and match prediction results so that I can enhance matchmaking algorithms and deepen my understanding of relationship dynamics through data-driven research.

Acceptance Criteria:
- Access to the objective profile library must be granted within 24 hours of request approval for at least 95% of collaborators.
- The match prediction results should be updated and made available at least once a week to ensure the data is current.
- Collaborators should report a satisfaction rate of 90% or higher regarding the accessibility and usability of the library and results.

Test Outline:
- Track the time taken to grant access to the library after approval to ensure compliance with the 24-hour requirement.
- Monitor the frequency of updates to the match prediction results to confirm they are provided weekly.
- Conduct surveys with collaborators to assess their satisfaction with the access and usability of the resources.","The original user story was clear but lacked measurable criteria and specificity. The improved version enhances clarity by specifying the benefits, establishing quantifiable acceptance criteria, and providing a structured test outline to ensure the objectives are met.","that (ISO 29148)
can (NASA ARM)",4,4,0.0,4,4,0.0,5,4,-1.0,4,5,1.0,4,5,1.0,3,5,2.0,4,4,0.0,—
A29US1O1,"As an economic historian, I want to accurately link historical census records, so that I can study intergenerational mobility and long-term socioeconomic trends.","User Story:
As an economic historian, I want to effectively link historical census records with a minimum accuracy of 95% so that I can conduct in-depth analyses of intergenerational mobility and long-term socioeconomic trends, contributing valuable insights to the field.

Acceptance Criteria:
- The linking process must achieve at least 95% accuracy in matching records across different census years.
- The system should process and link records within a maximum of 10 seconds per batch of 1,000 records.
- A comprehensive report detailing the linking results should be generated for at least 90% of the processed records.

Test Outline:
- Validate the accuracy of linked records by cross-referencing with known historical data sets.
- Measure the time taken to link records in various batch sizes to ensure compliance with the 10-second criterion.
- Review the generated reports for completeness and accuracy to confirm they meet the specified standards.","The original user story was clear but lacked measurable criteria and specific performance metrics. The improved version enhances clarity by specifying accuracy, processing time, and reporting requirements, making it more actionable and aligned with business objectives.","that (ISO 29148)
can (NASA ARM)",4,4,0.0,4,4,0.0,5,4,-1.0,4,5,1.0,5,5,0.0,4,5,1.0,4,4,0.0,—
A29US2O1,"As a data scientist, I want to apply machine learning classification and text comparison techniques to record linkage, so that I can minimize false positives and negatives in historical data matching.","User Story:
As a data scientist, I want to implement advanced machine learning classification and text comparison techniques for record linkage so that I can reduce false positives and false negatives in historical data matching by at least 30%, improving the accuracy of our data integration efforts.

Acceptance Criteria:
- The machine learning model must achieve a precision rate of 90% or higher in identifying correct matches.
- The recall rate should be at least 85%, ensuring that the majority of true matches are identified.
- The overall error rate in historical data matching should be reduced by 30% compared to the current baseline.

Test Outline:
- Evaluate the performance of the machine learning model using a validation dataset to measure precision and recall.
- Compare the error rates before and after implementing the new techniques to confirm the 30% reduction.","The original user story was clear but lacked measurable criteria and specific targets. The improved version enhances clarity by specifying quantifiable goals for precision, recall, and error reduction, which strengthens the business relevance and testability of the story.","that (ISO 29148)
can (NASA ARM)",4,4,0.0,4,4,0.0,5,5,0.0,4,5,1.0,5,5,0.0,4,5,1.0,4,5,1.0,—
A29US3O1,"As a genealogist, I want a standardized and transparent census matching technique, so that I can consistently replicate record linkages across various historical datasets.","User Story:
As a genealogist, I want a standardized and transparent census matching technique so that I can reliably replicate record linkages across different historical datasets, ensuring accuracy and consistency in my research.

Acceptance Criteria:
- The matching technique must achieve a replication success rate of at least 90% when applied to a diverse set of historical datasets.
- Documentation of the matching process should be accessible and understandable, with a clarity rating of 4 out of 5 or higher from user feedback.
- The technique should be able to process and match records within an average time of 5 seconds per dataset.

Test Outline:
- Evaluate the replication success rate by applying the technique to a sample of historical datasets and measuring the accuracy of the linkages.
- Conduct user surveys to assess the clarity and usability of the documentation provided for the matching technique.
- Measure the processing time for matching records across various datasets to ensure it meets the specified time criteria.","The original user story was clear but lacked measurable criteria and specific acceptance standards. The improved version enhances clarity by specifying quantifiable success rates, user feedback metrics, and processing times, making it more actionable and aligned with the INVEST principles.","it (ISO 29148)
that (ISO 29148)
be able to (NASA ARM)
can (NASA ARM)",4,4,0.0,4,4,0.0,5,5,0.0,4,5,1.0,4,5,1.0,3,5,2.0,4,5,1.0,—
A29US4O1,"As a research librarian, I want guidance on the optimal size of training data for record linkage, so that I can support scholars in constructing unbiased linked datasets.","User Story:
As a research librarian, I want detailed guidance on the optimal size of training data for record linkage so that I can assist scholars in creating unbiased linked datasets that enhance the quality of their research.

Acceptance Criteria:
- The guidance must specify a recommended training data size range based on the number of records, with a minimum of 1,000 records for effective linkage.
- The recommendations should include at least 3 case studies demonstrating the impact of training data size on linkage accuracy.
- User feedback from at least 80% of scholars should indicate that the guidance significantly improves their dataset construction process.

Test Outline:
- Review the provided guidance against existing literature to ensure it aligns with best practices in record linkage.
- Conduct surveys with scholars who utilize the guidance to measure its effectiveness and gather insights on improvements.","The original user story was clear but lacked measurable criteria and specific details. The improved version enhances clarity by specifying the desired outcomes, providing quantifiable acceptance criteria, and outlining a structured test plan to verify the guidance's effectiveness.","best (ISO 29148)
effective (ISO 29148)
it (ISO 29148)
that (ISO 29148)
effective (NASA ARM)
can (NASA ARM)
best (NASA ARM)",4,5,1.0,4,4,0.0,5,5,0.0,4,5,1.0,4,5,1.0,3,5,2.0,4,5,1.0,—
A29US5O1,"As a software developer, I want to implement the described RNN-based approach for session-based recommendations, so that I can provide more accurate suggestions for users with short interaction histories.","User Story:
As a software developer, I want to implement a recurrent neural network (RNN) approach for session-based recommendations so that I can enhance the accuracy of suggestions for users with limited interaction histories, ultimately increasing user engagement by at least 20%.

Acceptance Criteria:
- The RNN model must achieve a minimum accuracy of 85% in predicting user preferences based on session data.
- The implementation should reduce the time taken to generate recommendations to under 1 second per session.
- User engagement metrics should show a 20% increase in click-through rates on recommended items within 3 months of deployment.

Test Outline:
- Evaluate the model's accuracy by comparing its predictions against actual user interactions in a controlled test environment.
- Measure the time taken to generate recommendations during peak usage to ensure it meets the 1-second requirement.
- Analyze user engagement data before and after implementation to confirm the targeted increase in click-through rates.",The original user story was clear but lacked measurable criteria and specific business impact. The improved version strengthens the acceptance criteria with quantifiable goals and outlines a structured test plan to verify the implementation's effectiveness.,"it (ISO 29148)
that (ISO 29148)
can (NASA ARM)",4,5,1.0,4,4,0.0,5,5,0.0,4,5,1.0,4,5,1.0,3,5,2.0,4,5,1.0,—
A29US6O1,"As an archivist, I want to extract subsets of possible matches for each record, so that researchers can efficiently focus on the most relevant links in large historical databases.","User Story:
As an archivist, I want to extract specific subsets of potential matches for each record so that researchers can concentrate on the top 10% of the most relevant links in extensive historical databases, enhancing their research efficiency.

Acceptance Criteria:
- The extraction process must identify and present the top 10% of relevant matches for each record within 5 seconds.
- At least 90% of researchers should report that the extracted subsets significantly improve their ability to find pertinent information.
- The system should handle a minimum of 1,000 records simultaneously without performance degradation.

Test Outline:
- Measure the time taken to extract subsets for various record sizes to ensure it meets the 5-second requirement.
- Conduct user surveys to assess the perceived value of the extracted subsets in aiding research.
- Test the system's performance with large datasets to confirm it can manage at least 1,000 records efficiently.","The original user story was clear but lacked measurable criteria and specific performance metrics. The improved version enhances clarity by specifying the percentage of relevant matches, response time, and user satisfaction, along with a structured test outline.","most (ISO 29148)
it (ISO 29148)
that (ISO 29148)
can (NASA ARM)",4,4,0.0,4,4,0.0,5,4,-1.0,4,5,1.0,4,5,1.0,3,5,2.0,4,4,0.0,—
A29US7O1,"As a policy analyst, I want access to unbiased linked census datasets, so that I can analyze the long-run effects of early life conditions and discrimination on economic outcomes.","User Story:
As a policy analyst, I want to access comprehensive and unbiased linked census datasets so that I can conduct in-depth analyses of the long-term impacts of early life conditions and discrimination on economic outcomes, ultimately informing policy decisions.

Acceptance Criteria:
- The datasets must include at least 10 years of linked census data to ensure robust longitudinal analysis.
- Data access should be granted within 5 business days of request, ensuring timely analysis.
- The datasets must be verified for bias, with a documented review process showing at least 95% accuracy in data representation.

Test Outline:
- Review the dataset contents to confirm the inclusion of the required time span and variables for analysis.
- Track the time taken from request to access to ensure it meets the 5-day requirement.
- Conduct a bias assessment of the datasets and document the findings to verify the accuracy percentage.","The original user story was clear but lacked measurable criteria and specificity regarding the datasets. The improved version enhances clarity by specifying the required data attributes, measurable acceptance criteria, and a structured test outline to ensure the analysis can be effectively conducted.","robust (ISO 29148)
it (ISO 29148)
that (ISO 29148)
timely (NASA ARM)
can (NASA ARM)",4,4,0.0,4,4,0.0,5,5,0.0,4,5,1.0,4,5,1.0,3,5,2.0,4,5,1.0,—
A29US8O1,"As a machine learning engineer, I want to develop and refine algorithms that mimic well-trained researchers in linking historical records, so that the matching process remains accurate and reliable.","User Story:
As a machine learning engineer, I want to design and enhance algorithms that emulate the expertise of seasoned researchers in linking historical records, so that the accuracy of the matching process is maintained at 95% or higher, ensuring reliability in data retrieval.

Acceptance Criteria:
- The algorithms must achieve a minimum accuracy rate of 95% in matching historical records during testing.
- The processing time for linking records should not exceed 3 seconds per record pair.
- User feedback from data analysts should reflect a satisfaction rate of at least 90% regarding the reliability of the matching results.

Test Outline:
- Evaluate the accuracy of the algorithms by comparing their results against a benchmark dataset of historical records.
- Measure the time taken to process record pairs to ensure it meets the 3-second requirement.
- Conduct surveys with data analysts to gather feedback on the effectiveness and reliability of the matching process.","The original user story was clear but lacked measurable criteria and specific performance goals. The improved version enhances clarity by specifying accuracy rates, processing times, and user satisfaction metrics, making it more actionable and aligned with business objectives.","it (ISO 29148)
that (ISO 29148)",4,4,0.0,4,4,0.0,5,5,0.0,4,5,1.0,4,5,1.0,3,5,2.0,4,5,1.0,—
A29US9O1,"As an academic researcher, I want to replicate the census matching technique in different historical contexts, so that I can apply it to a variety of studies on assimilation and educational returns.","User Story:
As an academic researcher, I want to adapt and replicate the census matching technique across various historical contexts so that I can enhance my studies on assimilation and educational returns, leading to more comprehensive insights.

Acceptance Criteria:
- The replication process must be successfully completed for at least 3 different historical contexts within a 6-month timeframe.
- Each application of the technique should yield a minimum of 5 peer-reviewed findings that demonstrate its effectiveness in analyzing assimilation and educational returns.
- User feedback from at least 80% of study participants should indicate that the adapted technique improved their understanding of the subject matter.

Test Outline:
- Review and document the replication process for each historical context to ensure consistency and accuracy.
- Analyze the peer-reviewed findings to confirm that they meet the specified criteria and gather participant feedback through surveys.","The original user story was clear but lacked measurable criteria and specificity regarding the outcomes. The improved version enhances clarity by specifying the number of contexts, expected findings, and participant feedback, thus strengthening the overall INVEST dimensions.","that (ISO 29148)
improved (ISO 29148)
can (NASA ARM)
improved (NASA ARM)
more (NASA ARM)",3,4,1.0,3,4,1.0,4,4,0.0,3,5,2.0,3,5,2.0,2,5,3.0,3,4,1.0,—
A29US10O1,"As a doctoral student, I want to utilize the described record linkage method in my research, so that I can explore new avenues in economic history using comprehensive and accurately linked data.","User Story:
As a doctoral student, I want to implement the specified record linkage method in my research so that I can analyze interconnected datasets and uncover new insights with a minimum of 95% accuracy in data linkage.

Acceptance Criteria:
- The record linkage method must successfully link datasets with at least 95% accuracy based on a validation set.
- The process should reduce data discrepancies by at least 50% compared to previous methods used in my research.
- I should be able to generate comprehensive reports on the linked data within 10 minutes of completing the linkage process.

Test Outline:
- Validate the accuracy of the linked data by comparing it against a known set of correct linkages.
- Measure the reduction in discrepancies by analyzing the data before and after applying the record linkage method.
- Time the report generation process to ensure it meets the 10-minute requirement.","The original user story was clear but lacked measurable criteria and specificity regarding the research context. The improved version enhances clarity by specifying the academic focus, establishing quantifiable acceptance criteria, and providing a structured test outline to ensure the effectiveness of the record linkage method.","it (ISO 29148)
that (ISO 29148)
be able to (NASA ARM)
can (NASA ARM)",4,4,0.0,4,4,0.0,5,5,0.0,4,5,1.0,4,5,1.0,3,5,2.0,4,5,1.0,—
A30US1O1,"As a law enforcement officer, I want to use machine learning models to predict the likelihood of criminal recidivism, so that I can implement targeted interventions to prevent repeat offenses.","User Story:
As a law enforcement officer, I want to utilize advanced machine learning models to accurately predict the likelihood of criminal recidivism so that I can implement targeted interventions that reduce repeat offenses by at least 20%.

Acceptance Criteria:
- The machine learning model must achieve a prediction accuracy of 85% or higher based on historical data.
- The implementation of targeted interventions should lead to a measurable decrease in recidivism rates within 12 months.
- User training sessions must be conducted for at least 90% of the law enforcement team to ensure effective use of the predictive tools.

Test Outline:
- Validate the model's accuracy by comparing its predictions against actual recidivism outcomes over a defined period.
- Track recidivism rates before and after the implementation of interventions to assess the impact.
- Evaluate the effectiveness of training sessions through participant feedback and competency assessments.","The original user story was clear but lacked specific measurable criteria and a structured approach. The improved version enhances clarity by specifying quantifiable goals, acceptance criteria, and a test outline to ensure the effectiveness of the machine learning implementation.","effective (ISO 29148)
that (ISO 29148)
effective (NASA ARM)
can (NASA ARM)",5,5,0.0,4,4,0.0,5,5,0.0,4,5,1.0,5,5,0.0,4,5,1.0,5,5,0.0,—
A30US2O1,"As a data scientist, I want to develop and refine Decision Tree models using convict data, so that I can accurately identify key factors influencing recidivism rates.","User Story:
As a data scientist, I want to create and enhance Decision Tree models utilizing convict data so that I can precisely identify the key factors that influence recidivism rates, ultimately improving intervention strategies.

Acceptance Criteria:
- The Decision Tree models must achieve an accuracy rate of at least 85% when predicting recidivism based on the test dataset.
- The models should be able to identify at least 5 significant factors contributing to recidivism with a confidence level of 95%.
- The refinement process should reduce model training time by at least 30% compared to previous iterations.

Test Outline:
- Validate the accuracy of the models by comparing predictions against actual recidivism outcomes in a controlled test set.
- Analyze the output of the models to ensure that at least 5 key factors are consistently identified across multiple runs.
- Measure the time taken for model training before and after implementing refinements to confirm the 30% reduction.","The original user story was clear but lacked measurable criteria and specific outcomes. The improved version enhances clarity by specifying quantifiable acceptance criteria and a structured test outline, ensuring a focus on business relevance and actionable insights.","that (ISO 29148)
significant (ISO 29148)
be able to (NASA ARM)
can (NASA ARM)",4,4,0.0,4,4,0.0,5,5,0.0,4,5,1.0,5,5,0.0,4,5,1.0,4,5,1.0,—
A30US3O1,"As a correctional facility administrator, I want to leverage predictive models to assess the risk of inmates committing future crimes, so that I can tailor rehabilitation programs accordingly.","User Story:
As a correctional facility administrator, I want to utilize advanced predictive analytics to evaluate the likelihood of inmates reoffending, so that I can design and implement targeted rehabilitation programs that reduce recidivism rates by at least 20%.

Acceptance Criteria:
- Predictive models must achieve a minimum accuracy of 85% in identifying inmates at high risk of reoffending.
- The implementation of tailored rehabilitation programs should lead to a measurable decrease in recidivism rates within 12 months of program initiation.
- At least 75% of inmates participating in the programs should report improved coping skills and reduced likelihood of reoffending in follow-up surveys.

Test Outline:
- Validate the accuracy of predictive models by comparing their assessments against actual reoffending rates over a specified period.
- Track recidivism rates before and after the implementation of rehabilitation programs to measure effectiveness.
- Conduct surveys with program participants to assess their perceived improvements in skills and behaviors.","The original user story was clear but lacked specific, measurable criteria for success. The improved version enhances clarity by specifying quantifiable goals, acceptance criteria, and a structured test outline to ensure the effectiveness of the predictive models and rehabilitation programs.","that (ISO 29148)
improved (ISO 29148)
can (NASA ARM)
improved (NASA ARM)",5,4,-1.0,4,4,0.0,5,5,0.0,4,5,1.0,5,5,0.0,4,5,1.0,5,5,0.0,—
A30US4O1,"As a policymaker, I want insights from recidivism prediction models, so that I can formulate effective criminal justice policies aimed at reducing repeat offenses.","User Story:
As a policymaker, I want to obtain actionable insights from recidivism prediction models so that I can develop data-driven criminal justice policies that effectively reduce repeat offenses by at least 20% over the next three years.

Acceptance Criteria:
- The prediction models must provide insights with a minimum accuracy of 85% in identifying high-risk individuals.
- Policy recommendations derived from the insights should be implemented and evaluated within 6 months of analysis.
- A follow-up study should show a reduction in recidivism rates by at least 20% within one year of policy implementation.

Test Outline:
- Validate the accuracy of the prediction models by comparing their outputs against actual recidivism data.
- Monitor the implementation timeline of policy recommendations to ensure they are executed within the specified 6-month period.
- Conduct a longitudinal study to assess the impact of the new policies on recidivism rates after one year.","The original user story was clear but lacked measurable criteria and specific goals. The improved version enhances clarity by specifying quantifiable targets, ensuring the insights lead to actionable policies, and providing a structured test outline to verify effectiveness.","that (ISO 29148)
can (NASA ARM)",4,5,1.0,4,4,0.0,5,5,0.0,4,5,1.0,4,5,1.0,3,5,2.0,4,5,1.0,—
A30US5O1,"As a criminal justice researcher, I want to analyze the main factors affecting recidivism, so that I can contribute to the development of evidence-based strategies for crime prevention.","User Story:
As a criminal justice researcher, I want to conduct a comprehensive analysis of the primary factors influencing recidivism rates so that I can provide actionable insights that contribute to the formulation of evidence-based crime prevention strategies.

Acceptance Criteria:
- The analysis must identify at least 5 key factors affecting recidivism, supported by quantitative data from a minimum of 500 case studies.
- The findings should be presented in a report that includes visual data representations, with a completion deadline of 3 months.
- The research should lead to at least 3 actionable recommendations for policy changes or interventions aimed at reducing recidivism rates.

Test Outline:
- Review the analysis report to ensure it includes the required number of factors and data sources.
- Validate the recommendations against current literature and practices in crime prevention to assess their feasibility and potential impact.","The original user story was clear but lacked specific, measurable criteria. The improved version enhances clarity by specifying the number of factors to analyze, the data requirements, and the expected outcomes, thus strengthening the overall structure and focus on business relevance.","it (ISO 29148)
that (ISO 29148)
can (NASA ARM)",4,5,1.0,4,4,0.0,5,5,0.0,4,5,1.0,4,5,1.0,3,5,2.0,4,5,1.0,—
A30US6O1,"As a blockchain developer, I want to explore the integration of distributed ledger technology in predictive criminology, so that I can enhance the transparency and security of recidivism data.","User Story:
As a blockchain developer, I want to investigate the integration of distributed ledger technology in predictive criminology so that I can significantly improve the transparency and security of recidivism data, ultimately reducing data tampering incidents by at least 80%.

Acceptance Criteria:
- The integration must demonstrate a reduction in data discrepancies by 90% compared to traditional methods.
- The system should allow for real-time updates and access to recidivism data with a latency of no more than 1 second.
- User feedback from law enforcement agencies should reflect a satisfaction rate of 85% or higher regarding the reliability and security of the data.

Test Outline:
- Analyze the accuracy of recidivism data before and after implementing the blockchain solution to measure discrepancies.
- Measure the latency of data updates and access times to ensure they meet the 1-second requirement.
- Conduct surveys with law enforcement users to gather feedback on their experience with the new system.","The original user story was clear but lacked measurable criteria and specific goals. The improved version enhances clarity by specifying quantifiable acceptance criteria and a structured test outline, emphasizing the business impact of the integration.","that (ISO 29148)
can (NASA ARM)
more (NASA ARM)",3,4,1.0,3,4,1.0,4,5,1.0,3,5,2.0,4,5,1.0,2,5,3.0,3,5,2.0,—
A30US7O1,"As a probation officer, I want access to predictive tools that identify high-risk individuals, so that I can prioritize monitoring and support for those most likely to reoffend.","User Story:
As a probation officer, I want to utilize advanced predictive analytics tools to identify individuals at high risk of reoffending so that I can effectively prioritize my monitoring efforts and allocate support resources where they are most needed.

Acceptance Criteria:
- The predictive tool must achieve at least 85% accuracy in identifying high-risk individuals based on historical data.
- The system should provide risk assessments within 5 seconds of input to ensure timely decision-making.
- At least 90% of probation officers using the tool should report improved efficiency in managing their caseloads within three months of implementation.

Test Outline:
- Validate the accuracy of the predictive tool by comparing its assessments against actual reoffending rates over a defined period.
- Measure the response time of the tool during peak usage to ensure it meets the 5-second requirement.
- Conduct surveys with probation officers to gather feedback on their efficiency and satisfaction with the tool.","The original user story was clear but lacked measurable criteria and specific details. The improved version enhances clarity by specifying the use of predictive analytics, outlines explicit acceptance criteria, and provides a structured test plan to ensure the tool's effectiveness and value.","most (ISO 29148)
it (ISO 29148)
that (ISO 29148)
improved (ISO 29148)
timely (NASA ARM)
can (NASA ARM)
improved (NASA ARM)",4,4,0.0,4,4,0.0,5,5,0.0,4,5,1.0,4,5,1.0,3,5,2.0,4,5,1.0,—
A30US8O1,"As an IT specialist in a penitentiary institution, I want to implement Decision Tree models within our information systems, so that staff can easily access recidivism risk assessments for decision-making support.","User Story:
As an IT specialist in a penitentiary institution, I want to integrate Decision Tree models into our information systems so that staff can access recidivism risk assessments within 3 clicks, enhancing their decision-making support and improving inmate management.

Acceptance Criteria:
- The Decision Tree model must provide risk assessments with at least 85% accuracy based on historical data.
- Staff should be able to retrieve risk assessment results within 5 seconds of initiating a search.
- Training sessions for staff should achieve a satisfaction rate of 90% or higher regarding the usability of the new system.

Test Outline:
- Validate the accuracy of the Decision Tree model by comparing its predictions against actual recidivism outcomes over a 6-month period.
- Measure the time taken for staff to access risk assessments and ensure it meets the 5-second requirement.
- Conduct post-training surveys to assess staff satisfaction with the new system.","The original user story was clear but lacked measurable criteria and specific performance metrics. The improved version enhances clarity by specifying the desired outcomes, measurable acceptance criteria, and a structured test outline to ensure the implementation's effectiveness.","it (ISO 29148)
that (ISO 29148)
be able to (NASA ARM)
can (NASA ARM)",4,4,0.0,4,4,0.0,5,4,-1.0,4,5,1.0,4,5,1.0,3,5,2.0,4,4,0.0,—
A30US9O1,"As a public safety advocate, I want to understand the factors that contribute to recidivism, so that I can promote community programs that address these underlying issues.","User Story:
As a public safety advocate, I want to analyze the key factors contributing to recidivism rates so that I can effectively promote community programs that target these issues and reduce reoffending.

Acceptance Criteria:
- Identify and categorize at least 5 major factors influencing recidivism, supported by data from recent studies.
- Develop a report that outlines actionable recommendations for community programs, with a goal of reducing recidivism by at least 20% over the next 3 years.
- Gather feedback from at least 100 community members on proposed programs to ensure they address the identified factors.

Test Outline:
- Review existing research and compile data on recidivism factors to validate findings.
- Present the report to stakeholders and measure their understanding and acceptance of the recommendations through surveys.","The original user story was clear but lacked specificity and measurable criteria. The improved version enhances clarity by specifying the analysis of factors, establishing quantifiable goals, and outlining a structured approach for validation and feedback.","that (ISO 29148)
these (ISO 29148)
can (NASA ARM)",3,4,1.0,2,5,3.0,4,5,1.0,2,5,3.0,3,5,2.0,2,5,3.0,3,5,2.0,—
A30US10O1,"As a legal advisor, I want to utilize predictive models to assess the risk of recidivism for clients, so that I can provide informed recommendations during parole hearings and sentencing.","User Story:
As a legal advisor, I want to leverage predictive analytics models to evaluate the risk of recidivism for my clients so that I can deliver data-driven recommendations during parole hearings and sentencing, ultimately improving outcomes for my clients.

Acceptance Criteria:
- The predictive model must achieve at least 85% accuracy in assessing recidivism risk based on historical data.
- The model should provide risk assessments within 5 seconds of input to ensure timely decision-making.
- User feedback from legal advisors should indicate a satisfaction rate of 90% or higher regarding the usefulness of the recommendations provided by the model.

Test Outline:
- Validate the accuracy of the predictive model by comparing its assessments against actual recidivism rates over a defined period.
- Measure the response time of the model to ensure it meets the 5-second requirement.
- Conduct surveys with legal advisors to gather feedback on the effectiveness and applicability of the recommendations.","The original user story was clear but lacked measurable criteria and specific performance metrics. The improved version enhances clarity by specifying the accuracy, response time, and user satisfaction, along with a structured test outline to verify the model's effectiveness.","it (ISO 29148)
that (ISO 29148)
timely (NASA ARM)
can (NASA ARM)",4,4,0.0,4,4,0.0,5,5,0.0,4,5,1.0,5,5,0.0,4,5,1.0,4,5,1.0,—
A31US1O1,"As a search engine developer, I want to implement advertisement identification algorithms, so that we can deliver cleaner and more relevant search results to users.","User Story:
As a search engine developer, I want to implement advanced advertisement identification algorithms so that we can enhance the relevance of search results and improve user satisfaction by reducing irrelevant ads by at least 70%.

Acceptance Criteria:
- The new algorithms must correctly identify and filter out irrelevant advertisements in at least 90% of search queries.
- The implementation should lead to a measurable increase in user engagement metrics, such as click-through rates, by at least 15% within the first month.
- User feedback should reflect a satisfaction rate of 80% or higher regarding the relevance of search results post-implementation.

Test Outline:
- Conduct A/B testing to compare the performance of search results with and without the new algorithms, measuring the accuracy of ad identification.
- Analyze user engagement metrics before and after the implementation to confirm the expected increase in click-through rates.","The original user story was clear but lacked specific, measurable criteria. The improved version strengthens the business relevance by quantifying the expected outcomes and providing detailed acceptance criteria and a structured test outline.","that (ISO 29148)
can (NASA ARM)",3,4,1.0,3,4,1.0,4,5,1.0,3,5,2.0,4,5,1.0,2,5,3.0,3,5,2.0,—
A31US2O1,"As an internet security specialist, I want to deploy ad detection methods, so that we can protect users from malicious advertisements and enhance overall online safety.","User Story:
As an internet security specialist, I want to implement advanced ad detection methods so that we can effectively shield users from malicious advertisements and significantly improve overall online safety.

Acceptance Criteria:
- The ad detection system must identify and block at least 98% of malicious ads in real-time.
- The implementation should reduce user exposure to harmful ads by at least 75% within the first month of deployment.
- User reports of encountering malicious ads should decrease by 90% within three months post-implementation.

Test Outline:
- Conduct a series of tests to measure the detection rate of malicious ads against a comprehensive database of known threats.
- Analyze user feedback and incident reports before and after deployment to assess the reduction in exposure to harmful advertisements.","The original user story was clear but lacked specific, measurable criteria. The improved version enhances clarity by specifying the capability, providing quantifiable acceptance criteria, and outlining a structured test plan to ensure effectiveness.","that (ISO 29148)
can (NASA ARM)",3,4,1.0,3,4,1.0,4,4,0.0,3,5,2.0,4,5,1.0,2,5,3.0,3,4,1.0,—
A31US3O1,"As a web browser developer, I want to integrate ad identification features, so that users can easily manage and block unwanted advertisements while browsing.","User Story:
As a web browser developer, I want to implement advanced ad identification features so that users can effectively manage and block unwanted advertisements, enhancing their browsing experience and reducing distractions.

Acceptance Criteria:
- The ad identification feature must accurately detect and categorize at least 95% of advertisements on web pages.
- Users should be able to block or allow ads with a single click, achieving this action within 1 second.
- User satisfaction regarding ad management should reach at least 90% based on post-implementation surveys.

Test Outline:
- Conduct tests to evaluate the accuracy of ad detection against a diverse set of web pages and ad types.
- Measure the time taken for users to block or allow ads to ensure it meets the 1-second requirement.
- Gather user feedback through surveys to assess satisfaction levels with the new ad management features.","The original user story was clear but lacked measurable criteria and specific acceptance tests. The improved version enhances clarity by specifying measurable outcomes, user satisfaction goals, and a structured testing approach to ensure the feature's effectiveness.","it (ISO 29148)
this (ISO 29148)
that (ISO 29148)
be able to (NASA ARM)
can (NASA ARM)",4,4,0.0,4,4,0.0,5,5,0.0,4,5,1.0,4,5,1.0,3,5,2.0,4,5,1.0,—
A31US4O1,"As an educator, I want to use ad detection tools in my curriculum, so that students can learn about internet safety and the impact of advertisements on web content.","User Story:
As an educator, I want to integrate ad detection tools into my curriculum so that students can understand internet safety and critically analyze the influence of advertisements on online content, enhancing their digital literacy.

Acceptance Criteria:
- At least 80% of students should demonstrate improved understanding of internet safety concepts after using the ad detection tools, as measured by pre- and post-lesson assessments.
- The curriculum should include at least 3 interactive lessons that utilize the ad detection tools, with student engagement ratings of 90% or higher.
- Feedback from students should indicate a satisfaction rate of 85% or higher regarding the relevance and effectiveness of the lessons on internet safety.

Test Outline:
- Administer assessments before and after the lessons to evaluate knowledge gains related to internet safety.
- Collect and analyze student engagement data during the lessons to ensure high participation and interest levels.
- Conduct surveys to gather student feedback on the curriculum's effectiveness and relevance.","The original user story was clear but lacked measurable criteria and specific outcomes. The improved version enhances clarity by specifying educational goals, measurable acceptance criteria, and a structured test outline to assess the effectiveness of the curriculum.","that (ISO 29148)
improved (ISO 29148)
can (NASA ARM)
improved (NASA ARM)",4,4,0.0,4,5,1.0,5,4,-1.0,4,5,1.0,4,5,1.0,3,5,2.0,4,5,1.0,—
A31US5O1,"As a digital marketer, I want to understand how advertisements are identified on web pages, so that I can optimize ad placements and improve campaign effectiveness.","User Story:
As a digital marketer, I want to analyze the identification methods of advertisements on web pages so that I can strategically optimize ad placements and enhance the effectiveness of my marketing campaigns.

Acceptance Criteria:
- A comprehensive report must be generated that outlines at least 5 different methods of ad identification used across various web pages.
- The analysis should include performance metrics showing a minimum of 20% improvement in click-through rates (CTR) after implementing optimized ad placements.
- User feedback from at least 100 campaign participants should indicate a satisfaction rate of 90% or higher regarding the clarity and effectiveness of the ad placements.

Test Outline:
- Review and document the various ad identification methods through a series of web page analyses.
- Measure the CTR before and after optimization to confirm the 20% improvement.
- Conduct surveys with campaign participants to gather feedback on their experience with the ad placements.","The original user story was clear but lacked measurable criteria and specific details. The improved version enhances clarity by specifying the analysis methods, measurable acceptance criteria, and a structured test outline to ensure the effectiveness of the marketing strategies.","that (ISO 29148)
can (NASA ARM)",4,4,0.0,4,4,0.0,5,5,0.0,4,5,1.0,4,5,1.0,3,5,2.0,4,5,1.0,—
A31US6O1,"As a privacy advocate, I want to utilize advertisement identification techniques, so that I can help users reduce unwanted tracking and protect their online privacy.","User Story:
As a privacy advocate, I want to implement advertisement identification techniques so that I can empower users to minimize unwanted tracking and enhance their online privacy.

Acceptance Criteria:
- The advertisement identification system must successfully identify and block at least 90% of tracking attempts from third-party advertisers.
- Users should report a 75% reduction in unsolicited advertisements after utilizing the identification techniques.
- The implementation should be completed within 4 weeks and undergo user testing with at least 100 participants to validate effectiveness.

Test Outline:
- Conduct a series of tests to measure the percentage of tracking attempts successfully identified and blocked.
- Survey users before and after implementation to quantify the reduction in unsolicited advertisements.","The original user story was clear but lacked measurable criteria and specific timelines. The improved version strengthens the focus on user empowerment, provides explicit acceptance criteria, and outlines a structured testing approach to ensure effectiveness.","that (ISO 29148)
can (NASA ARM)",3,4,1.0,3,4,1.0,4,5,1.0,3,5,2.0,4,5,1.0,2,5,3.0,3,5,2.0,—
A31US7O1,"As a data scientist, I want to analyze and refine ad prediction approaches, so that I can develop more accurate and efficient methods for identifying advertisements on web pages.","User Story:
As a data scientist, I want to analyze and enhance ad prediction algorithms so that I can achieve at least a 15% increase in accuracy and a 20% reduction in processing time for identifying advertisements on web pages.

Acceptance Criteria:
- The refined prediction models must demonstrate an accuracy improvement of 15% compared to the current baseline.
- The processing time for ad identification should be reduced to under 1 second per request for at least 90% of cases.
- A/B testing should show that the new methods outperform existing approaches in at least 80% of test scenarios.

Test Outline:
- Evaluate the accuracy of the new prediction models against a validation dataset to confirm the 15% improvement.
- Measure the processing time for ad identification before and after implementing the new methods to ensure compliance with the 1-second requirement.
- Conduct A/B testing to compare the performance of the new algorithms against the current methods and analyze the results.","The original user story was clear but lacked measurable criteria and specific goals. The improved version specifies quantifiable targets for accuracy and processing time, enhancing clarity and focus on business impact, along with a structured test outline.","that (ISO 29148)
can (NASA ARM)",3,4,1.0,3,4,1.0,4,5,1.0,3,5,2.0,4,5,1.0,2,5,3.0,3,5,2.0,—
A31US8O1,"As a content creator, I want to identify and manage advertisements on my website, so that I can maintain control over my content and revenue streams.","User Story:
As a content creator, I want to effectively identify and manage advertisements on my website so that I can optimize my content strategy and maximize my revenue streams.

Acceptance Criteria:
- The system must allow content creators to view all active advertisements within 3 clicks.
- Content creators should be able to modify or remove advertisements, with changes reflected on the website within 5 minutes.
- At least 90% of content creators should report improved control over their advertisements after implementation.

Test Outline:
- Track the number of clicks required to access the advertisement management interface to ensure it meets the 3-click requirement.
- Measure the time taken for changes to be reflected on the website after modifications are made.
- Conduct surveys with content creators to assess their perceived control over advertisements before and after the feature rollout.","The original user story was clear but lacked measurable criteria and specific acceptance metrics. The improved version enhances clarity by specifying the capability, business relevance, and includes quantifiable acceptance criteria and a structured test outline.","it (ISO 29148)
that (ISO 29148)
improved (ISO 29148)
all (ISO 29148)
be able to (NASA ARM)
can (NASA ARM)
improved (NASA ARM)",4,4,0.0,4,4,0.0,5,5,0.0,4,5,1.0,4,5,1.0,3,5,2.0,4,5,1.0,—
A31US9O1,"As a product manager for a security software company, I want to incorporate ad identification features into our products, so that we can offer comprehensive protection against unwanted advertisements and malware.","User Story:
As a product manager for a security software company, I want to integrate advanced ad identification features into our products so that we can provide users with robust protection against unwanted advertisements and malware, enhancing their overall security experience.

Acceptance Criteria:
- The ad identification feature must detect and block at least 95% of unwanted advertisements and malware in real-time.
- The integration should not increase the software's loading time by more than 10%.
- User satisfaction with the ad identification feature should reach at least 90% based on post-implementation surveys.

Test Outline:
- Conduct tests to measure the detection rate of unwanted advertisements and malware against a comprehensive dataset.
- Monitor the software's performance metrics before and after the integration to ensure loading times remain within the specified limit.
- Gather user feedback through surveys to assess satisfaction levels with the new feature.","The original user story was clear but lacked measurable criteria and specific acceptance metrics. The improved version enhances clarity by specifying the expected performance of the ad identification features, providing quantifiable acceptance criteria, and outlining a structured test plan.","robust (ISO 29148)
that (ISO 29148)
can (NASA ARM)
more (NASA ARM)",4,4,0.0,4,4,0.0,5,5,0.0,4,5,1.0,4,5,1.0,3,5,2.0,4,5,1.0,—
A31US10O1,"As a researcher in web technologies, I want to evaluate the effectiveness of different ad prediction methods, so that I can contribute to the advancement of advertisement filtering systems.","User Story:
As a researcher in web technologies, I want to systematically evaluate the effectiveness of various ad prediction methods so that I can provide data-driven insights that enhance advertisement filtering systems and improve user experience.

Acceptance Criteria:
- The evaluation must include at least 5 different ad prediction methods, with performance metrics collected for each.
- Each method's effectiveness should be quantified, demonstrating at least a 20% improvement in prediction accuracy compared to baseline models.
- A comprehensive report summarizing findings and recommendations should be completed within 4 weeks of starting the evaluation.

Test Outline:
- Implement a controlled study to assess the performance of each ad prediction method against a standardized dataset.
- Analyze the results to calculate the percentage improvement in accuracy and compile the findings into a detailed report.","The original user story was clear but lacked measurable criteria and specificity. The improved version enhances clarity by defining the research scope, establishing quantifiable acceptance criteria, and outlining a structured test plan to ensure the research's effectiveness and relevance.","that (ISO 29148)
can (NASA ARM)",3,4,1.0,2,4,2.0,4,5,1.0,2,5,3.0,3,5,2.0,2,5,3.0,3,5,2.0,—
A32US1O1,"As an NLP researcher, I want to develop multi-task learning models that integrate sentiment analysis and sarcasm detection, so that I can enhance the accuracy of stance detection in text analysis.","User Story:
As an NLP researcher, I want to create multi-task learning models that effectively combine sentiment analysis and sarcasm detection so that I can improve the accuracy of stance detection in text analysis by at least 15%.

Acceptance Criteria:
- The integrated model must achieve a minimum accuracy of 85% on sentiment analysis tasks.
- The model should demonstrate at least a 10% improvement in sarcasm detection accuracy compared to existing benchmarks.
- The overall stance detection accuracy should increase by at least 15% when using the multi-task model versus single-task models.

Test Outline:
- Evaluate the model's performance on a standardized dataset to measure sentiment analysis accuracy.
- Compare sarcasm detection results against established benchmarks to quantify improvements.
- Conduct a comprehensive analysis of stance detection accuracy using both the multi-task model and traditional models to validate the claimed improvements.","The original user story was clear but lacked measurable criteria and specific targets. The improved version emphasizes quantifiable goals, enhancing clarity and focus on the business impact of the research.","that (ISO 29148)
can (NASA ARM)",4,4,0.0,4,4,0.0,5,4,-1.0,4,5,1.0,4,5,1.0,3,5,2.0,4,4,0.0,—
A32US2O1,"As a data scientist, I want to implement Parallel Multi-Task Learning (PMTL) and Sequential Multi-Task Learning (SMTL) models, so that I can improve the performance of stance detection algorithms on social media data.","User Story:
As a data scientist, I want to develop and deploy Parallel Multi-Task Learning (PMTL) and Sequential Multi-Task Learning (SMTL) models so that I can enhance the accuracy of stance detection algorithms on social media data by at least 15%.

Acceptance Criteria:
- The PMTL and SMTL models must demonstrate an improvement in stance detection accuracy of 15% or more compared to baseline models.
- The models should process and analyze social media datasets with a minimum of 10,000 entries within 5 minutes.
- Performance metrics, including precision, recall, and F1 score, should be reported for both models, achieving at least 80% in each category.

Test Outline:
- Evaluate the accuracy of the stance detection algorithms before and after implementing the PMTL and SMTL models using a validation dataset.
- Measure the processing time for the models on the specified dataset to ensure it meets the 5-minute requirement.
- Analyze the performance metrics to confirm they meet or exceed the established thresholds.","The original user story was clear but lacked measurable criteria and specific performance goals. The improved version clarifies the intended outcomes, sets explicit acceptance criteria, and provides a structured test outline to ensure the effectiveness of the models.","it (ISO 29148)
that (ISO 29148)
can (NASA ARM)
more (NASA ARM)",4,4,0.0,4,4,0.0,5,5,0.0,4,5,1.0,4,5,1.0,3,5,2.0,4,5,1.0,—
A32US3O1,"As a social media analyst, I want automated stance detection tools that account for brevity and informality, so that I can accurately gauge public opinions and attitudes toward specific topics.","User Story:
As a social media analyst, I want to utilize automated stance detection tools that effectively interpret brief and informal language so that I can accurately assess public opinions and attitudes toward specific topics with a minimum accuracy rate of 85%.

Acceptance Criteria:
- The stance detection tools must achieve at least 85% accuracy in identifying sentiments from social media posts.
- The tools should process and analyze data from at least 1,000 posts per hour to ensure timely insights.
- User feedback should reflect a satisfaction rate of 90% or higher regarding the tool's effectiveness in capturing nuanced opinions.

Test Outline:
- Validate the accuracy of stance detection by comparing tool outputs against a manually annotated dataset.
- Measure the processing speed of the tools by analyzing the number of posts processed within the specified time frame.","The original user story was clear but lacked measurable criteria and specific performance metrics. The improved version enhances clarity by specifying accuracy rates, processing speeds, and user satisfaction, making it more actionable and aligned with business goals.","that (ISO 29148)
timely (NASA ARM)
can (NASA ARM)",4,4,0.0,4,4,0.0,5,5,0.0,4,5,1.0,4,5,1.0,3,5,2.0,4,5,1.0,—
A32US4O1,"As a product manager for an opinion analysis platform, I want to incorporate Transformer-based architectures with multi-task learning, so that our tool can provide state-of-the-art stance detection capabilities to users.","User Story:
As a product manager for an opinion analysis platform, I want to implement Transformer-based architectures with multi-task learning so that our tool can deliver advanced stance detection capabilities, improving accuracy by at least 20% compared to current methods.

Acceptance Criteria:
- The new model must achieve a minimum F1 score of 0.85 on stance detection tasks during validation.
- The implementation should reduce processing time for stance detection by at least 30% compared to existing solutions.
- User feedback should reflect a satisfaction rate of 90% or higher regarding the accuracy and reliability of stance detection after deployment.

Test Outline:
- Evaluate the model's performance using a benchmark dataset to ensure it meets the F1 score requirement.
- Measure the processing time for stance detection before and after the implementation to confirm the reduction.
- Conduct user surveys post-deployment to assess satisfaction with the new capabilities.","The original user story was well-defined but lacked measurable criteria and specific performance goals. The improved version clarifies the expected outcomes, provides quantifiable acceptance criteria, and outlines a structured testing approach to ensure the implementation meets business objectives.","it (ISO 29148)
that (ISO 29148)
can (NASA ARM)",4,5,1.0,4,4,0.0,5,5,0.0,4,5,1.0,3,5,2.0,2,5,3.0,4,5,1.0,—
A32US5O1,"As a machine learning engineer, I want to explore and apply different task weighting techniques in multi-task learning models, so that I can optimize the integration of sentiment, stance, and sarcasm detection tasks for better performance.","User Story:
As a machine learning engineer, I want to investigate and implement various task weighting techniques in multi-task learning models so that I can enhance the performance of sentiment, stance, and sarcasm detection tasks by at least 15% in accuracy.

Acceptance Criteria:
- The integration of task weighting techniques must lead to a measurable improvement of at least 15% in the overall accuracy of the model compared to baseline performance.
- Each task's performance should be evaluated individually, with at least 80% of tasks showing improvement after applying the new techniques.
- The model's training time should not exceed 20% longer than the baseline training duration.

Test Outline:
- Compare the accuracy of the multi-task learning model with and without the task weighting techniques using a standardized dataset.
- Analyze the performance metrics of each individual task to ensure that at least 80% show improvement.
- Measure and document the training time for both the baseline and the optimized model.","The original user story was well-defined but lacked measurable criteria and specific performance goals. The improved version clarifies the expected outcomes, provides quantifiable acceptance criteria, and outlines a structured testing approach to ensure the effectiveness of the implemented techniques.","that (ISO 29148)
can (NASA ARM)",4,4,0.0,4,4,0.0,5,5,0.0,4,5,1.0,4,5,1.0,3,5,2.0,4,5,1.0,—
A32US6O1,"As an academic instructor, I want to use the SMTL-HW model as a case study in my Natural Language Processing course, so that students can learn about the advancements in multi-task learning for stance detection.","User Story:
As an academic instructor, I want to incorporate the SMTL-HW model as a case study in my Natural Language Processing course so that my students can gain practical insights into the latest advancements in multi-task learning for stance detection, enhancing their understanding and application of these concepts.

Acceptance Criteria:
- At least 80% of students should demonstrate improved comprehension of multi-task learning concepts after the case study, as measured by pre- and post-assessment scores.
- The case study should include hands-on exercises that engage at least 90% of the class during the session.
- Student feedback should reflect a satisfaction rate of 85% or higher regarding the relevance and clarity of the SMTL-HW model in relation to their learning objectives.

Test Outline:
- Administer assessments before and after the case study to evaluate knowledge gains.
- Monitor student participation during hands-on exercises to ensure engagement levels meet the target.
- Conduct a survey after the session to gather feedback on the case study's effectiveness and relevance.","The original user story was clear but lacked measurable criteria and specific outcomes. The improved version enhances clarity by specifying the expected learning outcomes, engagement metrics, and satisfaction rates, making it more actionable and aligned with educational goals.","that (ISO 29148)
these (ISO 29148)
improved (ISO 29148)
can (NASA ARM)
improved (NASA ARM)",4,4,0.0,4,5,1.0,5,5,0.0,4,5,1.0,4,5,1.0,3,5,2.0,4,5,1.0,—
A32US7O1,"As a software developer, I want to implement an accessible architecture for multi-task learning models, so that my team can efficiently deploy stance detection systems in real-world applications.","User Story:
As a software developer, I want to design and implement an accessible architecture for multi-task learning models so that my team can deploy stance detection systems in real-world applications with a deployment success rate of at least 95%.

Acceptance Criteria:
- The architecture must support the integration of at least three different stance detection tasks simultaneously.
- Deployment of the stance detection system should be achievable within 30 minutes for 90% of use cases.
- The system should demonstrate a performance improvement of at least 20% in accuracy compared to previous models.

Test Outline:
- Evaluate the architecture by testing the integration of multiple tasks and measuring the success rate of deployments.
- Monitor the time taken for deployment across various scenarios to ensure it meets the 30-minute requirement.
- Compare the accuracy of the new model against previous versions to validate the performance improvement.","The original user story was clear but lacked measurable criteria and specific outcomes. The improved version enhances clarity by specifying the expected success rate, integration capabilities, and performance improvements, along with structured acceptance criteria and a test outline.","it (ISO 29148)
that (ISO 29148)
can (NASA ARM)",4,4,0.0,4,4,0.0,5,5,0.0,4,5,1.0,4,5,1.0,3,5,2.0,4,5,1.0,—
A32US8O1,"As a linguist, I want to analyze the interaction between sentiment, stance, and sarcasm in text, so that I can better understand the nuances of human communication in digital environments.","User Story:
As a linguist, I want to conduct a comprehensive analysis of the interplay between sentiment, stance, and sarcasm in digital text so that I can gain deeper insights into the complexities of human communication and improve automated text interpretation models.

Acceptance Criteria:
- The analysis must include at least 500 text samples to ensure a robust dataset for accurate findings.
- The study should identify and categorize sentiment, stance, and sarcasm with a precision rate of 90% or higher.
- A report summarizing the findings and implications should be completed within 4 weeks of data collection.

Test Outline:
- Validate the categorization accuracy by cross-referencing a subset of analyzed texts with expert evaluations.
- Review the final report for clarity, depth, and actionable insights to ensure it meets academic standards.","The original user story was well-articulated but could benefit from more specificity and measurable criteria. The improved version clarifies the scope of the analysis, sets quantifiable acceptance criteria, and outlines a structured test plan to enhance clarity and focus on the research's value.","robust (ISO 29148)
it (ISO 29148)
that (ISO 29148)
can (NASA ARM)",4,4,0.0,4,4,0.0,5,5,0.0,4,5,1.0,4,5,1.0,3,5,2.0,4,5,1.0,—
A32US9O1,"As a marketing analyst, I want to leverage enhanced stance detection models, so that I can gain deeper insights into consumer attitudes and tailor marketing strategies accordingly.","User Story:
As a marketing analyst, I want to utilize advanced stance detection models so that I can obtain actionable insights into consumer attitudes, enabling me to customize marketing strategies that increase engagement by at least 20%.

Acceptance Criteria:
- The stance detection models must achieve an accuracy rate of 85% or higher in identifying consumer sentiments.
- Insights generated should lead to a measurable increase in campaign effectiveness, with at least a 20% improvement in engagement metrics.
- The implementation of these models should be completed within 4 weeks, with a follow-up analysis conducted 2 weeks post-implementation.

Test Outline:
- Validate the accuracy of the stance detection models through a series of test datasets and compare results against known sentiments.
- Measure engagement metrics before and after the implementation of the models to assess the impact on marketing strategies.","The original user story was well-structured but lacked specific measurable criteria and a clear business impact. The improved version clarifies the expected outcomes, sets quantifiable acceptance criteria, and provides a structured test outline to ensure the effectiveness of the stance detection models.","that (ISO 29148)
these (ISO 29148)
can (NASA ARM)",3,5,2.0,3,4,1.0,4,5,1.0,3,5,2.0,4,5,1.0,2,5,3.0,3,5,2.0,—
A32US10O1,"As an AI ethics specialist, I want to evaluate the fairness and bias of multi-task learning models in stance detection, so that I can ensure the ethical deployment of these technologies in diverse linguistic contexts.","User Story:
As an AI ethics specialist, I want to assess the fairness and bias of multi-task learning models used in stance detection so that I can guarantee their ethical application across various linguistic contexts and promote equitable outcomes.

Acceptance Criteria:
- The evaluation process must identify and quantify bias in at least 95% of tested models, using established fairness metrics.
- The analysis should be completed within a 4-week timeframe to ensure timely recommendations for model adjustments.
- A report detailing findings and suggested improvements must be presented to stakeholders, achieving a satisfaction rate of 90% or higher based on feedback.

Test Outline:
- Utilize fairness assessment tools to measure bias in the models and document the results for comparison.
- Conduct stakeholder interviews to gather feedback on the clarity and usefulness of the evaluation report.","The original user story was well-defined but could benefit from more explicit measurable criteria and a clearer focus on the ethical implications. The improved version enhances clarity, specifies quantifiable acceptance criteria, and outlines a structured testing approach to ensure the ethical deployment of AI technologies.","that (ISO 29148)
timely (NASA ARM)
can (NASA ARM)",4,4,0.0,4,4,0.0,5,4,-1.0,4,5,1.0,4,5,1.0,3,5,2.0,4,4,0.0,—
A33US1O1,"As a journalist, I want semantic annotations of news articles, so that I can easily reference contextual backgrounds and compare current events with past similar occurrences.","User Story:
As a journalist, I want to access semantic annotations for news articles so that I can quickly reference contextual backgrounds and effectively compare current events with at least three past similar occurrences, enhancing the depth of my reporting.

Acceptance Criteria:
- Semantic annotations must be available for at least 90% of news articles published within the last year.
- The system should allow journalists to retrieve contextual information within 3 seconds for a seamless research experience.
- User feedback should reflect a satisfaction rate of 80% or higher regarding the usefulness of the annotations in their reporting.

Test Outline:
- Analyze a sample of news articles to verify the presence and accuracy of semantic annotations.
- Measure the retrieval time for contextual information to ensure it meets the 3-second requirement.
- Conduct surveys with journalists to assess the perceived value of the annotations in their work.","The original user story was clear but lacked measurable criteria and specific outcomes. The improved version enhances clarity by specifying the expected performance metrics, user satisfaction goals, and a structured testing approach to ensure the functionality meets the needs of journalists.","it (ISO 29148)
that (ISO 29148)
can (NASA ARM)",4,4,0.0,4,4,0.0,5,5,0.0,4,5,1.0,4,5,1.0,3,5,2.0,4,5,1.0,—
A33US2O1,"As a news editor, I want a semantic search engine with structured data filters, so that I can efficiently find precise facts and relevant information for writing accurate stories.","User Story:
As a news editor, I want a semantic search engine equipped with structured data filters so that I can quickly locate precise facts and relevant information, enhancing the accuracy and quality of my news stories.

Acceptance Criteria:
- The semantic search engine must return relevant results with at least 95% accuracy based on the structured queries.
- The average response time for search queries should not exceed 1.5 seconds to ensure efficiency.
- Users should be able to apply at least 5 different structured data filters to refine their search results.

Test Outline:
- Evaluate the accuracy of search results by comparing them against a set of predefined queries and measuring the percentage of relevant results.
- Measure the response time for various search queries to ensure it meets the 1.5-second requirement.
- Test the functionality of each structured data filter to confirm that they effectively refine search results.","The original user story was clear but lacked measurable criteria and specific acceptance standards. The improved version enhances clarity by specifying accuracy, response time, and the number of filters, making it more actionable and focused on business value.","it (ISO 29148)
that (ISO 29148)
be able to (NASA ARM)
can (NASA ARM)",4,4,0.0,4,4,0.0,5,5,0.0,4,5,1.0,4,5,1.0,3,5,2.0,4,5,1.0,—
A33US3O1,"As a software developer, I want to integrate Wikidata-based semantic annotations into our news platform, so that users can experience enhanced search capabilities and richer content interactions.","User Story:
As a software developer, I want to implement Wikidata-based semantic annotations into our news platform so that users can enjoy improved search functionalities and engage with richer content interactions, ultimately increasing user retention and satisfaction.

Acceptance Criteria:
- The integration must enhance search result relevance by at least 30% as measured by user engagement metrics.
- Users should report a 20% increase in the time spent interacting with annotated content compared to non-annotated content.
- The implementation should be completed within 4 weeks, with a successful deployment to the production environment.

Test Outline:
- Analyze user engagement metrics before and after the integration to measure the improvement in search relevance.
- Conduct user surveys to assess the increase in interaction time with the enriched content.
- Monitor the project timeline to ensure completion within the specified 4-week period.","The original user story was well-structured but lacked specific measurable criteria. The improved version clarifies the expected outcomes, provides quantifiable acceptance criteria, and outlines a test plan to ensure the integration's effectiveness and timely delivery.","that (ISO 29148)
improved (ISO 29148)
can (NASA ARM)
improved (NASA ARM)",4,4,0.0,4,4,0.0,5,5,0.0,4,5,1.0,4,5,1.0,3,5,2.0,4,5,1.0,—
A33US4O1,"As a data analyst at a news agency, I want to utilize structured data search features, so that I can generate insightful reports and identify trends across various event schemas.","User Story:
As a data analyst at a news agency, I want to leverage advanced structured data search features so that I can efficiently generate insightful reports and identify trends across multiple event schemas, ultimately enhancing our news coverage and audience engagement.

Acceptance Criteria:
- The structured data search must return relevant results with at least 95% accuracy for predefined queries related to event schemas.
- The average time to generate a report using the search features should not exceed 5 seconds.
- User feedback should reflect a satisfaction rate of 90% or higher regarding the usability and effectiveness of the search features.

Test Outline:
- Conduct accuracy tests by comparing search results against a set of known data points to ensure the 95% accuracy requirement is met.
- Measure the time taken to generate reports using the search features to confirm it meets the 5-second threshold.
- Gather user feedback through surveys to assess satisfaction with the search functionality.","The original user story was clear but lacked measurable criteria and specific benefits. The improved version enhances clarity by specifying the desired outcomes, measurable acceptance criteria, and a structured test outline to ensure the functionality meets user needs.","it (ISO 29148)
that (ISO 29148)
can (NASA ARM)",4,4,0.0,4,4,0.0,5,5,0.0,4,5,1.0,4,5,1.0,3,5,2.0,4,5,1.0,—
A33US5O1,"As a researcher, I want to access both keyword-based and structured data searches, so that I can conduct comprehensive studies on the portrayal of different types of events in the media.","User Story:
As a researcher, I want to utilize both keyword-based and structured data search functionalities so that I can perform thorough analyses of how various events are represented in the media, leading to more insightful conclusions.

Acceptance Criteria:
- The system must support keyword-based searches with a minimum of 95% relevance in the results.
- Structured data searches should allow filtering by at least 5 different criteria (e.g., date, event type, source) to enhance the depth of research.
- Users should be able to retrieve search results within 3 seconds for both search types.

Test Outline:
- Evaluate the relevance of keyword-based search results by comparing them against a set of predefined queries.
- Test the structured data search functionality by applying various filters and measuring the accuracy and speed of the results.","The original user story was clear but lacked specific measurable criteria. The improved version enhances clarity by specifying the capabilities and business relevance, while also providing quantifiable acceptance criteria and a structured test outline.","that (ISO 29148)
be able to (NASA ARM)
can (NASA ARM)
more (NASA ARM)",4,4,0.0,4,4,0.0,5,5,0.0,4,5,1.0,4,5,1.0,3,5,2.0,4,5,1.0,—
A33US6O1,"As a news consumer, I want to use a semantic search engine to filter news articles by specific event properties, so that I can quickly find information relevant to my interests and needs.","User Story:
As a news consumer, I want to utilize a semantic search engine that allows me to filter news articles by specific event properties, so that I can swiftly access information tailored to my interests and requirements.

Acceptance Criteria:
- The semantic search engine must return relevant articles with at least 95% accuracy based on selected event properties.
- Users should be able to filter results within 3 seconds of initiating a search.
- User satisfaction regarding the relevance of search results should reach at least 90% in feedback surveys.

Test Outline:
- Evaluate the accuracy of search results by comparing them against a set of predefined event properties.
- Measure the time taken to apply filters and retrieve results to ensure it meets the 3-second criterion.
- Conduct user surveys to assess satisfaction levels with the relevance of the articles returned.","The original user story was clear but lacked measurable criteria and specific acceptance standards. The improved version enhances clarity by specifying measurable acceptance criteria and a structured test outline, ensuring a focus on user satisfaction and performance metrics.","it (ISO 29148)
that (ISO 29148)
be able to (NASA ARM)
can (NASA ARM)",4,4,0.0,4,4,0.0,5,5,0.0,4,5,1.0,4,5,1.0,3,5,2.0,4,5,1.0,—
A33US7O1,"As a content manager, I want automated semantic annotations for incoming news articles, so that our team can maintain a well-organized and easily searchable content library.","User Story:
As a content manager, I want the system to automatically generate semantic annotations for incoming news articles so that our team can maintain a well-organized content library that is easily searchable and accessible.

Acceptance Criteria:
- The system must generate semantic annotations for at least 95% of incoming articles within 5 seconds of submission.
- The accuracy of the annotations should be validated to ensure they correctly reflect the content, achieving a minimum accuracy rate of 90%.
- User feedback should indicate that at least 80% of the content team finds the annotations helpful for searching and organizing articles.

Test Outline:
- Measure the time taken to generate annotations for a sample set of articles to ensure it meets the 5-second requirement.
- Conduct a review of the generated annotations against the articles to assess accuracy and relevance.
- Survey the content team to gather feedback on the usefulness of the annotations in their workflow.","The original user story was clear but lacked measurable criteria and specific performance metrics. The improved version enhances clarity by specifying the expected outcomes, measurable acceptance criteria, and a structured test outline to ensure the functionality meets business needs.","it (ISO 29148)
that (ISO 29148)
can (NASA ARM)",4,4,0.0,4,4,0.0,5,5,0.0,4,5,1.0,4,5,1.0,3,5,2.0,4,5,1.0,—
A33US8O1,"As a knowledge base specialist, I want to leverage Wikidata for enriching news articles with accurate and up-to-date semantic information, so that the integrity and reliability of our news content are enhanced.","User Story:
As a knowledge base specialist, I want to utilize Wikidata to enrich news articles with precise and current semantic information so that the integrity and reliability of our news content are improved by at least 30%.

Acceptance Criteria:
- At least 90% of news articles should include enriched semantic information sourced from Wikidata.
- The accuracy of the enriched information must be verified, achieving a minimum accuracy rate of 95%.
- User feedback should reflect a satisfaction rate of 80% or higher regarding the enhanced reliability of the news content.

Test Outline:
- Review a sample of news articles to confirm that 90% have been enriched with Wikidata information.
- Conduct accuracy assessments on the enriched data to ensure it meets the 95% threshold.
- Gather user feedback through surveys to evaluate satisfaction with the reliability of the enriched news articles.","The original user story was well-structured but lacked measurable criteria. The improved version specifies clear performance metrics, including percentages for accuracy and user satisfaction, enhancing the focus on business value and clarity.","it (ISO 29148)
that (ISO 29148)
improved (ISO 29148)
improved (NASA ARM)",4,4,0.0,4,4,0.0,5,5,0.0,4,5,1.0,4,5,1.0,3,5,2.0,4,5,1.0,—
A33US9O1,"As a librarian, I want to provide journalists and researchers with access to a semantic search engine, so that they can efficiently locate and utilize precise information from a vast array of news sources.","User Story:
As a librarian, I want to implement a semantic search engine for journalists and researchers so that they can quickly and accurately find relevant information from a comprehensive database of news sources, enhancing their research efficiency.

Acceptance Criteria:
- The semantic search engine must return relevant results with at least 95% accuracy based on user queries.
- Users should be able to retrieve search results within 3 seconds for 90% of their queries.
- User satisfaction surveys should indicate a satisfaction rate of 90% or higher regarding the effectiveness of the search results.

Test Outline:
- Evaluate the accuracy of search results by comparing them against a set of predefined queries and expected outcomes.
- Measure the response time for search queries to ensure it meets the 3-second requirement.
- Conduct user satisfaction surveys to gather feedback on the search engine's performance.","The original user story was clear but lacked measurable criteria and specific performance metrics. The improved version enhances clarity by specifying the capability, business relevance, and includes quantifiable acceptance criteria and a structured test outline.","it (ISO 29148)
that (ISO 29148)
be able to (NASA ARM)
can (NASA ARM)",4,4,0.0,4,4,0.0,5,5,0.0,4,5,1.0,4,5,1.0,3,5,2.0,4,5,1.0,—
A33US10O1,"As a product manager for a news aggregation service, I want to implement a semantic search engine that supports both keyword and structured data searches, so that we can offer users a powerful tool for discovering and exploring news content.","User Story:
As a product manager for a news aggregation service, I want to develop a semantic search engine that accommodates both keyword and structured data searches so that users can efficiently discover and explore relevant news content, enhancing their engagement and satisfaction.

Acceptance Criteria:
- The search engine must return relevant results for at least 95% of user queries, combining both keyword and structured data inputs.
- The average response time for search queries should not exceed 1.5 seconds to ensure a smooth user experience.
- User engagement metrics should show a 20% increase in content exploration after the implementation of the new search functionality.

Test Outline:
- Conduct user testing with a diverse set of queries to evaluate the accuracy and relevance of search results.
- Measure the response time for various search queries to ensure it meets the 1.5-second requirement.
- Analyze user engagement data before and after the implementation to assess the impact on content exploration.","The original user story was well-structured but needed clearer, measurable acceptance criteria and a test outline. The improved version specifies quantifiable goals for accuracy, response time, and user engagement, enhancing the overall clarity and focus on business value.","it (ISO 29148)
that (ISO 29148)
can (NASA ARM)",4,4,0.0,4,4,0.0,5,5,0.0,4,5,1.0,4,5,1.0,3,5,2.0,4,5,1.0,—
A34US1O1,"As a cybersecurity analyst, I want to utilize deep neural networks for intrusion detection, so that I can accurately identify and classify evolving cyberattacks in real-time.","User Story:
As a cybersecurity analyst, I want to implement deep neural networks for intrusion detection so that I can accurately identify and classify at least 95% of evolving cyberattacks in real-time, enhancing the security posture of our organization.

Acceptance Criteria:
- The deep neural network model must achieve a detection accuracy of 95% or higher on a validation dataset of recent cyberattack patterns.
- The system should process and analyze incoming data streams with a latency of no more than 1 second.
- The model should be able to adapt to new attack vectors with an update frequency of at least once every month.

Test Outline:
- Evaluate the model's performance on a comprehensive dataset to confirm it meets the 95% accuracy requirement.
- Measure the latency of the intrusion detection system during peak traffic to ensure it processes data within the 1-second threshold.
- Test the model's adaptability by introducing new attack patterns and assessing its performance after updates.","The original user story was well-defined but could benefit from more explicit measurable criteria. The improved version clarifies the capability and business relevance while providing specific, quantifiable acceptance criteria and a structured test outline to ensure effectiveness.","it (ISO 29148)
that (ISO 29148)
every (ISO 29148)
be able to (NASA ARM)
can (NASA ARM)
more (NASA ARM)",4,4,0.0,4,4,0.0,5,5,0.0,4,5,1.0,4,5,1.0,3,5,2.0,4,5,1.0,—
A34US2O1,"As a data scientist, I want to benchmark various machine learning algorithms on multiple public malware datasets, so that I can determine the most effective models for detecting future threats.","User Story:
As a data scientist, I want to systematically benchmark a range of machine learning algorithms on at least 5 public malware datasets so that I can identify the top-performing models for accurately detecting emerging threats.

Acceptance Criteria:
- Each algorithm must be evaluated based on precision, recall, and F1 score, achieving a minimum of 80% accuracy across all datasets.
- The benchmarking process should be completed within 4 weeks, with results documented and shared with the team.
- At least 3 algorithms should demonstrate statistically significant improvements over baseline models in detecting malware.

Test Outline:
- Analyze the performance metrics of each algorithm against the datasets to ensure they meet the specified accuracy criteria.
- Review the documentation and results shared with the team to confirm the completion of the benchmarking process within the 4-week timeframe.","The original user story was clear but lacked measurable criteria and specific timelines. The improved version enhances clarity by specifying the number of datasets, performance metrics, and a completion timeframe, making it more actionable and focused on business relevance.","that (ISO 29148)
significant (ISO 29148)
all (ISO 29148)
can (NASA ARM)",5,5,0.0,4,4,0.0,5,5,0.0,4,5,1.0,5,5,0.0,4,5,1.0,5,5,0.0,—
A34US3O1,"As a network administrator, I want an IDS that scales efficiently with large volumes of data, so that my organization remains protected against high-volume and sophisticated cyberattacks.","User Story:
As a network administrator, I want an Intrusion Detection System (IDS) that can efficiently scale to handle at least 10 terabytes of data per day, so that my organization can maintain robust protection against high-volume and sophisticated cyberattacks.

Acceptance Criteria:
- The IDS must process and analyze incoming data with a latency of no more than 1 second for 95% of the traffic.
- It should successfully detect and alert on at least 98% of known threats within the first 24 hours of deployment.
- The system must support a minimum of 100 concurrent connections without degradation in performance.

Test Outline:
- Simulate high-volume data traffic to measure the IDS's processing speed and latency.
- Conduct threat detection tests to evaluate the system's accuracy and response time for known threats.
- Monitor system performance under load to ensure it can handle the specified number of concurrent connections.","The original user story was clear but lacked specific, measurable criteria. The improved version enhances clarity by specifying data volume, performance metrics, and acceptance criteria, ensuring a stronger focus on business relevance and measurable outcomes.","robust (ISO 29148)
it (ISO 29148)
that (ISO 29148)
can (NASA ARM)
more (NASA ARM)",4,4,0.0,4,4,0.0,5,5,0.0,4,5,1.0,4,5,1.0,3,5,2.0,4,5,1.0,—
A34US4O1,"As a security researcher, I want to systematically update and evaluate malware datasets, so that my studies reflect the latest attack methods and improve IDS accuracy.","User Story:
As a security researcher, I want to regularly update and assess malware datasets on a quarterly basis so that my research accurately reflects the latest attack methods and enhances the accuracy of Intrusion Detection Systems (IDS) by at least 20%.

Acceptance Criteria:
- Malware datasets must be updated every three months to include the latest threats and attack vectors.
- Evaluation of the datasets should demonstrate a minimum improvement of 20% in IDS detection rates compared to previous datasets.
- A comprehensive report summarizing the updates and evaluations must be generated and shared with the team within one week of each update.

Test Outline:
- Track the frequency of dataset updates to ensure compliance with the quarterly schedule.
- Measure the detection rates of the IDS before and after implementing the updated datasets to confirm the 20% improvement.
- Review the generated reports for completeness and timely distribution to the team.","The original user story was clear but lacked specificity and measurable criteria. The improved version provides a structured approach with defined timelines, quantifiable goals, and a clear testing strategy to enhance clarity and focus on business impact.","that (ISO 29148)
every (ISO 29148)
timely (NASA ARM)",4,4,0.0,4,4,0.0,5,5,0.0,4,5,1.0,4,5,1.0,3,5,2.0,4,5,1.0,—
A34US5O1,"As a machine learning engineer, I want to optimize DNN hyperparameters using methods applied to the KDDCup 99 dataset, so that my IDS models achieve optimal performance and reliability.","User Story:
As a machine learning engineer, I want to fine-tune the hyperparameters of deep neural networks (DNN) using techniques validated on the KDDCup 99 dataset so that my Intrusion Detection System (IDS) models achieve at least a 95% accuracy rate and a false positive rate of less than 5%.

Acceptance Criteria:
- The optimization process must improve model accuracy by at least 10% compared to the baseline performance.
- The training time for hyperparameter tuning should not exceed 3 hours to ensure efficiency.
- The final model should demonstrate a reliability score of 90% or higher in cross-validation tests.

Test Outline:
- Compare the performance metrics of the optimized model against the baseline to verify the accuracy improvement.
- Track the time taken for the hyperparameter tuning process to ensure it meets the 3-hour limit.
- Conduct cross-validation tests to assess the reliability score of the final model.","The original user story was clear but lacked specific, measurable criteria for success. The improved version enhances clarity by specifying performance metrics, acceptable limits, and a structured testing approach, ensuring a focus on business relevance and measurable outcomes.","it (ISO 29148)
that (ISO 29148)
less (NASA ARM)",4,4,0.0,4,4,0.0,5,5,0.0,4,5,1.0,5,5,0.0,4,5,1.0,4,5,1.0,—
A34US6O1,"As a cybersecurity team leader, I want comprehensive evaluations of DNNs and classical classifiers across various benchmark datasets, so that I can select the best algorithm for our organization's intrusion detection needs.","User Story:
As a cybersecurity team leader, I want to conduct thorough evaluations of Deep Neural Networks (DNNs) and classical classifiers using at least 5 diverse benchmark datasets, so that I can identify the most effective algorithm for our organization's intrusion detection system, enhancing our security posture.

Acceptance Criteria:
- Each algorithm must achieve a minimum accuracy of 90% on at least 4 out of the 5 benchmark datasets.
- The evaluation process should be completed within 4 weeks to ensure timely decision-making.
- A comprehensive report detailing the performance metrics, including precision, recall, and F1 score, must be generated for each algorithm.

Test Outline:
- Validate the accuracy of each algorithm by comparing results against the benchmark datasets and ensuring they meet the specified criteria.
- Review the evaluation report for completeness and clarity, ensuring it includes all required performance metrics.","The original user story was clear but lacked specificity and measurable criteria. The improved version enhances clarity by specifying the number of datasets, performance metrics, and a timeline for completion, which strengthens the overall INVEST dimensions.","most (ISO 29148)
effective (ISO 29148)
it (ISO 29148)
that (ISO 29148)
all (ISO 29148)
effective (NASA ARM)
timely (NASA ARM)
can (NASA ARM)",4,4,0.0,4,4,0.0,5,5,0.0,4,5,1.0,5,5,0.0,4,5,1.0,4,5,1.0,—
A34US7O1,"As a software developer, I want to implement flexible DNN models that learn high-dimensional feature representations, so that my IDS can adapt to dynamic network behaviors and rapidly evolving attacks.","User Story:
As a software developer, I want to create adaptable Deep Neural Network (DNN) models that can effectively learn high-dimensional feature representations so that my Intrusion Detection System (IDS) can respond to dynamic network behaviors and evolving attack patterns with a detection accuracy of at least 95%.

Acceptance Criteria:
- The DNN models must demonstrate an improvement in detection accuracy of at least 10% compared to the previous model version.
- The models should be able to process and adapt to new data inputs within 5 minutes of deployment.
- The system should maintain a false positive rate of less than 5% during real-time monitoring.

Test Outline:
- Evaluate the detection accuracy of the new DNN models against a benchmark dataset to confirm the 10% improvement.
- Monitor the time taken for the models to adapt to new data inputs after deployment.
- Analyze the false positive rate during a simulated real-time monitoring scenario to ensure it remains below the specified threshold.","The original user story was well-defined but lacked measurable criteria and specific performance metrics. The improved version clarifies the developer's goals, emphasizes the business relevance of the IDS, and provides explicit, quantifiable acceptance criteria and a structured test outline.","it (ISO 29148)
that (ISO 29148)
be able to (NASA ARM)
can (NASA ARM)
less (NASA ARM)",4,4,0.0,4,4,0.0,5,5,0.0,4,5,1.0,3,5,2.0,2,5,3.0,4,5,1.0,—
A34US8O1,"As an academic researcher, I want to conduct detailed performance analyses of machine learning algorithms on datasets like NSL-KDD, UNSW-NB15, Kyoto, WSN-DS, and CICIDS 2017, so that I can contribute to advancing the field of intrusion detection.","User Story:
As an academic researcher, I want to perform comprehensive performance analyses of machine learning algorithms on datasets such as NSL-KDD, UNSW-NB15, Kyoto, WSN-DS, and CICIDS 2017 so that I can provide actionable insights that advance the field of intrusion detection by at least 20%.

Acceptance Criteria:
- The analysis must evaluate at least 5 different machine learning algorithms across all specified datasets, ensuring a comparative performance report.
- Each algorithm's performance metrics, including accuracy, precision, recall, and F1 score, should be documented with a minimum of 100 test instances per dataset.
- The findings should be presented in a peer-reviewed publication or conference paper within 6 months of completing the analyses.

Test Outline:
- Review the performance reports generated for each algorithm to verify the accuracy and completeness of the metrics.
- Track the submission and acceptance process of the research paper to ensure it meets the 6-month timeline.","The original user story was clear but lacked measurable criteria and specific goals. The improved version emphasizes quantifiable outcomes, such as performance metrics and publication timelines, enhancing clarity and focus on the research's impact.","it (ISO 29148)
that (ISO 29148)
all (ISO 29148)
can (NASA ARM)",4,4,0.0,4,4,0.0,5,4,-1.0,4,5,1.0,4,5,1.0,3,5,2.0,4,4,0.0,—
A34US9O1,"As a security operations center (SOC) manager, I want an automated IDS that classifies cyberattacks promptly, so that my team can respond swiftly and effectively to security incidents.","User Story:
As a security operations center (SOC) manager, I want an automated Intrusion Detection System (IDS) that accurately classifies cyberattacks within 5 seconds of detection so that my team can respond to security incidents with a response time of less than 10 minutes, minimizing potential damage.

Acceptance Criteria:
- The IDS must classify at least 95% of cyberattacks correctly within 5 seconds.
- The system should enable the SOC team to initiate a response to incidents within 10 minutes for at least 90% of detected threats.
- The automated system should generate a report on classification accuracy and response times, with a minimum of 98% uptime.

Test Outline:
- Simulate various cyberattack scenarios to evaluate the classification speed and accuracy of the IDS.
- Measure the time taken from detection to response initiation by the SOC team for each incident.","The original user story was clear but lacked specific measurable criteria. The improved version enhances clarity by specifying response times, accuracy rates, and includes a structured test outline to ensure the system meets operational needs.","that (ISO 29148)
can (NASA ARM)
less (NASA ARM)",4,5,1.0,4,4,0.0,5,5,0.0,4,5,1.0,5,5,0.0,4,5,1.0,4,5,1.0,—
A34US10O1,"As a policy maker, I want evidence-based studies identifying the best-performing IDS algorithms across various datasets, so that I can recommend robust cybersecurity measures for organizations to implement.","User Story:
As a policy maker, I want comprehensive, evidence-based studies that evaluate and rank the effectiveness of various Intrusion Detection System (IDS) algorithms across multiple datasets, so that I can confidently recommend the most effective cybersecurity measures for organizations to adopt.

Acceptance Criteria:
- The studies must analyze at least 10 different IDS algorithms across a minimum of 5 diverse datasets.
- Each algorithm's performance should be quantified using metrics such as detection rate, false positive rate, and processing time, with results presented in a comparative format.
- The final report should be completed and delivered within 3 months, with a user satisfaction rating of 90% or higher from stakeholders reviewing the findings.

Test Outline:
- Review the studies to ensure they include the required number of algorithms and datasets, and verify the accuracy of the performance metrics.
- Conduct a survey among stakeholders to assess their satisfaction with the clarity and applicability of the recommendations provided in the report.","The original user story was clear but lacked specific measurable criteria and a structured approach. The improved version enhances clarity by specifying the number of algorithms and datasets, defining performance metrics, and establishing a timeline for delivery, thus strengthening the overall INVEST dimensions.","most (ISO 29148)
effective (ISO 29148)
that (ISO 29148)
effective (NASA ARM)
can (NASA ARM)",5,4,-1.0,4,4,0.0,5,5,0.0,4,5,1.0,5,5,0.0,4,5,1.0,5,5,0.0,—
A35US1O1,"As a sales manager, I want accurate sales predictions using the ARIMA model, so that I can optimize our planning processes and maximize revenue.","User Story:
As a sales manager, I want to generate precise sales forecasts using the ARIMA model so that I can enhance our strategic planning and increase revenue by at least 15% over the next quarter.

Acceptance Criteria:
- The ARIMA model must achieve a forecasting accuracy of at least 90% when compared to actual sales data.
- Sales predictions should be generated within 5 minutes of inputting the relevant data.
- The implementation of the model should lead to a measurable increase in revenue by 15% or more within the next three months.

Test Outline:
- Validate the accuracy of the ARIMA model by comparing its predictions against actual sales figures over a defined period.
- Measure the time taken to generate forecasts to ensure it meets the 5-minute requirement.
- Analyze revenue trends post-implementation to confirm the targeted increase of 15%.","The original user story was clear but lacked specific, measurable criteria. The improved version enhances clarity by specifying the expected revenue increase, accuracy metrics, and timeframes, making it more actionable and aligned with business goals.","it (ISO 29148)
that (ISO 29148)
can (NASA ARM)
more (NASA ARM)",4,4,0.0,4,4,0.0,5,5,0.0,4,5,1.0,5,5,0.0,4,5,1.0,4,5,1.0,—
A35US2O1,"As a logistics coordinator, I want precise sales forecasts, so that I can efficiently manage outgoing invoices and uninvoiced shipments to reduce costs.","User Story:
As a logistics coordinator, I want to receive accurate sales forecasts with a margin of error of no more than 5% so that I can effectively manage outgoing invoices and uninvoiced shipments, ultimately reducing operational costs by at least 10%.

Acceptance Criteria:
- Sales forecasts must be generated with a maximum error margin of 5% based on historical data analysis.
- The system should provide forecasts at least 7 days in advance of shipment dates to allow for proper planning.
- Cost reductions from improved forecasting should be tracked and reported quarterly, aiming for a minimum of 10% decrease in logistics expenses.

Test Outline:
- Analyze the accuracy of sales forecasts by comparing them to actual sales data over a three-month period.
- Review the lead time for forecast generation to ensure it meets the 7-day requirement.
- Monitor and report on cost savings achieved through improved forecasting practices.","The original user story was clear but lacked specific, measurable criteria. The improved version enhances clarity by defining precise metrics for accuracy, lead time, and cost reduction, making it more actionable and aligned with business objectives.","it (ISO 29148)
that (ISO 29148)
improved (ISO 29148)
can (NASA ARM)
improved (NASA ARM)
more (NASA ARM)",4,4,0.0,4,4,0.0,5,5,0.0,4,5,1.0,4,5,1.0,3,5,2.0,4,5,1.0,—
A35US3O1,"As a data engineer, I want to build a data mart on top of our data warehouse, so that we can seamlessly integrate daily loads of invoices and shipments data for accurate tracking.","User Story:
As a data engineer, I want to develop a data mart utilizing our existing data warehouse so that we can efficiently integrate and process daily loads of invoices and shipments data, enabling accurate tracking and reporting.

Acceptance Criteria:
- The data mart must be able to handle daily data loads of at least 10,000 invoice and shipment records without performance degradation.
- Data integration processes should complete within 30 minutes of the end of each business day.
- The accuracy of the data in the data mart must be verified to be at least 98% compared to the source data.

Test Outline:
- Monitor the performance of the data mart during daily loads to ensure it meets the record handling capacity.
- Measure the time taken for data integration processes to confirm they complete within the specified timeframe.
- Conduct data validation checks to ensure the accuracy of the integrated data.","The original user story was clear but lacked measurable criteria and specific performance metrics. The improved version enhances clarity by specifying the expected volume of data, integration timeframes, and accuracy requirements, along with a structured test outline.","it (ISO 29148)
that (ISO 29148)
be able to (NASA ARM)
can (NASA ARM)",4,4,0.0,4,4,0.0,5,5,0.0,4,5,1.0,4,5,1.0,3,5,2.0,4,5,1.0,—
A35US4O1,"As a business analyst, I want weekly aggregated sales data, so that I can identify trends and make informed decisions based on the most useful time intervals.","User Story:
As a business analyst, I want to receive weekly aggregated sales data in a structured format so that I can identify trends and make informed decisions based on relevant time intervals.

Acceptance Criteria:
- The sales data must be aggregated and delivered within 24 hours after the end of each week.
- The report should include at least 5 key performance indicators (KPIs) such as total sales, average transaction value, and sales growth percentage.
- The data accuracy must be verified to ensure at least 98% correctness before distribution.

Test Outline:
- Monitor the delivery time of the weekly sales report to ensure it meets the 24-hour requirement.
- Review the content of the report for the inclusion of the specified KPIs and verify their accuracy against the raw sales data.","The original user story was clear but lacked specific measurable criteria and details. The improved version enhances clarity by specifying the format of the data, the timeline for delivery, and the accuracy requirements, making it more actionable and aligned with business needs.","it (ISO 29148)
that (ISO 29148)
can (NASA ARM)",4,4,0.0,4,4,0.0,5,5,0.0,4,5,1.0,4,5,1.0,3,5,2.0,4,5,1.0,—
A35US5O1,"As a IT specialist, I want to ensure the data preparation process is robust, so that our sales predictions are based on high-quality and reliable data.","User Story:
As a IT specialist, I want to enhance the data preparation process to ensure it is robust and error-free, so that our sales predictions are derived from high-quality, reliable data, leading to more accurate forecasting.

Acceptance Criteria:
- The data preparation process must achieve a data quality score of at least 95% based on predefined quality metrics (e.g., completeness, accuracy, consistency).
- The system should automatically flag and correct at least 90% of data anomalies before the data is used for predictions.
- The time taken for data preparation should not exceed 30 minutes for datasets of up to 10,000 records.

Test Outline:
- Conduct data quality assessments to evaluate the score against the 95% target.
- Monitor the system's ability to identify and correct anomalies during the preparation phase.
- Measure the time taken for the preparation process with varying dataset sizes to ensure compliance with the time criteria.","The original user story was clear but lacked specific, measurable criteria. The improved version strengthens the focus on data quality and reliability, providing explicit acceptance criteria and a structured test outline to ensure the robustness of the data preparation process.","reliable (ISO 29148)
robust (ISO 29148)
it (ISO 29148)
that (ISO 29148)
more (NASA ARM)",2,4,2.0,2,4,2.0,4,5,1.0,2,5,3.0,3,5,2.0,2,5,3.0,3,5,2.0,—
A35US6O1,"As a financial planner, I want to track each product's sales market, customer, quantity, and date, so that I can analyze performance and forecast future demand accurately.","User Story:
As a financial planner, I want to monitor the sales data for each product, including market segment, customer details, quantity sold, and transaction date, so that I can conduct thorough performance analysis and accurately forecast future demand trends.

Acceptance Criteria:
- The system must allow tracking of sales data for at least 100 products simultaneously.
- Users should be able to generate performance reports that include sales metrics within 5 seconds.
- Forecasting accuracy should improve by at least 20% based on historical sales data analysis.

Test Outline:
- Validate the system's capability to track and display sales data for multiple products by testing with a sample of 100 products.
- Measure the time taken to generate performance reports to ensure it meets the 5-second requirement.
- Compare forecast accuracy before and after implementing the new tracking features to confirm a 20% improvement.","The original user story was clear but lacked specificity and measurable criteria. The improved version enhances clarity by detailing the specific data points to be tracked, establishes quantifiable acceptance criteria, and outlines a structured test plan to ensure the functionality meets business needs.","it (ISO 29148)
that (ISO 29148)
be able to (NASA ARM)
capability to (NASA ARM)
can (NASA ARM)",4,4,0.0,4,4,0.0,5,5,0.0,4,5,1.0,5,5,0.0,4,5,1.0,4,5,1.0,—
A35US7O1,"As a warehouse manager, I want sales predictions to align with logistics planning, so that we can optimize inventory levels and reduce storage costs.","User Story:
As a warehouse manager, I want sales predictions to be integrated with logistics planning so that we can optimize inventory levels, reduce storage costs by at least 20%, and improve order fulfillment rates.

Acceptance Criteria:
- Sales predictions must be updated weekly and should have an accuracy rate of 85% or higher.
- Inventory levels should be adjusted based on sales forecasts, resulting in a 20% reduction in storage costs within the next quarter.
- The system should provide alerts for low stock levels based on predicted sales trends, with at least 90% of alerts being actionable.

Test Outline:
- Analyze historical sales data to compare predicted versus actual sales to verify the accuracy of predictions.
- Monitor storage costs before and after implementing the new sales prediction integration to confirm the 20% reduction.
- Track the number of actionable alerts generated and their effectiveness in preventing stockouts.","The original user story was clear but lacked measurable criteria and specific targets. The improved version enhances clarity by specifying quantifiable goals, such as accuracy rates and cost reductions, while also providing a structured test outline to ensure the objectives are met.","that (ISO 29148)
can (NASA ARM)",4,4,0.0,4,4,0.0,5,5,0.0,4,5,1.0,4,5,1.0,3,5,2.0,4,5,1.0,—
A35US8O1,"As a CEO of a wholesale company, I want a successful ongoing planning process based on reliable sales predictions, so that our organization can thrive in a competitive B2B environment.","User Story:
As the CEO of a wholesale company, I want to implement a robust and continuous planning process driven by accurate sales forecasts so that our organization can achieve a minimum 15% growth in revenue year-over-year in a competitive B2B market.

Acceptance Criteria:
- Sales predictions must have an accuracy rate of at least 90% based on historical data analysis.
- The planning process should be reviewed and updated quarterly to adapt to market changes.
- The organization should see a 20% increase in operational efficiency as a result of improved planning within the first year.

Test Outline:
- Analyze the accuracy of sales forecasts by comparing predicted sales against actual sales over multiple quarters.
- Review the planning process quarterly to ensure it is being updated and adjusted according to market trends.
- Measure operational efficiency improvements through key performance indicators (KPIs) before and after implementing the new planning process.","The original user story was well-articulated but lacked specific, measurable criteria. The improved version clarifies the CEO's goals, emphasizes measurable outcomes, and provides a structured approach to testing the effectiveness of the planning process.","robust (ISO 29148)
it (ISO 29148)
that (ISO 29148)
improved (ISO 29148)
can (NASA ARM)
improved (NASA ARM)",3,4,1.0,2,4,2.0,4,4,0.0,2,5,3.0,3,5,2.0,2,5,3.0,3,4,1.0,—
A35US9O1,"As a customer relationship manager, I want to use sales forecasts to anticipate customer needs, so that we can enhance customer satisfaction and loyalty.","User Story:
As a customer relationship manager, I want to utilize accurate sales forecasts to proactively anticipate customer needs so that we can improve customer satisfaction by at least 20% and increase customer loyalty metrics by 15% over the next quarter.

Acceptance Criteria:
- Sales forecasts must be generated with a minimum accuracy of 85% based on historical data.
- Customer satisfaction scores should show a measurable increase of at least 20% within three months of implementing the forecasts.
- Customer retention rates should improve by at least 15% within the same timeframe.

Test Outline:
- Analyze the accuracy of sales forecasts by comparing predicted outcomes with actual sales data over a defined period.
- Conduct customer satisfaction surveys before and after the implementation to measure changes in satisfaction levels.
- Track customer retention rates monthly to assess the impact of improved forecasting on loyalty.","The original user story was clear but lacked specific, measurable criteria. The improved version enhances clarity by specifying quantifiable goals for customer satisfaction and loyalty, along with detailed acceptance criteria and a structured test outline.","that (ISO 29148)
improved (ISO 29148)
can (NASA ARM)
improved (NASA ARM)",4,4,0.0,4,4,0.0,5,5,0.0,4,5,1.0,4,5,1.0,3,5,2.0,4,5,1.0,—
A35US10O1,"As a operations manager, I want detailed insights from the data mart on outgoing invoices and shipments, so that I can streamline our sales and logistics processes for better efficiency.","User Story:
As a operations manager, I want to obtain comprehensive insights from the data mart regarding outgoing invoices and shipments so that I can enhance our sales and logistics processes, ultimately improving operational efficiency by at least 20%.

Acceptance Criteria:
- The data mart must provide detailed reports on outgoing invoices and shipments within 5 seconds of request submission.
- Insights should include at least 5 key performance indicators (KPIs) related to sales and logistics efficiency.
- User satisfaction with the insights provided should reach a minimum of 90% based on feedback surveys.

Test Outline:
- Measure the response time for generating reports from the data mart to ensure it meets the 5-second requirement.
- Review the content of the reports to confirm the inclusion of the specified KPIs.
- Conduct user surveys to assess satisfaction levels with the insights provided.","The original user story was clear but lacked measurable criteria and specific goals. The improved version enhances clarity by specifying the desired efficiency improvement, measurable acceptance criteria, and a structured test outline to ensure the insights meet operational needs.","it (ISO 29148)
that (ISO 29148)
can (NASA ARM)",4,4,0.0,4,4,0.0,5,5,0.0,4,5,1.0,4,5,1.0,3,5,2.0,4,5,1.0,—
A36US1O1,"As a transportation analyst, I want to classify moving vehicle types using wireless sensor networks, so that I can monitor and analyze traffic patterns effectively.","User Story:
As a transportation analyst, I want to utilize wireless sensor networks to accurately classify different types of moving vehicles so that I can monitor and analyze traffic patterns with at least 95% accuracy, leading to improved traffic management strategies.

Acceptance Criteria:
- The system must classify vehicle types with a minimum accuracy of 95% based on real-time data collected from the sensor networks.
- The classification process should be completed within 1 second for each vehicle to ensure timely data analysis.
- Reports generated from the analysis should provide insights on traffic patterns at least once every hour.

Test Outline:
- Validate the accuracy of vehicle classification by comparing sensor data against manual observations over a defined period.
- Measure the time taken for the system to classify vehicles and ensure it meets the 1-second requirement.
- Review the frequency and quality of traffic pattern reports generated to confirm they are produced hourly.","The original user story was clear but lacked measurable criteria and specific performance metrics. The improved version enhances clarity by specifying accuracy, response time, and reporting frequency, making it more actionable and aligned with business objectives.","it (ISO 29148)
that (ISO 29148)
improved (ISO 29148)
every (ISO 29148)
timely (NASA ARM)
can (NASA ARM)
improved (NASA ARM)",4,4,0.0,4,4,0.0,5,5,0.0,4,5,1.0,4,5,1.0,3,5,2.0,4,5,1.0,—
A36US2O1,"As a data scientist, I want access to the extensive real-world dataset of raw time series and spectral feature vectors, so that I can develop and test advanced vehicle classification models.","User Story:
As a data scientist, I want to gain access to a comprehensive real-world dataset containing raw time series and spectral feature vectors so that I can effectively develop and validate advanced vehicle classification models, leading to improved accuracy in our predictive analytics.

Acceptance Criteria:
- The dataset must include at least 10,000 unique vehicle samples with corresponding time series and spectral feature vectors.
- Data access should be granted within 24 hours of the request to facilitate timely model development.
- The dataset should be updated quarterly to ensure it reflects the most current vehicle classifications and features.

Test Outline:
- Verify the completeness of the dataset by checking for the required number of unique samples and features.
- Track the time taken from the request to access the dataset to ensure it meets the 24-hour requirement.
- Review the dataset updates to confirm they occur on a quarterly basis.","The original user story was clear but lacked measurable criteria and specificity regarding the dataset's requirements. The improved version enhances clarity by specifying the dataset size, access time, and update frequency, along with structured acceptance criteria and a test outline.","most (ISO 29148)
it (ISO 29148)
that (ISO 29148)
improved (ISO 29148)
timely (NASA ARM)
can (NASA ARM)
improved (NASA ARM)",4,4,0.0,4,4,0.0,5,5,0.0,4,5,1.0,5,5,0.0,4,5,1.0,4,5,1.0,—
A36US3O1,"As a network engineer, I want to implement a distributed wireless sensor network for vehicle classification, so that I can ensure scalable and reliable data collection across various locations.","User Story:
As a network engineer, I want to deploy a distributed wireless sensor network for vehicle classification so that I can achieve scalable and reliable data collection across multiple locations, enhancing traffic management and analysis.

Acceptance Criteria:
- The network must support at least 100 sensors operating simultaneously with a data accuracy rate of 95% or higher.
- Data collection latency should not exceed 1 second for real-time processing.
- The system should demonstrate a 99% uptime over a 30-day period to ensure reliability.

Test Outline:
- Conduct stress tests to verify that the network can handle 100 sensors while maintaining the required accuracy.
- Measure the latency of data collection during peak usage to ensure it meets the 1-second criterion.
- Monitor system uptime over a month to confirm it meets the 99% reliability standard.","The original user story was clear but lacked specific, measurable criteria. The improved version enhances clarity by specifying the expected performance metrics, ensuring the story is actionable and aligned with business objectives.","reliable (ISO 29148)
it (ISO 29148)
that (ISO 29148)
can (NASA ARM)",4,4,0.0,4,4,0.0,5,5,0.0,4,5,1.0,4,5,1.0,3,5,2.0,4,5,1.0,—
A36US4O1,"As a machine learning researcher, I want to utilize the preprocessed spectral feature vectors, so that I can enhance the accuracy of vehicle type classification algorithms.","User Story:
As a machine learning researcher, I want to leverage the preprocessed spectral feature vectors to improve the accuracy of vehicle type classification algorithms, enabling a minimum accuracy increase of 15% in model performance.

Acceptance Criteria:
- The spectral feature vectors must be validated to ensure they contribute to at least a 15% improvement in classification accuracy compared to the baseline model.
- The processing time for utilizing these feature vectors should not exceed 5 seconds per classification.
- Documentation must be provided detailing the preprocessing steps and their impact on model performance, with at least 90% clarity as rated by peer reviewers.

Test Outline:
- Conduct experiments comparing the classification accuracy of models using the preprocessed feature vectors against those using raw data.
- Measure the time taken for classification using the feature vectors to ensure it meets the 5-second requirement.
- Review the documentation for completeness and clarity through peer feedback sessions.","The original user story was clear but lacked measurable criteria and specific goals. The improved version emphasizes quantifiable improvements, outlines clear acceptance criteria, and provides a structured test plan to ensure the effectiveness of the feature vectors.","it (ISO 29148)
these (ISO 29148)
those (ISO 29148)",4,4,0.0,4,4,0.0,5,4,-1.0,4,5,1.0,4,5,1.0,3,5,2.0,4,4,0.0,—
A36US5O1,"As a system developer, I want to replicate the data collection and preprocessing procedures detailed in the study, so that I can build a similar vehicle classification system for my project.","User Story:
As a system developer, I want to accurately replicate the data collection and preprocessing procedures outlined in the study so that I can develop a vehicle classification system that achieves at least 95% accuracy in classification for my project.

Acceptance Criteria:
- The replication process must follow the documented procedures with a success rate of 100% in data collection and preprocessing steps.
- The resulting vehicle classification system should be able to classify vehicles with a minimum accuracy of 95% when tested on a validation dataset.
- Documentation of the replication process must be completed and reviewed within 2 weeks of starting the project.

Test Outline:
- Verify the adherence to the original data collection and preprocessing procedures by conducting a step-by-step audit.
- Evaluate the accuracy of the vehicle classification system using a standardized validation dataset to ensure it meets the 95% accuracy requirement.","The original user story was clear but lacked measurable criteria and specific goals. The improved version emphasizes the importance of accuracy, provides quantifiable acceptance criteria, and outlines a structured testing approach to ensure the project's success.","it (ISO 29148)
that (ISO 29148)
be able to (NASA ARM)
can (NASA ARM)",4,4,0.0,4,4,0.0,5,5,0.0,4,5,1.0,4,5,1.0,3,5,2.0,4,5,1.0,—
A36US6O1,"As an urban planner, I want to use classified vehicle data from wireless sensor networks, so that I can make informed decisions on infrastructure development and traffic management.","User Story:
As an urban planner, I want to access and analyze classified vehicle data from wireless sensor networks so that I can make data-driven decisions on infrastructure development and optimize traffic management strategies.

Acceptance Criteria:
- The system must provide access to real-time classified vehicle data with an accuracy rate of at least 95%.
- Data analysis tools should allow for the generation of actionable insights within 10 minutes of data retrieval.
- User satisfaction with the data accessibility and analysis features should reach at least 90% in feedback surveys.

Test Outline:
- Validate the accuracy of the classified vehicle data by cross-referencing with known traffic patterns.
- Measure the time taken to generate insights from the data to ensure it meets the 10-minute requirement.
- Conduct user surveys to assess satisfaction levels regarding the data access and analysis capabilities.","The original user story was clear but lacked measurable criteria and specific acceptance criteria. The improved version enhances clarity by specifying the capability, business relevance, and includes quantifiable acceptance criteria and a structured test outline.","it (ISO 29148)
that (ISO 29148)
can (NASA ARM)",4,4,0.0,4,4,0.0,5,4,-1.0,4,5,1.0,4,5,1.0,3,5,2.0,4,4,0.0,—
A36US7O1,"As a quality assurance specialist, I want to evaluate the baseline classification results using the maximum likelihood classifier, so that I can benchmark the performance of new classification models.","User Story:
As a quality assurance specialist, I want to assess the baseline classification results utilizing the maximum likelihood classifier so that I can establish a performance benchmark for evaluating new classification models effectively.

Acceptance Criteria:
- The evaluation must be completed within 1 hour, providing timely insights for model comparison.
- The maximum likelihood classifier should achieve a baseline accuracy of at least 85% on the test dataset.
- A detailed report summarizing the evaluation results and benchmarks must be generated and shared with the team within 24 hours of completion.

Test Outline:
- Measure the time taken to complete the evaluation to ensure it meets the 1-hour requirement.
- Validate the accuracy of the maximum likelihood classifier against the test dataset to confirm it meets or exceeds the 85% threshold.
- Review the generated report for completeness and clarity to ensure it meets team standards.","The original user story was clear but lacked measurable criteria and specific timelines. The improved version enhances clarity by specifying acceptance criteria and a test outline, ensuring that the evaluation process is both efficient and effective.","it (ISO 29148)
that (ISO 29148)
timely (NASA ARM)
can (NASA ARM)",4,5,1.0,4,4,0.0,5,5,0.0,4,5,1.0,4,5,1.0,3,5,2.0,4,5,1.0,—
A36US8O1,"As a security analyst, I want to classify types of moving vehicles in real-time, so that I can enhance surveillance and identify suspicious activities efficiently.","User Story:
As a security analyst, I want to classify various types of moving vehicles in real-time so that I can improve surveillance effectiveness and quickly identify potentially suspicious activities.

Acceptance Criteria:
- The system must accurately classify at least 95% of vehicle types within 1 second of detection.
- The classification process should operate effectively in various weather conditions, maintaining at least 90% accuracy.
- Alerts for suspicious vehicle classifications should be generated within 3 seconds of detection.

Test Outline:
- Evaluate the classification accuracy by testing the system with a diverse dataset of vehicle types and measuring the percentage of correct identifications.
- Conduct performance tests under different environmental conditions to ensure the system maintains accuracy.
- Monitor the time taken to generate alerts for suspicious vehicles to confirm compliance with the 3-second requirement.","The original user story was clear but lacked measurable criteria and specific performance metrics. The improved version enhances clarity by specifying the accuracy and response time requirements, along with a structured test outline to ensure the functionality meets business needs.","that (ISO 29148)
can (NASA ARM)",4,4,0.0,4,4,0.0,5,5,0.0,4,5,1.0,4,5,1.0,3,5,2.0,4,5,1.0,—
A36US9O1,"As a researcher, I want to understand the data collection and feature extraction methods used in the study, so that I can apply similar techniques to my own vehicle classification research.","User Story:
As a researcher, I want to gain a comprehensive understanding of the data collection and feature extraction methods utilized in the study so that I can effectively implement similar techniques in my own research, enhancing the accuracy and reliability of my findings.

Acceptance Criteria:
- A detailed documentation of the data collection methods must be provided, including sample size, data sources, and collection duration.
- The feature extraction techniques should be clearly outlined, with at least 5 specific methods described, including their advantages and limitations.
- A comparative analysis of the effectiveness of these methods should be included, demonstrating at least a 20% improvement in classification accuracy over previous studies.

Test Outline:
- Review the provided documentation to ensure it includes all required details about data collection and feature extraction methods.
- Analyze the comparative results to verify the claimed improvements in classification accuracy.","The original user story was clear but lacked specificity and measurable criteria. The improved version enhances clarity by specifying the research context, detailing the acceptance criteria, and providing a structured test outline to ensure the information is actionable and relevant.","it (ISO 29148)
that (ISO 29148)
these (ISO 29148)
all (ISO 29148)
can (NASA ARM)",4,4,0.0,4,4,0.0,5,5,0.0,4,5,1.0,4,5,1.0,3,5,2.0,4,5,1.0,—
A36US10O1,"As a software engineer, I want to develop a user-friendly interface for visualizing classified vehicle types, so that stakeholders can easily interpret and utilize the traffic data for decision-making.","User Story:
As a software engineer, I want to create an intuitive interface for visualizing classified vehicle types so that stakeholders can interpret traffic data effectively and make informed decisions based on clear insights.

Acceptance Criteria:
- The interface must allow users to visualize vehicle classifications with a loading time of no more than 3 seconds for any dataset.
- At least 90% of stakeholders should report that the interface is user-friendly and meets their needs during usability testing.
- The visualization should support filtering options that allow users to view data by time, vehicle type, and location, with changes applied in real-time.

Test Outline:
- Measure the loading time of the interface with various datasets to ensure it meets the 3-second requirement.
- Conduct usability testing sessions with stakeholders to gather feedback on the interface's user-friendliness and functionality.
- Test the filtering options to confirm that they work correctly and update the visualizations in real-time.",The original user story was well-structured but could benefit from more explicit measurable criteria and a clearer focus on user feedback. The improved version enhances clarity by specifying acceptance criteria and a test outline that emphasizes measurable outcomes and stakeholder engagement.,"intuitive (ISO 29148)
it (ISO 29148)
that (ISO 29148)
can (NASA ARM)
more (NASA ARM)",4,4,0.0,4,4,0.0,5,5,0.0,4,5,1.0,4,5,1.0,3,5,2.0,4,5,1.0,—
A37US1O1,"As a fantasy sports enthusiast, I want to access visualizations and statistical analytics, so that I can make informed decisions when selecting and investing in players.","User Story:
As a fantasy sports enthusiast, I want to access comprehensive visualizations and detailed statistical analytics so that I can make data-driven decisions when selecting and investing in players, ultimately increasing my chances of winning.

Acceptance Criteria:
- The visualizations must load within 3 seconds and display relevant player statistics with at least 95% accuracy.
- Users should be able to filter and sort player data based on at least 5 different criteria (e.g., performance metrics, injury status, and matchups).
- User satisfaction regarding the usefulness of the visualizations and analytics should reach at least 90% in post-usage surveys.

Test Outline:
- Measure the loading time of visualizations and verify the accuracy of displayed statistics against official data sources.
- Conduct usability testing to ensure users can effectively filter and sort data as intended.
- Gather user feedback through surveys to assess satisfaction levels with the analytics provided.","The original user story was clear but lacked measurable criteria and specific details. The improved version enhances clarity by specifying the desired outcomes, measurable acceptance criteria, and a structured test outline to ensure the functionality meets user needs.","that (ISO 29148)
be able to (NASA ARM)
can (NASA ARM)",4,4,0.0,4,4,0.0,5,5,0.0,4,5,1.0,4,5,1.0,3,5,2.0,4,5,1.0,—
A37US2O1,"As a casual fantasy sports player, I want tools that counteract favoritism bias, so that my team selections are based on performance data rather than personal team allegiance.","User Story:
As a casual fantasy sports player, I want analytical tools that mitigate favoritism bias in my team selections so that I can make data-driven decisions based on player performance metrics rather than personal preferences.

Acceptance Criteria:
- The tool must provide performance data for at least 100 players, updated in real-time, to ensure accuracy.
- Users should be able to filter player statistics by key performance indicators (KPIs) such as points per game, assists, and rebounds, with at least 90% of users finding the filters intuitive.
- The tool should generate recommendations that improve team performance by at least 15% compared to previous selections based on user feedback.

Test Outline:
- Evaluate the tool's database to confirm it includes performance data for the specified number of players and that updates occur in real-time.
- Conduct user testing to assess the intuitiveness of the filtering options and gather feedback on the effectiveness of the recommendations.","The original user story was clear but lacked measurable criteria and specific details. The improved version enhances clarity by specifying the analytical tools, quantifying acceptance criteria, and providing a structured test outline to ensure the functionality meets user needs.","intuitive (ISO 29148)
it (ISO 29148)
that (ISO 29148)
be able to (NASA ARM)
can (NASA ARM)",4,5,1.0,3,4,1.0,4,5,1.0,3,5,2.0,4,5,1.0,2,5,3.0,3,5,2.0,—
A37US3O1,"As a data analyst, I want to utilize data from the Fantasy Premier League (FPL) API, so that I can generate actionable insights for improving player investment strategies.","User Story:
As a data analyst, I want to access and utilize data from the Fantasy Premier League (FPL) API so that I can generate actionable insights that enhance player investment strategies and improve overall team performance.

Acceptance Criteria:
- The API must provide data with an accuracy rate of at least 95% for player statistics and performance metrics.
- Data retrieval from the FPL API should occur within 3 seconds for seamless analysis.
- Insights generated from the data should lead to a measurable improvement in investment strategy effectiveness, with at least a 10% increase in ROI over the next season.

Test Outline:
- Validate the accuracy of the data retrieved from the FPL API by cross-referencing with official league statistics.
- Measure the time taken to retrieve data from the API to ensure it meets the 3-second requirement.
- Analyze the impact of the generated insights on investment strategies by tracking ROI before and after implementation.","The original user story was clear but lacked specific measurable criteria and a structured approach. The improved version enhances clarity by specifying the accuracy of data, response time, and expected outcomes, along with a detailed test outline to verify the functionality.","it (ISO 29148)
that (ISO 29148)
can (NASA ARM)",4,4,0.0,4,4,0.0,5,5,0.0,4,5,1.0,4,5,1.0,3,5,2.0,4,5,1.0,—
A37US4O1,"As a sports blogger, I want to incorporate advanced statistical measures into my content, so that I can provide my audience with deeper analyses and recommendations for their fantasy teams.","User Story:
As a sports blogger, I want to integrate advanced statistical metrics into my articles so that I can deliver in-depth analyses and actionable insights for my audience's fantasy team decisions.

Acceptance Criteria:
- At least 3 advanced statistical measures (e.g., player efficiency ratings, expected goals, and advanced analytics) must be included in each article.
- The content should increase audience engagement by 20% as measured by comments, shares, and time spent on the page.
- User feedback should reflect a satisfaction rate of 90% or higher regarding the usefulness of the statistical insights provided.

Test Outline:
- Analyze the content of articles to ensure the inclusion of the specified advanced metrics.
- Track engagement metrics before and after the implementation of advanced statistics to measure the impact on audience interaction.","The original user story was clear but lacked measurable criteria and specific outcomes. The improved version enhances clarity by specifying the types of statistics to be included, sets quantifiable acceptance criteria for engagement and satisfaction, and outlines a structured test plan.","that (ISO 29148)
can (NASA ARM)",4,4,0.0,4,4,0.0,5,5,0.0,4,5,1.0,4,5,1.0,3,5,2.0,4,5,1.0,—
A37US5O1,"As a fantasy league manager, I want to implement data-driven decision-making tools, so that I can enhance the competitiveness and fairness of my league.","User Story:
As a fantasy league manager, I want to integrate data-driven decision-making tools into the league platform so that I can improve team performance metrics and ensure a fair competitive environment for all participants.

Acceptance Criteria:
- The tools must provide actionable insights based on player statistics, with at least 80% of users reporting improved decision-making capabilities.
- The implementation should reduce the average time spent on research and analysis by 30% for league managers.
- User satisfaction with the new tools should reach a minimum of 90% based on post-implementation surveys.

Test Outline:
- Analyze user feedback to assess the effectiveness of the insights provided by the tools.
- Measure the time taken by league managers to make decisions before and after the implementation of the tools.","The original user story was clear but lacked specific, measurable criteria. The improved version enhances clarity by specifying the expected outcomes, measurable acceptance criteria, and a structured test outline to evaluate the effectiveness of the tools.","that (ISO 29148)
improved (ISO 29148)
all (ISO 29148)
can (NASA ARM)
improved (NASA ARM)",2,4,2.0,2,4,2.0,4,5,1.0,2,5,3.0,3,5,2.0,2,5,3.0,3,5,2.0,—
A37US6O1,"As a software developer, I want to integrate statistical analysis and data science techniques into fantasy sports platforms, so that users can benefit from enhanced decision-support features.","User Story:
As a software developer, I want to implement advanced statistical analysis and data science techniques into fantasy sports platforms so that users can leverage data-driven insights to improve their team selection and performance predictions.

Acceptance Criteria:
- The integration must provide at least 5 new analytical features, such as player performance forecasts and matchup analysis, within the next development cycle.
- Users should experience a 20% increase in engagement metrics, such as time spent on the platform, after the new features are launched.
- At least 80% of users should report that the new features significantly enhance their decision-making process in surveys conducted one month post-launch.

Test Outline:
- Track the number of new analytical features implemented and ensure they meet the specified criteria.
- Analyze user engagement metrics before and after the feature launch to confirm a 20% increase.
- Conduct user surveys to gather feedback on the perceived value of the new features and their impact on decision-making.","The original user story was clear but lacked measurable criteria and specific outcomes. The improved version enhances clarity by specifying the features to be integrated, quantifying user engagement improvements, and outlining a structured testing approach to validate the enhancements.","that (ISO 29148)
can (NASA ARM)",4,4,0.0,4,4,0.0,5,5,0.0,4,5,1.0,4,5,1.0,3,5,2.0,4,5,1.0,—
A37US7O1,"As a marketing strategist for a fantasy sports platform, I want to highlight the use of advanced analytics in our services, so that we can attract users seeking more sophisticated tools for team management.","User Story:
As a marketing strategist for a fantasy sports platform, I want to showcase our advanced analytics features so that we can attract at least 20% more users who are looking for sophisticated tools to enhance their team management experience.

Acceptance Criteria:
- The marketing campaign must highlight at least three key analytics features that differentiate our platform from competitors.
- User engagement metrics should show a 15% increase in interactions with the analytics section of our website within one month of the campaign launch.
- The campaign should lead to a 10% increase in user sign-ups within three months.

Test Outline:
- Analyze the content of the marketing materials to ensure all key features are effectively communicated.
- Track user engagement metrics before and after the campaign to measure the increase in interactions.
- Monitor user sign-up rates to evaluate the effectiveness of the campaign in attracting new users.","The original user story was clear but lacked measurable criteria and specific goals. The improved version emphasizes quantifiable targets, clarifies the marketing strategy, and outlines acceptance criteria and testing methods to ensure effectiveness.","that (ISO 29148)
all (ISO 29148)
can (NASA ARM)
more (NASA ARM)",4,5,1.0,4,4,0.0,5,5,0.0,4,5,1.0,4,5,1.0,3,5,2.0,4,5,1.0,—
A37US8O1,"As an educator in sports management, I want to use fantasy sports data and analytics as teaching tools, so that students can learn about data-driven decision-making in a real-world context.","User Story:
As an educator in sports management, I want to integrate fantasy sports data and analytics into my curriculum so that my students can apply data-driven decision-making techniques in a practical, real-world environment.

Acceptance Criteria:
- At least 80% of students should demonstrate improved understanding of data analytics concepts through assessments after using fantasy sports data.
- The integration of fantasy sports analytics should be included in at least 3 different course modules by the end of the semester.
- Student feedback should reflect a satisfaction rate of 90% or higher regarding the relevance and effectiveness of using fantasy sports data in their learning.

Test Outline:
- Evaluate student performance on assessments before and after the integration of fantasy sports data to measure improvement.
- Review course materials to ensure that fantasy sports analytics are incorporated into the specified modules.
- Conduct surveys to gather student feedback on their learning experience with the new teaching tools.","The original user story was clear but lacked measurable criteria and specific outcomes. The improved version enhances clarity by specifying the educator's role, the capability to integrate data analytics, and explicit, quantifiable acceptance criteria and test outlines to assess the effectiveness of the teaching tools.","that (ISO 29148)
improved (ISO 29148)
can (NASA ARM)
improved (NASA ARM)",4,4,0.0,4,5,1.0,5,4,-1.0,4,5,1.0,4,5,1.0,3,5,2.0,4,5,1.0,—
A37US9O1,"As a user experience designer, I want to create intuitive dashboards that display key statistical measures and visualizations, so that users can easily interpret data to make better player selections.","User Story:
As a user experience designer, I want to develop intuitive dashboards that showcase key statistical metrics and visualizations so that users can effortlessly interpret data and enhance their player selection decisions.

Acceptance Criteria:
- The dashboard must present at least 5 key statistical measures with clear visualizations that are understandable to 90% of users during usability testing.
- Users should be able to navigate the dashboard and find relevant data within 3 clicks or less.
- User satisfaction with the dashboard's intuitiveness should reach a minimum of 85% in post-launch surveys.

Test Outline:
- Conduct usability testing sessions to evaluate user comprehension of the statistical measures and visualizations.
- Track the number of clicks required for users to access specific data points and ensure it meets the 3-click criterion.
- Distribute surveys post-launch to gather user feedback on the dashboard's intuitiveness and overall satisfaction.","The original user story was well-structured but needed clearer, measurable acceptance criteria and a test outline. The improved version emphasizes specific metrics, user navigation efficiency, and satisfaction rates, enhancing clarity and focus on business value.","intuitive (ISO 29148)
it (ISO 29148)
that (ISO 29148)
be able to (NASA ARM)
can (NASA ARM)
less (NASA ARM)",4,4,0.0,4,4,0.0,5,5,0.0,4,5,1.0,4,5,1.0,3,5,2.0,4,5,1.0,—
A37US10O1,"As a researcher, I want to analyze the effectiveness of statistical and analytical tools in reducing favoritism bias, so that I can contribute to the development of more objective fantasy sports strategies.","User Story:
As a researcher, I want to evaluate the impact of various statistical and analytical tools on minimizing favoritism bias in fantasy sports, so that I can provide data-driven recommendations for developing more objective and effective strategies.

Acceptance Criteria:
- The analysis must demonstrate a reduction in favoritism bias by at least 30% when using the recommended tools compared to traditional methods.
- A comprehensive report should be generated, detailing the effectiveness of each tool, with at least 5 case studies included.
- The findings should be presented in a peer-reviewed publication or conference, achieving a minimum acceptance rate of 70%.

Test Outline:
- Conduct controlled experiments comparing outcomes with and without the use of the statistical tools to measure bias reduction.
- Gather feedback from peers and industry experts on the report's findings to assess clarity and impact.","The original user story was clear but lacked specificity and measurable criteria. The improved version enhances clarity by specifying the research context, establishing quantifiable acceptance criteria, and outlining a structured test plan to validate the findings.","effective (ISO 29148)
that (ISO 29148)
effective (NASA ARM)
can (NASA ARM)
more (NASA ARM)",4,4,0.0,4,4,0.0,5,5,0.0,4,5,1.0,4,5,1.0,3,5,2.0,4,5,1.0,—
A38US1O1,"As a recruiter, I want to automatically segregate candidates based on eligibility criteria, so that I can efficiently shortlist suitable applicants without manual effort.","User Story:
As a recruiter, I want to automate the segregation of candidates based on predefined eligibility criteria so that I can efficiently shortlist suitable applicants, reducing manual effort by at least 70%.

Acceptance Criteria:
- The system must accurately categorize candidates into eligible and ineligible groups with a precision rate of 95% or higher.
- The automation process should complete the segregation within 5 minutes for a batch of up to 100 candidates.
- Recruiters should report a time savings of at least 3 hours per week due to the automation of this process.

Test Outline:
- Validate the accuracy of candidate categorization by comparing automated results against manual evaluations for a sample set.
- Measure the time taken to process a batch of candidates to ensure it meets the 5-minute requirement.
- Survey recruiters to assess the reported time savings and overall satisfaction with the automation feature.","The original user story was clear but lacked measurable criteria and specific benefits. The improved version enhances clarity by specifying quantifiable acceptance criteria and a test outline, emphasizing the efficiency and effectiveness of the automation process.","it (ISO 29148)
this (ISO 29148)
that (ISO 29148)
can (NASA ARM)",4,5,1.0,4,4,0.0,5,5,0.0,4,5,1.0,4,5,1.0,3,5,2.0,4,5,1.0,—
A38US2O1,"As an HR manager, I want to evaluate candidates' personalities through an online MCQ test, so that I can ensure their fit within the organizational culture.","User Story:
As an HR manager, I want to assess candidates' personalities using an online multiple-choice questionnaire so that I can identify their compatibility with our organizational culture and improve our hiring decisions.

Acceptance Criteria:
- The online test must evaluate at least 5 key personality traits relevant to our culture with a minimum reliability score of 0.85.
- Candidates should complete the test within 15 minutes, ensuring a streamlined evaluation process.
- At least 80% of candidates should report a positive experience with the test format and content.

Test Outline:
- Analyze the reliability score of the test results through statistical methods to confirm the accuracy of personality assessments.
- Measure the average time taken by candidates to complete the test and gather feedback on their experience through post-test surveys.","The original user story was clear but lacked specific, measurable criteria. The improved version enhances clarity by specifying the traits to be evaluated, the time limit for completion, and the expected candidate experience, along with a structured test outline.","that (ISO 29148)
can (NASA ARM)",4,4,0.0,4,4,0.0,5,4,-1.0,4,5,1.0,4,5,1.0,4,5,1.0,4,4,0.0,—
A38US3O1,"As a software developer, I want to develop an online application for candidate registration and personality analysis, so that the recruitment process is streamlined and automated.","User Story:
As a software developer, I want to create an online application for candidate registration and personality analysis so that the recruitment process is streamlined, automated, and can handle at least 500 registrations per day efficiently.

Acceptance Criteria:
- The application must allow candidates to register and complete personality assessments within 10 minutes on average.
- At least 95% of registrations should be processed without errors or delays.
- The system should generate a personality analysis report for each candidate within 5 minutes of completing the assessment.

Test Outline:
- Measure the average time taken for candidates to complete the registration and assessment process.
- Track the success rate of registrations over a month to ensure it meets the 95% threshold.
- Evaluate the time taken to generate personality analysis reports to confirm it meets the 5-minute requirement.","The original user story was clear but lacked measurable criteria and specific performance goals. The improved version enhances clarity by specifying the expected volume of registrations, timeframes for processes, and acceptance criteria that are quantifiable, thus improving the overall INVEST score.","it (ISO 29148)
that (ISO 29148)
can (NASA ARM)",3,4,1.0,3,4,1.0,4,5,1.0,3,5,2.0,4,5,1.0,2,5,3.0,3,5,2.0,—
A38US4O1,"As a data scientist, I want to use logistic regression to analyze candidate data, so that recruitment decisions are fair and based on data-driven insights.","User Story:
As a data scientist, I want to implement logistic regression analysis on candidate data so that recruitment decisions are made fairly and are supported by data-driven insights, improving the selection process.

Acceptance Criteria:
- The logistic regression model must achieve an accuracy rate of at least 85% when predicting candidate suitability based on historical data.
- The analysis should provide insights that can be interpreted and acted upon by the recruitment team, with at least 3 actionable recommendations derived from the model.
- The model's performance should be validated using a separate test dataset, ensuring it generalizes well with a precision and recall of at least 80%.

Test Outline:
- Evaluate the model's accuracy by comparing its predictions against actual outcomes in a validation dataset.
- Review the insights generated from the analysis with the recruitment team to confirm the clarity and applicability of the recommendations.","The original user story was clear but lacked specific, measurable criteria for success. The improved version enhances clarity by specifying the expected accuracy, actionable insights, and validation requirements, making it more aligned with the INVEST principles.","it (ISO 29148)
that (ISO 29148)
can (NASA ARM)",4,4,0.0,4,4,0.0,5,5,0.0,4,5,1.0,4,5,1.0,3,5,2.0,4,5,1.0,—
A38US5O1,"As a candidate, I want to take a personality quiz online, so that I can demonstrate my suitability for the job beyond my resume.","User Story:
As a candidate, I want to complete an online personality quiz so that I can effectively showcase my fit for the role and enhance my chances of being selected beyond what my resume conveys.

Acceptance Criteria:
- The personality quiz must be accessible online and fully functional on both desktop and mobile devices, with a loading time of under 3 seconds.
- At least 80% of candidates should receive their results within 5 minutes of completion.
- The quiz should provide feedback that correlates with job requirements, achieving a satisfaction rate of 90% or higher from candidates regarding its relevance.

Test Outline:
- Verify the accessibility and loading time of the quiz on various devices to ensure it meets the criteria.
- Track the time taken for candidates to receive their results and analyze feedback for relevance and satisfaction.","The original user story was clear but lacked measurable criteria and specific acceptance standards. The improved version enhances clarity by specifying the candidate's role, the capability of the quiz, and explicit, quantifiable benefits, along with a structured test outline.","it (ISO 29148)
that (ISO 29148)
can (NASA ARM)",4,4,0.0,3,4,1.0,4,5,1.0,3,5,2.0,4,5,1.0,2,5,3.0,3,5,2.0,—
A38US6O1,"As an admin, I want to receive personality quiz results and eligibility analyses, so that I can make informed hiring decisions.","User Story:
As an admin, I want to receive detailed personality quiz results and eligibility analyses for candidates so that I can make data-driven hiring decisions that improve team fit and performance.

Acceptance Criteria:
- The system must generate personality quiz results within 5 minutes of completion for at least 95% of candidates.
- Eligibility analyses should include a scoring system that clearly indicates candidate suitability, with a minimum threshold of 70% for consideration.
- Admins should be able to access and review results through a user-friendly dashboard that updates in real-time.

Test Outline:
- Measure the time taken to generate results after quiz completion to ensure it meets the 5-minute requirement.
- Review a sample of eligibility analyses to confirm that the scoring system is applied consistently and accurately.
- Test the dashboard functionality to ensure it displays updated results without delays.","The original user story was clear but lacked measurable criteria and specific details. The improved version enhances clarity by specifying the desired outcomes, measurable acceptance criteria, and a structured test outline to ensure the functionality meets business needs.","it (ISO 29148)
that (ISO 29148)
be able to (NASA ARM)
can (NASA ARM)",4,4,0.0,4,4,0.0,5,4,-1.0,4,5,1.0,4,5,1.0,3,5,2.0,4,4,0.0,—
A38US7O1,"As a system administrator, I want the application to securely handle candidate CV uploads and quiz responses, so that candidate data is protected.","User Story:
As a system administrator, I want the application to securely manage candidate CV uploads and quiz responses so that candidate data is protected against unauthorized access and breaches.

Acceptance Criteria:
- The application must encrypt all candidate data during upload and storage, achieving at least AES-256 encryption standards.
- The system should log and monitor all access attempts to candidate data, with alerts triggered for any unauthorized access attempts within 5 seconds.
- At least 99% of candidate data uploads and quiz responses should be processed without errors, ensuring data integrity.

Test Outline:
- Conduct security audits to verify that encryption standards are met and that data is securely handled.
- Simulate unauthorized access attempts to ensure the system correctly logs and alerts administrators within the specified time frame.
- Track the success rate of data uploads and responses to confirm that the error rate remains below 1%.","The original user story was clear but lacked specific measurable criteria. The improved version enhances clarity by specifying security standards, measurable acceptance criteria, and a structured test outline to ensure the protection of candidate data.","that (ISO 29148)
all (ISO 29148)",4,4,0.0,4,4,0.0,5,5,0.0,4,5,1.0,4,5,1.0,3,5,2.0,4,5,1.0,—
A38US8O1,"As an HR analyst, I want to compare candidates' CV data against trained datasets, so that I can assess their professional eligibility accurately.","User Story:
As an HR analyst, I want to analyze candidates' CV data against established trained datasets so that I can accurately evaluate their professional qualifications and make informed hiring decisions.

Acceptance Criteria:
- The system must match candidates' CV data with trained datasets with at least 95% accuracy in identifying relevant qualifications.
- The analysis process should be completed within 5 seconds for each candidate to ensure timely evaluations.
- A report summarizing the eligibility assessment should be generated for at least 90% of candidates within 10 seconds of data submission.

Test Outline:
- Validate the accuracy of the matching process by comparing the system's results with a sample of manually assessed candidates.
- Measure the time taken for the analysis and report generation to ensure compliance with the specified time limits.","The original user story was clear but lacked measurable criteria and specific performance metrics. The improved version enhances clarity by specifying the accuracy, speed, and reporting requirements, making it more actionable and aligned with business objectives.","that (ISO 29148)
timely (NASA ARM)
can (NASA ARM)",4,4,0.0,4,4,0.0,5,4,-1.0,4,5,1.0,4,5,1.0,3,5,2.0,4,4,0.0,—
A38US9O1,"As a candidate, I want to receive feedback on my personality quiz results, so that I can understand my strengths and areas for improvement.","User Story:
As a candidate, I want to receive detailed feedback on my personality quiz results so that I can gain insights into my strengths and identify specific areas for improvement, enhancing my personal development.

Acceptance Criteria:
- Feedback must be provided within 24 hours of quiz completion for timely insights.
- At least 80% of candidates should report that the feedback is clear and actionable based on a post-feedback survey.
- The feedback report should include at least three specific strengths and three areas for improvement tailored to the individual candidate.

Test Outline:
- Track the time taken to deliver feedback after quiz completion to ensure it meets the 24-hour requirement.
- Conduct a survey with candidates to evaluate the clarity and usefulness of the feedback provided.","The original user story was clear but lacked measurable criteria and specificity. The improved version enhances clarity by detailing the feedback process, establishing measurable acceptance criteria, and providing a structured test outline to ensure the feedback's effectiveness.","it (ISO 29148)
that (ISO 29148)
timely (NASA ARM)
can (NASA ARM)",4,4,0.0,4,4,0.0,5,5,0.0,4,5,1.0,4,5,1.0,3,5,2.0,4,5,1.0,—
A38US10O1,"As a company, I want to reduce hiring bias by using an automated system, so that recruitment decisions are based on objective criteria and personality fit.","User Story:
As a company, I want to implement an automated recruitment system to minimize hiring bias so that our selection process is based on objective criteria and personality fit, leading to a more diverse and qualified workforce.

Acceptance Criteria:
- The automated system must evaluate candidates based on at least 5 predefined objective criteria, ensuring a fair assessment.
- The system should reduce the time spent on initial candidate screening by at least 30%.
- Post-implementation, at least 80% of hiring managers should report increased confidence in the objectivity of the recruitment process.

Test Outline:
- Review the criteria used by the automated system to ensure they are objective and relevant.
- Measure the time taken for candidate screening before and after the system's implementation to confirm a 30% reduction.
- Conduct surveys with hiring managers to assess their confidence levels in the new process.","The original user story was clear but lacked specific measurable criteria and a structured approach. The improved version clarifies the role of the hiring manager, specifies the capability, and outlines explicit, quantifiable acceptance criteria and a test outline to enhance clarity and focus on business value.","that (ISO 29148)
more (NASA ARM)",4,4,0.0,4,4,0.0,5,5,0.0,4,5,1.0,4,5,1.0,3,5,2.0,4,5,1.0,—
A39US1O1,"As a music curator, I want to use a machine learning model to predict playlist success, so that I can create more engaging and popular playlists for listeners.","User Story:
As a music curator, I want to implement a machine learning model to accurately predict the success of playlists based on listener engagement metrics so that I can create playlists that achieve at least a 20% increase in listener retention and a 15% boost in shares within three months.

Acceptance Criteria:
- The model must achieve a prediction accuracy of at least 85% when tested against historical playlist data.
- Playlists curated using the model should show a minimum of 20% higher engagement rates compared to those created without the model.
- User feedback should reflect a satisfaction rate of 90% or higher regarding the quality and relevance of the playlists.

Test Outline:
- Validate the model's accuracy by comparing its predictions with actual listener engagement data over a defined period.
- Analyze engagement metrics of playlists created with the model versus those created traditionally to confirm the 20% improvement.","The original user story was clear but lacked specific, measurable criteria. The improved version enhances clarity by defining explicit success metrics, ensuring the story is actionable and focused on business outcomes.","that (ISO 29148)
those (ISO 29148)
can (NASA ARM)",4,4,0.0,4,4,0.0,5,5,0.0,4,5,1.0,4,5,1.0,3,5,2.0,4,5,1.0,—
A39US2O1,"As a digital music platform manager, I want to integrate playlist success predictions into our system, so that we can enhance user satisfaction and retention through optimized playlist recommendations.","User Story:
As a digital music platform manager, I want to implement a predictive analytics feature for playlist success so that we can increase user satisfaction and retention by providing tailored playlist recommendations based on user preferences and listening habits.

Acceptance Criteria:
- The prediction model must achieve at least 85% accuracy in forecasting playlist performance based on historical data.
- User engagement with recommended playlists should increase by a minimum of 20% within the first month of implementation.
- The system should generate weekly reports on playlist performance metrics, including user retention rates and satisfaction scores.

Test Outline:
- Validate the accuracy of the prediction model by comparing its forecasts against actual user engagement data over a specified period.
- Analyze user interaction metrics before and after the implementation to measure the increase in engagement with recommended playlists.","The original user story was clear but lacked specific, measurable criteria. The improved version enhances clarity by specifying the desired outcomes, measurable acceptance criteria, and a structured test outline to ensure the feature's effectiveness.","that (ISO 29148)
can (NASA ARM)",4,4,0.0,4,4,0.0,5,5,0.0,4,5,1.0,4,5,1.0,3,5,2.0,4,5,1.0,—
A39US3O1,"As a data scientist, I want to analyze various musical characteristics of songs, so that I can improve the accuracy of our playlist success prediction model.","User Story:
As a data scientist, I want to analyze multiple musical characteristics of songs, such as tempo, key, and genre, so that I can enhance the accuracy of our playlist success prediction model by at least 15%.

Acceptance Criteria:
- The analysis must include at least 10 distinct musical characteristics for a comprehensive dataset.
- The improved model should demonstrate a minimum increase of 15% in prediction accuracy compared to the previous version.
- The analysis process should be completed within 2 weeks to align with project timelines.

Test Outline:
- Validate the dataset to ensure it includes the required musical characteristics and is representative of diverse genres.
- Measure the prediction accuracy of the new model against a validation set to confirm the 15% improvement.","The original user story was clear but lacked specific, measurable criteria. The improved version clarifies the capability, specifies quantifiable acceptance criteria, and outlines a structured test plan to ensure the desired outcomes are met.","it (ISO 29148)
that (ISO 29148)
improved (ISO 29148)
can (NASA ARM)
improved (NASA ARM)",4,4,0.0,4,4,0.0,5,5,0.0,4,5,1.0,4,5,1.0,3,5,2.0,4,5,1.0,—
A39US4O1,"As a marketing strategist for a music streaming service, I want to leverage insights from playlist success predictions, so that I can develop targeted campaigns that promote popular playlists and increase user engagement.","User Story:
As a marketing strategist for a music streaming service, I want to utilize data-driven insights from playlist success predictions so that I can create targeted marketing campaigns that promote high-performing playlists and boost user engagement by at least 20%.

Acceptance Criteria:
- The insights must accurately predict playlist success with a minimum of 85% reliability based on historical data.
- Campaigns developed from these insights should lead to a measurable increase in user engagement, defined as a 20% rise in playlist listens within 30 days of launch.
- User feedback on the effectiveness of the campaigns should achieve a satisfaction rate of 90% or higher.

Test Outline:
- Analyze the accuracy of playlist success predictions by comparing predicted outcomes with actual performance metrics.
- Track user engagement metrics before and after campaign launches to assess the impact of targeted promotions.","The original user story was well-structured but lacked specific measurable criteria. The improved version clarifies the expected outcomes, sets quantifiable acceptance criteria, and provides a structured test outline to ensure the effectiveness of the marketing strategies.","that (ISO 29148)
these (ISO 29148)
can (NASA ARM)",4,4,0.0,4,4,0.0,5,5,0.0,4,5,1.0,5,5,0.0,4,5,1.0,4,5,1.0,—
A39US5O1,"As a music enthusiast, I want personalized playlist recommendations based on predicted success factors, so that I can enjoy a more tailored and enjoyable music-listening experience.","User Story:
As a music enthusiast, I want to receive personalized playlist recommendations driven by predictive analytics so that I can enjoy a customized music-listening experience that aligns with my tastes and preferences.

Acceptance Criteria:
- The recommendation algorithm must analyze at least 5 success factors, such as genre, tempo, and user listening history, to generate playlists.
- Users should receive updated playlist recommendations at least once a week based on their evolving preferences.
- The satisfaction rate for the personalized playlists should reach 90% or higher in user feedback surveys.

Test Outline:
- Evaluate the effectiveness of the recommendation algorithm by measuring user engagement metrics, such as the number of songs played from the recommended playlists.
- Conduct user surveys to assess satisfaction with the personalized playlists and gather feedback on the accuracy of the recommendations.","The original user story was well-structured but lacked specific, measurable criteria. The improved version clarifies the capability and business relevance while providing detailed acceptance criteria and a test outline to ensure the recommendations meet user expectations.","that (ISO 29148)
can (NASA ARM)",4,4,0.0,4,4,0.0,5,5,0.0,4,5,1.0,4,5,1.0,3,5,2.0,4,5,1.0,—
A39US6O1,"As a product manager, I want to utilize the machine learning-based approach to forecast playlist popularity, so that we can prioritize and feature playlists that are more likely to succeed.","User Story:
As a product manager, I want to implement a machine learning-based forecasting model to predict playlist popularity so that we can prioritize and promote playlists with a projected success rate of at least 75%.

Acceptance Criteria:
- The forecasting model must achieve a prediction accuracy of 85% or higher based on historical playlist performance data.
- The system should generate popularity forecasts within 5 seconds for each playlist analyzed.
- At least 70% of playlists featured based on the model's predictions should meet or exceed their expected engagement metrics within the first month of promotion.

Test Outline:
- Validate the accuracy of the forecasting model by comparing its predictions against actual engagement data over a 3-month period.
- Measure the time taken to generate forecasts for a sample set of playlists to ensure it meets the 5-second requirement.
- Analyze the performance of featured playlists to confirm that at least 70% meet the engagement criteria.","The original user story was clear but lacked specific, measurable criteria. The improved version enhances clarity by specifying the expected success rate, accuracy, and response time, along with a structured test outline to ensure accountability and effectiveness.","it (ISO 29148)
that (ISO 29148)
can (NASA ARM)",4,4,0.0,4,4,0.0,5,5,0.0,4,5,1.0,4,5,1.0,3,5,2.0,4,5,1.0,—
A39US7O1,"As a user experience designer, I want to incorporate success prediction insights into the playlist creation interface, so that users can receive guidance on building playlists that resonate with their audience.","User Story:
As a user experience designer, I want to integrate success prediction insights into the playlist creation interface so that users can receive actionable guidance on crafting playlists that achieve at least a 75% engagement rate with their audience.

Acceptance Criteria:
- The success prediction feature must analyze user input and provide recommendations that improve playlist engagement by a minimum of 20%.
- Users should be able to view predicted success metrics for each suggested playlist within 3 seconds of creation.
- At least 80% of users should report that the insights provided enhance their playlist-building experience.

Test Outline:
- Evaluate the effectiveness of the success prediction insights by measuring the engagement rates of playlists created with and without the feature.
- Conduct user surveys to assess the perceived value and usability of the insights provided.","The original user story was clear but lacked measurable criteria and specific outcomes. The improved version emphasizes quantifiable goals, such as engagement rates and user satisfaction, while maintaining the original intent and enhancing clarity.","that (ISO 29148)
be able to (NASA ARM)
can (NASA ARM)",4,5,1.0,4,4,0.0,5,5,0.0,4,5,1.0,4,5,1.0,3,5,2.0,4,5,1.0,—
A39US8O1,"As an industry analyst, I want to study the factors driving playlist success, so that I can provide valuable recommendations to music producers and streaming services on effective playlist strategies.","User Story:
As an industry analyst, I want to analyze the key factors influencing playlist success so that I can deliver actionable insights and recommendations to music producers and streaming services, enhancing their playlist strategies and increasing listener engagement.

Acceptance Criteria:
- Identify and quantify at least 5 critical factors that contribute to playlist success, supported by data analysis.
- Provide recommendations that can improve playlist performance by at least 20% in listener engagement metrics.
- Deliver a comprehensive report within 4 weeks that includes findings, insights, and suggested strategies.

Test Outline:
- Review the analysis process to ensure it captures and evaluates the identified factors accurately.
- Measure the impact of implemented recommendations on playlist performance metrics over a 3-month period.","The original user story was well-structured but lacked specific measurable criteria and timelines. The improved version clarifies the capability and business relevance while providing explicit, quantifiable acceptance criteria and a structured test outline.","it (ISO 29148)
that (ISO 29148)
can (NASA ARM)",4,4,0.0,4,4,0.0,5,4,-1.0,4,5,1.0,4,5,1.0,3,5,2.0,4,4,0.0,—
A39US9O1,"As a software engineer, I want to implement the machine learning model with high accuracy rates, so that our platform can reliably predict and promote successful playlists in real-time.","User Story:
As a software engineer, I want to deploy a machine learning model that achieves an accuracy rate of at least 95% so that our platform can reliably predict and promote successful playlists in real-time, enhancing user engagement and satisfaction.

Acceptance Criteria:
- The machine learning model must demonstrate a minimum accuracy of 95% during validation tests.
- Predictions should be generated in real-time with a response time of less than 1 second for at least 90% of requests.
- User engagement metrics, such as playlist interaction rates, should increase by at least 20% within three months of implementation.

Test Outline:
- Evaluate the model's accuracy using a comprehensive dataset and compare results against the 95% threshold.
- Measure the response time for predictions under various load conditions to ensure it meets the 1-second requirement.
- Analyze user engagement data before and after the model's deployment to assess the impact on interaction rates.","The original user story was clear but lacked specific measurable criteria. The improved version enhances clarity by specifying accuracy rates, response times, and expected business outcomes, along with structured acceptance criteria and a test outline.","it (ISO 29148)
that (ISO 29148)
can (NASA ARM)
less (NASA ARM)",4,4,0.0,4,4,0.0,5,5,0.0,4,5,1.0,4,5,1.0,3,5,2.0,4,5,1.0,—
A39US10O1,"As a music producer, I want to understand the characteristics that make playlists successful, so that I can curate collections of songs that maximize listener engagement and satisfaction.","User Story:
As a music producer, I want to analyze the key characteristics that contribute to successful playlists so that I can curate song collections that increase listener engagement by at least 30% and improve overall satisfaction ratings to 90% or higher.

Acceptance Criteria:
- Identify and document at least 5 specific characteristics that correlate with successful playlists based on listener data.
- Implement changes to curated playlists and measure listener engagement metrics, aiming for a 30% increase within 3 months.
- Conduct listener surveys to achieve a satisfaction rating of 90% or higher for the newly curated playlists.

Test Outline:
- Analyze listener data to identify trends and characteristics of successful playlists.
- Track engagement metrics before and after implementing changes to measure the effectiveness of the new curation strategy.
- Distribute surveys to listeners post-curation to assess satisfaction levels and gather feedback.","The original user story was well-structured but lacked measurable criteria and specific goals. The improved version clarifies the desired outcomes, sets quantifiable acceptance criteria, and outlines a test plan to ensure the effectiveness of the curation strategy.","that (ISO 29148)
can (NASA ARM)",4,4,0.0,4,5,1.0,5,5,0.0,4,5,1.0,4,5,1.0,3,5,2.0,4,5,1.0,—
A40US1O1,"As a social network user, I want my account to be automatically monitored for unusual login behavior, so that I can be alerted and protected from potential compromises.","User Story:
As a social network user, I want my account to be automatically monitored for any unusual login behavior so that I can receive timely alerts and enhance the security of my account against potential compromises.

Acceptance Criteria:
- The monitoring system must detect and flag unusual login attempts with at least 95% accuracy.
- Users should receive alerts within 1 minute of detection of suspicious activity.
- The system should provide users with a clear option to secure their account within 2 clicks after receiving an alert.

Test Outline:
- Simulate various login scenarios to evaluate the accuracy of the monitoring system in identifying unusual behavior.
- Measure the time taken from detection of suspicious activity to alert delivery to ensure it meets the 1-minute requirement.
- Test the user interface for the alert response to confirm that securing the account can be done within 2 clicks.","The original user story was clear but lacked measurable criteria and specific acceptance tests. The improved version enhances clarity by specifying the accuracy of monitoring, response times for alerts, and user actions, making it more actionable and focused on security outcomes.","secure (ISO 29148)
it (ISO 29148)
that (ISO 29148)
timely (NASA ARM)
can (NASA ARM)",4,4,0.0,4,4,0.0,5,5,0.0,4,5,1.0,4,5,1.0,3,5,2.0,4,5,1.0,—
A40US2O1,"As a cybersecurity analyst, I want to implement anomaly detection models based on historical login data, so that I can effectively identify and prevent compromised accounts.","User Story:
As a cybersecurity analyst, I want to deploy anomaly detection models utilizing historical login data so that I can accurately identify and mitigate compromised accounts, enhancing overall security.

Acceptance Criteria:
- The anomaly detection models must achieve at least 95% accuracy in identifying compromised accounts based on historical data.
- The system should generate alerts for suspicious login activities within 1 minute of detection.
- The models should reduce false positive rates to below 5% to ensure efficient monitoring.

Test Outline:
- Evaluate the accuracy of the anomaly detection models by comparing their predictions against a labeled dataset of compromised and legitimate accounts.
- Monitor the response time for alerts generated by the system to ensure they meet the 1-minute requirement.
- Analyze the false positive rate over a 30-day period to confirm it remains below the 5% threshold.","The original user story was clear but lacked measurable criteria and specific acceptance metrics. The improved version enhances clarity by specifying the accuracy, response time, and false positive rates, along with a structured test outline to verify the implementation.","efficient (ISO 29148)
it (ISO 29148)
that (ISO 29148)
can (NASA ARM)",4,4,0.0,4,4,0.0,5,5,0.0,4,5,1.0,5,5,0.0,4,5,1.0,4,5,1.0,—
A40US3O1,"As a platform administrator for an online social network, I want to integrate anomaly-based security measures, so that I can safeguard user trust relationships and maintain platform integrity.","User Story:
As a platform administrator for an online social network, I want to implement anomaly-based security measures so that I can enhance user trust and ensure the integrity of the platform by proactively identifying and mitigating potential threats.

Acceptance Criteria:
- Anomaly detection systems must identify at least 95% of suspicious activities within 1 hour of occurrence.
- The implementation should reduce the number of security breaches by at least 70% within the first 6 months.
- User trust metrics, measured through surveys, should show an increase of 15% or more within 3 months post-implementation.

Test Outline:
- Monitor the system's ability to detect and report anomalies in real-time, ensuring it meets the 95% identification rate.
- Analyze security breach incidents before and after implementation to confirm a reduction of at least 70%.
- Conduct user surveys to assess changes in trust levels and satisfaction with security measures.","The original user story was well-structured but lacked specific, measurable criteria. The improved version clarifies the capability and business relevance while providing explicit acceptance criteria and a test outline to ensure accountability and effectiveness.","it (ISO 29148)
that (ISO 29148)
can (NASA ARM)
more (NASA ARM)",3,4,1.0,3,4,1.0,4,5,1.0,3,5,2.0,4,5,1.0,2,5,3.0,3,5,2.0,—
A40US4O1,"As a data scientist, I want to train and validate anomaly detection models using login data from Pokec, so that I can ensure high sensitivity and specificity in detecting compromised accounts.","User Story:
As a data scientist, I want to train and validate anomaly detection models utilizing login data from the Pokec platform so that I can achieve a sensitivity of at least 95% and a specificity of 90% in identifying compromised accounts.

Acceptance Criteria:
- The trained models must demonstrate a sensitivity of 95% or higher when tested against a validation dataset.
- The specificity of the models should be at least 90%, ensuring accurate identification of legitimate accounts.
- The models should be able to process and analyze the login data within a maximum of 10 minutes for real-time monitoring.

Test Outline:
- Evaluate the models using a labeled dataset to measure sensitivity and specificity, ensuring they meet the defined thresholds.
- Conduct performance tests to confirm that the models can analyze the login data within the specified time frame.","The original user story was clear but lacked specific, measurable criteria for success. The improved version enhances clarity by defining explicit performance metrics for sensitivity and specificity, along with a structured test outline to verify the models' effectiveness.","that (ISO 29148)
be able to (NASA ARM)
can (NASA ARM)",4,4,0.0,4,4,0.0,5,5,0.0,4,5,1.0,5,5,0.0,4,5,1.0,4,5,1.0,—
A40US5O1,"As a software developer, I want to develop real-time monitoring systems that detect sudden changes in user login behavior, so that I can provide immediate protection against account compromises.","User Story:
As a software developer, I want to create real-time monitoring systems that can identify and alert on sudden changes in user login behavior so that I can implement immediate protective measures against potential account compromises.

Acceptance Criteria:
- The system must detect and alert on unusual login patterns within 5 seconds of occurrence, ensuring timely responses.
- At least 98% of detected anomalies should result in actionable alerts for the development team.
- The monitoring system should reduce the number of successful account compromises by at least 75% within the first three months of deployment.

Test Outline:
- Simulate various login behaviors to evaluate the system's response time and accuracy in detecting anomalies.
- Track the number of alerts generated and their effectiveness in preventing account compromises over a defined period.","The original user story was clear but lacked measurable criteria and specificity. The improved version enhances clarity by specifying the developer's goals, providing quantifiable acceptance criteria, and outlining a structured test plan to ensure the system's effectiveness.","that (ISO 29148)
timely (NASA ARM)
can (NASA ARM)",4,4,0.0,4,4,0.0,5,5,0.0,4,5,1.0,4,5,1.0,3,5,2.0,4,5,1.0,—
A40US6O1,"As a privacy officer, I want to ensure that login data used for anomaly detection is handled securely and in compliance with data protection regulations, so that user privacy is maintained.","User Story:
As a privacy officer, I want to ensure that all login data utilized for anomaly detection is processed securely and adheres to data protection regulations, so that user privacy is preserved and compliance is guaranteed.

Acceptance Criteria:
- All login data must be encrypted both in transit and at rest, achieving a minimum encryption standard of AES-256.
- Compliance audits should confirm adherence to relevant data protection regulations (e.g., GDPR, CCPA) with a success rate of 100% during quarterly reviews.
- User privacy incidents related to login data must be reduced to zero within the next 12 months.

Test Outline:
- Conduct penetration testing to verify the effectiveness of encryption methods used for login data.
- Schedule and perform compliance audits to ensure all processes meet regulatory standards and document findings.","The original user story was clear but lacked specific measurable criteria and a structured test outline. The improved version enhances clarity by specifying encryption standards, compliance success rates, and a timeline for reducing privacy incidents, thus strengthening the overall INVEST dimensions.","that (ISO 29148)
all (ISO 29148)",4,4,0.0,4,4,0.0,5,5,0.0,4,5,1.0,4,5,1.0,3,5,2.0,4,5,1.0,—
A40US7O1,"As a product manager, I want to leverage anomaly detection results to enhance the security features of our social network platform, so that we can offer a safer environment for our users.","User Story:
As a product manager, I want to utilize anomaly detection results to strengthen the security features of our social network platform so that we can reduce security incidents by at least 30% and provide a safer environment for our users.

Acceptance Criteria:
- Anomaly detection algorithms must identify at least 95% of potential security threats in real-time.
- The implementation of enhanced security features should lead to a measurable decrease in reported security incidents by 30% within the first quarter post-launch.
- User feedback should reflect a satisfaction rate of 90% or higher regarding perceived safety on the platform after the updates.

Test Outline:
- Monitor the effectiveness of the anomaly detection system by tracking the number of identified threats and comparing it to actual incidents.
- Analyze security incident reports before and after the implementation to confirm the 30% reduction.
- Conduct user surveys to assess their perception of safety on the platform following the enhancements.","The original user story was clear but lacked measurable criteria and specific targets. The improved version clarifies the capability, emphasizes measurable outcomes, and provides a structured approach to testing the effectiveness of the security enhancements.","it (ISO 29148)
that (ISO 29148)
can (NASA ARM)",4,4,0.0,4,4,0.0,5,5,0.0,4,5,1.0,4,5,1.0,3,5,2.0,4,5,1.0,—
A40US8O1,"As a user support specialist, I want to receive notifications about potentially compromised accounts, so that I can proactively assist users in securing their accounts.","User Story:
As a user support specialist, I want to receive real-time notifications about potentially compromised accounts so that I can proactively assist users in securing their accounts and reduce the risk of unauthorized access.

Acceptance Criteria:
- Notifications must be sent within 1 minute of detecting a potential compromise for timely intervention.
- At least 95% of notifications should accurately identify compromised accounts to minimize false positives.
- User support specialists should report a 90% satisfaction rate with the notification system's effectiveness in aiding their response efforts.

Test Outline:
- Monitor the time taken to send notifications after a potential compromise is detected to ensure it meets the 1-minute requirement.
- Analyze the accuracy of notifications by comparing them against confirmed cases of account compromises.
- Conduct surveys with user support specialists to assess their satisfaction with the notification system.","The original user story was clear but lacked measurable criteria and specific details. The improved version enhances clarity by specifying the urgency of notifications, accuracy requirements, and user satisfaction metrics, making it more actionable and aligned with business goals.","it (ISO 29148)
that (ISO 29148)
timely (NASA ARM)
can (NASA ARM)",4,4,0.0,4,4,0.0,5,5,0.0,4,5,1.0,4,5,1.0,3,5,2.0,4,5,1.0,—
A40US9O1,"As a security operations center (SOC) manager, I want to track the performance of anomaly detection models using metrics like sensitivity, specificity, and accuracy, so that I can continuously improve our account protection strategies.","User Story:
As a security operations center (SOC) manager, I want to monitor the performance of our anomaly detection models through key metrics such as sensitivity, specificity, and accuracy, so that I can enhance our account protection strategies and reduce false positives by at least 20%.

Acceptance Criteria:
- Sensitivity must be maintained at a minimum of 90% to ensure that most actual anomalies are detected.
- Specificity should be at least 85% to minimize the number of false alarms generated by the models.
- Overall accuracy of the models must reach or exceed 95% to confirm their reliability in detecting anomalies.

Test Outline:
- Analyze historical data to calculate sensitivity, specificity, and accuracy of the models over the past quarter.
- Implement a dashboard to visualize these metrics in real-time and track improvements over time.","The original user story was clear but lacked specific, measurable criteria. The improved version emphasizes quantifiable goals for sensitivity, specificity, and accuracy, enhancing the focus on continuous improvement and business relevance.","most (ISO 29148)
that (ISO 29148)
these (ISO 29148)
can (NASA ARM)",4,4,0.0,4,4,0.0,5,5,0.0,4,5,1.0,5,5,0.0,4,5,1.0,4,5,1.0,—
A40US10O1,"As a researcher in cybersecurity, I want to analyze the effectiveness of anomaly detection models on large-scale social network data, so that I can contribute to developing more robust methods for preventing account compromises.","User Story:
As a researcher in cybersecurity, I want to evaluate the performance of various anomaly detection models on extensive social network datasets so that I can enhance the development of more effective strategies for preventing account compromises.

Acceptance Criteria:
- The analysis must include at least 5 different anomaly detection models to ensure a comprehensive evaluation.
- The effectiveness of each model should be measured using precision and recall metrics, achieving at least 80% precision and 75% recall.
- The research findings should be documented in a report that includes actionable recommendations for improving anomaly detection methods.

Test Outline:
- Implement each anomaly detection model on a standardized dataset and record performance metrics.
- Review the final report for clarity, completeness, and the inclusion of actionable insights.","The original user story was clear but could benefit from more specificity and measurable criteria. The improved version clarifies the research goals, specifies the number of models to be analyzed, and outlines measurable acceptance criteria and a structured test plan to enhance clarity and focus on business impact.","effective (ISO 29148)
that (ISO 29148)
effective (NASA ARM)
can (NASA ARM)
more (NASA ARM)",4,5,1.0,4,4,0.0,5,5,0.0,4,5,1.0,4,5,1.0,3,5,2.0,4,5,1.0,—
A41US1O1,"As a machine learning researcher, I want access to the ISIA Food-500 dataset with 500 categories and 399,726 images, so that I can develop and train advanced food recognition algorithms.","User Story:
As a machine learning researcher, I want to gain access to the ISIA Food-500 dataset, which includes 500 distinct categories and a total of 399,726 images, so that I can effectively develop and train sophisticated food recognition algorithms that enhance accuracy and performance.

Acceptance Criteria:
- Access to the dataset must be granted within 24 hours of the request.
- The dataset should be complete, containing all 500 categories and 399,726 images, with no missing data.
- Documentation accompanying the dataset must clearly outline the structure and usage guidelines, achieving a clarity rating of 90% or higher from user feedback.

Test Outline:
- Verify the completeness of the dataset by checking the number of categories and images against the specified criteria.
- Conduct a user survey to assess the clarity and usefulness of the provided documentation.","The original user story was clear but lacked measurable criteria and specificity regarding access and documentation. The improved version enhances clarity, specifies measurable acceptance criteria, and outlines a structured test plan to ensure the dataset's usability.","that (ISO 29148)
all (ISO 29148)
can (NASA ARM)",4,4,0.0,4,4,0.0,5,5,0.0,4,5,1.0,5,5,0.0,4,5,1.0,4,5,1.0,—
A41US2O1,"As a diet management app developer, I want to integrate a comprehensive food recognition system, so that users can accurately track their food intake using images.","User Story:
As a diet management app developer, I want to implement a robust food recognition system that allows users to accurately track their food intake through image uploads, thereby enhancing their dietary management and promoting healthier eating habits.

Acceptance Criteria:
- The food recognition system must achieve an accuracy rate of at least 95% in identifying food items from images.
- Users should be able to log their food intake within 5 seconds of taking a picture.
- The system should support recognition of at least 1,000 different food items at launch.

Test Outline:
- Conduct a series of tests with a diverse set of food images to evaluate the accuracy of the recognition system.
- Measure the time taken from image capture to food logging to ensure it meets the 5-second requirement.
- Verify the database of recognized food items to confirm it includes at least 1,000 entries.","The original user story was clear but lacked measurable criteria and specific details. The improved version enhances clarity by specifying the accuracy, speed, and scope of the food recognition system, along with structured acceptance criteria and a test outline.","robust (ISO 29148)
it (ISO 29148)
that (ISO 29148)
be able to (NASA ARM)",4,4,0.0,4,4,0.0,5,4,-1.0,4,5,1.0,4,5,1.0,3,5,2.0,4,4,0.0,—
A41US3O1,"As a self-service restaurant operator, I want to implement a robust food recognition system, so that customers can easily identify and select menu items through image-based interfaces.","User Story:
As a self-service restaurant operator, I want to deploy a reliable food recognition system so that customers can accurately identify and select menu items through image-based interfaces, enhancing their ordering experience.

Acceptance Criteria:
- The food recognition system must achieve at least 95% accuracy in identifying menu items from images.
- The system should process and display results within 3 seconds for a seamless user experience.
- Customer feedback should reflect a satisfaction rate of 90% or higher regarding the ease of use of the image-based interface.

Test Outline:
- Conduct tests with a diverse set of food images to evaluate the accuracy of the recognition system.
- Measure the time taken for the system to process images and display results to ensure it meets the 3-second requirement.
- Gather user feedback through surveys to assess satisfaction with the food recognition feature.","The original user story was clear but lacked measurable criteria and specific acceptance tests. The improved version enhances clarity by specifying performance metrics, user satisfaction goals, and a structured testing approach to ensure the system meets business needs.","reliable (ISO 29148)
it (ISO 29148)
that (ISO 29148)
can (NASA ARM)",4,4,0.0,4,4,0.0,5,5,0.0,4,5,1.0,4,5,1.0,3,5,2.0,4,5,1.0,—
A41US4O1,"As a computer vision engineer, I want to utilize the stacked global-local attention network, so that I can enhance the accuracy and discriminative power of food image classifications.","User Story:
As a computer vision engineer, I want to implement the stacked global-local attention network in my image classification models so that I can achieve at least a 15% improvement in accuracy and enhance the discriminative power of food image classifications.

Acceptance Criteria:
- The model must demonstrate an accuracy of 85% or higher on the food image classification dataset after implementing the attention network.
- The discriminative power, measured by the F1 score, should increase by at least 0.1 compared to the previous model.
- The implementation should be completed and tested within a 4-week timeframe.

Test Outline:
- Evaluate the model's performance on a validation dataset to confirm the accuracy and F1 score improvements.
- Track the implementation timeline to ensure it adheres to the 4-week deadline.","The original user story was clear but lacked measurable criteria and specific goals. The improved version specifies quantifiable acceptance criteria, including accuracy and F1 score improvements, and outlines a test plan to verify the implementation's success.","it (ISO 29148)
that (ISO 29148)
can (NASA ARM)",4,4,0.0,4,4,0.0,5,5,0.0,4,5,1.0,4,5,1.0,3,5,2.0,4,5,1.0,—
A41US5O1,"As a data scientist, I want to leverage hybrid spatial-channel attention mechanisms, so that I can extract more detailed and relevant features from food images for better recognition performance.","User Story:
As a data scientist, I want to implement hybrid spatial-channel attention mechanisms in my image processing models so that I can enhance feature extraction from food images, leading to a minimum 15% improvement in recognition accuracy.

Acceptance Criteria:
- The hybrid attention mechanism must demonstrate at least a 15% increase in recognition accuracy compared to the baseline model.
- The processing time for feature extraction should not exceed 5 seconds per image.
- The model should achieve a precision rate of 90% or higher in identifying food items in a validation dataset.

Test Outline:
- Compare the recognition accuracy of the new model against the baseline using a standardized dataset of food images.
- Measure the time taken for feature extraction to ensure it meets the 5-second requirement.
- Evaluate the precision of the model's predictions on a separate validation set to confirm it meets the 90% threshold.","The original user story was well-defined but lacked measurable criteria. The improved version specifies clear performance metrics, including accuracy improvements and processing times, while maintaining the technical focus relevant to the data scientist's role.","it (ISO 29148)
that (ISO 29148)
can (NASA ARM)",2,5,3.0,2,4,2.0,4,5,1.0,2,5,3.0,3,5,2.0,2,5,3.0,3,5,2.0,—
A41US6O1,"As a benchmark dataset curator, I want to use the ISIA Food-500 dataset as a standard for evaluating food recognition models, so that I can ensure consistency and comparability across different research studies.","User Story:
As a benchmark dataset curator, I want to utilize the ISIA Food-500 dataset as a standardized reference for evaluating food recognition models so that I can guarantee consistency and comparability across at least 10 different research studies.

Acceptance Criteria:
- The ISIA Food-500 dataset must be integrated into the evaluation framework for food recognition models within 4 weeks.
- At least 80% of researchers using the dataset should report improved consistency in their model evaluations.
- The dataset should be cited in a minimum of 5 published papers within the first year of its implementation.

Test Outline:
- Track the integration timeline of the ISIA Food-500 dataset into the evaluation framework to ensure it meets the 4-week deadline.
- Conduct surveys with researchers to measure the perceived consistency improvements in their evaluations.
- Monitor publication records to confirm the number of citations of the dataset in research papers.","The original user story was clear but lacked measurable criteria and specific goals. The improved version enhances clarity by specifying the intended impact, adding quantifiable acceptance criteria, and outlining a structured test plan to assess the effectiveness of the dataset.","it (ISO 29148)
that (ISO 29148)
improved (ISO 29148)
can (NASA ARM)
improved (NASA ARM)",4,4,0.0,4,4,0.0,5,5,0.0,4,5,1.0,4,5,1.0,3,5,2.0,4,5,1.0,—
A41US7O1,"As a multimedia application developer, I want to incorporate multi-scale regional features from attentional regions, so that my application can accurately recognize ingredients and detailed aspects of food items.","User Story:
As a multimedia application developer, I want to integrate multi-scale regional features derived from attentional regions so that my application can achieve at least 95% accuracy in recognizing ingredients and intricate details of food items, enhancing user experience and functionality.

Acceptance Criteria:
- The application must demonstrate a recognition accuracy of 95% or higher for food items in various conditions.
- The processing time for analyzing each food item should not exceed 1 second.
- User testing should show that at least 90% of users find the ingredient recognition feature helpful and accurate.

Test Outline:
- Evaluate the recognition accuracy by testing the application with a diverse dataset of food items and measuring the results against known labels.
- Measure the processing time for each food item to ensure it meets the 1-second requirement.
- Conduct user surveys to gather feedback on the effectiveness and accuracy of the ingredient recognition feature.","The original user story was clear but lacked measurable criteria and specific acceptance metrics. The improved version enhances clarity by specifying accuracy targets, processing times, and user satisfaction, making it more actionable and aligned with business goals.","it (ISO 29148)
that (ISO 29148)
can (NASA ARM)",3,4,1.0,3,4,1.0,4,5,1.0,3,5,2.0,4,5,1.0,2,5,3.0,3,5,2.0,—
A41US8O1,"As a academic instructor, I want to utilize the ISIA Food-500 dataset in my curriculum, so that students can work with a comprehensive and large-scale dataset for projects and assignments in food recognition.","User Story:
As a academic instructor, I want to integrate the ISIA Food-500 dataset into my curriculum so that students can engage with a robust and extensive dataset for their projects and assignments in food recognition, enhancing their practical skills and understanding of real-world applications.

Acceptance Criteria:
- The ISIA Food-500 dataset must be accessible to all students within 1 week of curriculum integration.
- At least 80% of students should successfully complete a project utilizing the dataset, demonstrating their ability to apply food recognition techniques.
- Student feedback should reflect a satisfaction rate of 90% or higher regarding the usefulness of the dataset for their learning experience.

Test Outline:
- Verify the accessibility of the dataset by checking that all enrolled students can download it within the specified timeframe.
- Review project submissions to ensure that at least 80% of students have effectively utilized the dataset in their work.
- Conduct a survey to gather student feedback on the dataset's impact on their learning.","The original user story was clear but lacked measurable criteria and specific outcomes. The improved version enhances clarity by specifying the integration timeline, success metrics for student projects, and feedback expectations, making it more actionable and focused on educational value.","robust (ISO 29148)
it (ISO 29148)
that (ISO 29148)
all (ISO 29148)
can (NASA ARM)",4,4,0.0,4,4,0.0,5,5,0.0,4,5,1.0,4,5,1.0,3,5,2.0,4,5,1.0,—
A41US9O1,"As a quality assurance specialist, I want to evaluate the effectiveness of the stacked global-local attention network on multiple benchmark datasets, so that I can validate its performance and reliability for deployment in real-world applications.","User Story:
As a quality assurance specialist, I want to assess the performance of the stacked global-local attention network across at least three benchmark datasets so that I can ensure its effectiveness and reliability for deployment in real-world applications.

Acceptance Criteria:
- The evaluation must demonstrate an accuracy improvement of at least 5% compared to existing models on each benchmark dataset.
- The network should achieve a minimum F1 score of 0.85 across all datasets tested.
- A comprehensive report detailing the evaluation results must be completed within 2 weeks of testing.

Test Outline:
- Conduct performance tests on the stacked global-local attention network using the selected benchmark datasets and record accuracy and F1 scores.
- Review the evaluation report for completeness and clarity, ensuring it meets the specified timeline.","The original user story was well-structured but could benefit from more specific, measurable criteria. The improved version clarifies the evaluation process, sets explicit performance benchmarks, and outlines a timeline for reporting, enhancing the overall clarity and focus on business relevance.","it (ISO 29148)
that (ISO 29148)
all (ISO 29148)
can (NASA ARM)",4,4,0.0,4,4,0.0,5,5,0.0,4,5,1.0,5,5,0.0,4,5,1.0,4,5,1.0,—
A41US10O1,"As a technology innovator, I want to adopt the proposed food recognition method as a strong baseline, so that I can build upon it to create state-of-the-art solutions for various food-related multimedia applications.","User Story:
As a technology innovator, I want to implement the proposed food recognition method as a foundational framework so that I can develop advanced solutions for diverse food-related multimedia applications, enhancing user engagement and accuracy.

Acceptance Criteria:
- The food recognition method must achieve at least 95% accuracy in identifying various food items across different media formats.
- The implementation should reduce processing time for recognition tasks to under 1 second per image.
- User feedback should reflect a satisfaction rate of 90% or higher regarding the effectiveness of the recognition in practical applications.

Test Outline:
- Evaluate the accuracy of the food recognition method using a comprehensive dataset of food images.
- Measure the processing time for recognition tasks to ensure it meets the 1-second requirement.
- Conduct user surveys to assess satisfaction with the recognition results in real-world scenarios.",The original user story was well-structured but lacked specific measurable criteria. The improved version clarifies the capability and business relevance while providing explicit acceptance criteria and a test outline to ensure the solution's effectiveness.,"it (ISO 29148)
that (ISO 29148)
can (NASA ARM)",4,4,0.0,3,4,1.0,4,5,1.0,3,5,2.0,3,5,2.0,2,5,3.0,3,5,2.0,—
A42US1O1,"As a Virginia public health official, I want a data-driven model that recommends optimal locations for mobile vaccination sites, so that I can effectively target and increase vaccination rates in under-vaccinated populations.","User Story:
As a Virginia public health official, I want a data-driven model that identifies and recommends optimal locations for mobile vaccination sites so that I can strategically target under-vaccinated populations and increase vaccination rates by at least 20% within the next quarter.

Acceptance Criteria:
- The model must analyze demographic and health data to pinpoint at least 10 high-priority locations for mobile vaccination sites.
- The recommendations should be generated within 5 minutes of inputting the relevant data.
- Post-implementation, vaccination rates in targeted areas should show a minimum increase of 20% within three months.

Test Outline:
- Validate the model's recommendations by comparing them against historical vaccination data to ensure accuracy in targeting.
- Measure the time taken for the model to generate recommendations to confirm it meets the 5-minute requirement.
- Track vaccination rates in the identified locations over three months to assess the effectiveness of the mobile sites.","The original user story was well-defined but lacked measurable criteria and specific targets. The improved version clarifies the role, enhances the capability description, and includes explicit, quantifiable acceptance criteria and a structured test outline to ensure effectiveness.","it (ISO 29148)
that (ISO 29148)
can (NASA ARM)",4,4,0.0,4,4,0.0,5,5,0.0,4,5,1.0,5,5,0.0,4,5,1.0,4,5,1.0,—
A42US2O1,"As a data scientist, I want to integrate fine-grained mobility data with US Census and vaccination uptake data, so that I can accurately identify locations frequented by unvaccinated individuals for vaccine site placement.","User Story:
As a data scientist, I want to seamlessly integrate fine-grained mobility data with US Census and vaccination uptake data so that I can precisely identify high-traffic locations frequented by unvaccinated individuals, enabling strategic placement of vaccine sites to maximize outreach.

Acceptance Criteria:
- The integration process must combine mobility data with census and vaccination data with an accuracy rate of at least 95%.
- The analysis should identify at least 10 key locations with the highest concentration of unvaccinated individuals within a 5-mile radius of existing vaccine sites.
- The results must be generated and available for review within 24 hours of data integration.

Test Outline:
- Validate the accuracy of the integrated dataset by cross-referencing a sample of locations against known vaccination rates.
- Measure the time taken to complete the integration and analysis to ensure it meets the 24-hour requirement.","The original user story was clear but lacked measurable criteria and specificity regarding the expected outcomes. The improved version enhances clarity by specifying the accuracy of data integration, the number of locations to be identified, and a time frame for results, thus strengthening the overall INVEST dimensions.","it (ISO 29148)
that (ISO 29148)
can (NASA ARM)",4,4,0.0,4,4,0.0,5,5,0.0,4,5,1.0,5,5,0.0,4,5,1.0,4,5,1.0,—
A42US3O1,"As a policy maker, I want to deploy mobile vaccination sites based on real-time model recommendations, so that I can address healthcare disparities and reduce the spread of COVID-19 variants in vulnerable communities.","User Story:
As a policy maker, I want to strategically deploy mobile vaccination sites guided by real-time data model recommendations so that I can effectively mitigate healthcare disparities and decrease the transmission of COVID-19 variants in at-risk communities.

Acceptance Criteria:
- Mobile vaccination sites must be established in at least 80% of the identified high-need areas within 2 weeks of receiving model recommendations.
- The vaccination rate in targeted communities should increase by at least 30% within 4 weeks of deployment.
- A follow-up survey should indicate a 90% satisfaction rate among community members regarding accessibility and convenience of the vaccination sites.

Test Outline:
- Analyze the deployment timeline to ensure that 80% of sites are operational within the 2-week target.
- Track vaccination rates before and after the deployment to measure the 30% increase.
- Conduct community surveys to assess satisfaction levels with the mobile vaccination services.","The original user story was well-structured but needed clearer, measurable criteria to enhance its effectiveness. The improved version specifies quantifiable goals, ensuring that the impact of the deployment can be assessed and verified.","that (ISO 29148)
can (NASA ARM)",4,4,0.0,4,4,0.0,5,5,0.0,4,5,1.0,5,5,0.0,4,5,1.0,4,5,1.0,—
A42US4O1,"As a community leader in a rural area, I want accessible mobile vaccination sites near our community, so that more residents can get vaccinated without traveling long distances.","User Story:
As a community leader in a rural area, I want to establish mobile vaccination sites within a 10-mile radius of our community so that at least 80% of residents can receive vaccinations without the burden of long-distance travel.

Acceptance Criteria:
- Mobile vaccination sites must be set up at least once a month in various locations within the specified radius.
- At least 200 residents should be vaccinated at each site during the first three months of operation.
- A post-vaccination survey should indicate a satisfaction rate of 90% or higher regarding accessibility and convenience.

Test Outline:
- Track the number of vaccination sites established and their locations to ensure compliance with the 10-mile radius requirement.
- Monitor the number of vaccinations administered at each site to verify the target of 200 residents per site.
- Conduct surveys after each vaccination event to assess user satisfaction with the accessibility of the services.","The original user story was clear but lacked measurable criteria and specific targets. The improved version enhances clarity by specifying a distance, quantifiable goals for vaccinations, and a structured approach to measuring satisfaction, thereby strengthening the overall INVEST dimensions.","that (ISO 29148)
can (NASA ARM)",4,5,1.0,4,4,0.0,5,5,0.0,4,5,1.0,4,5,1.0,3,5,2.0,4,5,1.0,—
A42US5O1,"As a mobile vaccination site coordinator, I want to know which locations maximize vaccine uptake among hesitant demographic groups, so that I can allocate resources where they are most needed and effective.","User Story:
As a mobile vaccination site coordinator, I want to identify locations that optimize vaccine uptake among hesitant demographic groups so that I can strategically allocate resources to areas with the highest potential for impact, increasing vaccination rates by at least 20%.

Acceptance Criteria:
- Data analysis must reveal at least three key locations that show a minimum of 30% higher vaccine uptake compared to average rates in similar demographics.
- Resource allocation plans should be developed and implemented within 2 weeks of identifying these locations.
- Post-vaccination surveys should indicate a 90% satisfaction rate among individuals in the targeted demographic groups regarding accessibility and convenience.

Test Outline:
- Analyze vaccination data to pinpoint locations with the highest uptake among hesitant groups and compare them to baseline metrics.
- Review the resource allocation plan for timely implementation and assess its effectiveness through follow-up surveys.","The original user story was clear but lacked measurable criteria and specific targets. The improved version enhances clarity by specifying quantifiable goals, acceptance criteria, and a structured test outline to ensure effective resource allocation.","that (ISO 29148)
these (ISO 29148)
timely (NASA ARM)
can (NASA ARM)",4,5,1.0,4,4,0.0,5,5,0.0,4,5,1.0,5,5,0.0,4,5,1.0,4,5,1.0,—
A42US6O1,"As a healthcare provider, I want data-driven placement of vaccination sites, so that I can see higher vaccination rates in targeted areas and better protect my patients from COVID-19.","User Story:
As a healthcare provider, I want to utilize data analytics for the strategic placement of vaccination sites so that I can achieve a minimum 20% increase in vaccination rates in high-need areas, thereby enhancing the protection of my patients against COVID-19.

Acceptance Criteria:
- The placement strategy must be based on demographic and health data, targeting areas with a vaccination rate below 50%.
- At least 80% of newly established vaccination sites should report a minimum of 100 vaccinations administered within the first month of operation.
- A follow-up survey should indicate that at least 90% of patients feel more accessible to vaccination services due to the new site placements.

Test Outline:
- Analyze vaccination data before and after site placements to measure the increase in vaccination rates.
- Track the number of vaccinations administered at each new site for the first month to ensure targets are met.
- Conduct patient surveys to assess perceived accessibility and satisfaction with the new vaccination sites.","The original user story was clear but lacked specific, measurable criteria. The improved version enhances clarity by specifying quantifiable goals, ensuring the story is actionable and focused on business outcomes, while also providing a structured test outline.","that (ISO 29148)
can (NASA ARM)
more (NASA ARM)",4,5,1.0,4,4,0.0,5,5,0.0,4,5,1.0,5,5,0.0,4,5,1.0,4,5,1.0,—
A42US7O1,"As an urban planner, I want to use the model's recommendations for mobile vaccination sites, so that I can incorporate public health strategies into city planning and infrastructure development.","User Story:
As an urban planner, I want to utilize the model's recommendations for strategically locating mobile vaccination sites so that I can effectively integrate public health initiatives into city planning and enhance community health outcomes.

Acceptance Criteria:
- The model must provide at least 3 optimal locations for mobile vaccination sites based on demographic data and accessibility within a 5-mile radius.
- Recommendations should be generated within 10 seconds to facilitate timely decision-making.
- The implementation of these sites should lead to a 20% increase in vaccination rates in the targeted areas within 6 months.

Test Outline:
- Validate the model's recommendations by comparing them against actual vaccination data to assess the accuracy of site selections.
- Measure the time taken for the model to generate recommendations to ensure it meets the 10-second requirement.
- Track vaccination rates in the areas served by the mobile sites to evaluate the effectiveness of the implemented strategies.","The original user story was clear but lacked measurable criteria and specific outcomes. The improved version enhances clarity by specifying the expected outcomes, measurable acceptance criteria, and a structured test outline to ensure the effectiveness of the recommendations.","it (ISO 29148)
that (ISO 29148)
these (ISO 29148)
timely (NASA ARM)
can (NASA ARM)",4,4,0.0,4,4,0.0,5,4,-1.0,4,5,1.0,4,5,1.0,3,5,2.0,4,4,0.0,—
A42US8O1,"As a demographic researcher, I want to analyze the impact of customized vaccination site placement across different demographic groups, so that I can study and understand the effectiveness of tailored public health interventions.","User Story:
As a demographic researcher, I want to evaluate the effects of strategically placed vaccination sites on various demographic groups so that I can quantify the effectiveness of tailored public health interventions and improve future health strategies.

Acceptance Criteria:
- The analysis must include data from at least 5 different demographic groups to ensure comprehensive insights.
- The study should demonstrate a measurable increase in vaccination rates of at least 20% in targeted areas compared to control areas.
- Findings must be documented and presented within 3 months of data collection to inform timely public health decisions.

Test Outline:
- Collect and analyze vaccination data pre- and post-implementation of customized site placements to assess changes in vaccination rates.
- Conduct surveys or interviews with community members to gather qualitative feedback on the accessibility and effectiveness of the vaccination sites.","The original user story was well-structured but lacked specific measurable criteria and timelines. The improved version clarifies the research goals, specifies quantifiable acceptance criteria, and outlines a structured test plan to enhance clarity and focus on actionable outcomes.","that (ISO 29148)
timely (NASA ARM)
can (NASA ARM)",4,4,0.0,4,4,0.0,5,5,0.0,4,5,1.0,4,5,1.0,3,5,2.0,4,5,1.0,—
A42US9O1,"As a member of the general public in an under-vaccinated area, I want convenient access to mobile vaccination sites recommended by data models, so that I can easily get vaccinated and protect my community from COVID-19.","User Story:
As a member of the general public in an under-vaccinated area, I want to have easy access to mobile vaccination sites identified by data analytics, so that I can receive my COVID-19 vaccine conveniently and contribute to the overall health and safety of my community.

Acceptance Criteria:
- Mobile vaccination sites must be located within a 5-mile radius of at least 90% of the population in the targeted area.
- The vaccination process at these sites should take no longer than 15 minutes from arrival to vaccination.
- At least 80% of individuals who visit the mobile sites should report satisfaction with the accessibility and efficiency of the service.

Test Outline:
- Analyze geographic data to ensure mobile vaccination sites are appropriately placed within the specified radius.
- Time the vaccination process for a sample of users to confirm it meets the 15-minute requirement.
- Conduct surveys to gather user feedback on their experience at the mobile vaccination sites.","The original user story was clear but could be enhanced with more specific metrics and criteria. The improved version clarifies the user's role, emphasizes measurable outcomes, and provides a structured approach to testing the effectiveness of the mobile vaccination sites.","easy (ISO 29148)
it (ISO 29148)
that (ISO 29148)
these (ISO 29148)
can (NASA ARM)",4,4,0.0,4,4,0.0,5,5,0.0,4,5,1.0,5,5,0.0,4,5,1.0,4,5,1.0,—
A42US10O1,"As a developer of public health technologies, I want to build real-time, mobility-aware models for vaccine site placement, so that public health officials can utilize advanced tools to combat pandemics more effectively.","User Story:
As a developer of public health technologies, I want to create real-time, mobility-aware models for optimizing vaccine site placement so that public health officials can leverage advanced analytics to enhance pandemic response effectiveness.

Acceptance Criteria:
- The model must provide site placement recommendations with at least 85% accuracy based on mobility data and population density.
- The system should generate real-time updates every 5 minutes to reflect changes in mobility patterns and health data.
- Public health officials should report a 30% improvement in vaccine distribution efficiency when using the model compared to previous methods.

Test Outline:
- Validate the accuracy of the model's recommendations by comparing them against actual vaccine site performance metrics.
- Monitor the frequency and timeliness of real-time updates to ensure they meet the 5-minute requirement.
- Conduct surveys with public health officials to assess perceived improvements in distribution efficiency.","The original user story was well-structured but needed clearer, measurable criteria to enhance its effectiveness. The improved version specifies the role, capability, and business impact while providing quantifiable acceptance criteria and a structured test outline.","that (ISO 29148)
every (ISO 29148)
can (NASA ARM)",5,5,0.0,4,4,0.0,5,5,0.0,4,5,1.0,5,5,0.0,4,5,1.0,5,5,0.0,—
