ID,Original User Story,Rewritten User Story,Fuzzy Terms (with source),I_before,I_after,delta_I,N_before,N_after,delta_N,V_before,V_after,delta_V,E_before,E_after,delta_E,S_before,S_after,delta_S,T_before,T_after,delta_T,overall_before,overall_after,delta_overall,Low-score Explanation (<2)
US001,"As a site member, I want to describe myself on my own page in a semi-structured way, so that others can learn about me.","User Story:
As a site member, I want to create a semi-structured personal description on my profile page so that others can easily understand my background, interests, and skills.

Acceptance Criteria:
- Users must be able to input and format their descriptions using at least 5 predefined categories (e.g., background, interests, skills, achievements, and hobbies).
- The character limit for each category should be set to a maximum of 500 characters to ensure concise information sharing.
- The profile description should be viewable by other members within 2 seconds of loading the page.

Test Outline:
- Verify that users can successfully input and format their descriptions according to the predefined categories.
- Check that the character limit is enforced for each category during the input process.
- Measure the loading time of the profile page to ensure it displays the description within the 2-second requirement.","it (ISO 29148)
that (ISO 29148)
be able to (NASA ARM)
can (NASA ARM)",4,4,0.0,3,4,1.0,4,5,1.0,3,5,2.0,4,5,1.0,2,5,3.0,3,5,2.0,—
US002,"As a site member, I want to fill out an application to become a Certified Scrum Practitioner, so that I can earn that designation.","User Story:
As a site member, I want to complete an application for the Certified Scrum Practitioner designation so that I can enhance my professional credentials and demonstrate my expertise in Scrum methodologies.

Acceptance Criteria:
- The application form must be submitted successfully within 5 minutes for at least 90% of applicants.
- All required fields should be validated, ensuring that 95% of submissions are error-free upon first attempt.
- Applicants should receive a confirmation email within 2 hours of submission, detailing the next steps in the certification process.

Test Outline:
- Time the application submission process for a sample group to ensure it meets the 5-minute requirement.
- Review a sample of submitted applications to verify that 95% are completed without errors on the first attempt.
- Monitor the email system to confirm that confirmation messages are sent within the 2-hour timeframe.","it (ISO 29148)
that (ISO 29148)
all (ISO 29148)
can (NASA ARM)",4,4,0.0,3,4,1.0,4,5,1.0,3,5,2.0,4,5,1.0,2,5,3.0,3,5,2.0,—
US003,"As a Practitioner, I want to include additional details about me in my profile page, so that I can showcase my experience.","User Story:
As a Practitioner, I want to enhance my profile page with additional details about my professional background so that I can effectively showcase my experience and attract potential clients or collaborators.

Acceptance Criteria:
- Users must be able to add at least 5 new fields to their profile, including work history, certifications, and skills.
- The profile update process should be completed within 3 seconds after submission, ensuring a seamless experience.
- At least 85% of users should report that the additional details improve their ability to connect with others, as measured in a follow-up survey.

Test Outline:
- Verify that users can successfully add and save new fields to their profile without errors.
- Measure the time taken for the profile update process to ensure it does not exceed 3 seconds.
- Conduct a user satisfaction survey post-implementation to assess the perceived value of the additional profile details.","it (ISO 29148)
that (ISO 29148)
be able to (NASA ARM)
can (NASA ARM)",4,4,0.0,3,4,1.0,4,5,1.0,3,5,2.0,4,5,1.0,2,5,3.0,3,5,2.0,—
US004,"As a site member, I want to fill out an application to become a Certified Scrum Trainer, so that I can teach CSM and CSPO courses and certify others.","User Story:
As a site member, I want to complete an application to become a Certified Scrum Trainer so that I can effectively teach Certified Scrum Master (CSM) and Certified Scrum Product Owner (CSPO) courses and certify aspiring Scrum professionals.

Acceptance Criteria:
- The application form must be submitted successfully within 5 minutes, ensuring a streamlined process.
- At least 95% of applicants should receive feedback on their application status within 10 business days.
- The application process should include a checklist of required qualifications, with ≥90% of applicants confirming they understand the requirements before submission.

Test Outline:
- Measure the time taken for users to complete and submit the application form to ensure it does not exceed 5 minutes.
- Track the response time for application status notifications to confirm that 95% of applicants receive feedback within the 10-day timeframe.
- Conduct a survey to assess applicants' understanding of the qualifications checklist prior to submission.","it (ISO 29148)
that (ISO 29148)
can (NASA ARM)",4,4,0.0,4,4,0.0,5,5,0.0,4,5,1.0,4,5,1.0,3,5,2.0,4,5,1.0,—
US005,"As a Trainer, I want to include additional details in my profile page about me, so that others can learn about me and decide if I am the right trainer for them.","User Story:
As a Trainer, I want to enhance my profile page with comprehensive details about my qualifications and experience so that potential clients can assess my suitability as their trainer and make informed decisions.

Acceptance Criteria:
- The profile page must allow for the inclusion of at least 300 words of text detailing my background, expertise, and training philosophy.
- Users should be able to upload up to 5 images or documents that showcase my certifications and past training sessions.
- The profile update process should be completed within 2 minutes, ensuring a user-friendly experience.

Test Outline:
- Review the profile page to ensure it accommodates the specified word count and media uploads.
- Conduct user testing to confirm that the profile update process is completed within the 2-minute timeframe.
- Gather feedback from users on the clarity and usefulness of the additional details provided in the profile.","it (ISO 29148)
that (ISO 29148)
be able to (NASA ARM)
can (NASA ARM)",3,4,1.0,3,4,1.0,4,5,1.0,3,5,2.0,3,5,2.0,2,5,3.0,3,5,2.0,—
US006,"As a Practitioner, I want to write an article for the site with a small graphic shown with the article showing my CSP or CST status, so that others know my certifications when reading.","User Story:
As a Practitioner, I want to publish an article on the site that includes a small graphic displaying my Certified Scrum Professional (CSP) or Certified Scrum Trainer (CST) status, so that readers can easily recognize my qualifications and expertise.

Acceptance Criteria:
- The article submission process must allow for the inclusion of a graphic, with a successful upload rate of ≥95%.
- The graphic must be displayed correctly alongside the article for 100% of published content.
- Articles should be published within 5 minutes of submission, ensuring timely sharing of information.

Test Outline:
- Test the article submission feature to ensure that graphics can be uploaded and displayed without errors.
- Review published articles to confirm that the certification graphic appears correctly next to each article.
- Measure the time taken from article submission to publication to ensure it meets the 5-minute requirement.","it (ISO 29148)
that (ISO 29148)
timely (NASA ARM)
can (NASA ARM)",4,4,0.0,4,4,0.0,5,5,0.0,4,5,1.0,4,5,1.0,3,5,2.0,4,5,1.0,—
US007,"As a trainer, I want to list my upcoming classes in my profile and include a link to a detailed page about each, so that prospective attendees can find my courses.","User Story:
As a trainer, I want to display my upcoming classes on my profile along with links to detailed pages for each course so that potential attendees can easily access information and register for my sessions.

Acceptance Criteria:
- The profile must showcase at least 5 upcoming classes with accurate dates and times, updated in real-time.
- Each class listing should include a functional link to a detailed page that provides comprehensive information, achieving a click-through rate of ≥80% from profile views.
- Users should be able to view class details within 3 seconds of clicking the link to ensure a seamless experience.

Test Outline:
- Verify that the profile displays a minimum of 5 upcoming classes with correct information and that updates occur in real-time.
- Track the click-through rate from the profile to the detailed class pages to ensure it meets the 80% threshold.
- Measure the loading time of the detailed class pages to confirm they open within 3 seconds.","it (ISO 29148)
that (ISO 29148)
be able to (NASA ARM)
can (NASA ARM)",4,4,0.0,4,4,0.0,5,5,0.0,4,5,1.0,4,5,1.0,3,5,2.0,4,5,1.0,—
US008,"As a site member, I want to view the profiles of other members, so that I can find others I might want to connect with.","User Story:
As a site member, I want to access and view the profiles of other members so that I can identify potential connections and expand my network effectively.

Acceptance Criteria:
- Users must be able to view profiles of at least 95% of other members without encountering errors or access issues.
- Profile loading time should not exceed 3 seconds for 90% of the requests to ensure a seamless browsing experience.
- The system should provide a search and filter functionality that allows users to find specific members based on criteria such as interests or location, with a success rate of ≥85%.

Test Outline:
- Verify that users can access and view profiles of other members without errors by testing various member profiles.
- Measure the loading time for profile pages to ensure it meets the 3-second requirement.
- Test the search and filter functionality to confirm it returns relevant results for at least 85% of user queries.","it (ISO 29148)
that (ISO 29148)
be able to (NASA ARM)
can (NASA ARM)",4,4,0.0,4,4,0.0,5,5,0.0,4,5,1.0,4,5,1.0,3,5,2.0,4,5,1.0,—
US009,"As a site member, I want to search for profiles based on a few fields, so that I can find others I might want to connect with.","User Story:
As a site member, I want to search for profiles using multiple criteria so that I can efficiently discover potential connections that align with my interests and goals.

Acceptance Criteria:
- The search functionality must allow filtering by at least 5 different fields (e.g., location, interests, profession, skills, and availability).
- Search results should be generated within 3 seconds for 95% of queries to ensure a responsive experience.
- The accuracy of the search results must be ≥85%, meaning that at least 85% of returned profiles should match the specified criteria.

Test Outline:
- Test the search feature by inputting various combinations of criteria and verifying that the results include profiles that meet the filters.
- Measure the time taken to return search results for different queries to ensure it does not exceed 3 seconds.
- Review the relevance of the search results against the input criteria to confirm that the accuracy rate meets or exceeds 85%.","it (ISO 29148)
that (ISO 29148)
can (NASA ARM)",4,4,0.0,4,4,0.0,5,5,0.0,4,5,1.0,4,5,1.0,3,5,2.0,4,5,1.0,—
US010,"As a site member, I want to mark my profile as private in which case only my name will appear, so that no one can learn things about me I don't want shared.","User Story:
As a site member, I want to set my profile to private mode, ensuring that only my name is visible to others, so that I can protect my personal information and control what details are shared.

Acceptance Criteria:
- Users must be able to toggle the privacy setting within 5 seconds, with immediate effect on their profile visibility.
- When the profile is set to private, at least 95% of users should only see the member's name and no other personal details.
- A confirmation message should be displayed within 2 seconds after the privacy setting is changed, confirming the update.

Test Outline:
- Measure the time taken for users to change their profile privacy setting and ensure it does not exceed 5 seconds.
- Conduct user testing to verify that when profiles are marked as private, only names are displayed to other members.
- Check that confirmation messages are sent promptly after the privacy setting is updated.","it (ISO 29148)
that (ISO 29148)
be able to (NASA ARM)
can (NASA ARM)",4,4,0.0,4,4,0.0,5,5,0.0,4,5,1.0,4,5,1.0,3,5,2.0,4,5,1.0,—
US011,"As a site member, I want to mark my email address as private even if the rest of my profile is not, so that no one can contact me.","User Story:
As a site member, I want the option to designate my email address as private while keeping the rest of my profile visible, so that I can maintain my privacy and prevent unsolicited contact.

Acceptance Criteria:
- Users must be able to toggle the privacy setting for their email address with a success rate of ≥95% during the update process.
- The system should ensure that private email addresses are not visible to other members, achieving 100% compliance with privacy settings.
- Users should receive a confirmation notification within 2 seconds after successfully updating their email privacy status.

Test Outline:
- Test the functionality of the email privacy toggle to ensure it works correctly and updates the setting for at least 95% of attempts.
- Verify that no private email addresses are displayed in user profiles by conducting random checks on member accounts.
- Measure the time taken to send confirmation notifications after an email privacy update to ensure it meets the 2-second requirement.","it (ISO 29148)
that (ISO 29148)
be able to (NASA ARM)
can (NASA ARM)",4,4,0.0,4,4,0.0,5,5,0.0,4,5,1.0,4,5,1.0,3,5,2.0,4,5,1.0,—
US012,"As a site member, I want to send an email to any member via a form, so that we can connect.","User Story:
As a site member, I want to utilize a form to send emails to any other member so that I can establish connections and foster collaboration within the community.

Acceptance Criteria:
- The email form must allow users to send messages within 5 seconds of submission, ensuring prompt communication.
- At least 95% of emails sent through the form should be successfully delivered without errors, as tracked over a one-month period.
- Users should receive a confirmation notification within 3 seconds after successfully sending an email.

Test Outline:
- Measure the time taken from form submission to email delivery to ensure it does not exceed 5 seconds.
- Monitor the email delivery success rate over a month to confirm it meets the 95% threshold.
- Verify that users receive a confirmation notification promptly after sending their email.","it (ISO 29148)
that (ISO 29148)
can (NASA ARM)",4,4,0.0,3,4,1.0,4,5,1.0,3,5,2.0,4,5,1.0,2,5,3.0,3,5,2.0,—
US013,"As a site administrator, I want to read practicing and training applications and approve or reject them, so that only applicants who qualify can become CSPs or CSTs.","User Story:
As a site administrator, I want to review and evaluate training and practice applications so that I can ensure that only qualified candidates are approved as Certified Service Providers (CSPs) or Certified Service Technicians (CSTs).

Acceptance Criteria:
- The application review process must allow administrators to approve or reject applications within 5 minutes of initial review for at least 90% of submissions.
- A detailed feedback mechanism should be implemented, providing applicants with reasons for rejection in ≥85% of cases.
- The system should maintain an application tracking feature that allows administrators to monitor the status of all applications in real-time.

Test Outline:
- Measure the time taken from the start of the review process to the final decision for a sample of applications to ensure it meets the 5-minute criterion.
- Review the feedback provided to rejected applicants to confirm that at least 85% receive clear and constructive reasons.
- Test the application tracking feature by submitting multiple applications and verifying that their statuses are updated accurately and promptly.","it (ISO 29148)
that (ISO 29148)
all (ISO 29148)
can (NASA ARM)",4,4,0.0,4,4,0.0,5,5,0.0,4,5,1.0,4,5,1.0,3,5,2.0,4,5,1.0,—
US014,"As a site administrator, I want to edit any site member profile, so that I can correct problems for members.","User Story:
As a site administrator, I want the ability to edit any member's profile so that I can promptly address and rectify issues, ensuring a seamless experience for all users.

Acceptance Criteria:
- The system must allow administrators to make profile edits within 5 seconds of initiating the change.
- At least 95% of profile edits should be successfully saved without errors, as tracked over a one-month period.
- Administrators should receive a confirmation notification within 2 seconds after a profile has been successfully updated.

Test Outline:
- Measure the time taken from the moment an administrator initiates a profile edit to when the changes are saved.
- Track the success rate of profile edits over a month to ensure it meets the 95% threshold.
- Verify that confirmation notifications are sent promptly after each successful profile update.","it (ISO 29148)
that (ISO 29148)
all (ISO 29148)
can (NASA ARM)",4,4,0.0,3,4,1.0,4,5,1.0,3,5,2.0,4,5,1.0,2,5,3.0,3,5,2.0,—
US015,"As a site visitor, I want to read current news on the home page, so that I stay current on agile news.","User Story:
As a site visitor, I want to access the latest news on the home page so that I can stay informed about current developments in the agile community.

Acceptance Criteria:
- The home page must display the latest news articles within 5 seconds of loading, ensuring timely access to information.
- At least 80% of the news articles should be updated daily to provide fresh content for visitors.
- Users should be able to filter news by categories, with a success rate of ≥95% for the filtering functionality.

Test Outline:
- Measure the loading time of the home page to confirm that news articles appear within the 5-second threshold.
- Track the frequency of news updates to ensure that at least 80% of articles are refreshed daily.
- Test the filtering feature by simulating user interactions and verifying that it accurately displays the relevant news articles.","it (ISO 29148)
that (ISO 29148)
be able to (NASA ARM)
timely (NASA ARM)
can (NASA ARM)",4,5,1.0,3,4,1.0,4,5,1.0,3,5,2.0,4,5,1.0,2,5,3.0,3,5,2.0,—
US016,"As a site visitor, I want to access old news that is no longer on the home page, so that I can access things I remember from the past or that others mention to me.","User Story:
As a site visitor, I want to easily access archived news articles that are no longer featured on the home page so that I can revisit past events or information that others reference.

Acceptance Criteria:
- The archive should allow users to retrieve articles from the past year with a success rate of ≥95% for all retrieval attempts.
- Users must be able to find specific articles within 3 clicks from the archive landing page.
- The search functionality within the archive should return relevant results with an accuracy rate of at least 85%.

Test Outline:
- Test the archive retrieval process by attempting to access various articles and track the success rate of retrieval.
- Measure the number of clicks required to access specific articles from the archive to ensure it does not exceed 3.
- Conduct search tests within the archive to evaluate the relevance of results and calculate the accuracy rate.","it (ISO 29148)
that (ISO 29148)
all (ISO 29148)
be able to (NASA ARM)
can (NASA ARM)",4,5,1.0,3,4,1.0,4,5,1.0,3,5,2.0,3,5,2.0,2,5,3.0,3,5,2.0,—
US017,"As a site visitor, I want to email news items to the editor, so that they can be considered for publication.","User Story:
As a site visitor, I want to easily email news items to the editor so that my submissions can be reviewed for potential publication, enhancing community engagement.

Acceptance Criteria:
- Users must be able to submit news items via email with a confirmation of receipt sent within 5 minutes of submission.
- The system should allow attachments of up to 10MB for supporting documents, with at least 95% of submissions successfully processed.
- A feedback mechanism should be implemented, allowing users to receive updates on the status of their submissions within 7 days.

Test Outline:
- Test the email submission process to ensure confirmation messages are sent within the 5-minute timeframe.
- Verify that the system can handle attachments up to 10MB and track the success rate of submissions.
- Monitor the feedback mechanism to ensure users receive timely updates regarding their news item status.","that (ISO 29148)
be able to (NASA ARM)
timely (NASA ARM)
can (NASA ARM)",4,5,1.0,3,4,1.0,4,5,1.0,3,5,2.0,4,5,1.0,2,5,3.0,3,5,2.0,—
US018,"As a site editor, I want to set the following dates on a news item: Start Publishing Date, Old News Date, Stop Publishing Date, so that articles are published on and through appropriate dates.","User Story:
As a site editor, I want to configure the Start Publishing Date, Old News Date, and Stop Publishing Date for each news item so that articles are published and removed from visibility on the correct schedule, ensuring timely and relevant content for our audience.

Acceptance Criteria:
- The system must allow editors to set and save all three dates within 5 seconds of input.
- At least 95% of articles should reflect the correct publishing status based on the configured dates, as verified in a monthly audit.
- Editors should receive a confirmation notification within 2 seconds after successfully setting the dates for a news item.

Test Outline:
- Measure the time taken to set and save the publishing dates to ensure it does not exceed 5 seconds.
- Conduct a monthly review of published articles to verify that the publishing statuses align with the specified dates, aiming for a ≥95% accuracy rate.
- Test the notification system to confirm that confirmation messages are sent promptly after date settings are applied.","it (ISO 29148)
that (ISO 29148)
all (ISO 29148)
timely (NASA ARM)",3,4,1.0,4,4,0.0,4,5,1.0,3,5,2.0,3,5,2.0,2,5,3.0,3,5,2.0,—
US019,"As a site member, I want to subscribe to an RSS feed of news, so that I remain sufficiently and easily informed.","User Story:
As a site member, I want to subscribe to an RSS feed for news updates so that I can stay informed about relevant topics effortlessly and receive timely information.

Acceptance Criteria:
- Users must be able to subscribe to the RSS feed within 1 minute, with a success rate of ≥95% for subscription attempts.
- The RSS feed should deliver updates at least 3 times per day to ensure users receive timely information.
- Users should have the option to customize their feed preferences, with at least 80% of users reporting satisfaction with the customization options in a follow-up survey.

Test Outline:
- Measure the time taken for users to complete the subscription process and ensure it does not exceed 1 minute.
- Monitor the frequency of updates delivered through the RSS feed to confirm it meets the 3 updates per day requirement.
- Conduct a user satisfaction survey post-implementation to assess the effectiveness of the customization options.","it (ISO 29148)
that (ISO 29148)
be able to (NASA ARM)
timely (NASA ARM)
can (NASA ARM)",4,4,0.0,4,4,0.0,5,5,0.0,4,5,1.0,4,5,1.0,3,5,2.0,4,5,1.0,—
US020,"As a site editor, I want to assign priority numbers to news items, so that I can indicate which articles I want featured most prominently on the site.","User Story:
As a site editor, I want to assign priority rankings to news articles so that I can effectively highlight the most important content on the site and enhance user engagement.

Acceptance Criteria:
- The system must allow editors to assign priority numbers ranging from 1 to 10, with 1 being the highest priority, for at least 100 news items simultaneously.
- Changes to priority rankings should be saved and reflected on the site within 5 seconds of submission.
- The feature should enable editors to filter and sort articles based on their assigned priority, with a success rate of ≥95% for accurate sorting.

Test Outline:
- Test the functionality by assigning priority numbers to a set of news items and verify that the changes are saved within the 5-second timeframe.
- Conduct a sorting test to ensure that articles can be filtered correctly based on their priority rankings.
- Validate that the system can handle the assignment of priority numbers for at least 100 articles without performance issues.","most (ISO 29148)
that (ISO 29148)
can (NASA ARM)",4,4,0.0,4,4,0.0,5,5,0.0,4,5,1.0,4,5,1.0,3,5,2.0,4,5,1.0,—
US021,"As a site visitor, I want to see a list of all upcoming Certification Courses and can page through them if there are a lot, so that I can choose the best course for me.","User Story:
As a site visitor, I want to view a comprehensive list of all upcoming Certification Courses with pagination options so that I can easily browse and select the course that best fits my needs.

Acceptance Criteria:
- The list of Certification Courses must display at least 20 courses per page, with a maximum of 5 pages available for navigation.
- Users should be able to load the course list within 3 seconds, ensuring a quick browsing experience.
- The system should allow users to filter courses by category, date, and level, with at least 85% of users finding the filtering process intuitive in a follow-up survey.

Test Outline:
- Measure the loading time of the Certification Courses list to ensure it does not exceed 3 seconds.
- Verify that pagination works correctly by checking that users can navigate through all available pages and that the correct number of courses is displayed per page.
- Conduct a user survey post-implementation to assess the effectiveness and intuitiveness of the filtering options.","best (ISO 29148)
intuitive (ISO 29148)
it (ISO 29148)
that (ISO 29148)
all (ISO 29148)
be able to (NASA ARM)
can (NASA ARM)
best (NASA ARM)",4,4,0.0,4,4,0.0,5,5,0.0,4,5,1.0,4,5,1.0,3,5,2.0,4,5,1.0,—
US022,"As a site visitor, I want to see a list of all upcoming Other Courses and can page through them if necessary, so that I can choose the best course for me.","User Story:
As a site visitor, I want to view a comprehensive list of all upcoming courses, with pagination options, so that I can easily browse and select the course that best fits my needs.

Acceptance Criteria:
- The course list must display at least 20 upcoming courses per page, with a maximum of 5 pages available for navigation.
- Users should be able to load the course list within 3 seconds, ensuring a quick browsing experience.
- The system should allow users to filter courses by category, date, and duration, with at least 85% of users finding the filtering options effective in a follow-up survey.

Test Outline:
- Measure the loading time of the course list to ensure it does not exceed 3 seconds.
- Verify that pagination works correctly by checking the number of courses displayed per page and the functionality of navigation controls.
- Conduct a user survey post-implementation to assess the effectiveness of the filtering options.","best (ISO 29148)
effective (ISO 29148)
it (ISO 29148)
that (ISO 29148)
all (ISO 29148)
be able to (NASA ARM)
effective (NASA ARM)
can (NASA ARM)
best (NASA ARM)",4,4,0.0,4,4,0.0,5,5,0.0,4,5,1.0,4,5,1.0,3,5,2.0,4,5,1.0,—
US023,"As a site visitor, I want to see a list of all upcoming Events, so that I can decide if I want to attend any.","User Story:
As a site visitor, I want to view a comprehensive list of all upcoming events so that I can evaluate my options and decide which ones I would like to attend.

Acceptance Criteria:
- The events list must display all upcoming events with a loading time of ≤3 seconds for 95% of users.
- Each event entry should include at least the date, time, location, and a brief description, ensuring that 100% of events are presented with complete information.
- Users should be able to filter events by date and category, with at least 80% of users successfully utilizing the filter feature based on usability testing.

Test Outline:
- Measure the loading time of the events list to ensure it meets the 3-second requirement for the majority of users.
- Review the event entries to confirm that all required information is included for each event.
- Conduct usability testing to assess the effectiveness of the filtering feature and track user success rates.","it (ISO 29148)
that (ISO 29148)
all (ISO 29148)
be able to (NASA ARM)
can (NASA ARM)",4,4,0.0,4,4,0.0,5,5,0.0,4,5,1.0,4,5,1.0,3,5,2.0,4,5,1.0,—
US024,"As a trainer, I want to create a new course or event, so that site visitors can see it.","User Story:
As a trainer, I want to create and publish new courses or events on the platform so that site visitors can easily discover and enroll in them, enhancing their learning opportunities.

Acceptance Criteria:
- The course creation process must allow trainers to publish new content within 5 minutes, including all necessary details such as title, description, and schedule.
- At least 95% of newly created courses should be visible to site visitors within 1 hour of publication.
- The system should provide a confirmation notification to the trainer upon successful course creation within 2 minutes.

Test Outline:
- Time the course creation process from start to finish to ensure it does not exceed 5 minutes.
- Monitor the visibility of newly published courses to confirm that 95% are accessible to users within the 1-hour timeframe.
- Verify that trainers receive a confirmation notification promptly after course creation.","it (ISO 29148)
that (ISO 29148)
all (ISO 29148)
can (NASA ARM)",4,4,0.0,3,4,1.0,4,5,1.0,3,5,2.0,4,5,1.0,2,5,3.0,3,5,2.0,—
US025,"As a trainer, I want to create an Other Course or Event I am charged a listing fee for that activity, so that I don't list events I don't really intend to hold.","User Story:
As a trainer, I want to create a listing for an Other Course or Event with a required listing fee so that I can ensure that only serious events are posted, reducing clutter and enhancing the quality of offerings.

Acceptance Criteria:
- The system must charge a listing fee of $50 for each event created, ensuring that only committed trainers submit listings.
- At least 85% of listed events should be held as scheduled, indicating a high level of commitment from trainers.
- Users should receive a confirmation of their event listing within 5 minutes of payment processing.

Test Outline:
- Verify that the listing fee is correctly applied during the event creation process and that it is reflected in the payment system.
- Track the percentage of events that occur as planned over a three-month period to assess trainer commitment.
- Measure the time taken to send confirmation messages after event listings are created to ensure it meets the 5-minute requirement.","it (ISO 29148)
that (ISO 29148)
can (NASA ARM)",4,4,0.0,3,4,1.0,4,5,1.0,3,5,2.0,3,5,2.0,2,5,3.0,3,5,2.0,—
US026,"As a site administrator, I want to create an Other Course or Event that is not charged a listing fee, so that the Scrum Alliance doesn't charge itself for Scrum Gatherings that it puts on.","User Story:
As a site administrator, I want to create a listing for an Other Course or Event without incurring a listing fee so that the Scrum Alliance can promote its own Scrum Gatherings without additional costs.

Acceptance Criteria:
- The system must allow the creation of at least 10 listings for Other Courses or Events per month without charging a listing fee.
- The process for creating these listings should take no longer than 5 minutes from start to finish.
- A confirmation notification must be sent to the administrator within 2 minutes after the listing is successfully created.

Test Outline:
- Track the number of listings created each month to ensure it meets the 10-listing threshold without fees.
- Measure the time taken to complete the listing creation process to confirm it does not exceed 5 minutes.
- Verify that confirmation notifications are sent promptly after the creation of each listing.","it (ISO 29148)
that (ISO 29148)
these (ISO 29148)
can (NASA ARM)",4,5,1.0,3,4,1.0,4,5,1.0,3,5,2.0,3,5,2.0,2,5,3.0,3,5,2.0,—
US027,"As a site administrator, I want to set the listing fee per Other Course or Event, so that we have flexibility on what to charge in the future.","User Story:
As a site administrator, I want to establish a customizable listing fee for each Other Course or Event so that we can adapt our pricing strategy based on market trends and maximize revenue potential.

Acceptance Criteria:
- The system must allow administrators to set and modify listing fees for at least 95% of courses and events within 5 minutes.
- Changes to the listing fees should be reflected in the system and visible to users within 1 minute of being updated.
- A reporting feature must be implemented to track the revenue generated from each listing fee, with data available for analysis on a monthly basis.

Test Outline:
- Test the functionality to set and modify listing fees, ensuring it can be completed within the 5-minute timeframe.
- Verify that any changes made to listing fees are updated in the user interface within 1 minute.
- Review the reporting feature to ensure it accurately reflects revenue data for each course or event over the specified period.","it (ISO 29148)
that (ISO 29148)
can (NASA ARM)",4,4,0.0,3,4,1.0,4,5,1.0,3,5,2.0,4,5,1.0,2,5,3.0,3,5,2.0,—
US028,"As a trainer, I want to update one of my existing courses or events, so that it reflects accurate information.","User Story:
As a trainer, I want to efficiently update the details of my existing courses or events so that participants receive accurate and up-to-date information, enhancing their learning experience.

Acceptance Criteria:
- Updates to course or event details must be saved within 3 seconds of submission to minimize disruption.
- The system should validate all changes and provide feedback for at least 95% of incorrect entries before finalizing updates.
- Users should receive a confirmation notification within 2 seconds after successfully updating course or event information.

Test Outline:
- Measure the time taken from submission to the successful saving of updates to ensure it does not exceed 3 seconds.
- Conduct usability testing to verify that error messages are displayed for incorrect inputs and that they are clear and actionable.
- Confirm that confirmation notifications are sent promptly after updates are made.","it (ISO 29148)
that (ISO 29148)
all (ISO 29148)",4,4,0.0,3,4,1.0,4,5,1.0,3,5,2.0,4,5,1.0,2,5,3.0,3,5,2.0,—
US029,"As a trainer, I want to delete one of my courses or events, so that it's no longer listed if I cancel for some reason.","User Story:
As a trainer, I want the ability to delete a course or event from my profile so that it is removed from the listings and prevents any confusion for participants in case of cancellation.

Acceptance Criteria:
- The deletion process must be completed within 3 seconds after the trainer confirms the action.
- At least 95% of deletion requests should successfully remove the course or event without errors.
- Trainers should receive a confirmation notification within 2 seconds after the deletion is processed.

Test Outline:
- Measure the time taken from the moment the trainer initiates the deletion to when the course or event is fully removed.
- Track the success rate of deletion requests over a month to ensure it meets the 95% threshold.
- Verify that confirmation notifications are sent promptly after a successful deletion.","it (ISO 29148)
that (ISO 29148)",4,4,0.0,3,4,1.0,4,5,1.0,3,5,2.0,4,5,1.0,2,5,3.0,3,5,2.0,—
US030,"As a trainer, I want to copy one of my courses or events, so that I can create a new one.","User Story:
As a trainer, I want to duplicate an existing course or event so that I can efficiently create a new one with similar content and structure, saving time and effort in the process.

Acceptance Criteria:
- The duplication process must be completed within 5 seconds for 95% of requests.
- At least 90% of the copied course or event details should be accurately transferred to the new instance without manual adjustments.
- Users should have the option to customize at least 3 key elements (e.g., title, date, and description) of the duplicated course or event before finalizing it.

Test Outline:
- Measure the time taken to complete the duplication process and ensure it does not exceed 5 seconds.
- Review a sample of duplicated courses or events to verify that 90% of the details are correctly copied.
- Test the customization options by duplicating a course and ensuring that users can modify the specified key elements before saving.","it (ISO 29148)
that (ISO 29148)
can (NASA ARM)",4,4,0.0,3,4,1.0,4,5,1.0,3,5,2.0,4,5,1.0,2,5,3.0,3,5,2.0,—
US031,"As a site admin, I want to delete any course or event, so that I can remove things that will no longer occur.","User Story:
As a site admin, I want the ability to delete any course or event so that I can efficiently manage the content and ensure that outdated or irrelevant information is removed from the platform.

Acceptance Criteria:
- The deletion process must be completed within 5 seconds for 95% of deletion requests.
- A confirmation prompt should appear for at least 98% of deletion attempts to prevent accidental removals.
- The system should log all deletions, allowing for retrieval of deleted items within 30 days, with a success rate of ≥90% for retrieval requests.

Test Outline:
- Measure the time taken to complete the deletion process and ensure it does not exceed 5 seconds.
- Test the confirmation prompt functionality to verify it appears for the majority of deletion attempts.
- Simulate deletion and subsequent retrieval requests to confirm that the logging and retrieval processes work as intended.","it (ISO 29148)
that (ISO 29148)
all (ISO 29148)
can (NASA ARM)",4,4,0.0,3,4,1.0,4,5,1.0,3,5,2.0,4,5,1.0,2,5,3.0,3,5,2.0,—
US032,"As a site editor, I want to update any course or event, so that I can fix things the original author hasn't.","User Story:
As a site editor, I want the ability to modify any course or event details so that I can correct inaccuracies and enhance the content that may have been overlooked by the original author.

Acceptance Criteria:
- Edits made to courses or events must be saved within 3 seconds, ensuring timely updates.
- The system should track changes and maintain a version history for at least the last 10 revisions, allowing for easy rollback if necessary.
- At least 95% of edits should be successfully applied without errors, as measured over a one-month period.

Test Outline:
- Measure the time taken to save edits and confirm it does not exceed 3 seconds.
- Review the version history feature to ensure it accurately reflects the last 10 changes made to any course or event.
- Track the success rate of edits applied over a month to ensure it meets the 95% threshold.","easy (ISO 29148)
it (ISO 29148)
that (ISO 29148)
timely (NASA ARM)
can (NASA ARM)
may (NASA ARM)",4,4,0.0,3,4,1.0,4,5,1.0,3,5,2.0,4,5,1.0,2,5,3.0,3,5,2.0,—
US033,"As a trainer, I want to turn a course into an event or an event into a course, so that I can correctly classify anything that was entered incorrectly.","User Story:
As a trainer, I want to convert a course into an event or vice versa so that I can accurately categorize all entries and ensure proper classification for better management and reporting.

Acceptance Criteria:
- The conversion process must be completed within 5 seconds for 95% of attempts to maintain efficiency.
- The system should validate the classification type and provide feedback on at least 98% of incorrect entries during the conversion.
- Users should be able to view a confirmation of the successful conversion within 3 seconds after the action is completed.

Test Outline:
- Measure the time taken to complete the conversion process and ensure it does not exceed 5 seconds.
- Test the validation mechanism by attempting to convert incorrectly classified entries and verify that appropriate feedback is provided.
- Confirm that users receive a timely confirmation message after a successful conversion.","it (ISO 29148)
that (ISO 29148)
appropriate (ISO 29148)
better (ISO 29148)
all (ISO 29148)
be able to (NASA ARM)
timely (NASA ARM)
can (NASA ARM)
better (NASA ARM)",4,4,0.0,3,4,1.0,4,5,1.0,3,5,2.0,4,5,1.0,2,5,3.0,3,5,2.0,—
US034,"As a site visitor, I want to have an advanced search option that lets me fill in a form of search criteria, so that I can quickly find what I am looking for.","User Story:
As a site visitor, I want to utilize an advanced search feature that allows me to specify multiple search criteria through a form, so that I can efficiently locate the exact information or resources I need.

Acceptance Criteria:
- The advanced search form must allow users to input at least 5 different criteria fields to refine their search.
- Search results should be generated within 3 seconds for 95% of queries submitted through the advanced search option.
- The accuracy of the search results must be ≥85%, ensuring that users find relevant information based on their specified criteria.

Test Outline:
- Test the advanced search functionality by submitting various combinations of criteria and verifying that the results align with user expectations.
- Measure the response time for search queries to ensure it does not exceed 3 seconds.
- Evaluate the relevance of the search results against a set of predefined expectations to confirm the accuracy rate meets or exceeds 85%.","it (ISO 29148)
that (ISO 29148)
can (NASA ARM)",4,5,1.0,4,4,0.0,5,5,0.0,4,5,1.0,4,5,1.0,3,5,2.0,4,5,1.0,—
US035,"As a site visitor, I want to view a course I can click on the trainer's name and be taken to the trainer's profile, so that I can read more about a trainer before registering for a course.","User Story:
As a site visitor, I want to view a course and click on the trainer's name to access their profile, so that I can gather detailed information about the trainer's qualifications and experience before deciding to register for a course.

Acceptance Criteria:
- The trainer's name must be a clickable link that redirects to their profile page within 1 second for 95% of users.
- The trainer's profile should include at least 3 key qualifications and 2 testimonials to provide comprehensive insights.
- At least 90% of users should report that the trainer's profile helped them make an informed decision about course registration in a follow-up survey.

Test Outline:
- Measure the loading time of the trainer's profile page after clicking the link to ensure it meets the 1-second requirement.
- Review the content of the trainer's profile to confirm it includes the specified qualifications and testimonials.
- Conduct a user survey post-visit to assess the effectiveness of the trainer's profile in influencing course registration decisions.","it (ISO 29148)
that (ISO 29148)
can (NASA ARM)",4,4,0.0,4,4,0.0,5,5,0.0,4,5,1.0,4,5,1.0,3,5,2.0,4,5,1.0,—
US036,"As a site visitor, I want to subscribe to an RSS feed of upcoming courses and events, so that I am up to day without having to visit the site.","User Story:
As a site visitor, I want to easily subscribe to an RSS feed for upcoming courses and events so that I can stay informed about new offerings without needing to frequently check the website.

Acceptance Criteria:
- Users must be able to subscribe to the RSS feed within 1 minute, with a clear confirmation message displayed upon successful subscription.
- The RSS feed should update with new course and event information at least once every 24 hours to ensure timely notifications.
- At least 80% of subscribers should report satisfaction with the relevance and timeliness of the information received in a follow-up survey.

Test Outline:
- Measure the time taken for users to complete the subscription process and ensure it does not exceed 1 minute.
- Monitor the frequency of updates to the RSS feed to confirm it meets the 24-hour update requirement.
- Conduct a survey among subscribers to assess their satisfaction levels regarding the content and timing of the updates.","it (ISO 29148)
that (ISO 29148)
every (ISO 29148)
be able to (NASA ARM)
timely (NASA ARM)
can (NASA ARM)",4,4,0.0,4,4,0.0,5,5,0.0,4,5,1.0,4,5,1.0,3,5,2.0,4,5,1.0,—
US037,"As a site visitor, I want to read FAQs, so that I can get quick answers.","User Story:
As a site visitor, I want to access the FAQs section easily so that I can obtain quick and accurate answers to my common questions without needing to contact support.

Acceptance Criteria:
- The FAQs page must load within 2 seconds for 95% of visitors to ensure quick access to information.
- At least 85% of users should report finding their answers in the FAQs based on a follow-up survey conducted after their visit.
- The FAQs should cover a minimum of 20 common questions, with answers updated quarterly to maintain relevance.

Test Outline:
- Measure the loading time of the FAQs page to ensure it meets the 2-second requirement.
- Administer a survey to users after their visit to assess the effectiveness of the FAQs in providing answers.
- Review the content of the FAQs every three months to ensure all information is current and comprehensive.","it (ISO 29148)
that (ISO 29148)
all (ISO 29148)
every (ISO 29148)
can (NASA ARM)",4,4,0.0,3,4,1.0,4,5,1.0,3,5,2.0,4,5,1.0,2,5,3.0,3,5,2.0,—
US038,"As a site editor, I want to maintain a FAQ section, so that support gets fewer easily answered questions.","User Story:
As a site editor, I want to effectively manage a comprehensive FAQ section so that the support team experiences a reduction of at least 30% in easily answered inquiries, allowing them to focus on more complex issues.

Acceptance Criteria:
- The FAQ section must contain at least 20 common questions and answers, covering the top inquiries received by support.
- User engagement with the FAQ section should increase by 40% within three months of implementation, as measured by page views.
- The support team should report a decrease in repetitive questions by at least 30% within one month of the FAQ section going live.

Test Outline:
- Review the FAQ section to ensure it includes a minimum of 20 relevant questions and answers.
- Analyze website analytics to track page views and user engagement metrics over a three-month period.
- Conduct a survey with the support team to assess the frequency of repetitive questions before and after the FAQ implementation.","it (ISO 29148)
that (ISO 29148)
more (NASA ARM)",4,5,1.0,3,4,1.0,4,5,1.0,3,5,2.0,4,5,1.0,2,5,3.0,3,5,2.0,—
US039,"As a site visitor, I want to do a full-text search of the FAQs, so that I can find an answer quickly.","User Story:
As a site visitor, I want to perform a comprehensive full-text search of the FAQs so that I can quickly locate the answers I need without sifting through irrelevant information.

Acceptance Criteria:
- The full-text search must return relevant FAQ results with an accuracy rate of ≥85% based on user queries.
- The search results should be displayed within 1.5 seconds for 95% of queries to enhance user satisfaction.
- The system should support at least 300 concurrent search requests without compromising performance or accuracy.

Test Outline:
- Evaluate the relevance of search results by comparing them against a set of predefined queries and calculating the accuracy rate.
- Measure the response time for search queries to ensure it does not exceed 1.5 seconds.
- Conduct load testing to simulate 300 concurrent users and monitor the system's performance and response accuracy.","it (ISO 29148)
that (ISO 29148)
can (NASA ARM)",5,5,0.0,4,4,0.0,5,5,0.0,4,5,1.0,5,5,0.0,4,5,1.0,5,5,0.0,—
US040,"As a site member, I want to download the latest training material and methodology PDFs, so that I have them.","User Story:
As a site member, I want to easily download the most recent training materials and methodology PDFs so that I can stay updated and enhance my learning experience.

Acceptance Criteria:
- Users must be able to download the latest PDFs within 5 seconds of initiating the download.
- The system should ensure that at least 95% of download requests are successful without errors.
- The training materials should be updated and made available at least once every quarter to ensure content relevance.

Test Outline:
- Measure the time taken from the moment a user clicks the download link to when the file is fully downloaded.
- Track the success rate of download attempts over a month to confirm it meets the 95% threshold.
- Review the update schedule for training materials to ensure compliance with the quarterly update requirement.","most (ISO 29148)
it (ISO 29148)
that (ISO 29148)
every (ISO 29148)
be able to (NASA ARM)
can (NASA ARM)",3,4,1.0,3,4,1.0,4,5,1.0,3,5,2.0,4,5,1.0,2,5,3.0,3,5,2.0,—
US041,"As a visitor, I want to download presentations, PDFs, etc. on Scrum, so that I can learn from them or use them.","User Story:
As a visitor, I want to easily download presentations, PDFs, and other resources on Scrum so that I can enhance my knowledge and apply best practices effectively.

Acceptance Criteria:
- Users must be able to download resources within 5 seconds of clicking the download link, ensuring quick access to materials.
- At least 95% of downloads should be successful without errors, as tracked over a one-month period.
- The system should provide a confirmation message for each successful download within 2 seconds.

Test Outline:
- Measure the time taken from the moment a user clicks the download link to when the file is fully downloaded.
- Track the success rate of downloads over a month to ensure it meets the 95% threshold.
- Verify that users receive a confirmation message promptly after completing a download.","best (ISO 29148)
it (ISO 29148)
that (ISO 29148)
be able to (NASA ARM)
can (NASA ARM)
best (NASA ARM)",4,4,0.0,4,4,0.0,5,5,0.0,4,5,1.0,4,5,1.0,3,5,2.0,4,5,1.0,—
US042,"As a site member, I want to scroll through a listing of jobs, so that I can see if there any I am interested in.","User Story:
As a site member, I want to browse through a comprehensive list of job postings so that I can identify opportunities that match my skills and interests efficiently.

Acceptance Criteria:
- The job listing page must load within 3 seconds for 95% of users to ensure a seamless browsing experience.
- Users should be able to filter job listings by at least 5 different criteria (e.g., location, salary, job type) to refine their search effectively.
- The system should display a minimum of 50 job postings per page to provide users with ample options at a glance.

Test Outline:
- Measure the loading time of the job listing page to confirm it does not exceed 3 seconds.
- Test the filtering functionality to ensure all criteria work correctly and return relevant results.
- Verify that the job listing page consistently displays at least 50 postings per page across different user sessions.","it (ISO 29148)
that (ISO 29148)
all (ISO 29148)
be able to (NASA ARM)
can (NASA ARM)",4,4,0.0,3,4,1.0,4,5,1.0,3,5,2.0,4,5,1.0,2,5,3.0,3,5,2.0,—
US043,"As a recruiter, I want to post a help wanted ad, so that I can attract candidates.","User Story:
As a recruiter, I want to efficiently post a help wanted advertisement so that I can attract qualified candidates and fill open positions promptly.

Acceptance Criteria:
- The ad posting process must be completed within 5 minutes, allowing recruiters to quickly reach potential candidates.
- At least 80% of posted ads should receive applications within the first week of posting, indicating effective outreach.
- The system should allow for the inclusion of specific job requirements and company details, with a character limit of at least 500 characters for clarity.

Test Outline:
- Measure the time taken from the initiation of the ad posting to its successful submission to ensure it does not exceed 5 minutes.
- Track the number of applications received for each ad within the first week to verify that at least 80% meet the target.
- Review the ad creation interface to confirm that it supports the inclusion of detailed job descriptions and requirements.","effective (ISO 29148)
it (ISO 29148)
that (ISO 29148)
effective (NASA ARM)
can (NASA ARM)",4,4,0.0,3,4,1.0,4,5,1.0,3,5,2.0,4,5,1.0,2,5,3.0,3,5,2.0,—
US044,"As a site admin, I want to approve each help wanted ad before it gets to the site, so that we're sure of the quality of jobs being listed.","User Story:
As a site admin, I want to review and approve each help wanted advertisement before it is published on the site so that we can maintain a high standard of job quality and relevance for our users.

Acceptance Criteria:
- Each job ad must be reviewed and approved within 24 hours of submission to ensure timely posting.
- The approval process should achieve a consistency rate of ≥95% in maintaining quality standards as measured by user feedback.
- Admins should have the capability to flag and reject ads that do not meet quality criteria, with a reporting mechanism for tracking rejected submissions.

Test Outline:
- Track the time taken from job ad submission to approval to ensure it does not exceed 24 hours.
- Collect user feedback on job quality post-approval to evaluate the consistency rate of ≥95%.
- Review the flagged and rejected ads to assess the effectiveness of the quality control process and ensure proper documentation is maintained.","it (ISO 29148)
that (ISO 29148)
capability to (NASA ARM)
timely (NASA ARM)
can (NASA ARM)",4,4,0.0,4,4,0.0,5,5,0.0,4,5,1.0,4,5,1.0,3,5,2.0,4,5,1.0,—
US045,"As a site admin, I want to be emailed whenever a job is submitted, so that I am aware of it and can decide if I want to post it.","User Story:
As a site admin, I want to receive an email notification each time a job is submitted so that I can promptly review the submission and determine whether to post it on the site.

Acceptance Criteria:
- An email notification must be sent to the admin within 1 minute of a job submission.
- The email should include key details of the job submission, such as the job title, company name, and submission date, with a 100% inclusion rate.
- The system should log all email notifications sent, with a success rate of ≥99% for delivery confirmation.

Test Outline:
- Monitor the time taken from job submission to email notification to ensure it does not exceed 1 minute.
- Review the content of the email notifications to verify that all required details are included.
- Check the email delivery logs to confirm that at least 99% of notifications are successfully sent and received.","it (ISO 29148)
that (ISO 29148)
all (ISO 29148)
can (NASA ARM)",4,4,0.0,4,4,0.0,4,5,1.0,4,5,1.0,4,5,1.0,3,5,2.0,4,5,1.0,—
US046,"As a site member, I want to subscribe to an RSS feed of jobs available, so that I can read them without visiting the site.","User Story:
As a site member, I want to subscribe to an RSS feed for available job listings so that I can conveniently receive updates and review opportunities without needing to visit the site regularly.

Acceptance Criteria:
- The RSS feed must include at least 95% of all job postings within 10 minutes of being published on the site.
- Users should be able to subscribe to the RSS feed with a success rate of ≥98% for subscription requests.
- The feed should support a minimum of 500 simultaneous subscribers without any performance issues.

Test Outline:
- Monitor the RSS feed to ensure that it updates with new job postings within the 10-minute timeframe and verify the percentage of included listings.
- Test the subscription process by simulating user requests and tracking the success rate of subscriptions.
- Conduct load testing to confirm that the system can handle 500 concurrent subscribers without degradation in feed performance.","it (ISO 29148)
that (ISO 29148)
all (ISO 29148)
be able to (NASA ARM)
can (NASA ARM)",4,4,0.0,4,4,0.0,5,5,0.0,4,5,1.0,4,5,1.0,3,5,2.0,4,5,1.0,—
US047,"As a site admin, I want to edit and delete help wanted ads, so that I can correct small problems or make sure each ad complies with site guidelines.","User Story:
As a site admin, I want to have the ability to edit and delete help wanted advertisements so that I can promptly address minor issues and ensure that all listings adhere to the site's compliance standards.

Acceptance Criteria:
- The system must allow edits to help wanted ads to be completed within 5 seconds for 95% of requests.
- Deletion of ads should be confirmed with a success rate of ≥98% to prevent accidental removals.
- All changes made to ads should trigger an automatic notification to the poster within 2 minutes of the action.

Test Outline:
- Measure the time taken to edit and save changes to help wanted ads to ensure it does not exceed 5 seconds.
- Track the success rate of ad deletions over a month to confirm it meets the 98% threshold.
- Verify that notifications are sent to users promptly after any edits or deletions are made.","it (ISO 29148)
that (ISO 29148)
all (ISO 29148)
can (NASA ARM)",3,4,1.0,3,4,1.0,4,5,1.0,3,5,2.0,4,5,1.0,2,5,3.0,3,5,2.0,—
US048,"As a site admin, I want to stop publishing jobs on the site 30 days after being posted, so that jobs that may have been filled aren't still listed when the hiring party forgets to come back and delete the ad.","User Story:
As a site admin, I want to automatically remove job postings 30 days after they are published so that outdated listings do not remain visible, ensuring that users only see current opportunities.

Acceptance Criteria:
- The system must automatically archive job postings that are older than 30 days, with a completion rate of 100% for all applicable listings.
- Notifications should be sent to the hiring party 5 days before the job is archived, allowing them to take action if necessary.
- The number of outdated job postings displayed on the site should decrease by at least 95% within one month of implementing this feature.

Test Outline:
- Verify that job postings older than 30 days are archived automatically by checking the database for compliance.
- Test the notification system to ensure hiring parties receive alerts 5 days prior to archiving.
- Monitor the site for the number of outdated job postings before and after implementation to confirm a reduction of at least 95%.","this (ISO 29148)
that (ISO 29148)
all (ISO 29148)",4,5,1.0,4,4,0.0,4,5,1.0,4,5,1.0,4,5,1.0,3,5,2.0,4,5,1.0,—
US049,"As a recruiter, I want to be able to extend an ad for another 30 days by visiting the site and updating the posting, so that my ad remains active.","User Story:
As a recruiter, I want to extend my job advertisement for an additional 30 days by accessing the site and updating the posting, so that my ad continues to attract potential candidates without interruption.

Acceptance Criteria:
- The extension process must be completed within 5 minutes of initiating the update.
- At least 95% of recruiters should successfully extend their ads without encountering errors during the process.
- A confirmation notification must be sent to the recruiter within 2 minutes of the ad being successfully extended.

Test Outline:
- Measure the time taken from the moment a recruiter starts the extension process to when it is completed, ensuring it does not exceed 5 minutes.
- Track the success rate of ad extensions over a month to confirm that at least 95% of attempts are error-free.
- Verify that confirmation notifications are sent promptly after the extension is processed.","it (ISO 29148)
that (ISO 29148)",4,4,0.0,4,4,0.0,5,5,0.0,4,5,1.0,4,5,1.0,3,5,2.0,4,5,1.0,—
US050,"As an advertiser, I want to be emailed a reminder seven day before an ad is about to expire, so that I can go extend the ad.","User Story:
As an advertiser, I want to receive an email reminder seven days prior to the expiration of my advertisement so that I can proactively extend the ad and maintain its visibility.

Acceptance Criteria:
- An automated email reminder must be sent to the advertiser's registered email address exactly 7 days before the ad expiration date.
- The email should include clear instructions on how to extend the ad and a direct link to the extension page.
- At least 95% of reminders should be successfully delivered without being marked as spam, as tracked over a three-month period.

Test Outline:
- Verify the email reminder system by creating test ads and ensuring reminders are sent out 7 days before expiration.
- Check the content of the email for clarity and the presence of the extension link.
- Monitor email delivery rates and spam reports to confirm that the success rate meets the 95% threshold.","that (ISO 29148)
can (NASA ARM)",4,4,0.0,4,4,0.0,5,4,-1.0,4,5,1.0,4,5,1.0,3,5,2.0,4,4,0.0,—
US051,"As a site visitor, I want to read a new article on the front page about once a week, so that I am up on all the latest happenings.","User Story:
As a site visitor, I want to see a new article featured on the front page at least once a week so that I can stay informed about the latest news and developments.

Acceptance Criteria:
- A new article must be published and displayed on the front page at least once every 7 days, ensuring fresh content for visitors.
- User engagement with the new articles should increase by at least 15% within the first month of implementation, as measured by click-through rates.
- The site should maintain an archive of at least 4 weeks' worth of articles accessible from the front page for user reference.

Test Outline:
- Track the publication schedule to confirm that a new article is posted weekly without fail.
- Analyze user engagement metrics to assess the increase in click-through rates for new articles.
- Review the front page to ensure that an archive of at least 4 weeks of articles is readily available for visitors.","that (ISO 29148)
every (ISO 29148)
can (NASA ARM)",4,4,0.0,3,4,1.0,4,5,1.0,3,5,2.0,4,5,1.0,2,5,3.0,3,5,2.0,—
US052,"As the site editor, I want to include a teaser with each article, so that site visitors can decide if they want to read the rest.","User Story:
As the site editor, I want to add a compelling teaser for each article so that site visitors can quickly assess the content and decide whether to engage further with the full article.

Acceptance Criteria:
- Each article teaser must be limited to 150 characters to ensure brevity and clarity.
- Teasers should include at least one key takeaway or hook that increases click-through rates by ≥15% within the first month of implementation.
- The system should allow for easy editing of teasers, with changes reflected on the site within 5 minutes.

Test Outline:
- Review a sample of article teasers to confirm they adhere to the 150-character limit and contain engaging content.
- Analyze click-through rates before and after teaser implementation to measure the 15% increase.
- Test the editing functionality by making changes to teasers and verifying that updates appear on the site within the specified timeframe.","easy (ISO 29148)
that (ISO 29148)
can (NASA ARM)",4,4,0.0,4,4,0.0,5,4,-1.0,4,5,1.0,4,5,1.0,3,5,2.0,4,4,0.0,—
US053,"As a site member who has read a teaser on the front page, I want to read the entire article so that I can finish articles that appeal to me.","User Story:
As a site member who has read a teaser on the front page, I want to access the full article seamlessly so that I can complete my reading of content that interests me.

Acceptance Criteria:
- Users must be able to navigate from the teaser to the full article within 2 clicks.
- The full article should load in under 3 seconds for at least 95% of users to ensure a smooth reading experience.
- At least 85% of users should report satisfaction with the article access process in a follow-up survey.

Test Outline:
- Track the number of clicks required to access the full article from the teaser and ensure it does not exceed 2.
- Measure the loading time of the full article to confirm it meets the 3-second requirement.
- Conduct a user satisfaction survey post-implementation to assess the effectiveness of the article access process.","it (ISO 29148)
that (ISO 29148)
be able to (NASA ARM)
can (NASA ARM)",5,5,0.0,4,4,0.0,5,5,0.0,4,5,1.0,5,5,0.0,4,5,1.0,5,5,0.0,—
US054,"As the site editor, I want to add an article to the site, so that the site has plenty of content.","User Story:
As the site editor, I want to efficiently add new articles to the site so that we can increase our content library by at least 10 articles per month, enhancing user engagement and SEO performance.

Acceptance Criteria:
- The article submission process must allow for the addition of new content within 5 minutes per article, including formatting and tagging.
- Each article must pass a quality check with a minimum score of 85% based on predefined editorial guidelines before being published.
- The system should support the simultaneous submission of at least 3 articles by different editors without performance issues.

Test Outline:
- Time the process of adding an article from start to finish to ensure it does not exceed 5 minutes.
- Review a sample of published articles to verify that they meet the quality score of 85% or higher.
- Simulate multiple editors submitting articles at the same time to confirm that the system can handle at least 3 concurrent submissions without errors.","it (ISO 29148)
that (ISO 29148)
can (NASA ARM)",2,4,2.0,2,4,2.0,4,4,0.0,2,5,3.0,4,5,1.0,2,5,3.0,3,4,1.0,—
US055,"As a site editor, I want to set start publishing dates, old article date, and stop publishing dates for articles, so that articles appear only during appropriate periods.","User Story:
As a site editor, I want to define start and stop publishing dates, as well as set the publication dates for older articles, so that content is displayed only during designated timeframes, enhancing relevance and user engagement.

Acceptance Criteria:
- Editors must be able to set start and stop publishing dates for articles with a success rate of ≥95% during the publishing process.
- The system should automatically hide articles outside of their designated publishing periods, achieving this functionality with 100% accuracy.
- A notification should be sent to editors confirming the scheduled publishing dates within 2 minutes of setting them.

Test Outline:
- Test the functionality of setting start and stop dates to ensure that articles are published and unpublished as intended.
- Review the visibility of articles to confirm that only those within the specified dates are displayed to users.
- Measure the time taken to send notifications to editors after dates are set, ensuring it does not exceed 2 minutes.","it (ISO 29148)
this (ISO 29148)
that (ISO 29148)
those (ISO 29148)
be able to (NASA ARM)",3,4,1.0,4,4,0.0,4,5,1.0,3,5,2.0,4,5,1.0,2,5,3.0,3,5,2.0,—
US056,"As a site editor, I want to be able to designate whether or not an ever makes the home page, so that the best content is featured most prominently.","User Story:
As a site editor, I want the ability to select which articles are featured on the home page so that the most engaging and relevant content is prominently displayed to attract more visitors.

Acceptance Criteria:
- Editors must be able to designate articles for the home page within 5 clicks or less.
- The system should allow for at least 10 articles to be featured simultaneously on the home page.
- The engagement rate (measured by clicks and time spent on featured articles) should increase by at least 15% within one month of implementation.

Test Outline:
- Track the number of clicks required for an editor to feature an article and ensure it does not exceed 5.
- Verify that the system can support featuring 10 articles on the home page without performance issues.
- Analyze user engagement metrics before and after the implementation to confirm a 15% increase in interaction with featured content.","most (ISO 29148)
it (ISO 29148)
that (ISO 29148)
be able to (NASA ARM)
can (NASA ARM)
more (NASA ARM)
less (NASA ARM)",4,4,0.0,4,4,0.0,5,5,0.0,4,5,1.0,4,5,1.0,3,5,2.0,4,5,1.0,—
US057,"As the site editor, I want to have pretty good control over how the article, so that articles are visually appealing.","User Story:
As the site editor, I want to have comprehensive control over the article formatting and layout so that the articles are visually appealing and enhance reader engagement.

Acceptance Criteria:
- The editor must be able to customize at least 10 different formatting options (e.g., font size, color, spacing) for each article.
- Articles should maintain a consistent visual style, achieving a user satisfaction score of ≥85% in post-publication surveys regarding aesthetics.
- The system should allow for real-time previews of changes, with updates reflecting within 1 second of adjustments being made.

Test Outline:
- Test the formatting options available in the editor to ensure all 10 customization features are functional and user-friendly.
- Conduct a survey with readers after articles are published to measure satisfaction with the visual appeal and ensure it meets the 85% threshold.
- Verify the responsiveness of the real-time preview feature by making changes and confirming they appear within the 1-second timeframe.","it (ISO 29148)
that (ISO 29148)
all (ISO 29148)
be able to (NASA ARM)",2,4,2.0,2,4,2.0,3,4,1.0,2,5,3.0,3,5,2.0,2,5,3.0,2,4,2.0,—
US058,"As a site visitor, I want to click the link from the article teaser to take me directly to the body of the article. not to another teaser setup, so that I can easily finish the article.","User Story:
As a site visitor, I want to click on the link from the article teaser to be directed straight to the full article so that I can read it without unnecessary navigation steps.

Acceptance Criteria:
- Clicking the teaser link must redirect users to the full article within 1 second for 95% of attempts.
- At least 98% of users should report that the link takes them directly to the article body in a follow-up survey.
- The system should ensure that no teaser pages are displayed after clicking the link, achieving a 100% compliance rate.

Test Outline:
- Measure the time taken for the redirection from the teaser link to the full article to ensure it meets the 1-second requirement.
- Conduct a user satisfaction survey to confirm that 98% of users feel they are taken directly to the article body.
- Review the navigation logs to verify that no teaser pages are shown after the link is clicked.","it (ISO 29148)
that (ISO 29148)
can (NASA ARM)",4,5,1.0,4,4,0.0,5,5,0.0,4,5,1.0,4,5,1.0,3,5,2.0,4,5,1.0,—
US059,"As a site editor, I want to be able to indicate whether an article is publicly available or for members only, so that visitors are incentivized to become members.","User Story:
As a site editor, I want to specify whether an article is accessible to the public or restricted to members only, so that I can encourage more visitors to sign up for membership and increase our subscriber base.

Acceptance Criteria:
- The system must allow editors to toggle the visibility status of articles with a success rate of 100% for changes made.
- Changes to article visibility should be reflected on the site within 5 seconds of being saved.
- A/B testing should show at least a 15% increase in membership sign-ups within one month of implementing this feature.

Test Outline:
- Verify that editors can successfully change the visibility status of articles and that these changes are accurately saved.
- Measure the time taken for visibility changes to appear on the site after being saved.
- Conduct A/B testing to compare membership sign-up rates before and after the feature implementation.","this (ISO 29148)
that (ISO 29148)
these (ISO 29148)
can (NASA ARM)
more (NASA ARM)",4,4,0.0,4,4,0.0,5,5,0.0,4,5,1.0,4,5,1.0,3,5,2.0,4,5,1.0,—
US060,"As a site visitor, I want to be able to read some of your articles, so that I can learn without first joining the site.","User Story:
As a site visitor, I want to access a selection of articles without needing to register, so that I can evaluate the content quality and relevance before committing to membership.

Acceptance Criteria:
- At least 5 articles must be available for free access to all visitors, showcasing a variety of topics.
- The articles should load within 3 seconds to ensure a seamless reading experience.
- Visitor engagement metrics should show a minimum of 30% of users returning to the site after reading the free articles.

Test Outline:
- Verify that at least 5 articles are accessible without registration and cover diverse subjects.
- Measure the loading time of the articles to confirm they meet the 3-second requirement.
- Analyze user behavior data to track the percentage of visitors returning to the site after accessing the free content.","that (ISO 29148)
all (ISO 29148)
can (NASA ARM)",4,4,0.0,4,4,0.0,5,5,0.0,4,5,1.0,4,5,1.0,2,5,3.0,4,5,1.0,—
US061,"As a site member, I want to have full access to all articles, so that there is a benefit to being a member.","User Story:
As a site member, I want to gain unrestricted access to all articles so that I can fully utilize my membership and enhance my knowledge base.

Acceptance Criteria:
- Members should be able to access 100% of articles without any restrictions or paywalls.
- The system must ensure that access is granted within 1 second of a member logging in.
- At least 95% of members should report satisfaction with the article access feature in a quarterly survey.

Test Outline:
- Verify that all articles are accessible to members by testing a sample of articles after logging in.
- Measure the time taken to access articles post-login to ensure it meets the 1-second requirement.
- Conduct a quarterly survey to assess member satisfaction regarding access to articles and analyze the results.","it (ISO 29148)
that (ISO 29148)
all (ISO 29148)
be able to (NASA ARM)
can (NASA ARM)",4,4,0.0,3,4,1.0,4,5,1.0,3,5,2.0,4,5,1.0,2,5,3.0,3,5,2.0,—
US062,"As a site visitor, I want to do a full-text search of article body, title, and author name, so that I can find what I want.","User Story:
As a site visitor, I want to perform a comprehensive full-text search across article bodies, titles, and author names so that I can efficiently locate the specific content I am interested in.

Acceptance Criteria:
- The search function must return results that include relevant articles with an accuracy rate of ≥85% based on user queries.
- The average time taken to display search results should not exceed 3 seconds for 95% of searches.
- Users should be able to filter search results by date, relevance, and author, with at least 90% of users finding the filters effective in narrowing down results.

Test Outline:
- Evaluate the relevance of search results by comparing them against a set of predefined queries to calculate the accuracy rate.
- Measure the response time for search queries to ensure it meets the 3-second threshold.
- Conduct user testing to assess the effectiveness of the filtering options and gather feedback on their usability.","effective (ISO 29148)
it (ISO 29148)
that (ISO 29148)
be able to (NASA ARM)
effective (NASA ARM)
can (NASA ARM)",4,4,0.0,4,4,0.0,5,5,0.0,4,5,1.0,5,5,0.0,4,5,1.0,4,5,1.0,—
US063,"As a site visitor, I want to subscribe to an RSS feed of articles, so that I can read them without visiting the site.","User Story:
As a site visitor, I want to easily subscribe to an RSS feed of articles so that I can receive updates directly in my feed reader and stay informed without needing to visit the site regularly.

Acceptance Criteria:
- Users must be able to subscribe to the RSS feed with a success rate of ≥95% on the first attempt.
- The RSS feed should update with new articles within 10 minutes of publication, ensuring timely access to content.
- The subscription process should be completed in no more than 3 clicks to enhance user convenience.

Test Outline:
- Test the subscription process by tracking the success rate of users subscribing to the RSS feed and ensuring it meets the 95% threshold.
- Monitor the time taken for new articles to appear in the RSS feed after publication to confirm it adheres to the 10-minute requirement.
- Evaluate the number of clicks required for users to complete the subscription process and ensure it does not exceed 3 clicks.","it (ISO 29148)
that (ISO 29148)
be able to (NASA ARM)
timely (NASA ARM)
can (NASA ARM)
more (NASA ARM)",4,4,0.0,4,4,0.0,5,5,0.0,4,5,1.0,4,5,1.0,3,5,2.0,4,5,1.0,—
US064,"As a site visitor, I want to post comments about articles, so that others can read them.","User Story:
As a site visitor, I want to be able to post comments on articles so that I can share my thoughts and engage with other readers in meaningful discussions.

Acceptance Criteria:
- Users must be able to submit comments within 5 seconds of typing, ensuring a seamless interaction.
- The system should allow comments to be posted with a success rate of ≥95%, minimizing errors during submission.
- Each article should display the most recent 10 comments, updated in real-time, to enhance user engagement.

Test Outline:
- Measure the time taken from when a user submits a comment to when it is successfully posted.
- Track the success rate of comment submissions over a one-month period to ensure it meets the 95% threshold.
- Verify that the comment section updates in real-time and displays the latest 10 comments for each article.","most (ISO 29148)
it (ISO 29148)
that (ISO 29148)
be able to (NASA ARM)
can (NASA ARM)",4,4,0.0,3,4,1.0,4,5,1.0,3,5,2.0,4,5,1.0,2,5,3.0,3,5,2.0,—
US065,"As a site editor, I want to have a prominent area on the home page where I can put special announcements not necessarily news or articles, so that I can give them additional exposure.","User Story:
As a site editor, I want a dedicated section on the home page for special announcements that are distinct from news or articles, so that I can enhance their visibility and engagement with our audience.

Acceptance Criteria:
- The announcement section must be visually distinct and occupy at least 20% of the home page layout to ensure prominence.
- The section should support a minimum of 5 announcements at a time, with the ability to rotate or highlight new content every 24 hours.
- User engagement with announcements should increase by at least 30% as measured by click-through rates within the first month of implementation.

Test Outline:
- Review the home page layout to confirm that the announcement section occupies the required 20% of space.
- Track the number of announcements displayed and verify the rotation feature works as intended every 24 hours.
- Analyze user interaction data to measure the increase in click-through rates for announcements post-implementation.","that (ISO 29148)
every (ISO 29148)
can (NASA ARM)",4,4,0.0,3,4,1.0,4,5,1.0,3,5,2.0,3,5,2.0,2,5,3.0,3,5,2.0,—
US066,"As a site editor, I want to have some flexibility as to where things appear, so that I can accommodate different types of content.","User Story:
As a site editor, I want the ability to customize the layout and positioning of content elements so that I can effectively showcase various types of content and enhance user engagement.

Acceptance Criteria:
- Editors must be able to rearrange content elements on the page with a drag-and-drop interface, achieving changes within 5 seconds.
- The system should allow for at least 10 different layout configurations to accommodate diverse content types.
- User engagement metrics, such as time spent on page, should increase by at least 15% after implementing flexible content positioning.

Test Outline:
- Test the drag-and-drop functionality to ensure that content elements can be rearranged within the 5-second timeframe.
- Verify that the system supports a minimum of 10 distinct layout options for editors to choose from.
- Analyze user engagement data before and after the implementation to measure the increase in time spent on the page.","that (ISO 29148)
be able to (NASA ARM)
can (NASA ARM)",3,4,1.0,2,4,2.0,3,5,2.0,2,5,3.0,4,5,1.0,2,5,3.0,3,5,2.0,—
US067,"As a trainer, I want to see the upcoming courses are what I want visitors to notice, so that they register and there's a benefit to my membership.","User Story:
As a trainer, I want the upcoming courses to be prominently displayed so that visitors are encouraged to register, ultimately enhancing the value of my membership and increasing enrollment rates.

Acceptance Criteria:
- The upcoming courses section must be visible on the homepage within the first 3 seconds of page load for at least 95% of users.
- Course registration should increase by at least 25% within the first month after implementing the new display strategy.
- At least 80% of visitors should report that they noticed the upcoming courses during a follow-up survey.

Test Outline:
- Monitor the homepage loading time to ensure the upcoming courses section appears within the 3-second threshold.
- Track registration numbers for courses before and after the display changes to measure the 25% increase.
- Conduct a survey with visitors to assess their awareness of the upcoming courses and analyze the feedback for the 80% recognition rate.",that (ISO 29148),3,4,1.0,3,4,1.0,4,5,1.0,3,5,2.0,4,5,1.0,2,5,3.0,3,5,2.0,—
US068,"As a site visitor, I want to see new content when I come to the site, so that I come back more often.","User Story:
As a site visitor, I want to view fresh and engaging content each time I visit the site so that I am encouraged to return frequently and stay engaged with the platform.

Acceptance Criteria:
- At least 80% of returning visitors should encounter new content on their subsequent visits, measured over a three-month period.
- The site should refresh its content at least once every 24 hours to ensure visitors have access to the latest updates.
- User engagement metrics, such as time spent on the site, should increase by at least 15% after implementing the new content strategy.

Test Outline:
- Track the percentage of returning visitors who see new content during their visits and ensure it meets the 80% target.
- Monitor the content update schedule to confirm that new material is published at least once every 24 hours.
- Analyze user engagement data before and after the content updates to measure the increase in time spent on the site.","it (ISO 29148)
that (ISO 29148)
every (ISO 29148)",4,4,0.0,3,4,1.0,4,5,1.0,3,5,2.0,4,5,1.0,2,5,3.0,3,5,2.0,—
US069,"As a site visitor, I want to have articles that interest me and are easy to get to, so that I come to the site for my agile news and learning.","User Story:
As a site visitor, I want to access articles tailored to my interests quickly and effortlessly so that I can regularly visit the site for the latest news and insights on agile methodologies.

Acceptance Criteria:
- The site should recommend articles based on user preferences with an accuracy of ≥85% to ensure relevance.
- Users should be able to find articles within 3 clicks from the homepage, enhancing navigation efficiency.
- The average time spent on the site should increase by at least 25% after implementing personalized article recommendations.

Test Outline:
- Analyze user engagement data to measure the accuracy of article recommendations and ensure it meets the 85% threshold.
- Track the number of clicks required for users to access articles from the homepage and confirm it does not exceed 3 clicks.
- Compare average time spent on the site before and after the implementation of personalized recommendations to assess the 25% increase.","it (ISO 29148)
that (ISO 29148)
be able to (NASA ARM)
can (NASA ARM)",3,4,1.0,3,4,1.0,4,5,1.0,3,5,2.0,3,5,2.0,2,5,3.0,3,5,2.0,—
US070,"As a site visitor, I want to know as soon as I visit what on earth Scrum is and why it needs an alliance, so that I don't bounce immediately oﬀ the page.","User Story:
As a site visitor, I want to immediately understand what Scrum is and the importance of the Scrum Alliance upon landing on the page so that I can engage with the content and reduce my likelihood of leaving the site.

Acceptance Criteria:
- The landing page must present a clear and concise definition of Scrum within the first 5 seconds of loading.
- At least 80% of visitors should report understanding the concept of Scrum and its significance based on a post-visit survey.
- The bounce rate for the landing page should decrease by at least 15% within three months of implementing the changes.

Test Outline:
- Use analytics tools to measure the time taken for the definition of Scrum to appear on the landing page.
- Conduct a survey with visitors after they leave the site to assess their understanding of Scrum and the Scrum Alliance.
- Monitor the bounce rate of the landing page before and after the changes to evaluate the effectiveness of the improvements.","that (ISO 29148)
can (NASA ARM)",4,4,0.0,4,4,0.0,5,5,0.0,4,5,1.0,4,5,1.0,3,5,2.0,4,5,1.0,—
US071,"As a site visitor, I want to know as I glance around the home page what on earth a CSM is and why I'd want to be one, so that I read more.","User Story:
As a site visitor, I want to quickly understand what a Customer Success Manager (CSM) is and the benefits of pursuing this role so that I am encouraged to explore further information on the website.

Acceptance Criteria:
- The homepage must feature a clear and concise definition of a CSM, with a readability score of at least 8th grade to ensure accessibility.
- There should be at least 3 compelling reasons listed for why someone would want to become a CSM, with each reason supported by measurable benefits (e.g., potential salary range, job growth percentage).
- The information should be prominently displayed above the fold, ensuring that at least 80% of visitors can see it without scrolling.

Test Outline:
- Conduct user testing to assess whether visitors can easily find and understand the definition of a CSM within 5 seconds of landing on the homepage.
- Analyze website analytics to determine the percentage of visitors who click through to additional content about the CSM role after viewing the homepage.
- Gather feedback through a survey to evaluate visitor comprehension and interest in the CSM role based on the information presented.","it (ISO 29148)
this (ISO 29148)
that (ISO 29148)
can (NASA ARM)",4,4,0.0,4,4,0.0,5,5,0.0,4,5,1.0,4,5,1.0,2,5,3.0,4,5,1.0,—
US072,"As a site visitor, I want to be able to get back to the home page quickly and easily, so that I don't get lost navigating.","User Story:
As a site visitor, I want to quickly and easily return to the home page so that I can navigate the site efficiently without feeling lost.

Acceptance Criteria:
- A prominent home page button must be accessible from every page, with a visibility rate of ≥95% across all devices.
- The time taken to return to the home page should not exceed 1 second after clicking the home button.
- User feedback should indicate that at least 85% of visitors find the navigation intuitive and straightforward in a post-visit survey.

Test Outline:
- Conduct usability tests to ensure the home page button is visible and accessible on all pages and devices.
- Measure the time taken to navigate back to the home page after clicking the button to confirm it meets the 1-second requirement.
- Administer a survey to site visitors after their experience to assess their perception of navigation ease and clarity.","intuitive (ISO 29148)
it (ISO 29148)
that (ISO 29148)
all (ISO 29148)
every (ISO 29148)
can (NASA ARM)",4,4,0.0,4,4,0.0,5,5,0.0,4,5,1.0,5,5,0.0,3,5,2.0,4,5,1.0,—
US073,"As a site visitor, I want to see a list of the most popular items on the site, so that I am most likely to read the most important or best content.","User Story:
As a site visitor, I want to view a curated list of the top 10 most popular items on the site so that I can easily access the most relevant and highly-rated content.

Acceptance Criteria:
- The list must be updated in real-time to reflect the most popular items based on user engagement metrics, such as views and shares, at least every hour.
- Each item in the list should include a brief description and an engagement score, allowing users to gauge its popularity at a glance.
- The click-through rate for items on this list should be ≥15% within the first month of implementation.

Test Outline:
- Monitor the frequency of updates to the popular items list to ensure it refreshes at least once every hour.
- Review the content of the list to confirm that it includes descriptions and engagement scores for each item.
- Analyze the click-through rates for the items on the list over the first month to verify that it meets or exceeds the 15% target.","most (ISO 29148)
it (ISO 29148)
this (ISO 29148)
that (ISO 29148)
every (ISO 29148)
can (NASA ARM)",4,4,0.0,4,4,0.0,5,5,0.0,4,5,1.0,4,5,1.0,3,5,2.0,4,5,1.0,—
US074,"As a trainer, I want to be assured that no one can submit the same answers multiple time and skew my results, so that my ratings are accurate.","User Story:
As a trainer, I want to ensure that each participant can submit their answers only once so that the integrity of my ratings remains intact and accurately reflects individual feedback.

Acceptance Criteria:
- The system must prevent duplicate submissions from the same user, achieving a 100% success rate in blocking repeat entries.
- A notification should be sent to users attempting to submit multiple responses, with a response time of ≤1 second.
- The data integrity report should confirm that no more than 1% of submissions are duplicates over a given evaluation period.

Test Outline:
- Test the submission process to verify that users cannot submit the same answers more than once and track the success rate of this feature.
- Measure the time taken to send notifications to users attempting duplicate submissions to ensure it meets the 1-second requirement.
- Analyze the data integrity report after the evaluation period to confirm that duplicate submissions do not exceed the 1% threshold.","it (ISO 29148)
this (ISO 29148)
that (ISO 29148)
can (NASA ARM)
more (NASA ARM)",4,4,0.0,4,4,0.0,5,5,0.0,4,5,1.0,4,5,1.0,3,5,2.0,4,5,1.0,—
US075,"As a trainer, I want to be notified about the results of surveys about my classes, so that I can read them.","User Story:
As a trainer, I want to receive timely notifications regarding the results of surveys conducted about my classes so that I can review feedback and make necessary improvements to enhance the learning experience.

Acceptance Criteria:
- Notifications must be sent within 24 hours of survey completion to ensure prompt access to feedback.
- At least 85% of survey results should be summarized in a clear and actionable format for easy understanding.
- Trainers should have the option to access detailed survey results through a dedicated dashboard within 48 hours of notification.

Test Outline:
- Monitor the time taken from survey completion to notification delivery to ensure it meets the 24-hour requirement.
- Review a sample of survey summaries to confirm that they meet the clarity and actionability criteria.
- Test the functionality of the dashboard to ensure that detailed survey results are accessible within the specified timeframe.","easy (ISO 29148)
it (ISO 29148)
that (ISO 29148)
timely (NASA ARM)
can (NASA ARM)",4,4,0.0,3,4,1.0,4,5,1.0,3,5,2.0,4,5,1.0,2,5,3.0,3,5,2.0,—
US076,"As a site admin, I want to see the results for each trainer and averages for the class, so that I can identify any outliers or possible problems.","User Story:
As a site admin, I want to access detailed performance results for each trainer along with average metrics for the class, so that I can effectively identify outliers and address potential issues proactively.

Acceptance Criteria:
- The system must display individual trainer results and class averages within 5 seconds of the request.
- At least 95% of the data presented should be accurate and up-to-date, reflecting the latest performance metrics.
- The interface should allow for filtering and sorting of results, enabling admins to easily pinpoint trainers with performance outside the expected range.

Test Outline:
- Measure the time taken to retrieve and display trainer results and class averages to ensure it does not exceed 5 seconds.
- Conduct data validation checks to confirm that 95% of the displayed metrics are accurate and current.
- Test the filtering and sorting functionalities to ensure they work correctly and help identify outliers effectively.","it (ISO 29148)
that (ISO 29148)
can (NASA ARM)",4,4,0.0,4,4,0.0,5,5,0.0,4,5,1.0,4,5,1.0,3,5,2.0,4,5,1.0,—
US077,"As a site visitor, I want to see a trainer's rating, so that I choose a course from an appropriate trainer.","User Story:
As a site visitor, I want to view the ratings of trainers so that I can select a course from a highly-rated trainer, ensuring a quality learning experience.

Acceptance Criteria:
- Trainer ratings must be displayed prominently on the course selection page, with an average rating calculated from at least 10 user reviews.
- The rating system should allow users to submit their feedback, with a minimum of 80% of submitted ratings being processed and displayed within 24 hours.
- Users should be able to filter courses based on trainer ratings, with at least 75% of users finding the filtering feature intuitive in a follow-up survey.

Test Outline:
- Verify that trainer ratings are visible on the course selection page and calculate the average rating based on user reviews.
- Test the feedback submission process to ensure that at least 80% of ratings are processed and displayed within the specified timeframe.
- Conduct a user survey to assess the intuitiveness of the filtering feature and analyze the results for the 75% satisfaction threshold.","intuitive (ISO 29148)
that (ISO 29148)
be able to (NASA ARM)
can (NASA ARM)",4,5,1.0,4,4,0.0,5,5,0.0,4,5,1.0,4,5,1.0,3,5,2.0,4,5,1.0,—
US078,"As a trainer, I want to show my rating up on my profile page, so that site visitors can choose wisely.","User Story:
As a trainer, I want my rating to be prominently displayed on my profile page so that potential clients can make informed decisions based on my qualifications and feedback.

Acceptance Criteria:
- The trainer's rating must be visible on the profile page within 1 second of loading to enhance user experience.
- The rating should be updated in real-time, reflecting any new reviews or changes within 5 minutes of submission.
- At least 85% of site visitors should report that the rating influenced their decision-making process in a follow-up survey.

Test Outline:
- Measure the loading time of the profile page to ensure the rating appears within 1 second.
- Simulate the submission of new reviews and verify that the rating updates within the 5-minute timeframe.
- Conduct a survey with site visitors to assess the impact of the displayed rating on their decision-making.","that (ISO 29148)
can (NASA ARM)",4,4,0.0,4,4,0.0,5,5,0.0,4,5,1.0,4,5,1.0,3,5,2.0,4,5,1.0,—
US079,"As a site visitor, I want to view a section of the website that teaches me the basics of what Scrum is, so that I can learn that quickly.","User Story:
As a site visitor, I want to access a dedicated section of the website that provides a comprehensive overview of Scrum fundamentals so that I can quickly grasp the key concepts and principles.

Acceptance Criteria:
- The section must load within 3 seconds for 95% of visitors to ensure quick access to information.
- At least 80% of users should report that the content effectively covers the basics of Scrum in a clear and understandable manner, as measured by a post-visit survey.
- The section should include interactive elements (e.g., quizzes or infographics) that engage users, with at least 70% of visitors interacting with these features.

Test Outline:
- Measure the loading time of the Scrum overview section to confirm it meets the 3-second requirement.
- Conduct a user satisfaction survey after visitors engage with the content to assess clarity and effectiveness.
- Track user interactions with the interactive elements to ensure that at least 70% of visitors participate.","it (ISO 29148)
that (ISO 29148)
these (ISO 29148)
can (NASA ARM)",4,4,0.0,4,4,0.0,5,5,0.0,4,5,1.0,4,5,1.0,3,5,2.0,4,5,1.0,—
US080,"As a site editor, I want to create the content of the What Is Scrum section, so that it's there for visitors.","User Story:
As a site editor, I want to develop comprehensive content for the ""What Is Scrum"" section so that visitors can gain a clear understanding of Scrum methodology and its benefits.

Acceptance Criteria:
- The content must be at least 800 words, providing detailed explanations of Scrum principles, roles, and processes.
- The section should include at least 3 relevant examples or case studies to illustrate the practical application of Scrum.
- The content must be reviewed and approved by at least 2 subject matter experts before publication to ensure accuracy and quality.

Test Outline:
- Review the final content to confirm it meets the 800-word requirement and covers all necessary topics.
- Verify that the examples or case studies included are relevant and effectively demonstrate Scrum in action.
- Obtain feedback from the subject matter experts and ensure their approval is documented prior to the content going live.","it (ISO 29148)
that (ISO 29148)
all (ISO 29148)
can (NASA ARM)",3,4,1.0,2,4,2.0,4,5,1.0,2,5,3.0,3,5,2.0,2,5,3.0,3,5,2.0,—
US081,"As a site visitor, I want to view lists on the site of all Certified Scrum Masters, Practitioners, Trainers, and Certified Scrum Product Owners.","User Story:
As a site visitor, I want to access comprehensive lists of all Certified Scrum Masters, Practitioners, Trainers, and Certified Scrum Product Owners so that I can easily find qualified professionals for my project needs.

Acceptance Criteria:
- The site must display a complete list of all relevant certifications with a loading time of ≤3 seconds for the page.
- The lists should be filterable by certification type, allowing users to narrow down results with at least 90% accuracy in matching their criteria.
- The total number of listed professionals should be updated in real-time, reflecting any changes within a maximum delay of 5 minutes.

Test Outline:
- Measure the loading time of the page containing the lists to ensure it does not exceed 3 seconds.
- Test the filtering functionality with various criteria to confirm that the results match user expectations with ≥90% accuracy.
- Monitor the update frequency of the total number of professionals listed to verify that changes are reflected within the 5-minute window.","it (ISO 29148)
that (ISO 29148)
all (ISO 29148)
can (NASA ARM)",4,4,0.0,4,4,0.0,4,5,1.0,4,5,1.0,4,5,1.0,3,5,2.0,4,5,1.0,—
US082,"As a CSM, I want to have my name listed in the registry without becoming a member of the site, so that employers or others can verify my certification.","User Story:
As a CSM, I want my name to be included in the certification registry without requiring full membership on the site, so that potential employers and stakeholders can easily verify my credentials.

Acceptance Criteria:
- The registry must display my name and certification status within 24 hours of submission.
- At least 95% of users should be able to find my listing using the search function without encountering errors.
- The system should ensure that my information remains accessible for verification for a minimum of 12 months after initial registration.

Test Outline:
- Track the time taken from submission to the appearance of my name in the registry to ensure it meets the 24-hour requirement.
- Conduct user testing to confirm that 95% of search queries successfully locate my listing.
- Review the registry's data retention policies to verify that my information is maintained for at least 12 months.","it (ISO 29148)
that (ISO 29148)
be able to (NASA ARM)
can (NASA ARM)",4,4,0.0,3,4,1.0,4,5,1.0,3,5,2.0,4,5,1.0,2,5,3.0,3,5,2.0,—
US083,"As a trainer, I want to load an Excel file into the site, so that the course participants are added to the Scrum Alliance records.","User Story:
As a trainer, I want to upload an Excel file to the site so that I can efficiently add course participants to the Scrum Alliance records and maintain accurate attendance records.

Acceptance Criteria:
- The system must successfully process and import Excel files with a success rate of ≥95% for valid entries.
- The upload process should complete within 5 seconds for files containing up to 100 participants.
- Users should receive a confirmation notification within 3 seconds after the successful import of the participant data.

Test Outline:
- Test the upload functionality with various Excel files to ensure that at least 95% of valid entries are correctly imported into the system.
- Measure the time taken to upload and process files with up to 100 participants to confirm it does not exceed 5 seconds.
- Verify that users receive a confirmation notification promptly after the import process is completed.","it (ISO 29148)
that (ISO 29148)
can (NASA ARM)",4,4,0.0,2,4,2.0,3,5,2.0,3,5,2.0,4,5,1.0,2,5,3.0,3,5,2.0,—
US084,"As a site admin, I want to view all classes in a pending state, so that I can approve any that need to be approved.","User Story:
As a site admin, I want to access a comprehensive list of all classes currently in a pending state so that I can efficiently review and approve those that require my attention.

Acceptance Criteria:
- The system must display all pending classes within 2 seconds of the request to ensure timely access.
- At least 95% of pending classes should be accurately listed, with relevant details such as class name, instructor, and submission date.
- The admin should be able to approve or reject classes with a success rate of ≥98% for the approval process.

Test Outline:
- Measure the time taken to retrieve and display the list of pending classes to confirm it does not exceed 2 seconds.
- Verify the accuracy of the displayed information by cross-referencing with the database of submitted classes.
- Test the approval functionality by simulating admin actions and tracking the success rate of approvals and rejections.","it (ISO 29148)
that (ISO 29148)
those (ISO 29148)
all (ISO 29148)
be able to (NASA ARM)
timely (NASA ARM)
can (NASA ARM)",4,4,0.0,4,4,0.0,5,5,0.0,4,5,1.0,4,5,1.0,3,5,2.0,4,5,1.0,—
US085,"As a site admin, I want to move people in a trainer's class from a pending state to the registry once I have received proof of payment from the trainer.","User Story:
As a site admin, I want to transition users from a pending status to the official registry after verifying their payment proof from the trainer, so that I can maintain accurate records and ensure only confirmed participants are enrolled.

Acceptance Criteria:
- The system must allow for the transition of users from pending to registered status within 1 minute of receiving valid payment proof.
- At least 95% of payment verifications should be processed without errors, ensuring a smooth transition.
- An automated notification should be sent to users confirming their registration status within 2 minutes of the update.

Test Outline:
- Track the time taken to move users from pending to registered status after payment proof is received to ensure it meets the 1-minute requirement.
- Monitor the error rate during the payment verification process to confirm it does not exceed 5%.
- Verify that users receive registration confirmation notifications within the specified 2-minute timeframe.","it (ISO 29148)
that (ISO 29148)
can (NASA ARM)",4,4,0.0,4,4,0.0,4,5,1.0,4,5,1.0,4,5,1.0,3,5,2.0,4,5,1.0,—
US086,"As a CSM, I want to be sent an email welcoming me to the Scrum Alliance and with instructions to register or activate my membership once my name has been loaded to the registry.","User Story:
As a CSM, I want to receive a welcome email from the Scrum Alliance with clear instructions for activating my membership once my name is added to the registry, so that I can promptly engage with the community and access resources.

Acceptance Criteria:
- The welcome email must be sent within 24 hours of my name being added to the registry.
- The email should include at least 3 actionable steps for registration or activation, ensuring clarity and ease of use.
- The open rate of the welcome email should be tracked, aiming for a minimum of 70% within the first week of sending.

Test Outline:
- Monitor the system to confirm that the welcome email is dispatched within the 24-hour timeframe after registry updates.
- Review the content of the email to ensure it contains the required actionable steps for membership activation.
- Analyze email engagement metrics to verify that the open rate meets or exceeds the 70% target.","it (ISO 29148)
that (ISO 29148)
can (NASA ARM)",4,4,0.0,4,4,0.0,4,5,1.0,4,5,1.0,4,5,1.0,3,5,2.0,4,5,1.0,—
US087,"As a site editor, I want to edit the content of the email automatically sent to new Certified Scrum Masters and Product Owners, so that I don't need to involve a programmer on simple email edits.","User Story:
As a site editor, I want to have the ability to modify the content of the automated emails sent to newly certified Scrum Masters and Product Owners so that I can make updates independently without requiring a programmer for straightforward changes.

Acceptance Criteria:
- The email editing interface must allow site editors to make changes within 5 minutes for at least 90% of common edits.
- The system should provide a preview of the email content before sending, ensuring that 100% of edits can be reviewed for accuracy.
- The email content must be updated and sent without errors in 95% of cases after an edit is made.

Test Outline:
- Track the time taken for site editors to complete common email edits and ensure it does not exceed 5 minutes.
- Verify that the preview feature accurately reflects the edited content before the email is sent.
- Monitor the success rate of sent emails post-editing to confirm that it meets the 95% error-free threshold.","it (ISO 29148)
that (ISO 29148)
can (NASA ARM)",4,4,0.0,4,4,0.0,5,5,0.0,4,5,1.0,4,5,1.0,3,5,2.0,4,5,1.0,—
US088,"As a company, I want to join the Scrum Alliance by paying a corporate membership fee, so that I can show the company's support of Scrum.","User Story:
As a company, I want to enroll our company in the Scrum Alliance by paying the corporate membership fee so that we can officially demonstrate our commitment to Scrum practices and enhance our organizational agility.

Acceptance Criteria:
- The membership application must be processed within 5 business days of payment to ensure timely recognition.
- The company should receive confirmation of membership status and benefits within 24 hours of application approval.
- At least 80% of employees should report increased understanding of Scrum principles within 3 months of joining the Scrum Alliance.

Test Outline:
- Track the time taken from payment submission to membership approval to ensure it meets the 5-day requirement.
- Verify that confirmation emails are sent within 24 hours of membership approval.
- Conduct a survey among employees 3 months post-membership to assess their understanding of Scrum principles and calculate the percentage reporting increased knowledge.","it (ISO 29148)
that (ISO 29148)
timely (NASA ARM)
can (NASA ARM)",4,4,0.0,4,4,0.0,5,5,0.0,4,5,1.0,4,5,1.0,3,5,2.0,4,5,1.0,—
US089,"As a corporatesponsor, I want to display my logo on a corporate sponsors page, so that others see the company's support of Scrum.","User Story:
As a corporatesponsor, I want to prominently display my company logo on the corporate sponsors page so that I can enhance brand visibility and demonstrate our commitment to supporting Scrum initiatives.

Acceptance Criteria:
- The logo must be displayed in a resolution of at least 300 DPI to ensure high-quality visibility.
- The corporate sponsors page should load within 2 seconds to provide a seamless user experience for visitors.
- The page should feature logos of all sponsors, with at least 95% of them correctly linked to their respective company websites.

Test Outline:
- Verify the resolution of the displayed logos to ensure they meet the 300 DPI requirement.
- Measure the loading time of the corporate sponsors page to confirm it does not exceed 2 seconds.
- Check the functionality of the logo links to ensure they direct users to the correct company websites.","it (ISO 29148)
that (ISO 29148)
all (ISO 29148)
can (NASA ARM)",4,4,0.0,3,4,1.0,5,5,0.0,4,5,1.0,4,5,1.0,3,5,2.0,4,5,1.0,—
US090,"As a corporatesponsor, I want to make my logo randomly appear on the home page, so that others see the company's support of Scrum.","User Story:
As a corporatesponsor, I want my logo to be displayed randomly on the home page so that I can enhance brand visibility and demonstrate my company's commitment to supporting Scrum initiatives.

Acceptance Criteria:
- The logo should appear on the home page at least 10 times per hour, ensuring consistent visibility throughout the day.
- The display of logos must rotate randomly, with each logo appearing with equal probability, achieving a distribution accuracy of ≥95%.
- User engagement metrics should show a minimum increase of 15% in clicks on the logo over a three-month period after implementation.

Test Outline:
- Monitor the frequency of logo appearances on the home page to confirm it meets the 10 times per hour requirement.
- Analyze the randomization algorithm to ensure that each logo has an equal chance of being displayed, validating the ≥95% distribution accuracy.
- Track user interactions with the logo and compare click-through rates before and after the implementation to assess the 15% increase in engagement.","it (ISO 29148)
that (ISO 29148)
can (NASA ARM)",3,4,1.0,2,4,2.0,4,5,1.0,2,5,3.0,3,5,2.0,2,5,3.0,3,5,2.0,—
US091,"As a CSM, I want to be charged a fee once I am approved for Practitioner status, so that my certification status can be activated.","User Story:
As a CSM, I want to be billed a fee immediately upon receiving approval for Practitioner status so that I can activate my certification and access the associated benefits without delay.

Acceptance Criteria:
- The billing process must initiate within 1 hour of approval for Practitioner status.
- At least 95% of approved CSMs should successfully complete the payment process on their first attempt.
- Users should receive a confirmation of their certification activation within 30 minutes of payment completion.

Test Outline:
- Monitor the time taken from approval to billing initiation to ensure it does not exceed 1 hour.
- Track the success rate of payment transactions for approved CSMs to confirm it meets the 95% threshold.
- Verify that confirmation messages regarding certification activation are sent within the specified 30-minute timeframe.","it (ISO 29148)
that (ISO 29148)
can (NASA ARM)",4,4,0.0,4,4,0.0,5,5,0.0,4,5,1.0,4,5,1.0,3,5,2.0,4,5,1.0,—
US092,"As a CST, I want to pay an annual fee, so that my CST status is active.","User Story:
As a CST, I want to pay my annual fee promptly so that I can maintain my active CST status and continue to access exclusive resources and opportunities.

Acceptance Criteria:
- The payment process must be completed within 5 minutes for at least 95% of users.
- Users should receive a confirmation of their payment status within 1 minute of submission.
- The system should ensure that at least 99% of payments are processed successfully without errors.

Test Outline:
- Track the time taken for users to complete the payment process and verify that it does not exceed 5 minutes.
- Monitor the time taken to send confirmation messages after payment submission to ensure it meets the 1-minute requirement.
- Review payment processing logs to confirm that the success rate of transactions is at least 99%.","it (ISO 29148)
that (ISO 29148)
can (NASA ARM)",4,4,0.0,2,4,2.0,4,5,1.0,3,5,2.0,4,5,1.0,2,5,3.0,3,5,2.0,—
US093,"As a site administrator, I want to set the annual fees for members, Practitioners and Trainers, so that fees can be set without involving a programmer.","User Story:
As a site administrator, I want to independently configure the annual fees for members, practitioners, and trainers so that I can manage pricing efficiently without needing to rely on a programmer.

Acceptance Criteria:
- The fee-setting interface must allow administrators to update fees within 5 minutes, ensuring timely adjustments.
- Changes to the fees should be reflected in the system and visible to users within 1 minute of being saved.
- The system should provide a confirmation notification for at least 95% of fee updates to ensure clarity and accountability.

Test Outline:
- Measure the time taken for an administrator to update and save the annual fees to ensure it does not exceed 5 minutes.
- Verify that the updated fees are displayed to users within 1 minute after the changes are made.
- Conduct tests to confirm that confirmation notifications are sent for the majority of fee updates.","it (ISO 29148)
that (ISO 29148)
timely (NASA ARM)
can (NASA ARM)",4,4,0.0,4,4,0.0,5,5,0.0,4,5,1.0,4,5,1.0,3,5,2.0,4,5,1.0,—
US094,"As a member, I want to receive a reminder and a link, so that I can renew my membership.","User Story:
As a member, I want to receive timely reminders along with a direct renewal link so that I can easily renew my membership before it expires and avoid any service interruptions.

Acceptance Criteria:
- Members should receive a renewal reminder at least 7 days prior to the membership expiration date.
- The reminder email must include a clickable link that directs members to the renewal page, with a success rate of ≥95% for link functionality.
- At least 80% of members should complete the renewal process within 48 hours of receiving the reminder.

Test Outline:
- Track the timing of reminder emails sent to ensure they are dispatched 7 days before expiration.
- Test the functionality of the renewal link in the email to confirm it directs users to the correct page.
- Analyze renewal completion rates within 48 hours post-reminder to verify that at least 80% of members renew their membership.","it (ISO 29148)
that (ISO 29148)
timely (NASA ARM)
can (NASA ARM)",4,4,0.0,4,4,0.0,5,5,0.0,4,5,1.0,4,5,1.0,3,5,2.0,4,5,1.0,—
US095,"As a member, I want to have the system email me a new password or a password reminder since i have short-term memory problems.","User Story:
As a member, I want the system to email me a new password or a password reminder so that I can regain access to my account without unnecessary stress.

Acceptance Criteria:
- Users must receive a password reset email within 5 minutes of requesting it, ensuring timely access.
- The email should include clear instructions and a secure link that expires within 15 minutes to enhance security.
- At least 95% of users should successfully reset their password on the first attempt, as measured over a one-month period.

Test Outline:
- Track the time taken from the password reset request to the email delivery to ensure it meets the 5-minute requirement.
- Verify that the email contains the correct instructions and that the secure link functions properly within the specified time frame.
- Monitor the success rate of password resets to confirm that it meets or exceeds the 95% threshold.","secure (ISO 29148)
it (ISO 29148)
that (ISO 29148)
timely (NASA ARM)
can (NASA ARM)",5,5,0.0,4,4,0.0,4,5,1.0,4,5,1.0,5,5,0.0,4,5,1.0,4,5,1.0,—
US096,"As a trainer, I want to read information of relevance only to trainers, so that the Scrum Alliance can share information with me easily.","User Story:
As a trainer, I want to access information specifically tailored for trainers so that the Scrum Alliance can efficiently share relevant updates and resources with me.

Acceptance Criteria:
- The system must filter and display trainer-specific content with an accuracy rate of ≥95% based on user roles.
- Users should be able to access this information within 3 seconds of logging in to ensure timely updates.
- At least 90% of trainers should report satisfaction with the relevance of the information provided in a follow-up survey.

Test Outline:
- Review the content filtering mechanism to ensure it accurately identifies and displays information relevant to trainers.
- Measure the time taken to load trainer-specific content after login to confirm it meets the 3-second requirement.
- Conduct a survey among trainers post-implementation to assess their satisfaction with the relevance of the information shared.","it (ISO 29148)
this (ISO 29148)
that (ISO 29148)
be able to (NASA ARM)
timely (NASA ARM)
can (NASA ARM)",4,4,0.0,3,4,1.0,4,5,1.0,3,5,2.0,4,5,1.0,2,5,3.0,3,5,2.0,—
US097,"As a site editor, I want to post information in a trainers-only section, so that only trainers see it.","User Story:
As a site editor, I want to publish content in a dedicated trainers-only section so that only authorized trainers can access this information, ensuring confidentiality and relevance.

Acceptance Criteria:
- The trainers-only section must restrict access to 100% of users who are not designated as trainers.
- Content posted in this section should be visible to trainers within 5 seconds of publication.
- The system should log all access attempts to the trainers-only section, with a report generated weekly to monitor unauthorized access attempts.

Test Outline:
- Verify that only users with trainer roles can access the trainers-only section by testing various user accounts.
- Measure the time taken for newly posted content to appear in the trainers-only section after publication.
- Review the access logs weekly to ensure that unauthorized access attempts are being tracked and reported accurately.","this (ISO 29148)
that (ISO 29148)
all (ISO 29148)
can (NASA ARM)",4,4,0.0,3,4,1.0,4,5,1.0,3,5,2.0,4,5,1.0,2,5,3.0,3,5,2.0,—
