ID,Original User Story,Rewritten User Story,Fuzzy Terms (with source),I_before,I_after,delta_I,N_before,N_after,delta_N,V_before,V_after,delta_V,E_before,E_after,delta_E,S_before,S_after,delta_S,T_before,T_after,delta_T,overall_before,overall_after,delta_overall,Low-score Explanation (<2)
A1US1Ll,"As a researcher, I want to explore the possibilities of Artificial Intelligence (AI) in enabling the smart industrial revolution, so that I can contribute to the development of innovative solutions for industry 4.0.","User Story:
As a researcher, I want to investigate the applications of Artificial Intelligence (AI) in facilitating the smart industrial revolution, so that I can actively contribute to the creation of cutting-edge solutions for Industry 4.0.

Acceptance Criteria:
- Identify at least 5 specific AI technologies that can be applied to enhance industrial processes.
- Develop a framework outlining 3 innovative solutions that leverage AI for Industry 4.0 applications.
- Present findings in a report that includes measurable impacts, such as potential efficiency improvements of ≥20% in production processes.

Test Outline:
- Review literature and case studies to compile a list of AI technologies relevant to industrial applications.
- Create and validate the proposed framework with industry experts to ensure its feasibility and relevance.
- Assess the report for clarity and comprehensiveness, ensuring it includes quantifiable benefits of the proposed solutions.","it (ISO 29148)
that (ISO 29148)
can (NASA ARM)",3,5,2.0,1,4,3.0,3,5,2.0,2,5,3.0,2,5,3.0,1,5,4.0,2,5,3.0,—
A1US2Ll,"As an engineer, I want to design and develop Internet of Things (IoT) infrastructure that can collect and process data from various sources, including storage, actuation, sensing, advanced services, and communication technologies, so that I can enable the transformation towards fully smart Autonomous Vehicles (AVs).","User Story:
As an engineer, I want to architect and implement a robust Internet of Things (IoT) infrastructure capable of aggregating and processing data from diverse sources, such as storage systems, actuators, sensors, advanced service platforms, and communication technologies, so that I can facilitate the transition to fully autonomous smart vehicles (AVs) with enhanced operational efficiency and safety.

Acceptance Criteria:
- Develop a scalable IoT architecture that can handle data input from at least 10 different sensor types and communication protocols.
- Ensure data processing latency is reduced to less than 100 milliseconds for real-time decision-making.
- Achieve a minimum data accuracy rate of 95% for all collected and processed information to support AV functionalities.

Test Outline:
- Validate the IoT infrastructure by testing its ability to integrate and process data from the specified number of sensor types and protocols.
- Measure the data processing latency during peak loads to confirm it meets the target threshold.
- Conduct accuracy assessments on the processed data to ensure it meets or exceeds the required accuracy rate.","robust (ISO 29148)
it (ISO 29148)
that (ISO 29148)
all (ISO 29148)
can (NASA ARM)
less (NASA ARM)",2,4,2.0,1,4,3.0,3,4,1.0,2,5,3.0,2,5,3.0,1,5,4.0,2,4,2.0,—
A1US3Ll,"As a safety expert, I want to utilize AI and IoT to reduce the risk of accidents and improve vehicle safety, so that I can minimize the likelihood of human error and ensure a safer driving experience.","User Story:
As a safety expert, I want to implement AI and IoT technologies to enhance vehicle safety measures so that I can significantly decrease the risk of accidents caused by human error, ultimately providing a safer driving experience for all users.

Acceptance Criteria:
- Achieve a reduction in accident rates by at least 30% within the first year of implementation.
- Integrate AI-driven analytics to identify and mitigate at least 5 common human error scenarios in driving.
- Ensure that IoT devices provide real-time safety alerts to drivers with a response time of less than 2 seconds.

Test Outline:
- Analyze accident data before and after the implementation to confirm a 30% reduction in incidents.
- Review AI analytics reports to verify the identification and mitigation of the targeted human error scenarios.
- Test the response time of IoT safety alerts to ensure they meet the 2-second requirement.","that (ISO 29148)
all (ISO 29148)
can (NASA ARM)
less (NASA ARM)",2,4,2.0,2,4,2.0,3,5,2.0,2,5,3.0,2,5,3.0,1,5,4.0,2,5,3.0,—
A1US4Ll,"As a driver, I want to benefit from the increased safety and reduced accidents that Autonomous Vehicles (AVs) can provide, so that I can feel more confident and secure on the road.","User Story:
As a driver, I want to leverage the enhanced safety features and lower accident rates offered by Autonomous Vehicles (AVs) so that I can experience greater confidence and security while driving.

Acceptance Criteria:
- Demonstrate a reduction in accident rates by at least 30% when using AV technology compared to traditional vehicles.
- Provide data showing that 90% of users report feeling more secure while driving in AVs.
- Ensure that safety features, such as collision avoidance and emergency braking, are operational in 100% of AVs deployed.

Test Outline:
- Analyze accident statistics before and after the implementation of AVs to confirm the targeted reduction.
- Conduct user surveys to measure the percentage of drivers who feel more secure in AVs.
- Test the functionality of safety features in various driving scenarios to ensure they are fully operational.","secure (ISO 29148)
that (ISO 29148)
can (NASA ARM)
more (NASA ARM)
greater (NASA ARM)",3,4,1.0,3,4,1.0,4,5,1.0,2,5,3.0,2,5,3.0,1,5,4.0,2,5,3.0,—
A1US5Ll,"As a business owner, I want to explore the new market opportunities and revenue streams that Autonomous Vehicles (AVs) can offer, so that I can expand my business and stay competitive in the industry.","User Story:
As a business owner, I want to identify and evaluate emerging market opportunities and potential revenue streams associated with Autonomous Vehicles (AVs) so that I can strategically expand my business and maintain a competitive edge in the industry.

Acceptance Criteria:
- Conduct a comprehensive market analysis to identify at least 3 new revenue opportunities related to AVs within the next quarter.
- Develop a business case for each identified opportunity, including projected revenue growth of at least 15% over the next year.
- Present findings and recommendations to stakeholders within 6 weeks to facilitate informed decision-making.

Test Outline:
- Review the market analysis report to ensure it includes at least 3 viable revenue opportunities.
- Validate the business cases for each opportunity by checking the projected revenue growth calculations.
- Schedule and conduct a presentation with stakeholders to confirm that the findings are communicated effectively.","it (ISO 29148)
that (ISO 29148)
can (NASA ARM)",2,4,2.0,1,4,3.0,3,5,2.0,2,5,3.0,3,5,2.0,1,5,4.0,2,5,3.0,—
A1US6Ll,"As a fleet manager, I want to reduce fuel consumption and emissions by using Autonomous Vehicles (AVs), so that I can minimize my organization's environmental footprint and save on fuel costs.","User Story:
As a fleet manager, I want to implement Autonomous Vehicles (AVs) to decrease fuel consumption and emissions, so that I can significantly lower my organization's environmental impact and achieve substantial savings on fuel expenses.

Acceptance Criteria:
- Achieve a minimum reduction of 20% in fuel consumption within the first year of AV deployment.
- Decrease greenhouse gas emissions by at least 25% compared to the previous year’s metrics.
- Realize a cost savings of at least $10,000 annually in fuel expenses due to the use of AVs.

Test Outline:
- Monitor fuel consumption data before and after AV implementation to confirm a 20% reduction.
- Calculate and compare emissions data from the previous year to validate a 25% decrease.
- Analyze fuel cost reports to ensure that annual savings meet or exceed the $10,000 target.","that (ISO 29148)
can (NASA ARM)",3,4,1.0,2,4,2.0,4,5,1.0,2,5,3.0,2,5,3.0,1,5,4.0,2,5,3.0,—
A1US7Ll,"As a passenger, I want to enjoy the increased comfort and convenience of Autonomous Vehicles (AVs), including the release of driver time and business opportunities, so that I can be more productive and relaxed during my journey.","User Story:
As a passenger, I want to experience enhanced comfort and convenience while using Autonomous Vehicles (AVs), which will free up driver time and create new business opportunities, so that I can maximize my productivity and relaxation throughout my journey.

Acceptance Criteria:
- The AV must provide a comfortable seating arrangement that meets or exceeds a satisfaction rating of 85% from passengers.
- Passengers should have access to at least 3 productivity tools (e.g., Wi-Fi, charging ports, and entertainment options) during their ride.
- The AV should demonstrate a reduction in travel stress levels, with at least 70% of passengers reporting a more relaxed experience compared to traditional vehicles.

Test Outline:
- Conduct passenger surveys to assess comfort levels and satisfaction ratings after using the AV.
- Monitor the availability and functionality of productivity tools during rides to ensure they meet the specified criteria.
- Analyze passenger feedback to evaluate changes in stress levels and overall journey experience compared to conventional transportation methods.","that (ISO 29148)
can (NASA ARM)
more (NASA ARM)",3,4,1.0,3,4,1.0,4,5,1.0,3,5,2.0,3,5,2.0,2,5,3.0,3,5,2.0,—
A1US8Ll,"As a developer, I want to design and develop AI-powered Autonomous Vehicles (AVs) that can process large-scale data from sensors and devices, so that I can create a more efficient and reliable transportation system.","User Story:
As a developer, I want to architect and implement AI-driven Autonomous Vehicles (AVs) capable of analyzing extensive data from various sensors and devices, so that I can contribute to a transportation system that is significantly more efficient and reliable, ultimately reducing travel times by at least 20%.

Acceptance Criteria:
- The AV system must process and analyze data from a minimum of 10 different sensor types in real-time.
- Achieve a data processing latency of less than 100 milliseconds to ensure timely decision-making.
- Demonstrate a 30% improvement in route optimization compared to traditional navigation systems.

Test Outline:
- Validate the system's ability to integrate and process data from the specified number of sensors under various conditions.
- Measure the latency of data processing during real-time operations to confirm it meets the target.
- Compare the route efficiency of the AV system against traditional systems to ensure the required improvement is achieved.","efficient (ISO 29148)
reliable (ISO 29148)
it (ISO 29148)
that (ISO 29148)
timely (NASA ARM)
can (NASA ARM)
more (NASA ARM)
less (NASA ARM)",2,4,2.0,1,4,3.0,3,5,2.0,2,5,3.0,2,5,3.0,1,5,4.0,2,5,3.0,—
A1US9Ll,"As a regulator, I want to ensure that Autonomous Vehicles (AVs) meet the highest safety standards and are tested rigorously to minimize risk, so that I can protect the public and ensure a safe and reliable transportation system.","User Story:
As a regulator, I want to establish and enforce stringent safety standards for Autonomous Vehicles (AVs) and mandate comprehensive testing protocols so that I can safeguard public welfare and maintain a trustworthy transportation system.

Acceptance Criteria:
- Develop a set of safety standards that AVs must meet, with at least 95% compliance during testing.
- Require that all AVs undergo rigorous testing scenarios, including at least 100 different driving conditions, to assess performance and safety.
- Implement a monitoring system to track AV incidents, aiming for a reduction in reported safety issues by 50% within the first year of regulation.

Test Outline:
- Review compliance reports to ensure that AVs meet the established safety standards with the required percentage.
- Analyze testing data to confirm that the mandated number of driving conditions has been evaluated for each AV.
- Monitor incident reports over the year to verify a significant decrease in safety-related issues.","that (ISO 29148)
significant (ISO 29148)
all (ISO 29148)
can (NASA ARM)",2,4,2.0,1,4,3.0,3,5,2.0,2,5,3.0,2,5,3.0,1,5,4.0,2,5,3.0,—
A1US10Ll,"As a commuter, I want to benefit from the reduced traffic congestion and parking needs that Autonomous Vehicles (AVs) can provide, so that I can save time and reduce stress during my daily commute.","User Story:
As a commuter, I want to leverage the advantages of Autonomous Vehicles (AVs) to minimize traffic congestion and decrease parking requirements, so that I can save at least 30 minutes on my commute and significantly lower my stress levels.

Acceptance Criteria:
- Achieve a reduction in average traffic congestion by at least 20% during peak hours due to the integration of AVs.
- Ensure that parking needs are reduced by 50% in high-demand areas as a result of AV utilization.
- Provide user feedback indicating a 40% decrease in reported commute-related stress levels after adopting AVs.

Test Outline:
- Analyze traffic data before and after AV implementation to confirm the reduction in congestion.
- Survey parking availability and usage statistics to validate the decrease in parking needs.
- Conduct user surveys to measure changes in stress levels associated with commuting before and after AV adoption.","that (ISO 29148)
can (NASA ARM)",3,4,1.0,3,5,2.0,4,5,1.0,2,5,3.0,2,5,3.0,1,5,4.0,2,5,3.0,—
A2US1Ll,"As a researcher, I want to develop an objective method to track physical-aggressive incidents in children, so that I can identify early warning signs and provide timely interventions.","User Story:
As a researcher, I want to create a standardized and objective framework for monitoring physical aggression incidents among children, so that I can effectively identify early warning signs and implement timely interventions to improve their behavioral outcomes.

Acceptance Criteria:
- Establish a clear definition of physical aggression incidents, including specific behaviors to be tracked.
- Develop a tracking system that records at least 90% of reported incidents accurately over a 6-month period.
- Implement a feedback mechanism that allows for the analysis of intervention effectiveness within 3 months of implementation.

Test Outline:
- Conduct a pilot study to validate the tracking framework and ensure it captures the defined incidents accurately.
- Review incident reports to confirm that the tracking system meets the 90% accuracy threshold.
- Analyze the data collected to assess the impact of interventions on reducing physical aggression incidents within the specified timeframe.","it (ISO 29148)
that (ISO 29148)
timely (NASA ARM)
can (NASA ARM)",3,4,1.0,3,5,2.0,4,5,1.0,2,5,3.0,4,5,1.0,2,5,3.0,3,5,2.0,—
A2US2Ll,"As a parent, I want to know if my child is experiencing aggressive episodes, so that I can provide support and guidance to help them manage their emotions and behaviors.","User Story:
As a parent, I want to receive timely notifications regarding any aggressive episodes my child may be experiencing, so that I can offer appropriate support and guidance to help them effectively manage their emotions and behaviors.

Acceptance Criteria:
- Notifications must be triggered within 5 minutes of an aggressive episode being detected.
- A detailed report of the episode, including time, duration, and context, should be provided to the parent.
- The system should offer at least 3 actionable strategies for managing the child's emotions following an episode.

Test Outline:
- Monitor the system to ensure notifications are sent within the specified time frame after an aggressive episode is identified.
- Review the content of the reports generated to confirm they include all required details.
- Evaluate the effectiveness of the suggested strategies by gathering feedback from parents on their usability and impact.","that (ISO 29148)
appropriate (ISO 29148)
all (ISO 29148)
timely (NASA ARM)
can (NASA ARM)
may (NASA ARM)",3,4,1.0,3,4,1.0,4,5,1.0,2,5,3.0,4,5,1.0,2,5,3.0,3,5,2.0,—
A2US3Ll,"As a clinician, I want to use wearable-sensor-derived physical activity data to identify patterns that distinguish physical-aggressive incidents in children, so that I can develop targeted treatments and interventions.","User Story:
As a clinician, I want to analyze physical activity data derived from wearable sensors to identify specific patterns that differentiate physical aggression incidents in children, so that I can create tailored treatment plans and interventions that effectively address these behaviors.

Acceptance Criteria:
- Collect and analyze at least 1,000 hours of wearable sensor data from children exhibiting physical aggression.
- Identify and document at least 5 distinct behavioral patterns associated with physical aggression incidents.
- Develop and propose 3 targeted intervention strategies based on the identified patterns for clinical testing.

Test Outline:
- Verify the collection of wearable sensor data and ensure it meets the required duration and sample size.
- Analyze the data to confirm the identification of the specified behavioral patterns.
- Review the proposed intervention strategies to ensure they are based on the documented patterns and ready for clinical evaluation.","it (ISO 29148)
that (ISO 29148)
these (ISO 29148)
can (NASA ARM)",3,4,1.0,3,4,1.0,4,5,1.0,3,5,2.0,3,5,2.0,2,5,3.0,3,5,2.0,—
A2US4Ll,"As a data analyst, I want to apply machine learning techniques (e.g., random forest) to analyze physical activity data and identify physical-aggressive incidents with high precision and accuracy, so that I can contribute to the development of an objective detection method.","User Story:
As a data analyst, I want to implement advanced machine learning algorithms, such as random forest, to analyze physical activity data and accurately identify incidents of physical aggression, so that I can support the creation of a reliable and objective detection system.

Acceptance Criteria:
- Achieve a precision rate of at least 90% in identifying physical-aggressive incidents.
- Ensure the accuracy of the model is at least 85% when tested on a validation dataset.
- Complete the analysis and present findings within a 4-week timeframe.

Test Outline:
- Evaluate the model's precision and accuracy using a confusion matrix on the test dataset to confirm it meets the specified thresholds.
- Review the project timeline to ensure the analysis is completed and findings are presented within the designated 4-week period.","reliable (ISO 29148)
it (ISO 29148)
that (ISO 29148)
can (NASA ARM)",3,4,1.0,3,4,1.0,4,5,1.0,3,5,2.0,3,5,2.0,2,5,3.0,3,5,2.0,—
A2US5Ll,"As a researcher, I want to collect demographic, anthropometric, and clinical data from participants to better understand the context and contributing factors of physical-aggressive incidents in children, so that I can develop a more comprehensive understanding of the phenomenon.","User Story:
As a researcher, I want to gather detailed demographic, anthropometric, and clinical data from participants to thoroughly analyze the context and contributing factors of physical aggression incidents in children, so that I can formulate a more nuanced understanding of this behavior and its underlying causes.

Acceptance Criteria:
- Collect demographic data from at least 100 participants, including age, gender, and socioeconomic status.
- Obtain anthropometric measurements (height, weight, BMI) for each participant to assess physical development.
- Compile clinical data, including any history of behavioral issues or psychological assessments, for at least 75% of the participants.

Test Outline:
- Review the collected demographic data to ensure it meets the minimum participant count and includes all required fields.
- Verify the accuracy of anthropometric measurements by cross-referencing with recorded data.
- Analyze the completeness of clinical data to confirm that at least 75% of participants have documented histories.","it (ISO 29148)
this (ISO 29148)
that (ISO 29148)
all (ISO 29148)
can (NASA ARM)
more (NASA ARM)",3,4,1.0,3,4,1.0,4,5,1.0,3,5,2.0,3,5,2.0,2,5,3.0,3,5,2.0,—
A2US6Ll,"As a developer, I want to design a wearable device (e.g., waist-worn activity monitor) that can track physical activity data in children and transmit it to a remote server for analysis, so that I can enable remote monitoring and detection of physical-aggressive incidents.","User Story:
As a developer, I want to create a waist-worn wearable device that accurately tracks physical activity data in children and securely transmits this information to a remote server for analysis, so that I can facilitate effective remote monitoring and timely detection of potentially aggressive physical incidents.

Acceptance Criteria:
- The device must accurately record at least 95% of physical activity data, including steps taken, duration of activity, and intensity levels.
- Data transmission to the remote server should occur in real-time with a latency of no more than 2 seconds.
- The system should generate alerts for physical-aggressive incidents with a detection accuracy of at least 90%.

Test Outline:
- Conduct tests to verify the accuracy of the activity tracking against a standard measurement tool.
- Measure the time taken for data to be transmitted from the device to the server to ensure it meets the latency requirement.
- Simulate physical-aggressive incidents to evaluate the system's alert generation and confirm the accuracy of incident detection.","effective (ISO 29148)
it (ISO 29148)
this (ISO 29148)
that (ISO 29148)
effective (NASA ARM)
timely (NASA ARM)
can (NASA ARM)
more (NASA ARM)",3,4,1.0,3,4,1.0,4,5,1.0,3,5,2.0,3,5,2.0,2,5,3.0,3,5,2.0,—
A2US7Ll,"As a parent, I want to receive alerts and notifications when my child experiences a physical-aggressive incident, so that I can provide immediate support and guidance.","User Story:
As a parent, I want to receive real-time alerts and notifications whenever my child is involved in a physical-aggressive incident, so that I can promptly offer support and guidance to ensure their safety and well-being.

Acceptance Criteria:
- Notifications must be sent within 2 minutes of the incident being reported.
- Alerts should include specific details about the incident, such as time, location, and nature of the aggression.
- The system should allow parents to customize notification preferences, including the option for SMS or app notifications.

Test Outline:
- Simulate a physical-aggressive incident and measure the time taken to send the notification to the parent.
- Review the content of the notification to ensure it includes all required details about the incident.
- Test the customization feature to confirm that parents can successfully set their preferred notification method.","it (ISO 29148)
that (ISO 29148)
all (ISO 29148)
can (NASA ARM)",3,4,1.0,3,4,1.0,4,5,1.0,3,5,2.0,4,5,1.0,2,5,3.0,3,5,2.0,—
A2US8Ll,"As a researcher, I want to investigate the effectiveness of the machine learning model in distinguishing physical aggression epochs from non-aggression epochs, so that I can refine and improve the detection algorithm.","User Story:
As a researcher, I want to analyze the performance of the machine learning model in accurately differentiating between physical aggression epochs and non-aggression epochs, so that I can enhance the detection algorithm's precision and reliability.

Acceptance Criteria:
- Achieve at least 90% accuracy in classifying aggression versus non-aggression epochs during testing.
- Ensure the model's precision and recall for aggression detection are both above 85%.
- Validate the model's performance using a dataset of at least 1,000 labeled epochs to ensure robustness.

Test Outline:
- Conduct a series of tests to measure the model's accuracy, precision, and recall against the labeled dataset.
- Review the classification results to confirm that the model meets or exceeds the specified performance metrics.","that (ISO 29148)
can (NASA ARM)",3,4,1.0,3,4,1.0,4,5,1.0,3,5,2.0,3,5,2.0,2,5,3.0,3,5,2.0,—
A2US9Ll,"As a clinician, I want to use the sensor-derived feature of vector magnitude (faster triaxial acceleration) to identify early warning signs of physical-aggressive incidents in children, so that I can develop targeted interventions and prevention strategies.","User Story:
As a clinician, I want to leverage the sensor-derived vector magnitude feature, which provides faster triaxial acceleration data, to detect early warning signs of physical aggression in children. This will enable me to formulate targeted interventions and effective prevention strategies.

Acceptance Criteria:
- Successfully analyze vector magnitude data to identify at least 80% of physical-aggressive incidents in children.
- Implement a system that alerts clinicians within 2 minutes of detecting potential aggressive behavior.
- Develop and document at least 3 targeted intervention strategies based on the identified patterns of aggression.

Test Outline:
- Validate the accuracy of the vector magnitude analysis by comparing detected incidents against actual reported cases of aggression.
- Monitor the alert system to ensure notifications are sent within the specified time frame upon detection of aggressive behavior.
- Review the documented intervention strategies to confirm they are based on the data analysis and are actionable.","effective (ISO 29148)
this (ISO 29148)
that (ISO 29148)
faster (ISO 29148)
effective (NASA ARM)",3,4,1.0,3,4,1.0,4,4,0.0,3,5,2.0,3,5,2.0,2,5,3.0,3,4,1.0,—
A2US10Ll,"As a system designer, I want to design a scalable and efficient system for remotely detecting and managing aggressive incidents in children, so that I can enable widespread adoption and improve the lives of children and their families.","User Story:
As a system designer, I want to create a robust and scalable system for the remote detection and management of aggressive incidents in children, so that I can facilitate widespread adoption and significantly enhance the well-being of children and their families.

Acceptance Criteria:
- The system must support at least 1,000 concurrent users without performance degradation.
- Incident detection accuracy should be ≥ 90%, ensuring reliable identification of aggressive behaviors.
- The system should provide actionable insights within 5 minutes of incident detection to enable timely interventions.

Test Outline:
- Conduct load testing to verify that the system can handle 1,000 concurrent users while maintaining performance standards.
- Evaluate the accuracy of incident detection through a series of controlled tests to ensure it meets or exceeds the 90% threshold.
- Measure the time taken from incident detection to the delivery of actionable insights to confirm it is within the 5-minute target.","reliable (ISO 29148)
robust (ISO 29148)
it (ISO 29148)
that (ISO 29148)
timely (NASA ARM)
can (NASA ARM)",2,4,2.0,2,4,2.0,3,5,2.0,2,5,3.0,2,5,3.0,1,5,4.0,2,5,3.0,—
A3US1Ll,"As a social media platform administrator, I want to detect aggressive behavior on Twitter in real-time, so that I can prevent online harassment and maintain a safe online environment.","User Story:
As a social media platform administrator, I want to implement a real-time detection system for aggressive behavior on Twitter so that I can proactively prevent online harassment and ensure a safer online community for all users.

Acceptance Criteria:
- The system must identify and flag at least 90% of aggressive posts within 5 seconds of being published.
- Provide a dashboard that displays real-time statistics on detected aggressive behavior, with updates every minute.
- Ensure that at least 80% of flagged posts are reviewed by moderators within 10 minutes of detection.

Test Outline:
- Conduct tests to measure the accuracy and speed of the detection system in identifying aggressive behavior.
- Monitor the dashboard for real-time updates and verify that statistics are refreshed as specified.
- Track the response time of moderators to flagged posts to ensure compliance with the review time criteria.","that (ISO 29148)
all (ISO 29148)
every (ISO 29148)
can (NASA ARM)",3,4,1.0,3,4,1.0,4,5,1.0,3,5,2.0,4,5,1.0,2,5,3.0,3,5,2.0,—
A3US2Ll,"As a data scientist, I want to develop a machine learning framework that can adapt to new annotated examples and evolve with changing aggressive behavior on social media, so that I can maintain high detection accuracy.","User Story:
As a data scientist, I want to create a dynamic machine learning framework that can seamlessly integrate new annotated examples and adapt to evolving aggressive behavior patterns on social media, so that I can sustain a detection accuracy of at least 90% over time.

Acceptance Criteria:
- The framework must successfully incorporate new annotated examples within 24 hours of availability.
- Achieve a minimum detection accuracy of 90% on a validation dataset that reflects the latest social media trends.
- The system should demonstrate adaptability by maintaining performance levels with a variance of no more than 5% in accuracy after each update.

Test Outline:
- Monitor the integration process of new annotated examples to ensure it occurs within the specified timeframe.
- Evaluate the detection accuracy on a validation dataset before and after updates to confirm it meets the target.
- Analyze performance metrics post-update to verify that accuracy variance remains within the acceptable range.","it (ISO 29148)
that (ISO 29148)
can (NASA ARM)
more (NASA ARM)",2,4,2.0,2,4,2.0,3,5,2.0,2,5,3.0,2,5,3.0,2,5,3.0,2,5,3.0,—
A3US3Ll,"As a researcher, I want to compare the performance of our real-time framework with traditional batch-based machine learning models, so that I can demonstrate the effectiveness of our approach.","User Story:
As a researcher, I want to evaluate and contrast the performance of our real-time machine learning framework against conventional batch-based models, so that I can provide quantifiable evidence of the superiority and effectiveness of our innovative approach.

Acceptance Criteria:
- Conduct performance tests that measure and compare accuracy, latency, and throughput of both frameworks, with results documented in a report.
- Ensure that the real-time framework demonstrates at least a 20% improvement in processing speed compared to the batch-based models.
- Collect user feedback indicating at least 80% satisfaction with the real-time framework's responsiveness and effectiveness.

Test Outline:
- Execute a series of benchmark tests to gather performance data on both the real-time and batch-based models, analyzing key metrics.
- Review the performance report to confirm that the real-time framework meets or exceeds the specified improvement thresholds.
- Distribute a survey to users to assess their satisfaction levels with the real-time framework and compile the results for analysis.","that (ISO 29148)
can (NASA ARM)",4,4,0.0,3,5,2.0,4,5,1.0,3,5,2.0,3,5,2.0,2,5,3.0,3,5,2.0,—
A3US4Ll,"As a system administrator, I want to deploy our framework on a minimal number of commodity machines, so that I can process the entire Twitter Firehose (778 million tweets per day) without excessive resource requirements.","User Story:
As a system administrator, I want to implement our framework on a limited number of cost-effective commodity machines so that I can efficiently handle the processing of the entire Twitter Firehose, which consists of approximately 778 million tweets daily, while minimizing resource consumption.

Acceptance Criteria:
- Deploy the framework on no more than 10 commodity machines to ensure cost efficiency.
- Achieve a processing capacity that can handle at least 778 million tweets per day without exceeding 75% resource utilization.
- Ensure that the system maintains an uptime of 99.9% during peak tweet processing times.

Test Outline:
- Monitor the number of machines used for deployment to confirm it does not exceed the specified limit.
- Measure the system's processing capacity to verify it can handle the full volume of tweets while tracking resource utilization.
- Conduct uptime tests during peak hours to ensure the system meets the required availability percentage.","effective (ISO 29148)
it (ISO 29148)
that (ISO 29148)
effective (NASA ARM)
can (NASA ARM)
more (NASA ARM)",4,5,1.0,3,4,1.0,4,5,1.0,3,5,2.0,3,5,2.0,2,5,3.0,3,5,2.0,—
A3US5Ll,"As a social media user, I want to feel safe online and know that aggressive behavior is being detected and addressed in real-time, so that I can engage in online conversations without fear of harassment.","User Story:
As a social media user, I want to have a sense of security while interacting online, with real-time detection and management of aggressive behavior, so that I can participate in discussions confidently, free from the threat of harassment.

Acceptance Criteria:
- Implement a system that identifies and flags aggressive behavior with at least 90% accuracy in real-time.
- Ensure that users receive notifications of detected aggressive interactions within 1 minute of occurrence.
- Provide users with the ability to report flagged content, with a response from moderation teams within 24 hours.

Test Outline:
- Test the detection system by simulating aggressive interactions and measuring the accuracy of the flags generated.
- Monitor the notification system to confirm that alerts are sent to users within the specified time frame.
- Evaluate the reporting process by submitting flagged content and tracking the response time from the moderation team.","that (ISO 29148)
can (NASA ARM)",3,4,1.0,3,4,1.0,4,5,1.0,3,5,2.0,3,5,2.0,2,5,3.0,3,5,2.0,—
A3US6Ll,"As a content moderator, I want to receive alerts and notifications about detected aggressive behavior, sarcasm, racism, and sexism on Twitter, so that I can take prompt action to remove harmful content.","User Story:
As a content moderator, I want to receive real-time alerts and notifications regarding instances of aggressive behavior, sarcasm, racism, and sexism on Twitter, so that I can swiftly take action to eliminate harmful content and maintain a safe online environment.

Acceptance Criteria:
- Alerts must be generated within 2 seconds of detecting inappropriate content to ensure timely intervention.
- Notifications should categorize the type of harmful behavior (aggression, sarcasm, racism, sexism) for efficient response.
- A dashboard must be available to track the number of alerts received and actions taken, with a target of addressing at least 90% of flagged content within 10 minutes.

Test Outline:
- Simulate instances of aggressive behavior and other harmful content to verify that alerts are triggered within the specified time frame.
- Review the categorization of notifications to ensure they accurately reflect the type of detected behavior.
- Monitor the dashboard to confirm that the response rate meets the target of addressing 90% of flagged content within the designated time.","efficient (ISO 29148)
that (ISO 29148)
timely (NASA ARM)
can (NASA ARM)",4,4,0.0,3,4,1.0,4,5,1.0,3,5,2.0,4,5,1.0,2,5,3.0,3,5,2.0,—
A3US7Ll,"As a developer, I want to integrate our real-time framework with existing social media platforms, so that I can provide a seamless user experience and detect aggressive behavior across different platforms.","User Story:
As a developer, I want to connect our real-time framework with various social media platforms so that I can deliver a cohesive user experience and effectively identify and address aggressive behavior across these platforms.

Acceptance Criteria:
- Successfully integrate with at least 3 major social media platforms (e.g., Facebook, Twitter, Instagram) within the next quarter.
- Achieve a response time of less than 1 second for real-time updates from these platforms.
- Implement a monitoring system that detects and flags aggressive behavior with a minimum accuracy rate of 90%.

Test Outline:
- Verify the successful integration by testing data flow between our framework and the selected social media platforms.
- Measure the response time for real-time updates to ensure it meets the specified threshold.
- Conduct tests to evaluate the monitoring system's accuracy in detecting aggressive behavior and confirm it meets the required accuracy rate.","it (ISO 29148)
that (ISO 29148)
these (ISO 29148)
can (NASA ARM)
less (NASA ARM)",3,4,1.0,3,4,1.0,4,5,1.0,3,5,2.0,3,5,2.0,2,5,3.0,3,5,2.0,—
A3US8Ll,"As a researcher, I want to analyze the performance of our framework on detecting related behaviors such as sarcasm, racism, and sexism, so that I can refine our approach and improve detection accuracy.","User Story:
As a researcher, I want to evaluate the effectiveness of our framework in identifying related behaviors, including sarcasm, racism, and sexism, so that I can enhance our methodology and achieve a detection accuracy improvement of at least 15%.

Acceptance Criteria:
- Conduct a comprehensive analysis of the framework's current detection rates for sarcasm, racism, and sexism, establishing baseline accuracy metrics.
- Implement refinements to the detection algorithms and achieve a minimum accuracy increase of 15% in identifying these behaviors.
- Generate a detailed report outlining the performance improvements and the methodologies used for analysis.

Test Outline:
- Compare the framework's detection accuracy before and after implementing refinements to confirm the targeted improvement.
- Review the analysis report to ensure it includes all relevant metrics and findings related to sarcasm, racism, and sexism detection.","it (ISO 29148)
that (ISO 29148)
these (ISO 29148)
all (ISO 29148)
can (NASA ARM)",3,4,1.0,3,4,1.0,4,5,1.0,3,5,2.0,3,5,2.0,2,5,3.0,3,5,2.0,—
A3US9Ll,"As a social media platform administrator, I want to use our framework to identify trends and patterns of aggressive behavior on Twitter, so that I can develop targeted interventions and prevention strategies.","User Story:
As a social media platform administrator, I want to leverage our analytical framework to detect trends and patterns of aggressive behavior on Twitter, so that I can implement targeted interventions and prevention strategies that enhance user safety and community well-being.

Acceptance Criteria:
- Identify at least 5 distinct patterns of aggressive behavior within a 30-day analysis period.
- Develop and propose 3 targeted intervention strategies based on the identified trends, with a projected effectiveness rate of at least 70%.
- Monitor and report a reduction in aggressive behavior incidents by 20% within 3 months of implementing the strategies.

Test Outline:
- Analyze the data collected over the specified period to confirm the identification of the required number of aggressive behavior patterns.
- Review the proposed intervention strategies for clarity and alignment with the identified trends, ensuring they meet the effectiveness criteria.
- Track and evaluate the incident reports of aggressive behavior before and after the implementation of the strategies to measure the reduction rate.","that (ISO 29148)
can (NASA ARM)",3,4,1.0,3,4,1.0,4,5,1.0,3,5,2.0,3,5,2.0,2,5,3.0,3,5,2.0,—
A3US10Ll,"As a system designer, I want to design a scalable and flexible architecture for our real-time framework, so that it can easily integrate with new social media platforms and accommodate increasing volumes of user-generated content.","User Story:
As a system designer, I want to create a robust and adaptable architecture for our real-time framework so that it can seamlessly integrate with emerging social media platforms and efficiently handle a growing volume of user-generated content.

Acceptance Criteria:
- The architecture must support integration with at least 3 new social media platforms within the next 6 months.
- It should be capable of processing a minimum of 10,000 concurrent user interactions without performance degradation.
- The system must allow for easy scalability, enabling an increase in user-generated content by at least 50% without requiring significant redesign.

Test Outline:
- Test the integration process with new social media platforms to ensure compatibility and functionality.
- Simulate user interactions to measure the system's performance under load and confirm it meets the concurrency requirement.
- Evaluate the scalability of the architecture by increasing the volume of user-generated content and monitoring system performance.","easy (ISO 29148)
robust (ISO 29148)
it (ISO 29148)
that (ISO 29148)
significant (ISO 29148)
be capable of (NASA ARM)
can (NASA ARM)",2,4,2.0,2,4,2.0,3,5,2.0,2,5,3.0,2,5,3.0,2,5,3.0,2,5,3.0,—
A4US1Ll,"As a military strategist, I want to understand the transformative impact of AI on international security, so that I can develop effective responses to emerging threats and opportunities.","User Story:
As a military strategist, I want to analyze the significant effects of artificial intelligence on global security dynamics so that I can formulate strategic responses to both emerging threats and new opportunities effectively.

Acceptance Criteria:
- Conduct a comprehensive analysis of at least 5 key areas where AI is reshaping international security.
- Identify and evaluate a minimum of 3 specific emerging threats linked to AI advancements.
- Propose at least 3 actionable strategies or policies that leverage AI to enhance national security.

Test Outline:
- Review the analysis report to ensure it covers the identified key areas and emerging threats.
- Validate the proposed strategies by assessing their feasibility and potential impact on security operations.
- Gather feedback from security experts to refine and improve the proposed responses.","it (ISO 29148)
that (ISO 29148)
significant (ISO 29148)
can (NASA ARM)",2,4,2.0,2,5,3.0,3,5,2.0,2,5,3.0,3,5,2.0,2,5,3.0,2,5,3.0,—
A4US2Ll,"As a security expert, I want to identify the potential risks and challenges associated with AI in the security environment, so that I can mitigate them through cooperation and collaboration.","User Story:
As a security expert, I want to assess and analyze the potential risks and challenges posed by AI technologies within the security landscape so that I can implement effective mitigation strategies through enhanced cooperation and collaboration with stakeholders.

Acceptance Criteria:
- Conduct a comprehensive risk assessment identifying at least 5 specific AI-related security threats.
- Develop a collaborative framework involving at least 3 key stakeholders to address identified risks.
- Create a report outlining actionable mitigation strategies with measurable outcomes to reduce risks by at least 30% within the next quarter.

Test Outline:
- Review the risk assessment documentation to ensure it includes the identified AI-related threats.
- Evaluate the collaborative framework for stakeholder engagement and participation.
- Analyze the effectiveness of the implemented mitigation strategies by measuring the reduction in identified risks over the specified timeframe.","effective (ISO 29148)
it (ISO 29148)
that (ISO 29148)
effective (NASA ARM)
can (NASA ARM)",2,4,2.0,2,4,2.0,3,5,2.0,2,5,3.0,4,5,1.0,1,5,4.0,2,5,3.0,—
A4US3Ll,"As a technologist, I want to design and develop drones that can learn and operate autonomously, using AI and GIS, so that I can enhance military capabilities and decision-making.","User Story:
As a technologist, I want to create and implement autonomous drones equipped with AI and GIS technologies so that I can significantly improve military operational efficiency and enhance strategic decision-making processes.

Acceptance Criteria:
- Develop a prototype drone that can autonomously navigate and complete missions with a success rate of at least 90%.
- Integrate AI algorithms that enable real-time data analysis and decision-making, reducing response time by 50% compared to current methods.
- Ensure that the drone can operate effectively in diverse environments, achieving a minimum operational range of 20 kilometers without human intervention.

Test Outline:
- Conduct field tests to evaluate the drone's autonomous navigation and mission success rate against the established criteria.
- Measure the response time of the AI-driven decision-making process and compare it to existing systems to confirm the 50% reduction.
- Test the drone's performance in various environmental conditions to validate its operational range and adaptability.","it (ISO 29148)
that (ISO 29148)
can (NASA ARM)",2,4,2.0,1,4,3.0,2,5,3.0,2,5,3.0,3,5,2.0,1,5,4.0,2,5,3.0,—
A4US4Ll,"As a military commander, I want to leverage AI-powered drones for combat and non-combat operations, so that I can gain a tactical advantage on the ground and improve mission success.","User Story:
As a military commander, I want to utilize AI-driven drones for both combat and non-combat missions so that I can enhance tactical superiority on the battlefield and significantly increase the likelihood of mission success.

Acceptance Criteria:
- Deploy AI-powered drones in at least 3 different operational scenarios to assess their effectiveness in real-time.
- Achieve a minimum of 30% improvement in reconnaissance data accuracy compared to traditional methods.
- Ensure that drone-assisted operations result in a 25% reduction in mission completion time.

Test Outline:
- Evaluate the performance of AI drones in various mission types and document their operational effectiveness.
- Compare the accuracy of reconnaissance data gathered by drones against historical data from previous missions.
- Measure the time taken to complete missions with and without drone assistance to confirm the reduction in completion time.","that (ISO 29148)
can (NASA ARM)",2,4,2.0,2,4,2.0,3,5,2.0,2,5,3.0,2,5,3.0,1,5,4.0,2,5,3.0,—
A4US5Ll,"As a developer, I want to integrate AI, C5IRS, and GIS systems to create a seamless and interoperable platform for drone operations, so that I can enhance situational awareness and decision-making.","User Story:
As a developer, I want to integrate AI, C5IRS, and GIS systems to build a cohesive and interoperable platform for drone operations, so that I can significantly improve situational awareness and facilitate informed decision-making in real-time.

Acceptance Criteria:
- Achieve a successful integration of AI, C5IRS, and GIS systems that allows for data exchange with a latency of less than 1 second.
- Ensure that at least 90% of drone operations can access real-time situational data through the integrated platform.
- Validate that decision-making processes are enhanced by providing actionable insights derived from the integrated systems, with a measurable improvement in response time by at least 30%.

Test Outline:
- Test the integration by measuring the data exchange latency between the systems to confirm it meets the target.
- Monitor the percentage of drone operations utilizing the integrated platform for real-time data access.
- Evaluate the effectiveness of decision-making improvements by analyzing response times before and after the integration.","it (ISO 29148)
that (ISO 29148)
can (NASA ARM)
less (NASA ARM)",2,4,2.0,2,4,2.0,3,5,2.0,2,5,3.0,2,5,3.0,2,5,3.0,2,5,3.0,—
A4US6Ll,"As a researcher, I want to investigate the potential of AI-powered drones to transform enterprise functions, mission support, and operations, so that I can identify new opportunities for military advantage.","User Story:
As a researcher, I want to explore the capabilities of AI-driven drones to revolutionize enterprise functions, enhance mission support, and optimize operations, so that I can uncover innovative opportunities that provide a strategic military advantage.

Acceptance Criteria:
- Conduct a comprehensive analysis of at least 5 specific enterprise functions where AI-powered drones can be integrated.
- Identify and document a minimum of 3 distinct operational improvements that AI drones can deliver in mission support scenarios.
- Present findings in a detailed report that outlines potential military advantages, including quantifiable metrics such as cost savings or efficiency gains of at least 20%.

Test Outline:
- Review the analysis to ensure it covers the required number of enterprise functions and operational improvements.
- Validate the report's conclusions by cross-referencing with existing case studies or pilot programs that demonstrate the effectiveness of AI drones in military applications.","it (ISO 29148)
that (ISO 29148)
can (NASA ARM)",2,4,2.0,2,4,2.0,3,5,2.0,2,5,3.0,2,5,3.0,1,5,4.0,2,5,3.0,—
A4US7Ll,"As a policy-maker, I want to develop cooperative frameworks and guidelines for the responsible development and use of AI-powered drones, so that I can minimize risks and promote ethical behavior.","User Story:
As a policy-maker, I want to establish comprehensive cooperative frameworks and clear guidelines for the ethical development and utilization of AI-powered drones, so that I can effectively mitigate risks and foster responsible practices within the industry.

Acceptance Criteria:
- Create a detailed framework that outlines at least 5 key ethical principles for the development and use of AI-powered drones.
- Develop guidelines that include specific compliance metrics, ensuring that 90% of stakeholders adhere to the established ethical standards within the first year of implementation.
- Organize a stakeholder consultation process that engages a minimum of 50 industry experts and community representatives to gather diverse perspectives on the guidelines.

Test Outline:
- Review the developed framework and guidelines to ensure they encompass the identified ethical principles and compliance metrics.
- Conduct surveys or audits to measure stakeholder adherence to the guidelines and assess the percentage of compliance achieved.
- Document the stakeholder consultation process, including participant feedback and how it influenced the final guidelines.","it (ISO 29148)
that (ISO 29148)
can (NASA ARM)",2,4,2.0,2,5,3.0,3,5,2.0,2,5,3.0,2,5,3.0,2,5,3.0,2,5,3.0,—
A4US8Ll,"As a military planner, I want to design scenarios and exercises that incorporate AI-powered drones, so that I can test and evaluate their effectiveness in various operational contexts.","User Story:
As a military planner, I want to create detailed scenarios and exercises that integrate AI-powered drones, so that I can rigorously assess their operational effectiveness across diverse mission environments.

Acceptance Criteria:
- Develop at least 5 distinct scenarios that utilize AI-powered drones in various operational contexts.
- Conduct evaluations of each scenario with a minimum of 3 different metrics to measure drone performance and effectiveness.
- Gather feedback from at least 10 participants involved in the exercises to identify strengths and areas for improvement.

Test Outline:
- Review the designed scenarios to ensure they incorporate AI-powered drones and cover a range of operational contexts.
- Analyze the performance metrics collected during the exercises to confirm they meet the established criteria.
- Collect and assess participant feedback to evaluate the overall effectiveness and areas for enhancement in the scenarios.","that (ISO 29148)
can (NASA ARM)",3,4,1.0,3,5,2.0,4,5,1.0,3,5,2.0,4,5,1.0,3,5,2.0,3,5,2.0,—
A4US9Ll,"As a trainer, I want to develop training programs that prepare military personnel to work effectively with AI-powered drones, so that I can ensure seamless human-machine collaboration.","User Story:
As a trainer, I want to create comprehensive training programs that equip military personnel with the skills to operate AI-powered drones effectively, so that I can facilitate optimal human-machine collaboration and enhance mission success rates.

Acceptance Criteria:
- Develop a curriculum that includes at least 10 hours of hands-on training with AI-powered drones.
- Achieve a minimum proficiency rate of 90% among trainees in simulated operational scenarios.
- Implement feedback mechanisms to gather trainee insights, aiming for a satisfaction score of 85% or higher.

Test Outline:
- Evaluate the training program's effectiveness by assessing trainee performance in practical exercises and simulations.
- Conduct surveys post-training to measure trainee satisfaction and gather qualitative feedback on the program's content and delivery.","that (ISO 29148)
can (NASA ARM)",4,4,0.0,3,5,2.0,4,5,1.0,3,5,2.0,4,5,1.0,2,5,3.0,3,5,2.0,—
A4US10Ll,"As a system architect, I want to design and implement an AI-powered drone system that can adapt to changing circumstances and learn from experience, so that I can create a truly autonomous and effective military capability.","User Story:
As a system architect, I want to develop and deploy an AI-driven drone system that can dynamically adjust to evolving conditions and enhance its performance through machine learning, so that I can establish a fully autonomous and highly effective military operational capability.

Acceptance Criteria:
- The drone system must demonstrate the ability to adapt to at least 90% of identified changing environmental conditions in real-time.
- Implement machine learning algorithms that allow the drone to improve its decision-making accuracy by at least 25% over a series of missions.
- Ensure that the system can autonomously complete predefined military tasks with a success rate of 95% or higher.

Test Outline:
- Conduct field tests to evaluate the drone's adaptability to various environmental changes and measure its performance against the 90% threshold.
- Analyze the decision-making outcomes from multiple missions to confirm a 25% improvement in accuracy due to machine learning enhancements.
- Review mission logs to verify that the drone successfully completes military tasks with a 95% success rate or better.","effective (ISO 29148)
that (ISO 29148)
better (ISO 29148)
effective (NASA ARM)
can (NASA ARM)
better (NASA ARM)",2,4,2.0,1,4,3.0,2,5,3.0,2,5,3.0,2,5,3.0,1,5,4.0,2,5,3.0,—
A5US1Ll,"As a Pathology Laboratory Staff Member, I want to easily and efficiently deliver blood and urine samples using the GoCart robot so that I can reduce my workload and focus on other tasks.","User Story:
As a Pathology Laboratory Staff Member, I want to utilize the GoCart robot for the seamless and efficient delivery of blood and urine samples so that I can significantly decrease my manual workload by at least 30% and allocate more time to critical laboratory tasks.

Acceptance Criteria:
- The GoCart robot must successfully deliver samples to designated locations with a completion rate of 95% or higher.
- The average time taken for sample delivery should be reduced to 10 minutes or less per delivery.
- Staff should report a minimum of 25% increase in time available for other laboratory responsibilities after implementing the GoCart robot.

Test Outline:
- Track the delivery success rate of the GoCart robot over a defined period to ensure it meets the target.
- Measure the time taken for each sample delivery to confirm it adheres to the specified average.
- Conduct a survey among staff to assess the perceived increase in time available for other tasks post-implementation.","efficient (ISO 29148)
it (ISO 29148)
that (ISO 29148)
can (NASA ARM)
more (NASA ARM)
less (NASA ARM)",3,4,1.0,3,4,1.0,4,5,1.0,3,5,2.0,3,5,2.0,2,5,3.0,3,5,2.0,—
A5US2Ll,"As a Residential Care Facility Staff Member, I want to use the GoCart robot to deliver meals to residents quickly and accurately so that I can improve the quality of care and resident satisfaction.","User Story:
As a Residential Care Facility Staff Member, I want to utilize the GoCart robot for efficient and precise meal delivery to residents so that I can enhance the overall quality of care and boost resident satisfaction levels.

Acceptance Criteria:
- The GoCart robot must deliver meals to residents within an average time of 10 minutes from the kitchen to the resident's room.
- Achieve a delivery accuracy rate of 95% or higher, ensuring that the correct meals are delivered to the right residents.
- Gather resident feedback post-delivery, aiming for a satisfaction score of 4.5 out of 5 or higher regarding the meal delivery experience.

Test Outline:
- Track and log the time taken for each meal delivery by the GoCart robot to verify compliance with the 10-minute target.
- Review delivery logs to confirm that at least 95% of meals are delivered accurately to the intended residents.
- Conduct a survey with residents after meal delivery to assess satisfaction levels and ensure the target score is met.","efficient (ISO 29148)
that (ISO 29148)
can (NASA ARM)",4,4,0.0,3,4,1.0,4,5,1.0,3,5,2.0,4,5,1.0,2,5,3.0,3,5,2.0,—
A5US3Ll,"As a facility manager, I want to monitor the GoCart robot's activity and receive notifications when it encounters any issues or errors so that I can ensure smooth operations and minimize disruptions.","User Story:
As a facility manager, I want to track the operational status of the GoCart robot and receive real-time alerts for any issues or errors so that I can maintain seamless operations and reduce potential disruptions.

Acceptance Criteria:
- Implement a monitoring system that provides a live status update of the GoCart robot's activities at least every minute.
- Ensure that notifications for any errors or operational issues are sent to the facility manager within 30 seconds of detection.
- Maintain a log of all alerts and issues encountered by the GoCart robot for review, with a minimum retention period of 30 days.

Test Outline:
- Verify that the monitoring system updates the robot's status in real-time by checking the frequency of updates.
- Simulate an error condition to confirm that notifications are received within the specified time frame.
- Review the alert log to ensure it accurately records all incidents and meets the retention requirement.","it (ISO 29148)
that (ISO 29148)
all (ISO 29148)
every (ISO 29148)
can (NASA ARM)",3,4,1.0,3,4,1.0,4,5,1.0,3,5,2.0,4,5,1.0,2,5,3.0,3,5,2.0,—
A5US4Ll,"As a Healthcare Worker, I want the GoCart robot to be designed with a user-friendly interface and clear instructions so that I can easily use it without extensive training.","User Story:
As a Healthcare Worker, I want the GoCart robot to feature an intuitive user interface and straightforward instructions so that I can operate it efficiently with minimal training, enhancing my workflow and patient care.

Acceptance Criteria:
- The user interface must be designed to require no more than 10 minutes of training for new users to feel competent.
- Clear, step-by-step instructions should be accessible within 2 clicks from the main screen.
- User satisfaction with the interface should be measured, aiming for at least 85% positive feedback in post-usage surveys.

Test Outline:
- Conduct training sessions and time how long it takes for users to feel comfortable using the robot.
- Navigate the interface to ensure that instructions can be accessed within the specified number of clicks.
- Distribute surveys to users after they have operated the robot to gather feedback on their experience and satisfaction levels.","intuitive (ISO 29148)
it (ISO 29148)
that (ISO 29148)
minimal (ISO 29148)
can (NASA ARM)
more (NASA ARM)",3,4,1.0,3,4,1.0,4,5,1.0,3,5,2.0,4,5,1.0,2,5,3.0,3,5,2.0,—
A5US5Ll,"As a Patient or Resident, I want the GoCart robot to deliver my meals or samples in a timely and efficient manner so that I can receive the care I need without delay.","User Story:
As a Patient or Resident, I want the GoCart robot to deliver my meals or samples promptly and efficiently so that I can receive essential care without unnecessary delays.

Acceptance Criteria:
- Ensure that 95% of meal or sample deliveries by the GoCart robot occur within a maximum of 15 minutes from the order time.
- Achieve a delivery success rate of at least 98%, minimizing any instances of missed or incorrect deliveries.
- Provide real-time tracking updates for each delivery, allowing patients to anticipate arrival times accurately.

Test Outline:
- Monitor and log the delivery times of meals and samples to verify that 95% meet the 15-minute target.
- Track the number of successful versus unsuccessful deliveries to confirm the 98% success rate.
- Test the real-time tracking feature to ensure patients receive timely updates on their delivery status.","that (ISO 29148)
timely (NASA ARM)
can (NASA ARM)",3,4,1.0,3,4,1.0,4,5,1.0,3,5,2.0,3,5,2.0,2,5,3.0,3,5,2.0,—
A5US6Ll,"As a Safety and Security Officer, I want the GoCart robot to be equipped with safety features such as collision detection and emergency shutdown so that I can ensure the safety of staff, patients, and residents.","User Story:
As a Safety and Security Officer, I want the GoCart robot to be integrated with advanced safety features, including collision detection and an emergency shutdown mechanism, so that I can guarantee the safety and well-being of staff, patients, and residents in the facility.

Acceptance Criteria:
- The GoCart robot must successfully detect and respond to obstacles with a collision detection system that operates with ≥95% accuracy.
- An emergency shutdown feature must be implemented, allowing for immediate cessation of robot operations within 2 seconds of activation.
- Conduct safety drills to ensure that staff can effectively utilize the emergency shutdown feature, achieving a response time of ≤5 seconds during testing.

Test Outline:
- Test the collision detection system by placing various obstacles in the robot's path and measuring its response accuracy.
- Simulate an emergency situation to verify that the shutdown feature activates within the specified time frame.
- Organize training sessions for staff and evaluate their proficiency in using the emergency shutdown feature through timed drills.","that (ISO 29148)
can (NASA ARM)",3,4,1.0,3,4,1.0,4,5,1.0,3,5,2.0,3,5,2.0,2,5,3.0,3,5,2.0,—
A5US7Ll,"As a IT Support Specialist, I want the GoCart robot to be integrated with our existing systems and infrastructure so that I can easily troubleshoot and maintain the robot.","User Story:
As a IT Support Specialist, I want to seamlessly integrate the GoCart robot with our current systems and infrastructure so that I can efficiently troubleshoot issues and perform maintenance, ensuring optimal performance and reliability.

Acceptance Criteria:
- Complete integration of the GoCart robot with existing systems must be achieved within 4 weeks.
- Documented troubleshooting procedures should be available for at least 5 common issues encountered with the robot.
- Maintenance tasks should be reduced by 30% due to improved integration and accessibility of system data.

Test Outline:
- Verify the successful integration of the GoCart robot by testing its functionality within the existing systems.
- Review the documentation to ensure it covers the specified common issues and is accessible to the support team.
- Measure the time spent on maintenance tasks before and after integration to confirm a 30% reduction.","it (ISO 29148)
that (ISO 29148)
improved (ISO 29148)
can (NASA ARM)
improved (NASA ARM)",2,4,2.0,2,4,2.0,3,5,2.0,2,5,3.0,4,5,1.0,2,5,3.0,3,5,2.0,—
A5US8Ll,"As a Quality Improvement Specialist, I want to analyze data and metrics on the GoCart robot's performance and efficiency so that I can identify areas for improvement and optimize its use.","User Story:
As a Quality Improvement Specialist, I want to conduct a comprehensive analysis of the GoCart robot's performance and efficiency metrics so that I can pinpoint specific areas for enhancement and maximize its operational effectiveness.

Acceptance Criteria:
- Collect and analyze performance data from the GoCart robot, ensuring at least 90% of operational metrics are reviewed.
- Identify a minimum of 3 key performance indicators (KPIs) that require improvement based on the analysis.
- Develop and present a report outlining actionable recommendations for optimizing the GoCart robot's usage within 2 weeks of data collection.

Test Outline:
- Verify that all relevant performance data has been gathered and analyzed, confirming the review of at least 90% of metrics.
- Check the identified KPIs against baseline performance to ensure they are measurable and actionable.
- Review the final report for clarity and completeness, ensuring it includes specific recommendations for improvement.","it (ISO 29148)
that (ISO 29148)
all (ISO 29148)
can (NASA ARM)",3,4,1.0,3,4,1.0,4,5,1.0,3,5,2.0,3,5,2.0,2,5,3.0,3,5,2.0,—
A5US9Ll,"As a Robot Maintenance Technician, I want to easily access and update the GoCart robot's software and firmware so that I can ensure it remains functional and efficient.","User Story:
As a Robot Maintenance Technician, I want to efficiently access and update the GoCart robot's software and firmware so that I can maintain its operational functionality and optimize performance.

Acceptance Criteria:
- Access to the software and firmware update interface must be available within 2 clicks from the main dashboard.
- The update process should complete within 10 minutes, ensuring minimal downtime for the robot.
- A confirmation notification must be generated after each successful update, detailing the version changes and any critical notes.

Test Outline:
- Test the navigation to the update interface to confirm it can be accessed within the specified number of clicks.
- Measure the time taken for the update process to ensure it does not exceed the 10-minute limit.
- Verify that a confirmation notification is received post-update, and check the accuracy of the version details provided.","it (ISO 29148)
that (ISO 29148)
minimal (ISO 29148)
can (NASA ARM)",3,4,1.0,3,4,1.0,4,5,1.0,3,5,2.0,4,5,1.0,2,5,3.0,3,5,2.0,—
A5US10Ll,"As a Healthcare Administrator, I want to evaluate the cost-benefit analysis of implementing GoCart robots in our facilities so that I can make informed decisions about resource allocation and investments in new technology.","User Story:
As a Healthcare Administrator, I want to conduct a comprehensive cost-benefit analysis of deploying GoCart robots in our facilities so that I can make data-driven decisions regarding resource allocation and strategic investments in innovative technology.

Acceptance Criteria:
- Complete a detailed cost analysis that includes initial investment, maintenance costs, and operational expenses, ensuring total costs are documented and quantified.
- Assess the expected benefits, including efficiency improvements and labor cost savings, with measurable targets such as a 20% reduction in manual transport tasks.
- Present findings in a report that outlines both quantitative and qualitative impacts, enabling a clear comparison of costs versus benefits.

Test Outline:
- Review the cost analysis report to ensure all financial aspects are accurately calculated and presented.
- Validate the projected efficiency improvements by comparing current operational metrics with those anticipated post-implementation.
- Gather feedback from stakeholders on the clarity and comprehensiveness of the report to ensure it supports informed decision-making.","it (ISO 29148)
that (ISO 29148)
those (ISO 29148)
all (ISO 29148)
can (NASA ARM)",3,4,1.0,3,5,2.0,4,5,1.0,3,5,2.0,3,5,2.0,2,5,3.0,3,5,2.0,—
A6US1Ll,"As an automotive engineer, I want to design advanced driver assistance systems (ADAS) that take into account driver intention and behavior to improve system performance and acceptance.","User Story:
As an automotive engineer, I want to develop advanced driver assistance systems (ADAS) that accurately interpret driver intentions and behaviors so that we can enhance system performance and increase user acceptance rates.

Acceptance Criteria:
- Implement algorithms that analyze driver behavior with at least 90% accuracy in real-time scenarios.
- Conduct user acceptance testing with a target satisfaction score of 85% or higher from participants.
- Ensure that the ADAS can adapt to at least 5 different driving styles to accommodate diverse user preferences.

Test Outline:
- Validate the accuracy of the behavior analysis algorithms through controlled driving simulations and real-world testing.
- Gather feedback from user acceptance testing sessions and calculate the satisfaction score to confirm it meets the target.
- Test the system's adaptability by evaluating its performance across various driving styles and ensuring it meets the specified criteria.","it (ISO 29148)
that (ISO 29148)
can (NASA ARM)",2,4,2.0,2,5,3.0,2,4,2.0,2,5,3.0,3,5,2.0,2,5,3.0,2,5,3.0,—
A6US2Ll,"As a researcher, I want to develop a method to recognize driver intention and behavior using Gaussian Mixture Model (GMM) to make ADAS more human-like and personalized.","User Story:
As a researcher, I want to create a robust method for identifying driver intentions and behaviors through the application of a Gaussian Mixture Model (GMM) so that Advanced Driver Assistance Systems (ADAS) can operate in a more human-like and personalized manner, enhancing overall driving safety and user experience.

Acceptance Criteria:
- Develop a GMM-based algorithm that achieves at least 85% accuracy in recognizing driver intentions from real-time data.
- Validate the model with a dataset containing a minimum of 1,000 diverse driving scenarios to ensure comprehensive behavior recognition.
- Implement the method in a prototype ADAS system and conduct user testing to gather feedback, aiming for a satisfaction score of 4 out of 5 or higher.

Test Outline:
- Test the GMM algorithm against a labeled dataset to measure its accuracy in identifying driver intentions.
- Analyze the diversity and size of the dataset used for training and validation to confirm it meets the specified criteria.
- Deploy the prototype ADAS system in a controlled environment and collect user feedback to evaluate satisfaction levels.","robust (ISO 29148)
it (ISO 29148)
that (ISO 29148)
can (NASA ARM)
more (NASA ARM)",2,4,2.0,2,5,3.0,2,5,3.0,2,5,3.0,4,5,1.0,2,5,3.0,2,5,3.0,—
A6US3Ll,"As a driver, I want ADAS to be able to understand my intentions and behaviors, such as braking habits, to provide personalized support and improve my safety on the road.","User Story:
As a driver, I want the Advanced Driver Assistance System (ADAS) to accurately interpret my driving intentions and behaviors, including my braking patterns, so that I can receive tailored support that enhances my safety and reduces the risk of accidents on the road.

Acceptance Criteria:
- The system must analyze and adapt to my braking habits with at least 90% accuracy within the first 100 miles of driving.
- Provide personalized feedback on driving behavior that can be reviewed after each trip, with a minimum of 3 actionable insights per trip.
- Ensure that the ADAS can proactively alert me to potential hazards based on my driving style at least 95% of the time during real-time driving scenarios.

Test Outline:
- Monitor the system's ability to recognize and adapt to my braking habits through a series of test drives, measuring accuracy against established benchmarks.
- Review the feedback provided after each trip to confirm that it includes the required number of actionable insights.
- Conduct real-time driving tests to evaluate the frequency and effectiveness of hazard alerts generated by the ADAS.","it (ISO 29148)
that (ISO 29148)
can (NASA ARM)",2,4,2.0,2,4,2.0,2,5,3.0,2,5,3.0,4,5,1.0,1,5,4.0,2,5,3.0,—
A6US4Ll,"As a testing engineer, I want to create realistic testing scenarios using a real-time driving simulator to collect data on driver behavior and validate the performance of ADAS.","User Story:
As a testing engineer, I want to develop authentic testing scenarios utilizing a real-time driving simulator so that I can gather comprehensive data on driver behavior and effectively assess the performance of Advanced Driver Assistance Systems (ADAS).

Acceptance Criteria:
- Design and implement at least 5 diverse driving scenarios that reflect real-world conditions within the simulator.
- Collect and analyze data on driver reactions and behaviors in each scenario, ensuring a minimum sample size of 100 driving sessions.
- Validate the performance of ADAS features against predefined benchmarks, achieving at least 90% accuracy in detecting and responding to simulated driving situations.

Test Outline:
- Review the scenarios created in the simulator to ensure they accurately represent real-world driving conditions.
- Analyze the collected data to confirm that the sample size meets the required threshold and assess driver behavior patterns.
- Test the ADAS performance in each scenario and compare the results against the established benchmarks to verify compliance.","that (ISO 29148)
can (NASA ARM)",3,4,1.0,3,4,1.0,3,5,2.0,3,5,2.0,4,5,1.0,3,5,2.0,3,5,2.0,—
A6US5Ll,"As a data analyst, I want to collect and analyze driving data from multiple drivers to train and optimize the Gaussian Mixture Model for driver behavior recognition.","User Story:
As a data analyst, I want to gather and evaluate driving data from a diverse set of drivers so that I can effectively train and refine the Gaussian Mixture Model (GMM) for accurate recognition of driver behavior patterns.

Acceptance Criteria:
- Collect driving data from at least 100 drivers to ensure a robust dataset for analysis.
- Analyze the data to identify and categorize at least 5 distinct driver behavior patterns.
- Achieve a model accuracy of 85% or higher in recognizing driver behaviors after training the GMM.

Test Outline:
- Verify the collection process to ensure data from a minimum of 100 drivers is successfully gathered.
- Review the analysis results to confirm the identification of at least 5 unique behavior patterns.
- Test the trained GMM on a validation dataset to ensure it meets or exceeds the 85% accuracy threshold.","robust (ISO 29148)
it (ISO 29148)
that (ISO 29148)
can (NASA ARM)",3,4,1.0,3,4,1.0,3,5,2.0,2,5,3.0,4,5,1.0,2,5,3.0,3,5,2.0,—
A6US6Ll,"As a control systems engineer, I want to use the recognized driver behavior and intention to optimize the control design of forward collision avoidance (FCA) systems for improved performance.","User Story:
As a control systems engineer, I want to leverage established driver behavior and intentions to enhance the design of forward collision avoidance (FCA) systems, resulting in superior performance and increased safety.

Acceptance Criteria:
- Analyze at least 1000 instances of driver behavior data to identify key patterns and intentions.
- Implement design modifications that lead to a minimum 30% reduction in false positive alerts during FCA activation.
- Achieve a performance improvement of at least 20% in the system's response time to potential collisions.

Test Outline:
- Review and validate the analysis of driver behavior data to ensure comprehensive coverage of various scenarios.
- Conduct tests to measure the rate of false positive alerts before and after implementing design changes.
- Simulate collision scenarios to assess the response time of the FCA system and confirm it meets the performance improvement target.","it (ISO 29148)
that (ISO 29148)",3,4,1.0,3,4,1.0,3,4,1.0,3,5,2.0,4,5,1.0,2,5,3.0,3,4,1.0,—
A6US7Ll,"As a safety expert, I want to evaluate the performance of personalized ADAS in reducing accidents and improving safety outcomes compared to traditional FCA systems.","User Story:
As a safety expert, I want to assess the effectiveness of personalized Advanced Driver Assistance Systems (ADAS) in minimizing accident rates and enhancing safety outcomes in comparison to conventional Forward Collision Avoidance (FCA) systems, so that I can provide data-driven recommendations for improving road safety.

Acceptance Criteria:
- Conduct a comparative analysis showing that personalized ADAS reduces accident rates by at least 30% compared to traditional FCA systems.
- Measure and report improvements in safety outcomes, aiming for a minimum of 25% increase in driver response times in critical situations.
- Gather user feedback indicating at least 80% satisfaction with the personalized ADAS features in enhancing their driving experience.

Test Outline:
- Analyze accident data before and after the implementation of personalized ADAS to confirm the reduction in accident rates.
- Perform simulations or real-world tests to evaluate driver response times and compare them against FCA benchmarks.
- Distribute surveys to users of the personalized ADAS to collect satisfaction ratings and feedback on their experiences.","that (ISO 29148)
can (NASA ARM)",2,4,2.0,1,5,4.0,2,5,3.0,2,5,3.0,4,5,1.0,1,5,4.0,2,5,3.0,—
A6US8Ll,"As a driver, I want to benefit from personalized ADAS that can adapt to my driving style and habits, providing a more comfortable and safe driving experience.","User Story:
As a driver, I want to utilize a personalized Advanced Driver Assistance System (ADAS) that adjusts to my unique driving style and habits, ensuring a more comfortable and safer driving experience.

Acceptance Criteria:
- The ADAS must analyze and adapt to my driving behavior within the first 10 trips to tailor its responses effectively.
- The system should provide real-time feedback on driving habits, aiming for at least a 20% improvement in safety metrics over the first month of use.
- User satisfaction with the ADAS should be measured, targeting a minimum of 85% positive feedback in post-trip surveys.

Test Outline:
- Monitor the system's adaptation process by reviewing driving behavior data collected over the initial trips.
- Evaluate safety metrics before and after using the ADAS to confirm the targeted improvement.
- Conduct user surveys after a set number of trips to assess satisfaction levels and gather feedback on the system's performance.","that (ISO 29148)
more (NASA ARM)",3,4,1.0,3,4,1.0,3,4,1.0,2,5,3.0,4,5,1.0,2,5,3.0,3,4,1.0,—
A6US9Ll,"As an OEM, I want to integrate personalized ADAS into my vehicles to improve customer satisfaction and differentiate my brand from competitors.","User Story:
As an OEM, I want to implement customized Advanced Driver Assistance Systems (ADAS) in my vehicles so that I can enhance customer satisfaction by at least 20% and establish a distinct competitive edge in the automotive market.

Acceptance Criteria:
- Achieve a minimum customer satisfaction score of 85% in post-purchase surveys regarding the ADAS features.
- Differentiate the brand by offering at least 3 unique ADAS functionalities not available in competitor vehicles.
- Ensure that 90% of vehicles produced in the next model year are equipped with the personalized ADAS.

Test Outline:
- Conduct customer satisfaction surveys to measure feedback on the ADAS features and confirm the target score is met.
- Analyze competitor offerings to validate the uniqueness of the ADAS functionalities provided.
- Track production data to ensure that the specified percentage of vehicles includes the personalized ADAS.","that (ISO 29148)
can (NASA ARM)",3,4,1.0,3,5,2.0,3,4,1.0,2,5,3.0,3,5,2.0,2,5,3.0,3,5,2.0,—
A6US10Ll,"As a regulatory body, I want to establish standards and guidelines for the development and testing of personalized ADAS to ensure their safety and effectiveness on public roads.","User Story:
As a regulatory body, I want to create comprehensive standards and guidelines for the development and testing of personalized Advanced Driver Assistance Systems (ADAS) so that we can guarantee their safety and effectiveness for public road use, ultimately reducing accidents and enhancing user trust.

Acceptance Criteria:
- Develop a set of at least 10 specific safety standards that must be met by all personalized ADAS before deployment.
- Establish a testing protocol that includes a minimum of 100 hours of real-world driving scenarios to validate system performance.
- Ensure that compliance with these standards is verified through independent audits conducted at least once a year.

Test Outline:
- Review the drafted safety standards to confirm they cover all critical aspects of ADAS functionality and safety.
- Monitor the testing process to ensure that the required number of driving hours and scenarios are completed and documented.
- Conduct audits of selected ADAS implementations to verify adherence to the established guidelines and standards.","that (ISO 29148)
these (ISO 29148)
all (ISO 29148)
can (NASA ARM)",2,4,2.0,1,4,3.0,2,5,3.0,2,5,3.0,3,3,0.0,1,5,4.0,2,4,2.0,—
A7US1Ll,"As a mental health professional, I want to use machine learning algorithms to predict the onset of mental illness in individuals to provide early intervention and support.","User Story:
As a mental health professional, I want to implement machine learning algorithms to accurately forecast the onset of mental health disorders in individuals so that I can deliver timely interventions and enhance patient support outcomes.

Acceptance Criteria:
- Achieve a prediction accuracy of at least 85% in identifying individuals at risk of developing mental illness.
- Reduce the average time from identification to intervention by 30% compared to current methods.
- Ensure that the system can analyze and process data from at least 500 individuals within a 24-hour period.

Test Outline:
- Validate the prediction accuracy by comparing algorithm outputs against actual diagnoses over a defined period.
- Measure the time taken from risk identification to intervention before and after implementing the machine learning system.
- Test the system's data processing capabilities by inputting data from 500 individuals and confirming the processing time.","that (ISO 29148)
timely (NASA ARM)
can (NASA ARM)",2,4,2.0,1,4,3.0,2,5,3.0,2,5,3.0,3,5,2.0,1,5,4.0,2,5,3.0,—
A7US2Ll,"As a researcher, I want to apply various machine learning algorithms, such as support vector machines and decision trees, to identify the state of mental health in a target group to improve mental health outcomes.","User Story:
As a researcher, I want to implement a range of machine learning algorithms, including support vector machines and decision trees, to accurately assess the mental health status of a specific target group, thereby enhancing mental health outcomes through data-driven insights.

Acceptance Criteria:
- Successfully apply at least three different machine learning algorithms to the dataset and compare their effectiveness in predicting mental health states.
- Achieve a minimum accuracy rate of 85% in identifying mental health conditions within the target group.
- Generate a comprehensive report detailing the findings and recommendations for improving mental health interventions based on the analysis.

Test Outline:
- Validate the implementation of each machine learning algorithm by measuring their accuracy and performance metrics against a validation dataset.
- Review the generated report to ensure it includes actionable insights and recommendations based on the analysis of the mental health data.",it (ISO 29148),2,4,2.0,2,4,2.0,2,4,2.0,2,5,3.0,2,4,2.0,2,5,3.0,2,4,2.0,—
A7US3Ll,"As a developer, I want to create a monitoring tool that uses machine learning algorithms to detect deviant behavior in individuals, enabling early intervention and support.","User Story:
As a developer, I want to build an advanced monitoring tool that leverages machine learning algorithms to identify anomalous behavior patterns in individuals, allowing for timely intervention and support to enhance overall well-being.

Acceptance Criteria:
- Implement machine learning models that achieve at least 90% accuracy in detecting deviant behavior patterns.
- Ensure the tool can process and analyze data in real-time, with a response time of less than 2 seconds for alerts.
- Provide a user-friendly dashboard that displays detected anomalies and suggested interventions, with at least 3 actionable insights per incident.

Test Outline:
- Validate the accuracy of the machine learning models by comparing predictions against a labeled dataset.
- Measure the response time of the tool when processing incoming data to ensure it meets the specified threshold.
- Review the dashboard functionality to confirm it presents detected anomalies and actionable insights clearly and effectively.","it (ISO 29148)
that (ISO 29148)
timely (NASA ARM)
can (NASA ARM)
less (NASA ARM)",2,4,2.0,2,4,2.0,2,4,2.0,2,5,3.0,3,5,2.0,2,5,3.0,2,4,2.0,—
A7US4Ll,"As a healthcare provider, I want to use unsupervised learning techniques to analyze questionnaire responses from target groups, such as high school students and working professionals, to identify patterns and trends in mental health.","User Story:
As a healthcare provider, I want to implement unsupervised learning algorithms to analyze questionnaire responses from specific demographics, including high school students and working professionals, so that I can uncover significant patterns and trends in mental health that inform targeted interventions.

Acceptance Criteria:
- Successfully apply unsupervised learning techniques to at least 1,000 questionnaire responses from each target group.
- Identify and report a minimum of 3 distinct patterns or trends in mental health across the analyzed demographics.
- Validate the findings through cross-referencing with existing mental health data to ensure accuracy and relevance.

Test Outline:
- Review the dataset to confirm that at least 1,000 responses from each demographic have been analyzed using the chosen algorithms.
- Document and present the identified patterns or trends, ensuring at least 3 unique insights are highlighted.
- Compare the results with established mental health statistics to verify the consistency and reliability of the findings.","that (ISO 29148)
significant (ISO 29148)
can (NASA ARM)",2,4,2.0,2,4,2.0,2,5,3.0,2,5,3.0,2,5,3.0,2,5,3.0,2,5,3.0,—
A7US5Ll,"As a data analyst, I want to validate the labels obtained from clustering by computing the Mean Opinion Score to ensure the accuracy of mental health predictions.","User Story:
As a data analyst, I want to assess the accuracy of clustering labels by calculating the Mean Opinion Score (MOS) so that I can ensure the reliability of mental health predictions and improve decision-making based on data insights.

Acceptance Criteria:
- Compute the Mean Opinion Score for the clustering labels, aiming for a score of 4.0 or higher on a 5-point scale.
- Validate the clustering results with at least 80% agreement from a sample of mental health experts.
- Document the findings and provide a report detailing the accuracy and implications of the clustering labels.

Test Outline:
- Perform the MOS calculation and verify that the score meets or exceeds the target threshold.
- Conduct a review session with mental health experts to assess the clustering labels and confirm the level of agreement.
- Compile and present a comprehensive report that outlines the validation process and results.","that (ISO 29148)
can (NASA ARM)",4,4,0.0,4,4,0.0,4,5,1.0,2,5,3.0,4,5,1.0,3,5,2.0,4,5,1.0,—
A7US6Ll,"As a mental health advocate, I want to use machine learning algorithms to identify factors contributing to mental health problems, such as stress and social anxiety, to develop targeted interventions.","User Story:
As a mental health advocate, I want to leverage machine learning algorithms to analyze and identify key factors that contribute to mental health issues, such as stress and social anxiety, so that I can create effective, data-driven interventions tailored to specific needs.

Acceptance Criteria:
- Utilize machine learning models to analyze at least 10,000 data points related to mental health factors.
- Identify and rank the top 5 contributing factors to stress and social anxiety with a confidence level of 90% or higher.
- Develop at least 3 targeted intervention strategies based on the identified factors, with measurable outcomes to assess their effectiveness.

Test Outline:
- Validate the accuracy of the machine learning models by comparing predicted factors against a control group.
- Review the ranked list of contributing factors to ensure they meet the specified confidence level.
- Implement the intervention strategies and measure their impact on mental health outcomes over a 3-month period.","effective (ISO 29148)
that (ISO 29148)
effective (NASA ARM)
can (NASA ARM)",2,4,2.0,2,4,2.0,2,5,3.0,2,5,3.0,3,5,2.0,2,5,3.0,2,5,3.0,—
A7US7Ll,"As a teacher, I want to use a mental health monitoring tool to identify students who may be at risk of mental health problems, enabling early intervention and support.","User Story:
As a teacher, I want to implement a mental health monitoring tool to effectively identify students who may be at risk for mental health issues, allowing for timely intervention and support to enhance their well-being and academic performance.

Acceptance Criteria:
- The tool must analyze student data and flag at least 10% of the student population who exhibit signs of potential mental health concerns.
- Provide actionable insights and recommendations for intervention strategies within 24 hours of identifying at-risk students.
- Ensure that at least 80% of flagged students receive follow-up support from school counselors within one week of identification.

Test Outline:
- Review the tool's reporting capabilities to confirm it accurately identifies the specified percentage of at-risk students.
- Track the time taken from identification to the delivery of insights to ensure it meets the 24-hour requirement.
- Monitor the follow-up support provided to flagged students to verify that the 80% target for counselor engagement is achieved.","it (ISO 29148)
that (ISO 29148)
timely (NASA ARM)
may (NASA ARM)",3,4,1.0,3,4,1.0,3,4,1.0,3,5,2.0,4,5,1.0,2,5,3.0,3,4,1.0,—
A7US8Ll,"As a human resources manager, I want to implement a mental health monitoring tool in the workplace to identify employees who may be struggling with mental health issues, enabling early intervention and support.","User Story:
As a human resources manager, I want to deploy a mental health monitoring tool within the organization so that we can proactively identify employees at risk of mental health challenges, facilitating timely intervention and support to enhance overall workplace well-being.

Acceptance Criteria:
- Implement a mental health monitoring tool that can assess employee well-being at least once a month.
- Achieve a participation rate of 75% or higher among employees in the mental health assessments.
- Provide actionable insights and reports on employee mental health trends to HR within 48 hours of assessment completion.

Test Outline:
- Review the implementation process to ensure the mental health monitoring tool is fully operational and accessible to all employees.
- Analyze participation data to confirm that at least 75% of employees engage with the tool each month.
- Evaluate the timeliness and relevance of the insights and reports generated by the tool to ensure they meet the specified criteria.","that (ISO 29148)
all (ISO 29148)
timely (NASA ARM)
can (NASA ARM)",3,4,1.0,3,4,1.0,3,5,2.0,3,5,2.0,3,5,2.0,2,5,3.0,3,5,2.0,—
A7US9Ll,"As an individual, I want to use a mental health monitoring tool to track my mental health and receive alerts and notifications when I may be at risk of mental health problems.","User Story:
As an individual, I want to utilize a mental health monitoring application to systematically track my mental well-being and receive timely alerts and notifications when I may be at risk of developing mental health issues, ensuring proactive management of my mental health.

Acceptance Criteria:
- The tool must allow users to log daily mental health metrics, with a minimum of 5 different indicators tracked (e.g., mood, stress levels, sleep quality).
- Users should receive alerts when their metrics indicate a risk level that exceeds a predefined threshold, with at least 90% accuracy in risk detection.
- Notifications must be sent within 24 hours of identifying a potential risk, providing users with actionable insights and resources.

Test Outline:
- Review the logged data to ensure that all specified mental health indicators are being tracked accurately.
- Simulate various scenarios to verify that alerts are triggered correctly based on the risk thresholds set within the application.
- Monitor the notification system to confirm that users receive alerts within the stipulated time frame after a risk is detected.","that (ISO 29148)
all (ISO 29148)
timely (NASA ARM)
may (NASA ARM)",3,4,1.0,3,4,1.0,3,4,1.0,2,5,3.0,3,5,2.0,2,5,3.0,3,4,1.0,—
A7US10Ll,"As a policymaker, I want to use the results of machine learning algorithms to inform policy decisions about mental health care, resource allocation, and education to improve mental health outcomes at the population level.","User Story:
As a policymaker, I want to leverage insights derived from machine learning algorithms to guide policy decisions regarding mental health care, resource distribution, and educational initiatives, aiming to enhance mental health outcomes across the entire population.

Acceptance Criteria:
- Utilize machine learning results to identify at least 3 key areas for policy intervention that can lead to measurable improvements in mental health outcomes.
- Allocate resources based on data-driven insights, ensuring that at least 75% of funding is directed towards the most impactful programs identified by the algorithms.
- Implement educational programs that are informed by machine learning findings, with a target of reaching at least 80% of the relevant population within the first year.

Test Outline:
- Analyze the machine learning outputs to confirm the identification of key intervention areas and their potential impact on mental health.
- Review resource allocation reports to ensure compliance with the 75% funding target towards prioritized programs.
- Evaluate the reach and effectiveness of educational initiatives to verify that they engage at least 80% of the target population within the specified timeframe.","most (ISO 29148)
that (ISO 29148)
can (NASA ARM)",3,4,1.0,3,4,1.0,3,4,1.0,2,5,3.0,3,5,2.0,2,5,3.0,3,4,1.0,—
A8US1Ll,"As a cybersecurity expert, I want to use machine learning techniques to detect anomalies in network traffic to identify potential security threats and prevent intrusions.","User Story:
As a cybersecurity expert, I want to implement machine learning algorithms to analyze network traffic for anomaly detection so that I can proactively identify potential security threats and mitigate intrusions before they occur.

Acceptance Criteria:
- Achieve a detection accuracy rate of at least 95% for identifying anomalies in network traffic.
- Reduce false positive rates to below 5% to ensure efficient monitoring without unnecessary alerts.
- Generate real-time alerts within 2 seconds of detecting an anomaly to enable immediate response actions.

Test Outline:
- Evaluate the accuracy of the machine learning model by comparing its predictions against a labeled dataset of network traffic anomalies.
- Monitor the system's false positive rate during a defined testing period to ensure it remains below the specified threshold.
- Test the alerting mechanism to confirm that alerts are generated within the 2-second timeframe upon anomaly detection.","efficient (ISO 29148)
it (ISO 29148)
that (ISO 29148)
can (NASA ARM)",2,4,2.0,1,4,3.0,2,5,3.0,2,5,3.0,3,5,2.0,1,5,4.0,2,5,3.0,—
A8US2Ll,"As a ficial analyst, I want to apply anomaly detection techniques to transactional data to identify fraudulent activities and prevent ficial losses.","User Story:
As a ficial analyst, I want to implement advanced anomaly detection methods on transactional data so that I can effectively identify and mitigate fraudulent activities, thereby reducing potential financial losses by at least 20%.

Acceptance Criteria:
- Successfully apply anomaly detection algorithms to analyze 100% of transactional data within a 24-hour period.
- Achieve a detection accuracy rate of 95% or higher for identifying fraudulent transactions.
- Reduce the average financial loss from fraud by at least 20% within the first quarter of implementation.

Test Outline:
- Validate the implementation of anomaly detection techniques by reviewing the analysis results on the transactional dataset.
- Measure the accuracy of detected anomalies against known fraudulent cases to ensure the target accuracy is met.
- Calculate the financial losses from fraud before and after implementing the detection techniques to confirm the reduction goal is achieved.","that (ISO 29148)
can (NASA ARM)",3,4,1.0,3,4,1.0,3,5,2.0,2,5,3.0,4,5,1.0,2,5,3.0,3,5,2.0,—
A8US3Ll,"As a device maintece engineer, I want to use anomaly detection to identify unusual patterns in device health data to predict and prevent equipment failures.","User Story:
As a device maintece engineer, I want to implement anomaly detection algorithms to analyze device health data for identifying unusual patterns, enabling proactive predictions and prevention of equipment failures.

Acceptance Criteria:
- Achieve at least a 90% accuracy rate in detecting anomalies in device health data.
- Reduce unplanned equipment downtime by 30% within the first quarter of implementation.
- Generate actionable alerts for maintenance teams within 5 minutes of detecting an anomaly.

Test Outline:
- Validate the accuracy of the anomaly detection system by comparing its predictions against historical failure data.
- Monitor and report the reduction in unplanned downtime to ensure it meets the target percentage.
- Test the alert system to confirm that notifications are sent within the specified time frame after an anomaly is detected.","it (ISO 29148)
that (ISO 29148)",3,4,1.0,3,4,1.0,3,4,1.0,2,5,3.0,4,5,1.0,2,5,3.0,3,4,1.0,—
A8US4Ll,"As a data quality manager, I want to detect anomalies in data to identify and correct errors, ensuring that the data is accurate and reliable.","User Story:
As a data quality manager, I want to implement an anomaly detection system for our datasets so that I can proactively identify and rectify errors, ensuring that our data maintains a high standard of accuracy and reliability.

Acceptance Criteria:
- Anomaly detection algorithms must identify at least 95% of data errors within the datasets.
- The system should provide actionable insights for correction within 24 hours of detection.
- A monthly report must be generated to summarize detected anomalies and the corrective actions taken.

Test Outline:
- Validate the effectiveness of the anomaly detection algorithms by comparing identified errors against a manually reviewed dataset.
- Monitor the time taken from anomaly detection to the provision of actionable insights to ensure it meets the 24-hour requirement.
- Review the monthly report for completeness and accuracy in summarizing detected anomalies and corrective measures.","it (ISO 29148)
that (ISO 29148)
can (NASA ARM)",3,4,1.0,3,4,1.0,3,5,2.0,2,5,3.0,4,5,1.0,2,5,3.0,3,5,2.0,—
A8US5Ll,"As a researcher, I want to develop an anomaly detection system using unsupervised clustering techniques, such as K-means and K-medoids partitioning, to identify unusual patterns in data.","User Story:
As a researcher, I want to create an anomaly detection system utilizing unsupervised clustering methods, including K-means and K-medoids, so that I can effectively identify and analyze unusual patterns in large datasets, enhancing the accuracy of my findings.

Acceptance Criteria:
- Implement K-means and K-medoids algorithms to process datasets with at least 10,000 records.
- Achieve a detection accuracy of ≥90% for identifying anomalies compared to a baseline dataset.
- Generate a report detailing the identified anomalies and their characteristics within 24 hours of analysis completion.

Test Outline:
- Validate the implementation by running the algorithms on a sample dataset and measuring the accuracy of detected anomalies against known outliers.
- Review the generated report to ensure it includes comprehensive details on the anomalies identified, including their frequency and impact.","it (ISO 29148)
that (ISO 29148)
can (NASA ARM)",2,4,2.0,2,4,2.0,2,5,3.0,2,5,3.0,3,5,2.0,1,5,4.0,2,5,3.0,—
A8US6Ll,"As a healthcare provider, I want to use wearable devices with embedded sensors to continuously monitor patients' health and detect anomalies in real-time, enabling early intervention and improved health outcomes.","User Story:
As a healthcare provider, I want to leverage wearable devices equipped with advanced sensors to continuously track patients' health metrics and identify anomalies in real-time, facilitating timely interventions and enhancing overall health outcomes.

Acceptance Criteria:
- Wearable devices must monitor at least 5 key health metrics (e.g., heart rate, blood pressure, oxygen saturation) continuously.
- Anomaly detection algorithms should trigger alerts within 1 minute of identifying any critical deviations from established health thresholds.
- The system must enable healthcare providers to access real-time health data and alerts through a dedicated dashboard with a response time of ≤3 seconds.

Test Outline:
- Validate that the wearable devices accurately track and report the specified health metrics continuously.
- Simulate health anomalies to ensure the detection system generates alerts within the required timeframe.
- Test the dashboard's performance to confirm that real-time data is accessible with the specified response time.","that (ISO 29148)
timely (NASA ARM)",3,4,1.0,3,4,1.0,3,4,1.0,3,5,2.0,3,5,2.0,2,5,3.0,3,4,1.0,—
A8US7Ll,"As a caregiver, I want to receive alerts and notifications when anomalies are detected in a patient's health data, enabling me to provide timely and targeted care.","User Story:
As a caregiver, I want to receive real-time alerts and notifications when any anomalies are identified in a patient's health data, so that I can deliver prompt and precise care tailored to their needs.

Acceptance Criteria:
- Alerts must be generated within 1 minute of detecting any health data anomalies.
- Notifications should include specific details about the anomaly, such as type, severity, and recommended actions.
- Caregivers must have the option to customize alert settings based on individual patient needs.

Test Outline:
- Simulate various health data anomalies to verify that alerts are triggered within the specified time frame.
- Review the content of the notifications to ensure they provide comprehensive and actionable information.
- Test the customization feature to confirm that caregivers can adjust alert settings effectively.","that (ISO 29148)
can (NASA ARM)",3,4,1.0,3,4,1.0,3,5,2.0,2,5,3.0,4,5,1.0,2,5,3.0,3,5,2.0,—
A8US8Ll,"As a data scientist, I want to evaluate and compare the performance of different clustering algorithms, including K-means and K-medoids partitioning, to determine the most effective approach for anomaly detection.","User Story:
As a data scientist, I want to systematically assess and compare the effectiveness of various clustering algorithms, such as K-means and K-medoids, so that I can identify the optimal method for detecting anomalies in datasets.

Acceptance Criteria:
- Conduct performance evaluations on at least 5 different clustering algorithms, including K-means and K-medoids, using a standardized dataset.
- Measure and report the accuracy of anomaly detection for each algorithm, aiming for a minimum accuracy threshold of 85%.
- Analyze and document the computational efficiency of each algorithm, ensuring that the processing time does not exceed 10 seconds for datasets of 10,000 records.

Test Outline:
- Implement each clustering algorithm on the selected dataset and record the accuracy of anomaly detection results.
- Benchmark the processing time for each algorithm to confirm it meets the specified efficiency criteria.
- Compile a comparative report detailing the performance metrics of all evaluated algorithms.","it (ISO 29148)
that (ISO 29148)
all (ISO 29148)
can (NASA ARM)",3,4,1.0,3,4,1.0,3,5,2.0,3,5,2.0,3,5,2.0,2,5,3.0,3,5,2.0,—
A8US9Ll,"As a developer, I want to integrate anomaly detection capabilities into smart healthcare systems to enable early-stage detection and improve the efficiency of health services.","User Story:
As a developer, I want to implement advanced anomaly detection features within smart healthcare systems so that we can identify potential health issues at an early stage, thereby enhancing the overall efficiency and effectiveness of health services.

Acceptance Criteria:
- Achieve a detection accuracy rate of at least 90% for identifying anomalies in patient data.
- Ensure that the system can process and analyze data from a minimum of 1,000 patient records in real-time.
- Reduce the average time to detect anomalies to under 5 minutes from the moment data is received.

Test Outline:
- Validate the accuracy of the anomaly detection algorithm by comparing its findings against a set of known anomalies.
- Test the system's performance by inputting 1,000 patient records and measuring the processing time.
- Monitor the time taken from data input to anomaly detection to ensure it meets the specified threshold.","it (ISO 29148)
that (ISO 29148)
can (NASA ARM)",2,4,2.0,2,4,2.0,2,5,3.0,2,5,3.0,3,5,2.0,2,5,3.0,2,5,3.0,—
A8US10Ll,"As a patient, I want to benefit from wearable devices that can detect anomalies in my health data, enabling early detection and prevention of health problems, and improving my overall well-being.","User Story:
As a patient, I want to utilize wearable devices that can identify anomalies in my health data so that I can achieve early detection and prevention of potential health issues, ultimately enhancing my overall well-being.

Acceptance Criteria:
- The wearable device must accurately detect at least 90% of health anomalies based on predefined health metrics.
- Users should receive real-time alerts for any detected anomalies within 1 minute of occurrence.
- The system should provide actionable insights or recommendations for at least 80% of detected anomalies to guide users on next steps.

Test Outline:
- Conduct a series of tests to verify the accuracy of anomaly detection by the wearable device against a control group.
- Monitor the time taken for alerts to be sent to users upon detection of anomalies to ensure compliance with the 1-minute requirement.
- Review the recommendations provided for detected anomalies to confirm that they meet the specified actionable criteria.","that (ISO 29148)
can (NASA ARM)",3,4,1.0,3,4,1.0,3,5,2.0,2,5,3.0,3,5,2.0,2,5,3.0,3,5,2.0,—
A9US1Ll,"As a clinician, I want a clinical decision support system that balances computation time and predictive accuracy to support timely and accurate disease diagnosis.","User Story:
As a clinician, I want an advanced clinical decision support system that optimizes both computation time and predictive accuracy so that I can make timely and precise disease diagnoses, ultimately improving patient outcomes.

Acceptance Criteria:
- The system must provide diagnostic predictions with at least 90% accuracy based on historical data.
- Computation time for generating predictions should not exceed 3 seconds for 95% of cases.
- The system should be able to process and analyze data from at least 5 different sources simultaneously.

Test Outline:
- Validate the accuracy of the diagnostic predictions by comparing them against a set of known outcomes.
- Measure the computation time for predictions across various cases to ensure it meets the time requirement.
- Test the system's ability to integrate and analyze data from multiple sources to confirm it can handle the specified load.","it (ISO 29148)
that (ISO 29148)
be able to (NASA ARM)
timely (NASA ARM)
can (NASA ARM)",3,4,1.0,3,4,1.0,3,5,2.0,3,5,2.0,4,5,1.0,2,5,3.0,3,5,2.0,—
A9US2Ll,"As a data scientist, I want to use machine learning techniques with incremental updates to analyze large collections of medical datasets for disease diagnosis, reducing the computation time and improving predictive accuracy.","User Story:
As a data scientist, I want to implement machine learning algorithms that support incremental updates to efficiently analyze extensive medical datasets for disease diagnosis, thereby minimizing computation time and enhancing predictive accuracy.

Acceptance Criteria:
- Achieve a reduction in computation time by at least 30% compared to traditional batch processing methods.
- Improve predictive accuracy by a minimum of 15% as measured by relevant performance metrics (e.g., F1 score, AUC).
- Ensure that the system can handle dataset updates in real-time without requiring a complete retraining of the model.

Test Outline:
- Benchmark the computation time of the new incremental update approach against the existing batch processing method to confirm the targeted reduction.
- Evaluate the predictive accuracy of the model before and after implementing incremental updates using a validation dataset.
- Test the system's ability to incorporate new data and update predictions without full retraining, ensuring seamless integration.","that (ISO 29148)
can (NASA ARM)",2,4,2.0,2,4,2.0,2,4,2.0,2,5,3.0,3,5,2.0,2,5,3.0,2,4,2.0,—
A9US3Ll,"As a researcher, I want to develop a predictive method for heart disease diagnosis using a combination of unsupervised and supervised learning techniques, including Principal Component Analysis (PCA) and Self-Organizing Map.","User Story:
As a researcher, I want to create an advanced predictive model for diagnosing heart disease by integrating both unsupervised and supervised learning techniques, specifically utilizing Principal Component Analysis (PCA) and Self-Organizing Maps (SOM), to enhance diagnostic accuracy and patient outcomes.

Acceptance Criteria:
- Develop a predictive model that achieves at least 85% accuracy in diagnosing heart disease based on test data.
- Implement PCA to reduce dimensionality, ensuring that at least 90% of the variance in the dataset is retained.
- Utilize SOM to cluster patient data effectively, resulting in at least 4 distinct clusters that represent different risk profiles.

Test Outline:
- Validate the model's accuracy by comparing predictions against a labeled test dataset to confirm it meets the 85% accuracy threshold.
- Analyze the PCA results to ensure that the variance retention is at or above 90%.
- Review the clustering results from the SOM to verify the identification of at least 4 distinct risk profiles among patients.","it (ISO 29148)
that (ISO 29148)",2,4,2.0,2,4,2.0,2,4,2.0,2,5,3.0,2,5,3.0,2,5,3.0,2,4,2.0,—
A9US4Ll,"As a developer, I want to implement Fuzzy Support Vector Machine (Fuzzy SVM) to improve the accuracy of heart disease classification and reduce the impact of missing values in medical datasets.","User Story:
As a developer, I want to integrate a Fuzzy Support Vector Machine (Fuzzy SVM) algorithm into our heart disease classification system so that we can enhance classification accuracy by at least 15% and effectively mitigate the effects of missing values in medical datasets.

Acceptance Criteria:
- Achieve a minimum accuracy improvement of 15% in heart disease classification compared to the current model.
- Demonstrate the Fuzzy SVM's capability to handle datasets with up to 20% missing values without significant loss in performance.
- Validate the model's performance using cross-validation techniques to ensure robustness and reliability.

Test Outline:
- Compare the classification accuracy of the Fuzzy SVM against the existing model using a standardized test dataset.
- Introduce controlled missing values into the dataset and assess the model's performance to confirm it meets the specified threshold.
- Conduct cross-validation to verify the consistency of the model's performance across different subsets of the data.","it (ISO 29148)
that (ISO 29148)
significant (ISO 29148)
capability to (NASA ARM)
can (NASA ARM)",3,4,1.0,3,4,1.0,3,5,2.0,2,5,3.0,3,5,2.0,2,5,3.0,3,5,2.0,—
A9US5Ll,"As a data analyst, I want to use imputation techniques to handle missing values in medical datasets, ensuring that the data is complete and accurate for analysis.","User Story:
As a data analyst, I want to apply advanced imputation techniques to effectively manage missing values in medical datasets so that the data is comprehensive and reliable for accurate analysis and decision-making.

Acceptance Criteria:
- Implement at least three different imputation methods (e.g., mean, median, and KNN) to handle missing values.
- Achieve a minimum data completeness rate of 95% across all medical datasets post-imputation.
- Validate the accuracy of the imputed data by comparing statistical distributions before and after imputation, ensuring they remain consistent.

Test Outline:
- Review the imputation methods applied to confirm that at least three techniques were utilized.
- Calculate the completeness rate of the datasets to ensure it meets or exceeds the 95% threshold.
- Perform statistical tests to compare the distributions of key variables before and after imputation to verify accuracy.","reliable (ISO 29148)
it (ISO 29148)
that (ISO 29148)
all (ISO 29148)",3,4,1.0,3,4,1.0,3,5,2.0,2,5,3.0,4,5,1.0,2,5,3.0,3,5,2.0,—
A9US9Ll,"As a patient, I want to benefit from a clinical decision support system that can provide timely and accurate diagnoses, reducing the risk of misdiagnosis and improving health outcomes.","User Story:
As a patient, I want to utilize a clinical decision support system that delivers prompt and precise diagnoses so that I can minimize the chances of misdiagnosis and enhance my overall health outcomes.

Acceptance Criteria:
- The system must provide diagnostic recommendations within 2 minutes of patient data input.
- Achieve an accuracy rate of at least 90% in the diagnoses suggested by the system.
- Reduce the incidence of misdiagnosis by 30% compared to previous diagnostic methods.

Test Outline:
- Track the time taken for the system to generate diagnostic recommendations after data input to ensure it meets the 2-minute requirement.
- Conduct a review of the diagnostic accuracy by comparing system recommendations against confirmed diagnoses to verify the 90% accuracy rate.
- Analyze patient outcomes to measure the reduction in misdiagnosis rates before and after implementing the system.","it (ISO 29148)
that (ISO 29148)
can (NASA ARM)",2,4,2.0,1,4,3.0,2,5,3.0,2,5,3.0,3,5,2.0,1,5,4.0,2,5,3.0,—
A9US7Ll,"As a clinician, I want to use a clinical decision support system that can learn from new data incrementally, improving its predictive accuracy over time without requiring retraining from scratch.","User Story:
As a clinician, I want to utilize a clinical decision support system that incrementally learns from new patient data, enhancing its predictive accuracy continuously without the need for complete retraining, so that I can make more informed decisions based on the latest information.

Acceptance Criteria:
- The system must demonstrate an improvement in predictive accuracy by at least 10% over a 6-month period as it learns from new data.
- The incremental learning process should allow updates to the model without exceeding a downtime of 1 hour per update.
- The system should provide a report detailing the accuracy improvements and data sources used for learning every quarter.

Test Outline:
- Evaluate the predictive accuracy of the system before and after the incremental learning process to confirm the 10% improvement.
- Monitor the system's uptime during updates to ensure it does not exceed the 1-hour limit.
- Review the quarterly reports to verify the accuracy improvements and the data utilized for the learning process.","it (ISO 29148)
that (ISO 29148)
every (ISO 29148)
can (NASA ARM)
more (NASA ARM)",4,5,1.0,2,4,2.0,3,5,2.0,2,5,3.0,4,5,1.0,2,5,3.0,3,5,2.0,—
A9US8Ll,"As a researcher, I want to evaluate the effectiveness of the proposed method using real-world datasets, such as Cleveland and Statlog, to demonstrate its feasibility and accuracy in heart disease diagnosis.","User Story:
As a researcher, I want to assess the efficacy of the proposed diagnostic method by utilizing real-world datasets, including the Cleveland and Statlog datasets, to validate its feasibility and accuracy in diagnosing heart disease.

Acceptance Criteria:
- Conduct a comparative analysis of the proposed method's performance against established benchmarks using the Cleveland dataset.
- Achieve an accuracy rate of at least 85% in heart disease diagnosis when evaluated with the Statlog dataset.
- Document and present findings that highlight the method's strengths and weaknesses based on the analysis of both datasets.

Test Outline:
- Analyze the results from the Cleveland dataset and compare them to existing diagnostic methods to ensure the proposed method meets or exceeds performance benchmarks.
- Evaluate the accuracy of the proposed method using the Statlog dataset and confirm that it achieves the target accuracy rate.
- Compile a comprehensive report detailing the evaluation process, results, and implications for heart disease diagnosis.","it (ISO 29148)
that (ISO 29148)",3,4,1.0,3,4,1.0,3,4,1.0,3,5,2.0,3,5,2.0,2,5,3.0,3,4,1.0,—
A9US9Ll,"As a patient, I want to benefit from a clinical decision support system that can provide timely and accurate diagnoses, reducing the risk of misdiagnosis and improving health outcomes.","User Story:
As a patient, I want to utilize a clinical decision support system that delivers prompt and precise diagnoses so that I can minimize the chances of misdiagnosis and enhance my overall health outcomes.

Acceptance Criteria:
- The system must provide diagnostic recommendations within 2 minutes of patient data input.
- Achieve an accuracy rate of at least 90% in the diagnoses suggested by the system.
- Reduce the incidence of misdiagnosis by 30% compared to previous diagnostic methods.

Test Outline:
- Track the time taken for the system to generate diagnostic recommendations after data input to ensure it meets the 2-minute requirement.
- Conduct a review of the diagnostic accuracy by comparing system recommendations against confirmed diagnoses to verify the 90% accuracy rate.
- Analyze patient outcomes to measure the reduction in misdiagnosis rates before and after implementing the system.","it (ISO 29148)
that (ISO 29148)
can (NASA ARM)",2,4,2.0,1,4,3.0,2,5,3.0,2,5,3.0,3,5,2.0,1,5,4.0,2,5,3.0,—
A9US10Ll,"As a system developer, I want to design and implement a clinical decision support system that can adapt to new data and changing patterns in medical datasets, ensuring that it remains accurate and effective over time.","User Story:
As a system developer, I want to create and deploy a clinical decision support system that dynamically adjusts to evolving medical data and patterns, ensuring sustained accuracy and effectiveness in clinical decision-making over time.

Acceptance Criteria:
- The system must integrate new medical data sources and update its algorithms at least once every month.
- Achieve a minimum accuracy rate of 90% in clinical recommendations based on the latest data inputs.
- Ensure that the system can process and analyze data patterns with a response time of less than 3 seconds for real-time decision support.

Test Outline:
- Validate the integration of new data sources by checking the system's ability to update its algorithms and recommendations monthly.
- Measure the accuracy of clinical recommendations against a benchmark dataset to confirm it meets or exceeds the 90% threshold.
- Test the system's response time during data processing to ensure it consistently delivers results in under 3 seconds.","it (ISO 29148)
that (ISO 29148)
every (ISO 29148)
can (NASA ARM)
less (NASA ARM)",2,4,2.0,2,4,2.0,2,4,2.0,2,5,3.0,2,5,3.0,1,5,4.0,2,4,2.0,—
A10US1Ll,"As a person with diabetes, I want to use an automatic prediction model that can warn me of imminent changes in my blood glucose levels, so that I can take preventive action to avoid serious complications.","User Story:
As a person with diabetes, I want to utilize an automated prediction model that alerts me to potential fluctuations in my blood glucose levels, so that I can proactively take measures to prevent serious health complications.

Acceptance Criteria:
- The prediction model must provide alerts for blood glucose changes with at least 90% accuracy.
- Notifications should be delivered at least 10 minutes in advance of predicted changes to allow for timely intervention.
- The system should integrate seamlessly with my existing glucose monitoring devices to ensure real-time data input.

Test Outline:
- Validate the accuracy of the prediction model by comparing its alerts against actual blood glucose level changes over a defined period.
- Monitor the lead time of notifications to ensure they are received at least 10 minutes prior to any predicted fluctuations.
- Test the integration with glucose monitoring devices to confirm that data is being accurately captured and utilized by the prediction model.","that (ISO 29148)
timely (NASA ARM)
can (NASA ARM)",4,5,1.0,4,4,0.0,4,5,1.0,3,5,2.0,4,5,1.0,2,5,3.0,4,5,1.0,—
A10US2Ll,"As a healthcare professional, I want to use a predictive model that can outperform diabetes experts in predicting blood glucose levels, so that I can provide more accurate and effective care to my patients.","User Story:
As a healthcare professional, I want to implement a predictive model that consistently exceeds the accuracy of diabetes specialists in forecasting blood glucose levels, so that I can deliver enhanced and more precise care to my patients.

Acceptance Criteria:
- The predictive model must achieve an accuracy rate of at least 90% in blood glucose level predictions compared to expert assessments.
- The model should demonstrate a reduction in prediction error by at least 15% when evaluated against historical patient data.
- The implementation of the model should lead to a measurable improvement in patient outcomes, such as a 20% decrease in hypoglycemic events within the first 6 months of use.

Test Outline:
- Conduct a comparative analysis of the model's predictions against those of diabetes experts to verify the accuracy rate.
- Analyze historical patient data to calculate the reduction in prediction error before and after the model's implementation.
- Monitor patient outcomes over a 6-month period to assess the impact of the predictive model on hypoglycemic events.","that (ISO 29148)
those (ISO 29148)
can (NASA ARM)
more (NASA ARM)",3,4,1.0,3,4,1.0,4,5,1.0,3,5,2.0,3,5,2.0,2,5,3.0,3,5,2.0,—
A10US3Ll,"As a researcher, I want to develop a solution that uses a generic physiological model to generate informative features for a Support Vector Regression model, so that I can improve the accuracy of blood glucose level predictions.","User Story:
As a researcher, I want to create a robust solution that leverages a generic physiological model to extract valuable features for a Support Vector Regression (SVR) model, so that I can enhance the precision of blood glucose level predictions by at least 15%.

Acceptance Criteria:
- Develop and validate a physiological model that generates at least 10 informative features relevant to blood glucose levels.
- Achieve an improvement in prediction accuracy of the SVR model by a minimum of 15% compared to the baseline model.
- Ensure that the feature extraction process is completed within 30 seconds to maintain efficiency in data processing.

Test Outline:
- Test the physiological model to confirm it produces the required number of informative features.
- Compare the accuracy of the SVR model with and without the new features to verify the targeted improvement.
- Measure the time taken for feature extraction to ensure it meets the efficiency criteria.","robust (ISO 29148)
it (ISO 29148)
that (ISO 29148)
can (NASA ARM)",4,5,1.0,3,4,1.0,4,5,1.0,3,5,2.0,3,5,2.0,2,5,3.0,3,5,2.0,—
A10US4Ll,"As a person with diabetes, I want to receive alerts 30 minutes in advance of hypoglycemic events, so that I can take action to prevent them and avoid serious consequences.","User Story:
As a person with diabetes, I want to receive alerts 30 minutes prior to potential hypoglycemic events so that I can proactively take measures to prevent these occurrences and mitigate any serious health risks.

Acceptance Criteria:
- Alerts must be triggered at least 30 minutes before a predicted hypoglycemic event based on real-time glucose monitoring data.
- The alert system should have a 95% accuracy rate in predicting hypoglycemic events to ensure reliability.
- Users should have the option to customize alert settings, including notification methods (e.g., SMS, app notification).

Test Outline:
- Monitor the alert system's performance to confirm that alerts are sent at least 30 minutes before the predicted event.
- Analyze the accuracy of the alerts by comparing predicted events with actual hypoglycemic occurrences over a defined period.
- Test the customization feature to ensure users can successfully modify their alert preferences and receive notifications as intended.","that (ISO 29148)
these (ISO 29148)
can (NASA ARM)",4,4,0.0,4,4,0.0,5,5,0.0,4,5,1.0,4,5,1.0,2,5,3.0,4,5,1.0,—
A10US5Ll,"As a healthcare administrator, I want to use a predictive model that can anticipate almost a quarter of hypoglycemic events, so that I can reduce the risk of complications and improve patient outcomes.","User Story:
As a healthcare administrator, I want to implement a predictive analytics model capable of identifying at least 25% of potential hypoglycemic events, so that I can significantly lower the risk of complications and enhance overall patient health outcomes.

Acceptance Criteria:
- The predictive model must accurately forecast a minimum of 25% of hypoglycemic events based on historical patient data.
- The model's predictions should be validated with a sensitivity rate of at least 80% to ensure reliability.
- Implement a monitoring system to track the reduction in hypoglycemic incidents over a 6-month period, aiming for a decrease of at least 15%.

Test Outline:
- Analyze historical data to evaluate the model's ability to predict hypoglycemic events and confirm it meets the 25% threshold.
- Conduct tests to measure the sensitivity of the model and ensure it achieves the required accuracy.
- Review patient incident reports over the specified period to assess the effectiveness of the predictive model in reducing hypoglycemic events.","it (ISO 29148)
that (ISO 29148)
can (NASA ARM)",3,4,1.0,3,4,1.0,4,5,1.0,3,5,2.0,3,5,2.0,2,5,3.0,3,5,2.0,—
A10US6Ll,"As a data analyst, I want to analyze blood glucose-specific data to train a Support Vector Regression model, so that I can improve the accuracy of predictions and reduce false alarms.","User Story:
As a data analyst, I want to conduct a detailed analysis of blood glucose-specific datasets to develop a Support Vector Regression (SVR) model, so that I can enhance prediction accuracy by at least 15% and minimize false alarms by 20%.

Acceptance Criteria:
- Analyze and preprocess blood glucose data to ensure it is clean and suitable for model training.
- Achieve a minimum prediction accuracy improvement of 15% compared to the baseline model.
- Reduce the rate of false alarms by at least 20% after implementing the SVR model.

Test Outline:
- Validate the data preprocessing steps by checking for missing values and outliers in the dataset.
- Compare the accuracy of the new SVR model against the baseline model using a defined metric (e.g., Mean Absolute Error).
- Monitor the frequency of false alarms before and after the model implementation to confirm the reduction target is met.","it (ISO 29148)
that (ISO 29148)
can (NASA ARM)",3,4,1.0,3,4,1.0,4,5,1.0,3,5,2.0,3,5,2.0,2,5,3.0,3,5,2.0,—
A10US7Ll,"As a person with diabetes, I want to receive alerts that are accurate and actionable, so that I can trust the system and take appropriate action to manage my blood glucose levels.","User Story:
As a person with diabetes, I want to receive precise and actionable alerts regarding my blood glucose levels so that I can confidently rely on the system and take timely actions to maintain optimal health.

Acceptance Criteria:
- Alerts must have an accuracy rate of at least 95% to ensure reliability.
- Each alert should include specific recommendations for action based on the glucose reading, such as dietary adjustments or medication reminders.
- Users should receive alerts within 2 minutes of a significant glucose level change to facilitate prompt response.

Test Outline:
- Conduct a series of tests to verify the accuracy of alerts against actual glucose readings, ensuring the 95% threshold is met.
- Review the content of alerts to confirm they provide clear and actionable recommendations.
- Monitor the time taken to deliver alerts after a glucose level change to ensure it meets the 2-minute requirement.","it (ISO 29148)
that (ISO 29148)
significant (ISO 29148)
timely (NASA ARM)
can (NASA ARM)",3,4,1.0,3,4,1.0,4,5,1.0,3,5,2.0,3,5,2.0,2,5,3.0,3,5,2.0,—
A10US8Ll,"As a healthcare professional, I want to use a predictive model that can identify near-hypoglycemic regions, so that I can provide targeted interventions and reduce the risk of complications.","User Story:
As a healthcare professional, I want to implement a predictive analytics model that accurately identifies regions at risk of near-hypoglycemia, so that I can deliver timely and targeted interventions, ultimately decreasing the likelihood of complications by at least 30%.

Acceptance Criteria:
- The predictive model must achieve an accuracy rate of 85% or higher in identifying near-hypoglycemic regions.
- The model should provide actionable insights within 5 minutes of data input to facilitate prompt decision-making.
- A reduction in hypoglycemic events by at least 20% should be observed within 3 months of implementing the model.

Test Outline:
- Validate the model's accuracy by comparing its predictions against actual hypoglycemic incidents over a defined period.
- Measure the time taken from data input to actionable insights to ensure it meets the 5-minute requirement.
- Track the incidence of hypoglycemic events before and after the model's implementation to confirm the targeted reduction.","it (ISO 29148)
that (ISO 29148)
timely (NASA ARM)
can (NASA ARM)",3,4,1.0,3,4,1.0,4,5,1.0,3,5,2.0,4,5,1.0,2,5,3.0,3,5,2.0,—
A10US9Ll,"As a researcher, I want to improve the precision of the predictive model, so that I can increase the confidence of patients and healthcare professionals in the system.","User Story:
As a researcher, I want to enhance the accuracy of the predictive model so that I can boost the trust and reliance of both patients and healthcare professionals in the system's recommendations.

Acceptance Criteria:
- Achieve a model precision rate of at least 90% as measured by validation datasets.
- Reduce false positive rates to below 5% to ensure reliable predictions.
- Conduct user feedback sessions with at least 30 patients and healthcare professionals to assess confidence levels in the model post-implementation.

Test Outline:
- Evaluate the predictive model's precision using a comprehensive validation dataset to confirm it meets the target.
- Analyze the false positive rates through a series of test cases to ensure they remain under the specified threshold.
- Gather and analyze feedback from the user sessions to quantify improvements in confidence levels.","reliable (ISO 29148)
it (ISO 29148)
that (ISO 29148)
can (NASA ARM)",3,4,1.0,3,5,2.0,4,5,1.0,3,5,2.0,4,5,1.0,2,5,3.0,3,5,2.0,—
A10US10Ll,"As a person with diabetes, I want to use a predictive model that can help me avoid false alarms and unnecessary interventions, so that I can manage my blood glucose levels more effectively and improve my quality of life.","User Story:
As a person with diabetes, I want to utilize an advanced predictive model that minimizes false alarms and reduces unnecessary medical interventions, so that I can maintain optimal blood glucose levels and enhance my overall quality of life.

Acceptance Criteria:
- The predictive model must achieve a false alarm rate of less than 5% during real-time monitoring.
- The model should provide actionable insights that lead to a 20% reduction in unnecessary interventions over a 3-month period.
- User feedback should indicate a satisfaction score of 8/10 or higher regarding the model's effectiveness in managing blood glucose levels.

Test Outline:
- Analyze the frequency of false alarms generated by the predictive model to ensure it meets the specified rate.
- Track the number of unnecessary interventions before and after implementing the model to confirm the targeted reduction.
- Conduct user surveys to gather feedback on the model's performance and calculate the average satisfaction score.","it (ISO 29148)
that (ISO 29148)
can (NASA ARM)
less (NASA ARM)",3,4,1.0,3,4,1.0,4,5,1.0,3,5,2.0,3,5,2.0,2,5,3.0,3,5,2.0,—
A11US1Ll,"As a researcher, I want to be able to train the digital twin model using paired data (digital templates and corresponding printed images) so that I can evaluate its performance in generating and predicting printed CDP.","User Story:
As a researcher, I want to train the digital twin model utilizing paired datasets of digital templates and their corresponding printed images so that I can rigorously assess its effectiveness in generating and accurately predicting printed Customer Data Profiles (CDP).

Acceptance Criteria:
- Successfully compile a dataset of at least 100 paired digital templates and printed images for model training.
- Achieve a model accuracy of 85% or higher in predicting printed CDP based on the training data.
- Validate the model's performance through a comparative analysis against a baseline model, demonstrating at least a 10% improvement in prediction accuracy.

Test Outline:
- Verify the completeness and quality of the paired dataset to ensure it meets the minimum requirement for training.
- Conduct model training and evaluate its accuracy using a separate validation dataset to confirm it meets the target threshold.
- Perform a comparative analysis of the new model against the baseline to quantify the improvement in prediction accuracy.","it (ISO 29148)
that (ISO 29148)
can (NASA ARM)",3,4,1.0,3,4,1.0,4,5,1.0,3,5,2.0,3,5,2.0,2,5,3.0,3,5,2.0,—
A11US2Ll,"As a security expert, I want to use the digital twin model to detect counterfeit products by comparing the predicted printed CDP with the actual printed image, so that I can identify potential counterfeits.","User Story:
As a security expert, I want to leverage the digital twin model to identify counterfeit products by analyzing discrepancies between the predicted printed CDP and the actual printed image, so that I can effectively pinpoint potential counterfeits and enhance product integrity.

Acceptance Criteria:
- The digital twin model must achieve a detection accuracy of at least 95% when comparing predicted and actual printed images.
- The system should process and analyze each product image within 3 seconds to ensure timely identification.
- A report of identified counterfeits must be generated, detailing at least 90% of the detected discrepancies for further investigation.

Test Outline:
- Validate the accuracy of the digital twin model by comparing its predictions against a set of known counterfeit and genuine products.
- Measure the processing time for each product image to confirm it meets the 3-second requirement.
- Review the generated reports to ensure they include comprehensive details on discrepancies and identified counterfeits.","it (ISO 29148)
that (ISO 29148)
timely (NASA ARM)
can (NASA ARM)",4,4,0.0,3,4,1.0,4,5,1.0,3,5,2.0,3,5,2.0,2,5,3.0,3,5,2.0,—
A11US3Ll,"As a developer, I want to be able to modify the architectural design of the digital twin model (e.g., switch from pix2pix to CycleGAN) so that I can experiment with different architectures and evaluate their impact on performance.","User Story:
As a developer, I want the capability to alter the architectural framework of the digital twin model, such as transitioning from pix2pix to CycleGAN, so that I can conduct experiments with various architectures and assess their effects on performance metrics.

Acceptance Criteria:
- Implement a feature that allows switching between at least 3 different model architectures, including pix2pix and CycleGAN.
- Ensure that performance metrics (e.g., accuracy, processing time) can be tracked and compared for each architecture tested.
- Provide documentation on how to modify the architecture and interpret the performance results.

Test Outline:
- Verify that the system allows for seamless switching between the specified model architectures without errors.
- Measure and compare the performance metrics for each architecture to confirm that the evaluation process is functioning correctly.
- Review the documentation for clarity and completeness, ensuring it guides users through the modification and evaluation process.","it (ISO 29148)
that (ISO 29148)
capability to (NASA ARM)
can (NASA ARM)",3,4,1.0,3,4,1.0,4,5,1.0,3,5,2.0,4,5,1.0,2,5,3.0,3,5,2.0,—
A11US4Ll,"As a user, I want to be able to provide unpaired data (digital templates and printed images without matching pairs) to the digital twin model so that I can still train and use the model for generating and predicting printed CDP.","User Story:
As a user, I want to input unpaired data, including digital templates and printed images that do not have corresponding pairs, into the digital twin model so that I can effectively train the model and utilize it for generating and predicting printed Customer Data Profiles (CDP).

Acceptance Criteria:
- Successfully upload unpaired digital templates and printed images into the digital twin model without errors.
- Ensure that the model can process and learn from at least 80% of the provided unpaired data.
- Validate that the model generates accurate predictions for printed CDP with a minimum accuracy rate of 75%.

Test Outline:
- Test the upload functionality to confirm that unpaired data can be submitted without issues.
- Analyze the model's learning outcomes to ensure it effectively utilizes the unpaired data, achieving the specified processing rate.
- Evaluate the accuracy of the generated printed CDP predictions against a benchmark to confirm it meets or exceeds the accuracy requirement.","it (ISO 29148)
that (ISO 29148)
can (NASA ARM)",3,4,1.0,3,4,1.0,4,5,1.0,3,5,2.0,4,5,1.0,2,5,3.0,3,5,2.0,—
A11US5Ll,"As a researcher, I want to evaluate the performance of the digital twin model using various metrics (e.g., PSNR, SSIM, LPIPS) so that I can understand its strengths and weaknesses.","User Story:
As a researcher, I want to assess the effectiveness of the digital twin model through a comprehensive analysis using multiple performance metrics (such as PSNR, SSIM, and LPIPS) so that I can identify its strengths and weaknesses quantitatively.

Acceptance Criteria:
- Conduct performance evaluations using PSNR, ensuring a minimum score of 30 dB for acceptable quality.
- Measure SSIM values, aiming for a target of 0.85 or higher to indicate good structural similarity.
- Calculate LPIPS scores, with a goal of achieving a value of 0.1 or lower to demonstrate high perceptual similarity.

Test Outline:
- Collect and analyze PSNR data to confirm that the model meets or exceeds the 30 dB threshold.
- Evaluate SSIM results to ensure they reach the target of 0.85 or above.
- Assess LPIPS scores to verify that they are at or below the 0.1 mark, indicating satisfactory performance.","that (ISO 29148)
can (NASA ARM)",4,4,0.0,3,4,1.0,4,5,1.0,3,5,2.0,4,5,1.0,2,5,3.0,3,5,2.0,—
A11US6Ll,"As a developer, I want to be able to integrate the digital twin model with existing printing and imaging devices so that I can use the model in practical applications.","User Story:
As a developer, I want to seamlessly integrate the digital twin model with current printing and imaging devices so that I can leverage the model for practical applications, enhancing operational efficiency and accuracy.

Acceptance Criteria:
- Successfully establish a connection between the digital twin model and at least 3 different printing and imaging devices.
- Ensure that the integration allows for real-time data exchange with a latency of less than 200 milliseconds.
- Validate that the digital twin model can be utilized in at least 2 distinct practical applications, demonstrating its effectiveness.

Test Outline:
- Test the integration by connecting the digital twin model to the specified printing and imaging devices and confirm successful communication.
- Measure the latency of data exchange during the integration process to ensure it meets the performance criteria.
- Implement the model in practical applications and assess its functionality and impact on operational processes.","it (ISO 29148)
that (ISO 29148)
can (NASA ARM)
less (NASA ARM)",3,4,1.0,3,4,1.0,4,5,1.0,3,5,2.0,4,5,1.0,2,5,3.0,3,5,2.0,—
A11US7Ll,"As a security expert, I want to use the digital twin model to generate digital templates from printed CDP so that I can create reference images for comparison.","User Story:
As a security expert, I want to leverage the digital twin model to produce digital templates from printed CDP materials so that I can establish accurate reference images for effective comparison and analysis.

Acceptance Criteria:
- Generate digital templates from at least 95% of printed CDP samples with a fidelity of 99% or higher.
- Ensure that the digital templates can be created within a processing time of 10 minutes per sample.
- Validate that the reference images can be compared against the originals with a discrepancy threshold of ≤2%.

Test Outline:
- Review the generated digital templates to confirm they meet the fidelity requirement by comparing them to the original printed CDP samples.
- Measure the time taken to create each digital template to ensure it adheres to the 10-minute processing limit.
- Conduct a comparison analysis between the reference images and the originals to verify that discrepancies remain within the acceptable threshold.","effective (ISO 29148)
it (ISO 29148)
that (ISO 29148)
effective (NASA ARM)
can (NASA ARM)",4,4,0.0,3,4,1.0,4,5,1.0,3,5,2.0,4,5,1.0,2,5,3.0,3,5,2.0,—
A11US8Ll,"As a researcher, I want to compare the performance of the digital twin model with state-of-the-art methods for image-to-image translation so that I can evaluate its competitiveness.","User Story:
As a researcher, I want to systematically assess the performance of the digital twin model against leading-edge techniques in image-to-image translation so that I can determine its relative effectiveness and market viability.

Acceptance Criteria:
- Conduct performance comparisons using at least 5 benchmark datasets to ensure comprehensive evaluation.
- Measure and report key performance metrics, including accuracy, speed, and resource utilization, with a target of achieving at least 90% accuracy compared to state-of-the-art methods.
- Document findings in a comparative analysis report that highlights strengths and weaknesses of the digital twin model.

Test Outline:
- Execute the image-to-image translation tasks using both the digital twin model and state-of-the-art methods on the selected datasets, recording performance metrics.
- Analyze the results to confirm that the digital twin model meets or exceeds the established performance benchmarks.
- Review the comparative analysis report for clarity and completeness, ensuring it effectively communicates the evaluation results.","it (ISO 29148)
that (ISO 29148)
can (NASA ARM)",4,4,0.0,3,4,1.0,4,5,1.0,3,5,2.0,3,5,2.0,2,5,3.0,3,5,2.0,—
A11US9Ll,"As a developer, I want to access the simulation code and extended results of the digital twin model so that I can reproduce the experiments and extend the model.","User Story:
As a developer, I want to obtain access to the simulation code and comprehensive results of the digital twin model so that I can accurately reproduce the experiments and enhance the model's capabilities for future applications.

Acceptance Criteria:
- Ensure that the simulation code is available in a version-controlled repository with clear documentation.
- Provide access to the extended results of the digital twin model, including all relevant datasets and performance metrics.
- Confirm that the model can be reproduced with at least 95% accuracy compared to the original experiments.

Test Outline:
- Verify that the simulation code is accessible and properly documented in the repository.
- Check that all extended results and datasets are available for download and review.
- Conduct a series of experiments using the provided code and results to validate that the reproduction accuracy meets the specified threshold.","that (ISO 29148)
all (ISO 29148)
can (NASA ARM)",3,4,1.0,3,4,1.0,4,5,1.0,3,5,2.0,4,5,1.0,2,5,3.0,3,5,2.0,—
A11US10Ll,"As a user, I want to be able to use the digital twin model in a variety of practical setups (e.g., different printing and imaging devices, different types of CDP) so that I can apply the model in various scenarios.","User Story:
As a user, I want to utilize the digital twin model across multiple practical applications, including various printing and imaging devices as well as different types of Customer Data Platforms (CDPs), so that I can effectively implement the model in diverse scenarios and maximize its utility.

Acceptance Criteria:
- The digital twin model must be compatible with at least 5 different printing and imaging devices.
- The model should support integration with a minimum of 3 distinct types of Customer Data Platforms (CDPs).
- Documentation must be provided to guide users on applying the model in at least 4 different practical scenarios.

Test Outline:
- Test the digital twin model with each of the specified printing and imaging devices to confirm compatibility.
- Verify successful integration of the model with the identified types of CDPs.
- Review the provided documentation to ensure it includes practical examples and guidance for the specified scenarios.","it (ISO 29148)
that (ISO 29148)
can (NASA ARM)",3,3,0.0,3,3,0.0,4,4,0.0,3,4,1.0,3,3,0.0,2,4,2.0,3,4,1.0,—
A12US1Ll,"As a public health official, I want to access accurate firearm assault data to inform prevention strategies and reduce firearm violence in my community.","User Story:
As a public health official, I want to obtain precise and up-to-date firearm assault statistics so that I can develop effective prevention strategies aimed at decreasing firearm-related violence in my community.

Acceptance Criteria:
- Access to firearm assault data must be updated at least quarterly to ensure accuracy and relevance.
- Data should include a breakdown of incidents by demographics, location, and time to facilitate targeted interventions.
- A report summarizing trends and insights from the data must be generated and made available within 2 weeks of each data update.

Test Outline:
- Verify the frequency of data updates to confirm they occur at least every three months.
- Analyze the data for demographic and geographic breakdowns to ensure comprehensive coverage.
- Review the generated report for timely delivery and relevance to current trends in firearm assaults.","effective (ISO 29148)
that (ISO 29148)
every (ISO 29148)
effective (NASA ARM)
timely (NASA ARM)
can (NASA ARM)",3,4,1.0,3,4,1.0,3,5,2.0,2,5,3.0,4,5,1.0,2,5,3.0,3,5,2.0,—
A12US2Ll,"As a researcher, I want to develop a novel machine-learning algorithm, the Firearm Violence Vulnerability Index (FVVI), to forecast community risk for shooting incidents and identify at-risk populations.","User Story:
As a researcher, I want to create an innovative machine-learning algorithm called the Firearm Violence Vulnerability Index (FVVI) so that I can accurately predict community risks for shooting incidents and effectively identify populations that are at higher risk.

Acceptance Criteria:
- The FVVI must achieve a prediction accuracy of at least 85% when tested against historical shooting incident data.
- The algorithm should be able to process and analyze data from a minimum of 10 different community risk factors.
- The tool must generate actionable insights and risk assessments within 30 seconds of input data submission.

Test Outline:
- Validate the prediction accuracy of the FVVI by comparing its forecasts against actual shooting incidents over a defined period.
- Review the algorithm's ability to incorporate and analyze the specified community risk factors to ensure comprehensive risk assessment.
- Measure the response time of the FVVI to confirm it meets the 30-second requirement for generating insights.","it (ISO 29148)
that (ISO 29148)
be able to (NASA ARM)
can (NASA ARM)",2,4,2.0,1,4,3.0,1,5,4.0,2,5,3.0,3,5,2.0,1,5,4.0,2,5,3.0,—
A12US3Ll,"As a community leader, I want to use the FVVI to predict where rates of firearm violence are highest in my city, so that I can target prevention efforts and allocate resources effectively.","User Story:
As a community leader, I want to leverage the Firearm Violence Vulnerability Index (FVVI) to accurately identify areas with the highest rates of firearm violence in my city, so that I can strategically focus prevention initiatives and allocate resources in a manner that maximizes impact.

Acceptance Criteria:
- Generate a detailed report from the FVVI that highlights the top 10 neighborhoods with the highest firearm violence rates.
- Ensure that the data is updated at least quarterly to reflect the most current trends and patterns.
- Develop a resource allocation plan that targets at least 3 specific prevention programs in the identified high-risk areas.

Test Outline:
- Validate the accuracy of the FVVI report by cross-referencing it with local law enforcement data on firearm incidents.
- Check the frequency of data updates to confirm they occur at the specified quarterly intervals.
- Review the resource allocation plan to ensure it includes targeted initiatives for the identified neighborhoods.","most (ISO 29148)
it (ISO 29148)
that (ISO 29148)
can (NASA ARM)",4,4,0.0,4,4,0.0,4,5,1.0,4,5,1.0,4,5,1.0,3,5,2.0,4,5,1.0,—
A12US4Ll,"As a data analyst, I want to merge open-access shooting incident data with population characteristics derived from the American Community Survey to create a comprehensive dataset for building the FVVI model.","User Story:
As a data analyst, I want to integrate open-access shooting incident data with demographic characteristics from the American Community Survey so that I can develop a robust dataset for constructing the Firearm Violence Victimization Index (FVVI) model.

Acceptance Criteria:
- Successfully merge shooting incident data with population characteristics, ensuring that at least 95% of records are accurately linked.
- Validate that the combined dataset includes a minimum of 10 key demographic variables relevant to the FVVI model.
- Ensure the final dataset is accessible and can be processed within 2 hours for analysis.

Test Outline:
- Conduct a data quality check to confirm the accuracy of the merged records and the percentage of successful links.
- Review the final dataset to verify the inclusion of the required demographic variables.
- Measure the time taken to prepare the dataset for analysis to ensure it meets the specified processing time.","robust (ISO 29148)
it (ISO 29148)
that (ISO 29148)
can (NASA ARM)",4,5,1.0,3,4,1.0,3,5,2.0,3,5,2.0,3,5,2.0,2,5,3.0,3,5,2.0,—
A12US5Ll,"As a machine learning engineer, I want to use XGBoost, a decision tree-based machine-learning algorithm, to construct the FVVI model and predict shooting incident rates within urban census tracts.","User Story:
As a machine learning engineer, I want to implement the XGBoost algorithm, which is a robust decision tree-based machine learning technique, to develop the FVVI model for accurately predicting shooting incident rates across urban census tracts.

Acceptance Criteria:
- Successfully train the FVVI model using XGBoost with a minimum accuracy of 85% on the validation dataset.
- Ensure that the model can predict shooting incident rates with a mean absolute error (MAE) of less than 2 incidents per census tract.
- Validate the model's performance by comparing predictions against actual shooting incident data for at least 3 consecutive months.

Test Outline:
- Evaluate the model's accuracy by running it on a validation dataset and confirming it meets or exceeds the 85% accuracy threshold.
- Calculate the mean absolute error of the predictions and ensure it is below the specified limit of 2 incidents.
- Cross-reference the model's predictions with actual shooting incident reports over a 3-month period to assess its reliability.","robust (ISO 29148)
it (ISO 29148)
that (ISO 29148)
can (NASA ARM)
less (NASA ARM)",2,4,2.0,2,4,2.0,2,4,2.0,2,5,3.0,3,5,2.0,2,5,3.0,2,4,2.0,—
A12US6Ll,"As a policy maker, I want to use the FVVI to identify population characteristics that have the greatest impact on firearm violence, such as historical third grade math scores and having a parent jailed during childhood, so that I can develop targeted interventions.","User Story:
As a policy maker, I want to leverage the Firearm Violence Vulnerability Index (FVVI) to analyze population characteristics that significantly influence firearm violence, including historical third-grade math scores and the incidence of parental incarceration during childhood, so that I can formulate data-driven, targeted interventions to reduce violence.

Acceptance Criteria:
- Identify and quantify at least 3 key population characteristics from the FVVI that correlate with firearm violence rates.
- Analyze historical third-grade math scores and parental incarceration data to establish a clear link to firearm violence within the community.
- Develop a set of at least 2 targeted intervention strategies based on the findings to address the identified risk factors.

Test Outline:
- Review the FVVI data to confirm the identification of the key population characteristics and their correlation with firearm violence.
- Conduct a statistical analysis to validate the relationship between third-grade math scores, parental incarceration, and firearm violence rates.
- Present the proposed intervention strategies to stakeholders for feedback and potential implementation.","that (ISO 29148)
can (NASA ARM)",3,4,1.0,3,5,2.0,4,5,1.0,3,5,2.0,3,5,2.0,2,5,3.0,3,5,2.0,—
A12US7Ll,"As a researcher, I want to evaluate the predictive power of the FVVI model using a test set of unseen data from Chicago, so that I can validate its accuracy and effectiveness.","User Story:
As a researcher, I want to assess the predictive accuracy of the FVVI model by utilizing a test set comprised of previously unseen data from Chicago, so that I can rigorously validate its performance and reliability.

Acceptance Criteria:
- Conduct an evaluation of the FVVI model using a test set of at least 1,000 unseen data points from Chicago.
- Achieve a model accuracy rate of 85% or higher when predicting outcomes based on the test set.
- Provide a detailed report comparing the model's predictions against actual outcomes, highlighting any discrepancies.

Test Outline:
- Verify the size and integrity of the test set to ensure it contains the required number of unseen data points.
- Calculate the accuracy of the FVVI model's predictions and confirm it meets or exceeds the target accuracy rate.
- Review the comparison report to ensure it accurately reflects the model's performance against the actual data.","it (ISO 29148)
that (ISO 29148)
can (NASA ARM)",3,4,1.0,3,4,1.0,4,5,1.0,3,5,2.0,3,5,2.0,3,5,2.0,3,5,2.0,—
A12US8Ll,"As a community leader, I want to use the FVVI to fill gaps in currently available firearm violence data and identify areas of focus for prevention programs, such as social or environmental factors.","User Story:
As a community leader, I want to leverage the Firearm Violence Vulnerability Index (FVVI) to identify deficiencies in existing firearm violence data and pinpoint critical areas for targeted prevention programs, including social and environmental factors.

Acceptance Criteria:
- Analyze the FVVI to uncover at least 3 significant gaps in current firearm violence data.
- Identify a minimum of 5 specific social or environmental factors that contribute to firearm violence in the community.
- Develop a report outlining actionable recommendations for prevention programs based on the findings.

Test Outline:
- Review the FVVI analysis to ensure it highlights the identified gaps in data.
- Validate the identified social and environmental factors through community surveys or focus groups.
- Assess the completeness and clarity of the report to ensure it provides actionable insights for stakeholders.","it (ISO 29148)
that (ISO 29148)
significant (ISO 29148)",3,4,1.0,3,4,1.0,3,3,0.0,3,4,1.0,3,4,1.0,2,4,2.0,3,4,1.0,—
A12US9Ll,"As a public health official, I want to disseminate the FVVI as a standardized risk tool to enhance firearm violence research and resource allocation, and to inform evidence-based prevention strategies.","User Story:
As a public health official, I want to implement the Firearm Violence Vulnerability Index (FVVI) as a standardized risk assessment tool so that we can improve the quality of firearm violence research, optimize resource allocation, and develop data-driven prevention strategies that effectively reduce incidents.

Acceptance Criteria:
- The FVVI must be integrated into at least 75% of ongoing firearm violence research projects within the next 12 months.
- Resource allocation decisions should reflect FVVI data, with a target of increasing funding for high-risk areas by 30% within the next fiscal year.
- Evidence-based prevention strategies informed by the FVVI should be documented and reported, with at least 3 new initiatives launched within 18 months.

Test Outline:
- Review the integration of the FVVI in research projects to ensure compliance with the 75% target.
- Analyze funding distribution before and after the implementation of the FVVI to confirm a 30% increase in high-risk area allocations.
- Evaluate the documentation of new initiatives and their alignment with FVVI data to ensure at least 3 strategies are launched as planned.","that (ISO 29148)
can (NASA ARM)",2,4,2.0,2,4,2.0,2,5,3.0,2,5,3.0,2,5,3.0,2,5,3.0,2,5,3.0,—
A12US10Ll,"As a researcher, I want to use the FVVI to analyze the effectiveness of different prevention programs and interventions, and to identify best practices for reducing firearm violence in urban communities.","User Story:
As a researcher, I want to utilize the Firearm Violence Vulnerability Index (FVVI) to systematically evaluate the impact of various prevention programs and interventions, so that I can identify and promote best practices that effectively reduce firearm violence in urban communities.

Acceptance Criteria:
- Conduct a comprehensive analysis of at least 5 different prevention programs using the FVVI framework.
- Identify and document at least 3 best practices that demonstrate a measurable reduction in firearm violence rates by 20% or more.
- Present findings in a report that includes actionable recommendations for urban community stakeholders.

Test Outline:
- Review the analysis results to ensure that all selected prevention programs have been evaluated using the FVVI.
- Validate the identified best practices by cross-referencing them with firearm violence statistics before and after implementation.
- Assess the clarity and applicability of the recommendations provided in the final report to ensure they are actionable for stakeholders.","best (ISO 29148)
that (ISO 29148)
all (ISO 29148)
can (NASA ARM)
best (NASA ARM)
more (NASA ARM)",2,4,2.0,2,4,2.0,2,5,3.0,2,5,3.0,2,5,3.0,2,5,3.0,2,5,3.0,—
A13US1Ll,"As a researcher, I want to develop a novel prediction framework to identify potential repurposed drug therapies for Alzheimer's disease (AD), so that I can contribute to the discovery of effective treatments for this complex disease.","User Story:
As a researcher, I want to create an innovative prediction framework aimed at identifying potential repurposed drug therapies for Alzheimer's disease (AD) so that I can significantly advance the discovery of effective treatments for this multifaceted condition.

Acceptance Criteria:
- Develop a prediction model that achieves at least 80% accuracy in identifying viable drug candidates for AD.
- Validate the framework using a dataset of at least 500 existing drugs to ensure comprehensive analysis.
- Generate a report detailing at least 10 promising drug candidates for further investigation within 3 months of framework completion.

Test Outline:
- Test the prediction model against a validation dataset to confirm it meets the accuracy threshold.
- Review the dataset used to ensure it contains a sufficient number of drug entries for robust analysis.
- Assess the generated report for the number and relevance of drug candidates identified for Alzheimer's therapy.","effective (ISO 29148)
robust (ISO 29148)
it (ISO 29148)
this (ISO 29148)
that (ISO 29148)
effective (NASA ARM)
can (NASA ARM)",3,5,2.0,1,4,3.0,3,5,2.0,2,5,3.0,2,5,3.0,1,5,4.0,2,5,3.0,—
A13US2Ll,"As a pharmaceutical company, I want to use a deep learning-based framework to identify potential drug combinations for AD, so that I can accelerate the development of therapeutic efficacy for this disease.","User Story:
As a pharmaceutical company, I want to implement a deep learning framework to systematically identify and evaluate potential drug combinations for Alzheimer's Disease (AD), so that we can significantly expedite the development of effective therapies and improve patient outcomes.

Acceptance Criteria:
- Achieve a minimum of 80% accuracy in predicting effective drug combinations based on historical data.
- Generate a list of at least 10 promising drug combinations within the first 3 months of implementation.
- Reduce the time taken for initial screening of drug combinations by at least 50% compared to traditional methods.

Test Outline:
- Validate the accuracy of the deep learning model by comparing its predictions against known effective combinations.
- Track the number of drug combinations identified and their potential efficacy within the specified timeframe.
- Measure the time required for the screening process before and after implementing the deep learning framework to confirm the reduction.","effective (ISO 29148)
that (ISO 29148)
effective (NASA ARM)
can (NASA ARM)",4,4,0.0,3,4,1.0,4,5,1.0,3,5,2.0,3,5,2.0,2,5,3.0,3,5,2.0,—
A13US3Ll,"As a neurologist, I want to access a database of drug-target pair networks that incorporate multiple drug features and target features, so that I can better understand the complex mechanisms behind AD and identify potential treatment options.","User Story:
As a neurologist, I want to utilize a comprehensive database of drug-target interaction networks that include various drug and target characteristics, so that I can gain deeper insights into the intricate mechanisms of Alzheimer's Disease (AD) and discover viable treatment alternatives.

Acceptance Criteria:
- Access to a database that includes at least 100 drug-target pairs with detailed features for both drugs and targets.
- The database must provide filtering options based on at least 5 different drug and target characteristics.
- Ensure that the database is updated quarterly to include the latest research findings and drug developments.

Test Outline:
- Verify the availability of the database and confirm it contains the required number of drug-target pairs with comprehensive feature sets.
- Test the filtering functionality to ensure it allows for searches based on the specified characteristics.
- Check the update logs to confirm that the database is refreshed every three months with new data.","it (ISO 29148)
that (ISO 29148)
every (ISO 29148)
can (NASA ARM)",3,4,1.0,3,4,1.0,4,5,1.0,3,5,2.0,3,5,2.0,2,5,3.0,3,5,2.0,—
A13US4Ll,"As a data scientist, I want to generate integrated features for each drug-combination by incorporating drug-target features and relationship information between drug-drug, target-target, and drug-target, so that I can train a robust AI model for drug discovery.","User Story:
As a data scientist, I want to create comprehensive integrated features for each drug combination by synthesizing drug-target characteristics and the interrelationships among drug-drug, target-target, and drug-target interactions, so that I can develop a highly effective AI model for drug discovery with improved predictive accuracy.

Acceptance Criteria:
- Generate integrated feature sets for at least 100 drug combinations, ensuring coverage of diverse drug interactions.
- Incorporate at least 5 distinct relationship metrics for drug-drug, target-target, and drug-target interactions into the feature set.
- Achieve a model accuracy improvement of at least 15% compared to previous models when trained with the new integrated features.

Test Outline:
- Validate the completeness and diversity of the integrated feature sets by reviewing the generated data for the specified number of drug combinations.
- Assess the inclusion of the required relationship metrics in the feature sets through data analysis.
- Evaluate the performance of the AI model using the new features against baseline models to confirm the targeted accuracy improvement.","effective (ISO 29148)
that (ISO 29148)
improved (ISO 29148)
effective (NASA ARM)
can (NASA ARM)
improved (NASA ARM)",3,4,1.0,3,4,1.0,4,5,1.0,3,5,2.0,3,5,2.0,2,5,3.0,3,5,2.0,—
A13US5Ll,"As a medical researcher, I want to use an AI-based Drug discovery Network (AI-DrugNet) to identify potential repurposed and combination drug options for AD, so that I can validate their efficacy in clinical trials.","User Story:
As a medical researcher, I want to leverage the AI-DrugNet platform to discover and evaluate potential repurposed and combination drug therapies for Alzheimer's Disease (AD), so that I can rigorously validate their efficacy in clinical trials and improve treatment outcomes.

Acceptance Criteria:
- Identify at least 5 potential repurposed drug candidates and 3 combination therapies through the AI-DrugNet analysis.
- Achieve a validation success rate of ≥70% for the identified drug options in preliminary efficacy tests.
- Generate a comprehensive report detailing the mechanisms of action and expected outcomes for each identified drug option.

Test Outline:
- Review the output from AI-DrugNet to ensure it lists the required number of drug candidates and combinations.
- Conduct preliminary efficacy tests on the identified drugs and measure the success rate against the target.
- Evaluate the generated report for completeness and clarity regarding the mechanisms and expected outcomes.","it (ISO 29148)
that (ISO 29148)
can (NASA ARM)",3,4,1.0,3,4,1.0,4,5,1.0,3,5,2.0,3,5,2.0,2,5,3.0,3,5,2.0,—
A13US6Ll,"As a clinician, I want to access a list of predicted potential drug therapies for AD, ranked by their likelihood of success, so that I can discuss treatment options with my patients and their families.","User Story:
As a clinician, I want to retrieve a ranked list of predicted drug therapies for Alzheimer's Disease (AD) based on their likelihood of success, so that I can provide informed treatment options to my patients and their families, enhancing shared decision-making.

Acceptance Criteria:
- The system must generate a list of at least 10 potential drug therapies for AD, ranked by their predicted success rates.
- Each therapy must include a success likelihood percentage, with a minimum threshold of 60% for inclusion in the list.
- The list should be updated in real-time to reflect the latest clinical data and research findings.

Test Outline:
- Verify that the system produces a ranked list of drug therapies with the required number of options and success likelihood percentages.
- Check that all therapies listed meet the minimum success likelihood criteria.
- Ensure that the list updates correctly when new data is available, reflecting changes in therapy rankings.","that (ISO 29148)
all (ISO 29148)
can (NASA ARM)",3,4,1.0,3,4,1.0,4,5,1.0,3,5,2.0,4,5,1.0,2,5,3.0,3,5,2.0,—
A13US7Ll,"As a researcher, I want to apply the AI-DrugNet framework to identify potential drug combinations for other diseases beyond AD, so that I can explore its broad applicability and generalizability.","User Story:
As a researcher, I want to utilize the AI-DrugNet framework to discover potential drug combinations for diseases beyond Alzheimer's Disease (AD), so that I can assess its versatility and effectiveness across a wider range of medical conditions.

Acceptance Criteria:
- Successfully identify at least 5 novel drug combinations for diseases other than AD using the AI-DrugNet framework.
- Validate the applicability of these combinations through preliminary testing, achieving a success rate of ≥70% in initial efficacy assessments.
- Document the generalizability of the framework by comparing results across at least 3 different disease models.

Test Outline:
- Review the output of the AI-DrugNet framework to ensure it lists at least 5 new drug combinations for various diseases.
- Conduct preliminary efficacy tests on the identified combinations and record the success rates to confirm they meet the target.
- Analyze and compare the results from different disease models to evaluate the framework's generalizability.","it (ISO 29148)
that (ISO 29148)
these (ISO 29148)
can (NASA ARM)",3,4,1.0,3,4,1.0,4,5,1.0,3,5,2.0,3,5,2.0,2,5,3.0,3,5,2.0,—
A13US8Ll,"As a pharmaceutical company, I want to use the AI-DrugNet framework to identify potential drug candidates that can be repurposed for AD, so that I can reduce the costs and risks associated with drug development.","User Story:
As a pharmaceutical company, I want to leverage the AI-DrugNet framework to discover viable drug candidates for repurposing in Alzheimer's Disease (AD) treatment, so that I can significantly lower the costs and mitigate the risks involved in the drug development process.

Acceptance Criteria:
- Identify at least 5 potential drug candidates for AD repurposing using the AI-DrugNet framework.
- Achieve a reduction in projected development costs by at least 30% compared to traditional drug discovery methods.
- Decrease the associated clinical trial risks by ensuring that at least 70% of identified candidates have prior safety data.

Test Outline:
- Validate the number of drug candidates identified through the AI-DrugNet framework against the target.
- Analyze the cost projections for development to confirm a minimum 30% reduction.
- Review the safety data of the identified candidates to ensure that at least 70% have documented prior safety profiles.","that (ISO 29148)
can (NASA ARM)",3,4,1.0,3,4,1.0,4,5,1.0,3,5,2.0,3,5,2.0,2,5,3.0,3,5,2.0,—
A13US9Ll,"As a bioinformatician, I want to analyze the AD disease network and identify the key nodes and edges that are associated with disease progression, so that I can provide insights on the underlying mechanisms of AD.","User Story:
As a bioinformatician, I want to conduct a comprehensive analysis of the Alzheimer's disease (AD) network to pinpoint critical nodes and edges linked to disease progression, so that I can deliver actionable insights into the underlying biological mechanisms of AD.

Acceptance Criteria:
- Identify at least 5 key nodes within the AD network that show a significant correlation (p-value < 0.05) with disease progression.
- Map and analyze a minimum of 10 edges that demonstrate strong interactions (≥ 0.7 correlation coefficient) between identified nodes.
- Generate a detailed report summarizing the findings, including visual representations of the network and implications for further research.

Test Outline:
- Validate the identification of key nodes by cross-referencing with existing literature and databases to ensure accuracy.
- Use statistical analysis to confirm the strength of the identified edges and their relevance to disease progression.
- Review the generated report for clarity, completeness, and the inclusion of visual aids that effectively communicate the findings.","that (ISO 29148)
significant (ISO 29148)
can (NASA ARM)",3,4,1.0,3,4,1.0,4,5,1.0,3,5,2.0,3,5,2.0,2,5,3.0,3,5,2.0,—
A13US10Ll,"As a healthcare policymaker, I want to use the AI-DrugNet framework to inform drug development priorities and resource allocation for AD and other complex diseases, so that I can ensure that patients have access to effective treatments.","User Story:
As a healthcare policymaker, I want to leverage the AI-DrugNet framework to strategically guide drug development priorities and optimize resource allocation for Alzheimer's Disease (AD) and other complex diseases, so that I can guarantee that patients receive timely access to effective and innovative treatments.

Acceptance Criteria:
- Utilize the AI-DrugNet framework to identify at least 3 high-priority drug development areas for AD and complex diseases within the next quarter.
- Allocate resources effectively, ensuring that at least 70% of funding is directed towards the identified high-priority areas.
- Monitor and report on patient access to new treatments, aiming for a minimum of 80% of patients to have access within 6 months of drug approval.

Test Outline:
- Review the framework's output to confirm the identification of high-priority drug development areas.
- Analyze resource allocation reports to ensure compliance with the funding distribution criteria.
- Conduct surveys or data analysis to assess patient access to newly approved treatments within the specified timeframe.","effective (ISO 29148)
that (ISO 29148)
effective (NASA ARM)
timely (NASA ARM)
can (NASA ARM)",3,4,1.0,3,4,1.0,4,5,1.0,3,5,2.0,3,5,2.0,2,5,3.0,3,5,2.0,—
A14US1Ll,"As a city planner, I want to be able to visualize the spatiotemporal distribution of taxi and Uber pick-ups across the five boroughs of NYC, so that I can identify areas of high demand and optimize transportation infrastructure.","User Story:
As a city planner, I want to analyze the spatiotemporal patterns of taxi and Uber pick-ups throughout the five boroughs of New York City, so that I can pinpoint high-demand areas and strategically enhance transportation infrastructure.

Acceptance Criteria:
- Generate a visual representation of pick-up data that displays trends over time and across all five boroughs.
- Identify at least three specific locations with the highest demand for taxi and Uber services during peak hours.
- Provide actionable insights that suggest at least two infrastructure improvements based on the identified high-demand areas.

Test Outline:
- Validate the accuracy of the visual data representation by cross-referencing it with actual pick-up records.
- Confirm the identification of high-demand locations through data analysis and ensure they align with user expectations.
- Review the proposed infrastructure improvements to ensure they are feasible and supported by the data analysis.","it (ISO 29148)
that (ISO 29148)
all (ISO 29148)
can (NASA ARM)",3,4,1.0,3,4,1.0,4,5,1.0,3,5,2.0,3,5,2.0,2,5,3.0,3,5,2.0,—
A14US2Ll,"As a data analyst, I want to use machine learning algorithms such as XGboost and random forest to predict ridership of taxis and Uber combined in NYC, given a time window of one hour and location within zip-code areas, so that I can provide insights to stakeholders on transportation demand.","User Story:
As a data analyst, I want to implement machine learning algorithms, specifically XGBoost and Random Forest, to forecast the combined ridership of taxis and Uber in New York City within a one-hour time frame and specific zip code areas, so that I can deliver actionable insights to stakeholders regarding transportation demand trends.

Acceptance Criteria:
- Develop and validate predictive models that achieve at least 85% accuracy in ridership predictions.
- Ensure that the models can process data inputs for at least 100 distinct zip code areas within the specified time window.
- Generate a comprehensive report detailing the insights derived from the predictions, including visualizations of demand patterns.

Test Outline:
- Evaluate the accuracy of the predictive models using a test dataset to confirm they meet the 85% accuracy threshold.
- Test the model's ability to handle data from multiple zip code areas and verify the output for at least 100 locations.
- Review the generated report for clarity and completeness, ensuring it includes visual representations of the transportation demand insights.","it (ISO 29148)
that (ISO 29148)
can (NASA ARM)",3,4,1.0,3,4,1.0,4,5,1.0,3,5,2.0,3,5,2.0,2,5,3.0,3,5,2.0,—
A14US3Ll,"As a taxi company manager, I want to know the percentage of trips taken by each type of taxi (yellow, green, Uber) in each borough, so that I can optimize my fleet's distribution and services.","User Story:
As a taxi company manager, I want to analyze the distribution percentage of trips for each taxi type (yellow, green, Uber) across different boroughs, so that I can strategically optimize fleet allocation and enhance service efficiency.

Acceptance Criteria:
- Calculate and display the percentage of total trips for each taxi type in every borough, ensuring the data is updated in real-time.
- Provide a visual representation (e.g., chart or graph) that clearly illustrates the trip distribution by taxi type for each borough.
- Ensure that the data is accessible and can be filtered by time period (daily, weekly, monthly) for trend analysis.

Test Outline:
- Verify that the percentage calculations for each taxi type are accurate and reflect the total trip counts in each borough.
- Check the visual representation for clarity and correctness, ensuring it effectively communicates the distribution data.
- Test the filtering functionality to confirm that users can view trip distribution data across different time periods without errors.","it (ISO 29148)
that (ISO 29148)
every (ISO 29148)
can (NASA ARM)",4,4,0.0,4,4,0.0,4,5,1.0,4,5,1.0,4,5,1.0,3,5,2.0,4,5,1.0,—
A14US4Ll,"As a commuter, I want to be able to see the most popular transportation mode in each borough, so that I can plan my trips more effectively.","User Story:
As a commuter, I want to access data on the most frequently used transportation mode in each borough so that I can optimize my travel plans and reduce commute times.

Acceptance Criteria:
- Display the top transportation mode for each borough based on user data, updated monthly.
- Ensure that the information is accessible within 3 clicks from the main dashboard.
- Provide a visual representation (e.g., a map or chart) of transportation mode popularity for easy comparison across boroughs.

Test Outline:
- Verify that the transportation mode data is accurately updated and reflects the latest user trends each month.
- Check the navigation path to confirm that users can access the transportation mode information within the specified number of clicks.
- Assess the clarity and usability of the visual representation to ensure it effectively communicates the data.","most (ISO 29148)
easy (ISO 29148)
it (ISO 29148)
that (ISO 29148)
can (NASA ARM)",4,4,0.0,3,4,1.0,4,5,1.0,3,5,2.0,4,5,1.0,2,5,3.0,3,5,2.0,—
A14US5Ll,"As a city planner, I want to analyze the trend of Uber's growth in each borough, so that I can anticipate its impact on the transportation landscape and make informed decisions.","User Story:
As a city planner, I want to evaluate the growth trends of Uber services across each borough so that I can proactively assess its effects on the local transportation ecosystem and make data-driven decisions for urban planning.

Acceptance Criteria:
- Collect and analyze Uber usage data for each borough over the past 12 months to identify growth patterns.
- Present findings in a report that includes percentage growth rates for each borough, highlighting areas with growth exceeding 20%.
- Provide recommendations based on the analysis to address potential transportation challenges or opportunities in the boroughs.

Test Outline:
- Verify the accuracy of the collected Uber data by cross-referencing with official transportation statistics.
- Review the report to ensure it includes detailed growth rates and actionable insights for each borough.
- Assess the feasibility of the recommendations by consulting with transportation experts and stakeholders.","it (ISO 29148)
that (ISO 29148)
can (NASA ARM)",3,4,1.0,3,4,1.0,4,5,1.0,3,5,2.0,3,5,2.0,2,5,3.0,3,5,2.0,—
A14US6Ll,"As a data scientist, I want to use the XGboost model to estimate the total number of taxis needed to dispatch to meet demand, given a specific time window and location, so that I can provide actionable insights to taxi companies and city planners.","User Story:
As a data scientist, I want to leverage the XGBoost model to accurately predict the total number of taxis required for dispatch within a defined time window and geographic area, so that I can deliver data-driven recommendations to taxi operators and urban planners.

Acceptance Criteria:
- The model must achieve a prediction accuracy of at least 85% when estimating taxi demand for various time windows and locations.
- Provide insights that include the estimated number of taxis needed for at least 10 different scenarios based on historical data.
- Generate a report that outlines the model's predictions and recommendations within 24 hours of data input.

Test Outline:
- Validate the model's accuracy by comparing its predictions against actual demand data for the specified time windows and locations.
- Review the scenarios generated to ensure they cover a diverse range of conditions and are based on historical trends.
- Check the timeliness of the report generation to confirm it meets the 24-hour deadline.","it (ISO 29148)
that (ISO 29148)
can (NASA ARM)",3,4,1.0,3,4,1.0,4,5,1.0,3,5,2.0,3,5,2.0,2,5,3.0,3,5,2.0,—
A14US7Ll,"As a decision-maker, I want to understand how ridership shifts over time in each borough, so that I can make informed decisions about transportation infrastructure and services.","User Story:
As a decision-maker, I want to analyze the trends in ridership across each borough over time, so that I can make data-driven decisions regarding the allocation of transportation infrastructure and services to meet community needs effectively.

Acceptance Criteria:
- Provide a detailed report showing ridership data segmented by borough on a monthly basis for the past 12 months.
- Include visualizations that highlight significant shifts in ridership patterns, with at least 3 key insights identified.
- Ensure that the data is updated quarterly to reflect the most current trends and inform ongoing decision-making.

Test Outline:
- Review the generated report to confirm it includes the required monthly ridership data for each borough.
- Validate the visualizations for accuracy and clarity, ensuring they effectively communicate the identified trends.
- Check the update process to ensure that the data is refreshed every three months as specified.","most (ISO 29148)
it (ISO 29148)
that (ISO 29148)
significant (ISO 29148)
every (ISO 29148)
can (NASA ARM)",3,4,1.0,3,4,1.0,4,5,1.0,3,5,2.0,4,5,1.0,2,5,3.0,3,5,2.0,—
A14US8Ll,"As a taxi company dispatcher, I want to know the optimal locations to situate taxis in each borough, so that I can minimize wait times and optimize my fleet's utilization.","User Story:
As a taxi company dispatcher, I want to identify the most effective locations for positioning taxis in each borough so that I can significantly reduce passenger wait times and enhance the overall utilization of my fleet.

Acceptance Criteria:
- Analyze historical ride request data to determine the top 5 optimal taxi locations in each borough based on demand.
- Achieve a reduction in average passenger wait times by at least 20% after implementing the new taxi positioning strategy.
- Increase fleet utilization rates by a minimum of 15% within the first month of optimizing taxi locations.

Test Outline:
- Review and validate the data analysis to ensure the identified locations correspond to the highest demand areas.
- Measure and compare average wait times before and after the new taxi positioning to confirm the targeted reduction.
- Track fleet utilization metrics to assess the percentage increase following the implementation of the new strategy.","most (ISO 29148)
effective (ISO 29148)
that (ISO 29148)
effective (NASA ARM)
can (NASA ARM)",3,4,1.0,3,4,1.0,4,5,1.0,3,5,2.0,4,5,1.0,2,5,3.0,3,5,2.0,—
A14US9Ll,"As a researcher, I want to analyze the dataset of over 90 million trips to identify patterns and trends in transportation behavior, so that I can provide insights to stakeholders on how to improve transportation services.","User Story:
As a researcher, I want to conduct a comprehensive analysis of a dataset containing over 90 million trips to uncover significant patterns and trends in transportation behavior, so that I can deliver actionable insights to stakeholders aimed at enhancing transportation services.

Acceptance Criteria:
- Identify at least 5 key patterns or trends in transportation behavior from the dataset.
- Provide a detailed report with insights that can lead to a minimum of 3 specific recommendations for service improvements.
- Ensure that the analysis is completed within a 4-week timeframe to align with stakeholder meetings.

Test Outline:
- Review the analysis results to confirm that at least 5 distinct patterns or trends have been identified.
- Evaluate the recommendations provided in the report to ensure they are specific, actionable, and based on the identified trends.
- Track the project timeline to verify that the analysis is completed within the established 4-week period.","that (ISO 29148)
significant (ISO 29148)
can (NASA ARM)",2,4,2.0,2,4,2.0,3,5,2.0,2,5,3.0,2,5,3.0,2,5,3.0,2,5,3.0,—
A14US10Ll,"As a city planner, I want to use the XGboost model to predict the impact of external factors (e.g. weather, events, road closures) on taxi and Uber ridership, so that I can develop strategies to mitigate their effects and ensure a smooth transportation system.","User Story:
As a city planner, I want to implement the XGBoost predictive model to analyze how external factors such as weather conditions, local events, and road closures influence taxi and Uber ridership patterns, so that I can formulate effective strategies to minimize disruptions and maintain an efficient transportation network.

Acceptance Criteria:
- Successfully train the XGBoost model with at least 90% accuracy in predicting ridership changes based on external factors.
- Generate actionable insights that identify at least 3 key external factors significantly affecting ridership.
- Develop and present a comprehensive strategy report that outlines mitigation measures for identified factors, with a focus on improving ridership stability by at least 15%.

Test Outline:
- Validate the model's accuracy by comparing predicted ridership against actual data over a defined period.
- Analyze the model's output to confirm the identification of the top 3 external factors impacting ridership.
- Review the strategy report for clarity and feasibility, ensuring it includes measurable goals for improving transportation system performance.","efficient (ISO 29148)
effective (ISO 29148)
it (ISO 29148)
that (ISO 29148)
effective (NASA ARM)
can (NASA ARM)",3,4,1.0,3,4,1.0,4,5,1.0,3,5,2.0,3,5,2.0,2,5,3.0,3,5,2.0,—
A15US1Ll,"As a policymaker, I want to use machine learning technology to forecast income levels and identify areas of high poverty, so that I can develop targeted interventions to reduce economic inequality.","User Story:
As a policymaker, I want to leverage machine learning algorithms to accurately predict income levels and pinpoint regions with elevated poverty rates, so that I can formulate and implement targeted interventions aimed at significantly reducing economic inequality.

Acceptance Criteria:
- Achieve a prediction accuracy of at least 85% for income level forecasts using machine learning models.
- Identify and map at least 10 regions with poverty rates exceeding 20% for targeted intervention.
- Develop a report outlining specific intervention strategies based on the identified high-poverty areas within 3 months of analysis completion.

Test Outline:
- Validate the accuracy of the machine learning model by comparing predicted income levels against actual data.
- Review the poverty mapping results to ensure that the identified regions meet the specified criteria.
- Assess the intervention report for clarity, relevance, and actionable strategies based on the data analysis.","that (ISO 29148)
can (NASA ARM)",3,4,1.0,3,4,1.0,4,5,1.0,3,5,2.0,3,5,2.0,2,5,3.0,3,5,2.0,—
A15US2Ll,"As a researcher, I want to analyze the relationship between lifestyle factors and income levels using machine learning algorithms, so that I can better understand the root causes of poverty and inequality.","User Story:
As a researcher, I want to utilize machine learning algorithms to investigate the correlation between lifestyle factors and income levels, so that I can gain deeper insights into the underlying causes of poverty and inequality.

Acceptance Criteria:
- Collect and preprocess a dataset that includes at least 1,000 entries of lifestyle factors and corresponding income levels.
- Implement at least three different machine learning algorithms to analyze the data and compare their effectiveness in identifying patterns.
- Generate a comprehensive report detailing the findings, including at least three actionable insights that can inform policy decisions.

Test Outline:
- Verify the dataset's completeness and accuracy by checking for missing values and ensuring it meets the required sample size.
- Evaluate the performance of each machine learning algorithm using metrics such as accuracy, precision, and recall to determine which model provides the best insights.
- Review the final report to ensure it includes the required insights and recommendations based on the analysis.","best (ISO 29148)
it (ISO 29148)
that (ISO 29148)
can (NASA ARM)
best (NASA ARM)",2,4,2.0,2,4,2.0,3,5,2.0,2,5,3.0,2,5,3.0,2,5,3.0,2,5,3.0,—
A15US3Ll,"As a social worker, I want to use machine learning models to predict income levels and identify individuals who are at risk of poverty, so that I can provide targeted support and services.","User Story:
As a social worker, I want to leverage machine learning algorithms to accurately forecast income levels and pinpoint individuals at high risk of falling into poverty, so that I can deliver tailored support and services that effectively address their needs.

Acceptance Criteria:
- Achieve a prediction accuracy of at least 85% for income level forecasts using the machine learning model.
- Identify at least 90% of individuals who are at risk of poverty based on the model's assessments.
- Generate actionable insights and recommendations for targeted interventions for at least 75% of the identified at-risk individuals.

Test Outline:
- Validate the accuracy of the machine learning model by comparing its predictions against actual income data.
- Cross-reference the model's identified at-risk individuals with known poverty statistics to ensure high identification rates.
- Review the generated insights and recommendations to confirm they meet the specified threshold for actionable support.","that (ISO 29148)
can (NASA ARM)",3,4,1.0,3,4,1.0,4,5,1.0,2,5,3.0,2,5,3.0,2,5,3.0,3,5,2.0,—
A15US4Ll,"As a data analyst, I want to develop machine learning models that can accurately predict annual income based on demographic and lifestyle factors, so that I can provide valuable insights to policymakers and researchers.","User Story:
As a data analyst, I want to create robust machine learning models that can reliably forecast annual income using demographic and lifestyle variables, so that I can deliver actionable insights to policymakers and researchers, enhancing their decision-making processes.

Acceptance Criteria:
- Achieve a model accuracy of at least 85% on the validation dataset.
- Ensure that the model can process and analyze at least 10 different demographic and lifestyle factors.
- Provide a detailed report of insights derived from the model, including at least 3 key findings relevant to income prediction.

Test Outline:
- Validate the model's accuracy by comparing predicted income against actual income in the validation dataset.
- Review the model's input features to confirm that it incorporates the specified demographic and lifestyle factors.
- Analyze the insights report to ensure it includes the required key findings and actionable recommendations.","robust (ISO 29148)
it (ISO 29148)
that (ISO 29148)
can (NASA ARM)",3,4,1.0,3,4,1.0,4,5,1.0,3,5,2.0,3,5,2.0,2,5,3.0,3,5,2.0,—
A15US5Ll,"As a government official, I want to use machine learning technology to identify areas of high economic inequality and develop policies to address it, so that I can promote sustainable development and financial stability.","User Story:
As a government official, I want to leverage machine learning technology to pinpoint regions with significant economic inequality so that I can formulate targeted policies that foster sustainable development and enhance financial stability.

Acceptance Criteria:
- Utilize machine learning algorithms to analyze economic data and identify at least 5 regions with the highest levels of economic disparity.
- Develop and propose a minimum of 3 actionable policies aimed at addressing the identified inequalities within 6 months.
- Measure the impact of implemented policies on economic stability, aiming for a 10% improvement in economic indicators within the first year.

Test Outline:
- Validate the accuracy of machine learning models by comparing identified regions against existing economic reports.
- Review policy proposals for feasibility and alignment with identified economic issues.
- Track and report on economic indicators post-implementation to assess the effectiveness of the policies.","that (ISO 29148)
significant (ISO 29148)
can (NASA ARM)",2,4,2.0,2,4,2.0,3,5,2.0,2,5,3.0,2,5,3.0,2,5,3.0,2,5,3.0,—
A15US6Ll,"As a non-profit organization, I want to use machine learning models to identify areas of high poverty and develop targeted interventions to reduce poverty and inequality.","User Story:
As a non-profit organization, I want to leverage machine learning models to pinpoint regions with elevated poverty levels so that we can implement targeted interventions that effectively reduce poverty and inequality.

Acceptance Criteria:
- Identify at least 5 specific regions with poverty rates exceeding 30% using machine learning analysis.
- Develop and propose at least 3 tailored intervention strategies based on the identified areas within 3 months.
- Measure the impact of interventions, aiming for a reduction in poverty levels by at least 10% within one year of implementation.

Test Outline:
- Validate the accuracy of the machine learning model by comparing its predictions against current poverty data.
- Review the proposed intervention strategies for feasibility and alignment with the organization's mission.
- Track and analyze poverty level changes in the targeted regions post-intervention to assess effectiveness.","that (ISO 29148)
can (NASA ARM)",2,4,2.0,2,4,2.0,2,5,3.0,2,5,3.0,3,5,2.0,1,5,4.0,2,5,3.0,—
A15US7Ll,"As a researcher, I want to explore the use of data mining strategies to analyze large datasets and identify patterns and relationships between variables that can inform income forecasting models.","User Story:
As a researcher, I want to investigate and implement data mining techniques to analyze extensive datasets, enabling the identification of significant patterns and relationships among variables that can enhance the accuracy of income forecasting models.

Acceptance Criteria:
- Conduct a comprehensive analysis of at least 5 large datasets to extract relevant patterns and relationships.
- Identify and document a minimum of 3 key variables that significantly influence income forecasting.
- Develop a preliminary income forecasting model that incorporates insights gained from the data mining analysis, achieving at least a 10% improvement in prediction accuracy compared to previous models.

Test Outline:
- Review the analysis reports to ensure that at least 5 datasets were utilized and analyzed for patterns.
- Validate the identified key variables through statistical significance testing to confirm their impact on income forecasting.
- Compare the performance of the new forecasting model against previous models to verify the claimed improvement in accuracy.","that (ISO 29148)
significant (ISO 29148)
can (NASA ARM)",2,4,2.0,2,4,2.0,2,4,2.0,2,5,3.0,3,5,2.0,2,5,3.0,2,4,2.0,—
A15US8Ll,"As a policymaker, I want to use machine learning models to evaluate the effectiveness of poverty reduction programs and policies, so that I can make informed decisions about resource allocation.","User Story:
As a policymaker, I want to leverage machine learning models to assess the impact of poverty reduction initiatives and policies, so that I can make data-driven decisions regarding the allocation of resources to maximize effectiveness.

Acceptance Criteria:
- Develop and validate machine learning models that can analyze at least 5 key performance indicators (KPIs) related to poverty reduction.
- Generate actionable insights from the models that can inform resource allocation decisions with a minimum accuracy of 85%.
- Provide a comprehensive report detailing the effectiveness of existing programs, including recommendations for future investments based on model outputs.

Test Outline:
- Evaluate the performance of the machine learning models against the established KPIs to ensure they meet the accuracy threshold.
- Review the insights generated to confirm they are actionable and relevant to resource allocation decisions.
- Assess the comprehensiveness of the final report to ensure it includes all necessary recommendations based on the model's findings.","it (ISO 29148)
that (ISO 29148)
all (ISO 29148)
can (NASA ARM)",3,4,1.0,3,4,1.0,4,5,1.0,3,5,2.0,4,5,1.0,2,5,3.0,3,5,2.0,—
A15US9Ll,"As a data scientist, I want to develop machine learning models that can handle large and complex datasets to predict income levels and identify areas of high poverty, so that I can provide accurate and reliable insights.","User Story:
As a data scientist, I want to create robust machine learning models capable of processing extensive and intricate datasets to accurately predict income levels and pinpoint regions with high poverty rates, enabling me to deliver precise and actionable insights.

Acceptance Criteria:
- Develop models that can efficiently process datasets with at least 1 million records and 50 features.
- Achieve a prediction accuracy of 85% or higher on income level forecasts.
- Identify at least 5 key regions with poverty rates exceeding 20% based on model outputs.

Test Outline:
- Validate the model's performance by testing it on a dataset of 1 million records to ensure it meets processing requirements.
- Measure the prediction accuracy against a validation set to confirm it meets or exceeds the 85% threshold.
- Cross-reference model predictions with real-world poverty data to verify the identification of regions with high poverty rates.","robust (ISO 29148)
it (ISO 29148)
that (ISO 29148)
can (NASA ARM)",3,4,1.0,3,4,1.0,4,4,0.0,3,5,2.0,3,5,2.0,2,5,3.0,3,4,1.0,—
A15US10Ll,"As an economist, I want to use machine learning models to analyze the impact of economic policies on income inequality and poverty rates, so that I can inform evidence-based policy decisions.","User Story:
As an economist, I want to leverage advanced machine learning models to assess the effects of economic policies on income inequality and poverty rates, so that I can provide data-driven insights that support effective policy formulation.

Acceptance Criteria:
- Develop and validate at least 3 machine learning models that accurately predict changes in income inequality and poverty rates based on various economic policies.
- Achieve a model accuracy of 85% or higher in predicting the impact of selected policies on income distribution.
- Generate a comprehensive report detailing the findings, including actionable recommendations for policymakers, within 4 weeks of model completion.

Test Outline:
- Evaluate the performance of each machine learning model using a validation dataset to ensure they meet the accuracy criteria.
- Review the final report for clarity, relevance, and the inclusion of specific policy recommendations based on the analysis.","effective (ISO 29148)
that (ISO 29148)
effective (NASA ARM)
can (NASA ARM)",3,4,1.0,3,4,1.0,4,4,0.0,3,5,2.0,3,5,2.0,2,5,3.0,3,4,1.0,—
A16US1Ll,"As a neonatologist, I want to develop a non-invasive newborn cry diagnostic system (NCDS) that uses machine learning techniques to analyze cry audio signals, so that I can identify unhealthy newborns quickly and accurately.","User Story:
As a neonatologist, I want to create a non-invasive Newborn Cry Diagnostic System (NCDS) that leverages advanced machine learning algorithms to analyze audio signals of newborn cries, so that I can swiftly and accurately identify signs of distress or health issues in newborns, ultimately improving early intervention outcomes.

Acceptance Criteria:
- The system must achieve an accuracy rate of at least 90% in identifying unhealthy cries compared to clinical assessments.
- The diagnostic process should take no longer than 5 seconds from cry detection to result output.
- The system should be able to analyze and classify at least 100 cry samples per minute without performance degradation.

Test Outline:
- Validate the accuracy of the NCDS by comparing its diagnoses against a set of clinical assessments from trained professionals.
- Measure the time taken from the moment a cry is detected to when the diagnostic result is provided to ensure it meets the time criterion.
- Conduct stress tests to confirm that the system can handle the specified volume of cry samples per minute without errors or slowdowns.","it (ISO 29148)
that (ISO 29148)
be able to (NASA ARM)
can (NASA ARM)",2,4,2.0,2,4,2.0,3,5,2.0,2,5,3.0,2,5,3.0,1,5,4.0,2,5,3.0,—
A16US2Ll,"As a researcher, I want to extract feature sets from cry audio signals, including Mel frequency cepstral coefficients (MFCC), auditory-inspired amplitude modulation (AAM) features, and prosody features, so that I can develop a comprehensive diagnostic system.","User Story:
As a researcher, I want to systematically extract diverse feature sets from cry audio signals, including Mel frequency cepstral coefficients (MFCC), auditory-inspired amplitude modulation (AAM) features, and prosody features, so that I can create a robust diagnostic system that enhances accuracy in identifying conditions.

Acceptance Criteria:
- Successfully extract MFCC features with a minimum of 13 coefficients per audio sample.
- Obtain AAM features with at least 5 distinct modulation frequency bands for comprehensive analysis.
- Capture prosody features, including pitch, duration, and intensity, with a minimum of 3 metrics per audio sample.

Test Outline:
- Validate the extraction process by comparing the number of MFCC coefficients obtained against the target of 13 per sample.
- Analyze the AAM features to ensure that all 5 modulation frequency bands are represented in the output.
- Assess the prosody features to confirm that at least 3 metrics are accurately captured for each audio sample.","robust (ISO 29148)
that (ISO 29148)
all (ISO 29148)
can (NASA ARM)",3,4,1.0,3,4,1.0,4,5,1.0,3,5,2.0,3,5,2.0,2,5,3.0,3,5,2.0,—
A16US3Ll,"As a developer, I want to design a system that can fuse multiple feature sets to improve the performance of the NCDS, so that I can increase the accuracy of unhealthy newborn identification.","User Story:
As a developer, I want to architect a system that integrates various feature sets to enhance the performance of the Newborn Clinical Decision Support (NCDS) system, so that I can significantly boost the accuracy of identifying unhealthy newborns, ultimately improving patient outcomes.

Acceptance Criteria:
- Achieve an increase in identification accuracy of unhealthy newborns by at least 15% compared to the current baseline.
- Integrate a minimum of 5 distinct feature sets into the NCDS system to ensure comprehensive data analysis.
- Ensure that the system processes and analyzes data within a maximum of 3 seconds to maintain real-time responsiveness.

Test Outline:
- Evaluate the accuracy of unhealthy newborn identification before and after the system integration to confirm the targeted improvement.
- Verify that all 5 feature sets are successfully integrated and functioning within the NCDS system.
- Measure the data processing time to ensure it does not exceed the specified 3-second threshold.","it (ISO 29148)
that (ISO 29148)
all (ISO 29148)
can (NASA ARM)",3,5,2.0,2,4,2.0,3,5,2.0,2,5,3.0,2,5,3.0,1,5,4.0,2,5,3.0,—
A16US4Ll,"As a healthcare professional, I want to use a system that can analyze cry audio signals at different levels, including low-level patterns and high-level information, so that I can capture subtle changes in infant cries.","User Story:
As a healthcare professional, I want to utilize a comprehensive system that can analyze infant cry audio signals at both low-level acoustic patterns and high-level contextual information, so that I can detect and interpret subtle variations in infant cries for better clinical assessments.

Acceptance Criteria:
- The system must accurately analyze and differentiate at least 5 distinct low-level acoustic patterns in infant cries.
- It should provide high-level insights that correlate with at least 3 specific health indicators or conditions.
- The analysis results must be delivered within 2 seconds of audio input to ensure timely assessments.

Test Outline:
- Conduct tests to verify the system's ability to identify and classify the specified low-level acoustic patterns in a sample set of infant cries.
- Evaluate the high-level information provided by the system against known health indicators to confirm accuracy and relevance.
- Measure the response time of the system to ensure it meets the 2-second requirement for analysis.","it (ISO 29148)
that (ISO 29148)
better (ISO 29148)
timely (NASA ARM)
can (NASA ARM)
better (NASA ARM)",3,4,1.0,3,4,1.0,4,5,1.0,3,5,2.0,3,5,2.0,2,5,3.0,3,5,2.0,—
A16US5Ll,"As a researcher, I want to train probabilistic neural networks and support vector machine algorithms to classify cry audio signals, so that I can develop a robust and reliable diagnostic system.","User Story:
As a researcher, I want to implement and optimize probabilistic neural networks and support vector machine algorithms for classifying cry audio signals, so that I can create a highly accurate and dependable diagnostic system that enhances infant health monitoring.

Acceptance Criteria:
- Achieve a classification accuracy of at least 90% on a validation dataset of cry audio signals.
- Reduce the training time for the models to under 2 hours on a standard computing setup.
- Ensure that the diagnostic system can process and classify new cry audio signals in real-time with a latency of less than 1 second.

Test Outline:
- Evaluate the classification accuracy of the models using a separate validation dataset to confirm it meets or exceeds the target.
- Measure the total training time for both algorithms to ensure it remains within the specified limit.
- Test the system's response time by inputting new cry audio signals and recording the classification latency.","it (ISO 29148)
that (ISO 29148)
can (NASA ARM)
less (NASA ARM)",3,4,1.0,3,4,1.0,4,5,1.0,3,5,2.0,3,5,2.0,2,5,3.0,3,5,2.0,—
A16US6Ll,"As a developer, I want to design a system that can handle real-world problems by including many pathologies in the unhealthy group, so that I can develop a system that is effective in clinical settings.","User Story:
As a developer, I want to create a robust system that effectively addresses real-world clinical challenges by incorporating a comprehensive range of pathologies within the unhealthy group, so that I can ensure the system's efficacy and reliability in diverse clinical environments.

Acceptance Criteria:
- Include at least 15 distinct pathologies in the unhealthy group to cover a wide spectrum of clinical scenarios.
- Achieve a system accuracy rate of ≥90% when diagnosing these pathologies in clinical tests.
- Ensure the system can process and analyze data from at least 100 patient cases to validate its effectiveness.

Test Outline:
- Review the system's pathology database to confirm the inclusion of the required number of pathologies.
- Conduct clinical trials to measure the accuracy of the system's diagnoses against established benchmarks.
- Analyze the system's performance using data from patient cases to ensure it meets the specified processing capacity.","robust (ISO 29148)
it (ISO 29148)
that (ISO 29148)
these (ISO 29148)
can (NASA ARM)",3,4,1.0,1,4,3.0,3,5,2.0,2,5,3.0,2,5,3.0,1,5,4.0,2,5,3.0,—
A16US7Ll,"As a neonatologist, I want to use a system that can identify unhealthy newborns non-invasively, so that I can provide timely interventions and improve patient outcomes.","User Story:
As a neonatologist, I want to utilize a non-invasive system that accurately identifies at-risk newborns, enabling me to deliver prompt interventions and significantly enhance patient outcomes.

Acceptance Criteria:
- The system must achieve an accuracy rate of at least 90% in identifying unhealthy newborns.
- Timely alerts should be generated within 2 minutes of assessment to facilitate immediate clinical response.
- The system should integrate seamlessly with existing electronic health records (EHR) to ensure comprehensive patient data access.

Test Outline:
- Conduct a series of assessments to evaluate the system's accuracy in identifying unhealthy newborns and confirm it meets the 90% threshold.
- Measure the time taken from assessment to alert generation to ensure it is within the 2-minute requirement.
- Test the integration of the system with EHR to verify that all relevant patient data is accessible without delays.","it (ISO 29148)
that (ISO 29148)
all (ISO 29148)
timely (NASA ARM)",3,4,1.0,3,4,1.0,4,4,0.0,3,5,2.0,4,5,1.0,2,5,3.0,3,4,1.0,—
A16US8Ll,"As a researcher, I want to investigate the usefulness of information at different levels within cry audio signals, so that I can develop a deeper understanding of the relationship between cry patterns and infant health.","User Story:
As a researcher, I want to analyze the significance of information across various levels within cry audio signals so that I can gain comprehensive insights into how cry patterns correlate with infant health outcomes.

Acceptance Criteria:
- Conduct a comparative analysis of at least 5 distinct cry patterns to identify their relevance to specific health indicators.
- Collect and evaluate data from a minimum of 100 infant cry samples to ensure statistical validity.
- Present findings in a detailed report that outlines the relationship between cry characteristics and health metrics, with actionable recommendations.

Test Outline:
- Review the analysis methodology to confirm that it includes a diverse range of cry patterns and health indicators.
- Validate the sample size by checking the number of cry recordings analyzed and ensuring it meets the minimum requirement.
- Assess the final report for clarity, depth of analysis, and the presence of actionable insights based on the research findings.","it (ISO 29148)
that (ISO 29148)
can (NASA ARM)",2,5,3.0,2,4,2.0,3,5,2.0,2,5,3.0,3,5,2.0,2,5,3.0,2,5,3.0,—
A16US9Ll,"As a developer, I want to design a system that can achieve an F-measure of over 80% in identifying unhealthy newborns, so that I can develop a highly accurate diagnostic system.","User Story:
As a developer, I want to create a diagnostic system that achieves an F-measure greater than 80% in accurately identifying unhealthy newborns, so that I can ensure high reliability and effectiveness in early detection and intervention.

Acceptance Criteria:
- The system must demonstrate an F-measure of at least 80% during validation tests with a diverse dataset of newborn health indicators.
- The diagnostic system should maintain a precision rate of ≥ 80% to minimize false positives in identifying healthy newborns.
- The recall rate must be ≥ 80% to ensure that the majority of unhealthy newborns are correctly identified.

Test Outline:
- Conduct validation tests on the system using a comprehensive dataset and calculate the F-measure to confirm it meets or exceeds the target.
- Analyze the precision and recall rates from the test results to ensure both metrics are at or above the specified thresholds.
- Review case studies of identified newborns to assess the accuracy and reliability of the diagnostic system in real-world scenarios.","it (ISO 29148)
that (ISO 29148)
can (NASA ARM)
greater (NASA ARM)",4,4,0.0,4,4,0.0,4,5,1.0,4,5,1.0,4,5,1.0,2,5,3.0,4,5,1.0,—
A16US10Ll,"As a healthcare professional, I want to use a system that can provide accurate and reliable diagnoses, so that I can provide high-quality care to newborns and improve their health outcomes.","User Story:
As a healthcare professional, I want to utilize a diagnostic system that delivers precise and dependable diagnoses, so that I can enhance the quality of care provided to newborns and significantly improve their health outcomes.

Acceptance Criteria:
- The system must achieve an accuracy rate of at least 95% in diagnosing common neonatal conditions.
- Diagnostic results should be delivered within 2 minutes to ensure timely decision-making.
- The system should provide actionable insights and recommendations for at least 80% of the diagnosed cases.

Test Outline:
- Validate the accuracy of the system by comparing its diagnoses against a set of confirmed cases.
- Measure the time taken for the system to deliver diagnostic results after inputting patient data.
- Review the system's recommendations to ensure they are relevant and actionable for the majority of diagnosed conditions.","that (ISO 29148)
timely (NASA ARM)
can (NASA ARM)",2,4,2.0,1,4,3.0,3,5,2.0,2,5,3.0,2,5,3.0,1,5,4.0,2,5,3.0,—
A17US1Ll,"As a researcher, I want to be able to use LAMSTAR artificial neural networks to predict episodes of obstructive apnea and hypopnea in individuals with obstructive sleep apnea syndrome, so that I can evaluate the performance of the system.","User Story:
As a researcher, I want to utilize LAMSTAR artificial neural networks to accurately predict episodes of obstructive apnea and hypopnea in patients diagnosed with obstructive sleep apnea syndrome, so that I can rigorously assess the system's predictive performance and reliability.

Acceptance Criteria:
- Achieve a prediction accuracy of at least 85% for identifying episodes of obstructive apnea and hypopnea.
- Ensure that the false positive rate is maintained at ≤10% during testing.
- Validate the model's performance using a dataset of at least 500 patient records to ensure robustness.

Test Outline:
- Conduct a series of tests to measure the prediction accuracy and compare it against the established benchmark of 85%.
- Analyze the results to calculate the false positive rate and confirm it does not exceed 10%.
- Review the dataset used for validation to ensure it contains a minimum of 500 records and assess the model's performance across this sample.","it (ISO 29148)
this (ISO 29148)
that (ISO 29148)
can (NASA ARM)",3,4,1.0,3,4,1.0,4,5,1.0,3,5,2.0,3,5,2.0,2,5,3.0,3,5,2.0,—
A17US2Ll,"As a clinician, I want to be able to input six physiological signals obtained from polysomnography studies into the prediction system, so that I can get accurate predictions of apnea and hypopnea events.","User Story:
As a clinician, I want to input six specific physiological signals from polysomnography studies into the prediction system so that I can receive precise predictions of apnea and hypopnea events, enhancing patient care and treatment accuracy.

Acceptance Criteria:
- Successfully input six defined physiological signals into the prediction system with a validation success rate of 95% or higher.
- Ensure that the prediction system generates apnea and hypopnea event predictions with an accuracy of at least 90%.
- Provide feedback on the input process, confirming successful data entry within 3 seconds.

Test Outline:
- Test the input functionality by entering the six physiological signals and verify that the system accepts them without errors.
- Evaluate the accuracy of the predictions generated by the system against a known dataset to confirm it meets the accuracy criteria.
- Measure the time taken for the system to provide feedback on the input to ensure it meets the specified response time.","it (ISO 29148)
that (ISO 29148)
can (NASA ARM)",4,4,0.0,4,5,1.0,4,5,1.0,4,5,1.0,4,5,1.0,3,5,2.0,4,5,1.0,—
A17US3Ll,"As a system developer, I want to apply wavelet transform-based preprocessing to the physiological signals, so that I can improve the accuracy of the predictions made by the LAMSTAR artificial neural networks.","User Story:
As a system developer, I want to implement wavelet transform-based preprocessing techniques on physiological signals so that I can enhance the prediction accuracy of the LAMSTAR artificial neural networks, leading to more reliable outcomes.

Acceptance Criteria:
- Achieve a minimum improvement of 15% in prediction accuracy compared to the baseline without preprocessing.
- Ensure that the preprocessing time does not exceed 3 seconds per signal to maintain system efficiency.
- Validate that at least 90% of the processed signals meet the quality standards for input into the LAMSTAR model.

Test Outline:
- Compare the prediction accuracy of the LAMSTAR model with and without wavelet transform preprocessing using a standardized dataset.
- Measure the time taken for preprocessing each physiological signal to confirm it stays within the specified limit.
- Review the processed signals to ensure that at least 90% meet the established quality criteria for model input.","reliable (ISO 29148)
it (ISO 29148)
that (ISO 29148)
can (NASA ARM)
more (NASA ARM)",4,5,1.0,3,4,1.0,4,5,1.0,3,5,2.0,3,5,2.0,2,5,3.0,3,5,2.0,—
A17US4Ll,"As a researcher, I want to be able to test the prediction performance of the system during non-REM and REM sleep, so that I can determine the most effective operating environment for the system.","User Story:
As a researcher, I want to evaluate the prediction performance of the system in both non-REM and REM sleep stages so that I can identify the optimal operating conditions for maximizing system effectiveness.

Acceptance Criteria:
- Conduct performance tests during at least 3 distinct non-REM sleep cycles and 3 REM sleep cycles.
- Collect and analyze prediction accuracy data, aiming for a minimum accuracy rate of 85% in both sleep stages.
- Document the environmental conditions during each test to correlate performance with specific sleep stages.

Test Outline:
- Set up controlled experiments to monitor and record the system's prediction performance during designated non-REM and REM sleep periods.
- Analyze the collected data to ensure that the accuracy rates meet or exceed the established threshold for both sleep stages.","that (ISO 29148)
can (NASA ARM)",3,4,1.0,3,4,1.0,4,5,1.0,3,5,2.0,3,5,2.0,3,5,2.0,3,5,2.0,—
A17US5Ll,"As a clinician, I want to be able to adjust the data segment duration and prediction lead time of the system, so that I can optimize the accuracy of the predictions for individual patients.","User Story:
As a clinician, I want to customize the duration of data segments and the prediction lead time within the system, so that I can enhance the precision of patient-specific predictions, ultimately improving treatment outcomes.

Acceptance Criteria:
- Allow clinicians to adjust the data segment duration with a range of 1 to 60 minutes.
- Enable modification of the prediction lead time, with options ranging from 5 to 30 minutes.
- Ensure that changes in segment duration and lead time result in at least a 10% improvement in prediction accuracy for individual patients.

Test Outline:
- Test the system to confirm that clinicians can successfully modify the data segment duration and prediction lead time within the specified ranges.
- Analyze prediction accuracy before and after adjustments to verify that the improvements meet or exceed the 10% threshold.
- Collect clinician feedback on the usability and effectiveness of the customization features.","that (ISO 29148)
can (NASA ARM)",4,4,0.0,4,5,1.0,4,5,1.0,4,5,1.0,4,5,1.0,2,5,3.0,4,5,1.0,—
A17US6Ll,"As a system developer, I want to be able to measure the performance of the system using average sensitivities, specificities, positive predictive values, and negative predictive values, so that I can evaluate the effectiveness of the system.","User Story:
As a system developer, I want to accurately assess the system's performance by calculating average metrics such as sensitivities, specificities, positive predictive values (PPV), and negative predictive values (NPV), so that I can effectively evaluate the system's overall effectiveness and reliability.

Acceptance Criteria:
- Calculate and report the average sensitivity of the system, ensuring it meets or exceeds 85%.
- Calculate and report the average specificity of the system, ensuring it meets or exceeds 90%.
- Calculate and report the average positive predictive value (PPV) and negative predictive value (NPV), with both metrics achieving at least 80%.

Test Outline:
- Validate the calculations of average sensitivity, specificity, PPV, and NPV through automated testing against a known dataset.
- Review the performance reports to ensure that all metrics meet the specified thresholds for effectiveness.","it (ISO 29148)
that (ISO 29148)
all (ISO 29148)
can (NASA ARM)",4,4,0.0,4,4,0.0,4,5,1.0,3,5,2.0,4,5,1.0,3,5,2.0,4,5,1.0,—
A17US7Ll,"As a researcher, I want to be able to identify the most important physiological signals for making accurate and reliable predictions of apnea and hypopnea events, so that I can refine the system to focus on the most critical data.","User Story:
As a researcher, I want to pinpoint the key physiological signals that contribute to precise and dependable predictions of apnea and hypopnea events, so that I can enhance the system's focus on the most vital data for improved accuracy.

Acceptance Criteria:
- Identify and validate at least 3 physiological signals that correlate with apnea and hypopnea events with a confidence level of ≥90%.
- Conduct a comparative analysis demonstrating that the refined system's prediction accuracy improves by at least 15% over the current model.
- Ensure that the selected signals can be consistently measured and monitored in real-time with a latency of ≤1 second.

Test Outline:
- Perform statistical analysis to confirm the correlation between identified signals and apnea/hypopnea events.
- Run predictive modeling tests to compare the accuracy of the refined system against the baseline model.
- Monitor the real-time data collection process to verify that the latency of signal measurement meets the specified criteria.","most (ISO 29148)
that (ISO 29148)
improved (ISO 29148)
can (NASA ARM)
improved (NASA ARM)",3,4,1.0,3,4,1.0,4,5,1.0,3,5,2.0,3,5,2.0,2,5,3.0,3,5,2.0,—
A17US8Ll,"As a clinician, I want to be able to use the system to predict apnea events up to 60 seconds into the future, so that I can provide timely interventions to patients.","User Story:
As a clinician, I want the system to accurately forecast apnea events for up to 60 seconds ahead, so that I can implement timely interventions to enhance patient care and safety.

Acceptance Criteria:
- The system must achieve a prediction accuracy of at least 85% for apnea events occurring within the next 60 seconds.
- Predictions should be generated with a latency of no more than 2 seconds to ensure real-time responsiveness.
- Clinicians should receive alerts for predicted apnea events at least 90% of the time, allowing for prompt action.

Test Outline:
- Evaluate the prediction accuracy by comparing the system's forecasts against actual apnea events over a defined testing period.
- Measure the time taken from the moment of prediction request to the generation of results to ensure it meets the latency requirement.
- Track the frequency of alerts generated for predicted apnea events to confirm that the alert rate meets or exceeds the target.","it (ISO 29148)
that (ISO 29148)
timely (NASA ARM)
can (NASA ARM)
more (NASA ARM)",4,4,0.0,3,4,1.0,4,5,1.0,3,5,2.0,3,5,2.0,2,5,3.0,3,5,2.0,—
A17US9Ll,"As a system developer, I want to be able to integrate the prediction system with existing polysomnography equipment, so that I can simplify the data collection process and make the system more accessible to clinicians.","User Story:
As a system developer, I want to seamlessly integrate the prediction system with current polysomnography equipment so that I can streamline the data collection process, enhancing accessibility and usability for clinicians.

Acceptance Criteria:
- Achieve successful integration with at least 90% of existing polysomnography devices in use.
- Reduce the time required for data collection by 30% compared to the previous method.
- Ensure that clinicians can access and utilize the integrated system with minimal training, targeting a satisfaction rate of 85% or higher in user feedback.

Test Outline:
- Test the integration with a sample of polysomnography devices to confirm compatibility and functionality.
- Measure the time taken for data collection before and after integration to validate the reduction in time.
- Conduct a survey with clinicians post-integration to assess their satisfaction and ease of use with the new system.","that (ISO 29148)
minimal (ISO 29148)
can (NASA ARM)",3,4,1.0,3,5,2.0,4,5,1.0,3,5,2.0,3,5,2.0,2,5,3.0,3,5,2.0,—
A17US10Ll,"As a researcher, I want to be able to use the prediction system to facilitate improved therapies for obstructive sleep apnea, so that I can improve patient outcomes and quality of life.","User Story:
As a researcher, I want to leverage the prediction system to enhance therapeutic approaches for obstructive sleep apnea, so that I can significantly improve patient outcomes and overall quality of life.

Acceptance Criteria:
- The prediction system must provide accurate forecasts with at least 85% precision in identifying effective therapies.
- Implement a feedback mechanism to track patient outcomes, aiming for a minimum 20% improvement in quality of life metrics within 6 months of therapy initiation.
- Ensure that the system can analyze and process data from at least 500 patient cases to validate its effectiveness.

Test Outline:
- Evaluate the prediction system's accuracy by comparing its forecasts against actual patient outcomes to confirm the precision rate.
- Collect and analyze patient feedback and quality of life assessments to measure the improvement percentage over the specified timeframe.
- Test the system's data processing capabilities by inputting a sample of 500 patient cases and verifying the analysis results.","effective (ISO 29148)
that (ISO 29148)
effective (NASA ARM)
can (NASA ARM)",3,4,1.0,3,4,1.0,4,5,1.0,3,5,2.0,3,5,2.0,2,5,3.0,3,5,2.0,—
A18US1Ll,"As a radiologist, I want to use a computer-aided diagnosis system to classify tuberculosis (TB) disease in a chest radiograph, so that I can accurately diagnose and treat patients.","User Story:
As a radiologist, I want to utilize a computer-aided diagnosis (CAD) system to effectively classify tuberculosis (TB) in chest radiographs, so that I can enhance diagnostic accuracy and improve patient treatment outcomes.

Acceptance Criteria:
- The CAD system must achieve an accuracy rate of at least 90% in identifying TB cases from chest radiographs.
- The system should provide results within 30 seconds of image input to facilitate timely diagnosis.
- The CAD tool must include a detailed report highlighting key features and confidence levels for each classification.

Test Outline:
- Validate the accuracy of the CAD system by comparing its classifications against a set of confirmed TB cases.
- Measure the time taken for the CAD system to process and return results for a sample of chest radiographs.
- Review the generated reports to ensure they include comprehensive details and confidence metrics for each diagnosis.","that (ISO 29148)
timely (NASA ARM)
can (NASA ARM)",3,4,1.0,3,4,1.0,4,5,1.0,3,5,2.0,4,5,1.0,2,5,3.0,3,5,2.0,—
A18US2Ll,"As a researcher, I want to develop a convolutional neural network (CNN) algorithm that can detect and classify TB disease in addition to other diseases, so that I can improve the accuracy of diagnosis.","User Story:
As a researcher, I want to create a convolutional neural network (CNN) algorithm capable of detecting and classifying tuberculosis (TB) alongside other diseases, so that I can enhance diagnostic accuracy by at least 15% compared to current methods.

Acceptance Criteria:
- Achieve a classification accuracy of ≥90% for TB detection in validation datasets.
- Ensure the CNN can differentiate between TB and at least 3 other diseases with an accuracy of ≥85%.
- Reduce false positive rates for TB diagnosis to ≤5% in test scenarios.

Test Outline:
- Evaluate the CNN's performance on a validation dataset to confirm it meets the accuracy benchmarks for TB and other diseases.
- Conduct tests to measure the algorithm's ability to correctly identify TB versus other diseases and document the accuracy rates.
- Analyze the false positive rates during testing to ensure they remain within the specified threshold.","it (ISO 29148)
that (ISO 29148)
can (NASA ARM)",3,4,1.0,3,4,1.0,4,5,1.0,3,5,2.0,3,5,2.0,2,5,3.0,3,5,2.0,—
A18US3Ll,"As a healthcare professional, I want to use a transfer learning technique that utilizes a pre-trained CNN network to classify TB disease, so that I can reduce the time and resources required for training and validation.","User Story:
As a healthcare professional, I want to implement a transfer learning approach using a pre-trained Convolutional Neural Network (CNN) to accurately classify tuberculosis (TB) cases, so that I can significantly decrease the time and resources needed for model training and validation, ultimately improving patient diagnosis efficiency.

Acceptance Criteria:
- Achieve a classification accuracy of at least 90% on the TB dataset using the pre-trained CNN.
- Reduce the training time to less than 5 hours compared to traditional training methods.
- Limit the resource usage (e.g., GPU hours) to no more than 10 hours for the entire training and validation process.

Test Outline:
- Evaluate the model's classification accuracy on a validation set to ensure it meets or exceeds the target.
- Track the total training duration to confirm it is under the specified time limit.
- Monitor resource consumption during the training phase to verify it does not exceed the defined threshold.","it (ISO 29148)
that (ISO 29148)
can (NASA ARM)
more (NASA ARM)
less (NASA ARM)",3,4,1.0,3,4,1.0,4,5,1.0,3,5,2.0,3,5,2.0,2,5,3.0,3,5,2.0,—
A18US4Ll,"As a patient, I want to receive an accurate diagnosis of TB disease or other diseases using a reliable and efficient computer-aided diagnosis system, so that I can receive timely and effective treatment.","User Story:
As a patient, I want to obtain a precise diagnosis for tuberculosis (TB) or other diseases through a dependable and efficient computer-aided diagnosis system, so that I can access timely and effective treatment options that improve my health outcomes.

Acceptance Criteria:
- The diagnosis system must achieve an accuracy rate of at least 95% for TB detection.
- The system should provide results within 30 minutes of the initial assessment to ensure prompt treatment initiation.
- The diagnosis process must be user-friendly, with a satisfaction score of 90% or higher from patients using the system.

Test Outline:
- Validate the accuracy of the diagnosis system by comparing its results against confirmed cases of TB and other diseases.
- Measure the time taken from the start of the assessment to the delivery of diagnosis results to ensure it meets the 30-minute target.
- Conduct a patient satisfaction survey to assess the usability and effectiveness of the diagnosis system.","efficient (ISO 29148)
effective (ISO 29148)
it (ISO 29148)
that (ISO 29148)
effective (NASA ARM)
timely (NASA ARM)
can (NASA ARM)",3,4,1.0,3,4,1.0,4,5,1.0,3,5,2.0,3,5,2.0,2,5,3.0,3,5,2.0,—
A18US5Ll,"As a radiologist, I want to use a comprehensive verification system using TensorFlow to train and validate the proposed technique, so that I can ensure the accuracy and reliability of the diagnosis.","User Story:
As a radiologist, I want to implement a robust verification system utilizing TensorFlow for training and validating the proposed diagnostic technique, so that I can achieve a minimum accuracy rate of 95% and enhance the reliability of my diagnoses.

Acceptance Criteria:
- The verification system must demonstrate an accuracy of at least 95% when tested on a validation dataset.
- The model should be trained on a minimum of 10,000 labeled images to ensure comprehensive learning.
- The system must provide validation results within 30 seconds to facilitate timely decision-making.

Test Outline:
- Evaluate the accuracy of the model on the validation dataset to confirm it meets or exceeds the 95% threshold.
- Check the dataset size used for training to ensure it contains at least 10,000 labeled images.
- Measure the time taken to generate validation results after inputting new data to ensure it is within the 30-second limit.","robust (ISO 29148)
it (ISO 29148)
that (ISO 29148)
timely (NASA ARM)
can (NASA ARM)",3,4,1.0,3,4,1.0,4,5,1.0,3,5,2.0,3,5,2.0,2,5,3.0,3,5,2.0,—
A18US6Ll,"As a researcher, I want to compare the area under the curve (AUC) between different CNN models to determine the most accurate method for classifying TB disease, so that I can improve the performance of the system.","User Story:
As a researcher, I want to analyze and compare the area under the curve (AUC) metrics of various convolutional neural network (CNN) models to identify the most effective model for tuberculosis (TB) disease classification, so that I can enhance the overall accuracy and reliability of the diagnostic system.

Acceptance Criteria:
- Calculate and document the AUC for each CNN model tested, ensuring that at least 5 different models are compared.
- Establish a benchmark where the best-performing model achieves an AUC of 0.85 or higher.
- Present a comprehensive report detailing the AUC results and the implications for model selection in TB classification.

Test Outline:
- Execute the AUC calculations for each CNN model and verify the results against the expected benchmarks.
- Review the comparative analysis report to ensure it includes all necessary data and insights for decision-making.","best (ISO 29148)
most (ISO 29148)
effective (ISO 29148)
it (ISO 29148)
that (ISO 29148)
all (ISO 29148)
effective (NASA ARM)
can (NASA ARM)
best (NASA ARM)",4,4,0.0,3,4,1.0,4,5,1.0,3,5,2.0,3,5,2.0,2,5,3.0,3,5,2.0,—
A18US7Ll,"As a healthcare professional, I want to use a method that can classify multiple diseases, including atelectasis, edema, and tuberculosis, with high accuracy, so that I can provide a comprehensive diagnosis and treatment plan.","User Story:
As a healthcare professional, I want to implement a diagnostic method capable of accurately classifying multiple diseases, such as atelectasis, edema, and tuberculosis, so that I can deliver a thorough and effective diagnosis and treatment strategy.

Acceptance Criteria:
- Achieve an accuracy rate of at least 90% in classifying the specified diseases.
- Ensure the method can process and analyze patient data within a maximum time frame of 5 minutes.
- Provide detailed reports that include diagnostic confidence levels for each disease classification.

Test Outline:
- Validate the accuracy of the classification method by comparing its results against a set of confirmed diagnoses.
- Measure the time taken to analyze patient data and generate results to ensure it meets the time requirement.
- Review the generated reports to confirm they include confidence levels for each disease classification.","effective (ISO 29148)
it (ISO 29148)
that (ISO 29148)
effective (NASA ARM)
can (NASA ARM)",3,4,1.0,3,4,1.0,4,5,1.0,3,5,2.0,3,5,2.0,2,5,3.0,3,5,2.0,—
A18US8Ll,"As a patient, I want to receive a timely and accurate diagnosis of pleural effusion and consolidation diseases, so that I can receive prompt and effective treatment.","User Story:
As a patient, I want to obtain a precise and timely diagnosis for pleural effusion and consolidation conditions so that I can start receiving prompt and effective treatment, ultimately improving my health outcomes.

Acceptance Criteria:
- Diagnosis must be delivered within 24 hours of the initial consultation.
- Ensure that diagnostic accuracy is ≥95% based on follow-up imaging and clinical assessments.
- Provide a clear treatment plan within 48 hours of diagnosis to facilitate immediate care.

Test Outline:
- Track the time taken from the initial consultation to the delivery of the diagnosis to ensure it meets the 24-hour requirement.
- Review follow-up imaging and clinical assessments to confirm the accuracy of the diagnosis.
- Evaluate the clarity and completeness of the treatment plan provided within the specified timeframe.","effective (ISO 29148)
it (ISO 29148)
that (ISO 29148)
effective (NASA ARM)
timely (NASA ARM)
can (NASA ARM)",3,4,1.0,3,4,1.0,4,5,1.0,3,5,2.0,4,5,1.0,2,5,3.0,3,5,2.0,—
A18US9Ll,"As a radiologist, I want to use a computer-aided diagnosis system that can achieve excellent performance in classifying diseases, such as TB, atelectasis, and edema, with high AUC values, so that I can trust the accuracy of the diagnosis.","User Story:
As a radiologist, I want to utilize a computer-aided diagnosis system that demonstrates superior performance in accurately classifying diseases like tuberculosis (TB), atelectasis, and pulmonary edema, achieving an area under the curve (AUC) value of 0.90 or higher, so that I can confidently rely on the system for precise diagnoses.

Acceptance Criteria:
- The system must achieve an AUC of at least 0.90 for TB classification.
- The AUC for atelectasis classification should be 0.85 or greater.
- The AUC for edema classification must reach a minimum of 0.88.

Test Outline:
- Validate the AUC values for each disease classification through rigorous testing against a validated dataset.
- Conduct a comparative analysis of the system's performance against existing diagnostic methods to ensure reliability and accuracy.","that (ISO 29148)
can (NASA ARM)
greater (NASA ARM)",3,4,1.0,3,4,1.0,4,5,1.0,3,5,2.0,3,5,2.0,2,5,3.0,3,5,2.0,—
A18US10Ll,"As a healthcare administrator, I want to implement a computer-aided diagnosis system that can be used for early diagnosis and treatment of diseases in a clinical environment, so that I can improve patient outcomes and reduce healthcare costs.","User Story:
As a healthcare administrator, I want to deploy a computer-aided diagnosis system in clinical settings so that I can enhance early disease detection and treatment, ultimately leading to improved patient outcomes and a reduction in overall healthcare expenses.

Acceptance Criteria:
- The system must achieve a diagnostic accuracy rate of at least 90% for common diseases within the first 6 months of implementation.
- Reduce the average time for diagnosis by 30% compared to traditional methods within the first year.
- Demonstrate a decrease in healthcare costs by at least 15% over the first year through improved efficiency and reduced hospital readmissions.

Test Outline:
- Conduct a series of diagnostic tests using the system and compare the accuracy rates against established benchmarks.
- Measure the time taken for diagnoses before and after the system's implementation to confirm the targeted reduction.
- Analyze healthcare cost reports to evaluate the financial impact of the system on patient care and resource utilization.","that (ISO 29148)
improved (ISO 29148)
can (NASA ARM)
improved (NASA ARM)",2,4,2.0,2,4,2.0,3,5,2.0,2,5,3.0,2,5,3.0,2,5,3.0,2,5,3.0,—
A19US1Ll,"As a banker, I want to minimize credit risk and optimize lending decisions, so I need a reliable method to predict credit card default rates using data analytics.","User Story:
As a banker, I want to effectively reduce credit risk and enhance lending decisions, so I require a robust data analytics framework that accurately predicts credit card default rates.

Acceptance Criteria:
- Develop a predictive model that achieves at least 85% accuracy in forecasting credit card default rates based on historical data.
- Implement the model to analyze a minimum of 10,000 customer profiles to ensure comprehensive insights.
- Generate monthly reports that detail default rate predictions and their variance from actual outcomes, with a target variance of ≤5%.

Test Outline:
- Validate the predictive model's accuracy by comparing its forecasts against actual default rates over a 6-month period.
- Review the analysis of customer profiles to confirm that the model processes at least 10,000 entries.
- Assess the monthly reports for accuracy and completeness, ensuring the variance criteria are met.","robust (ISO 29148)
that (ISO 29148)",3,4,1.0,3,4,1.0,3,4,1.0,3,5,2.0,4,5,1.0,2,5,3.0,3,4,1.0,—
A19US2Ll,"As a risk manager, I want to identify the most accurate model for predicting credit card default, so I can use it to inform my credit risk management strategies and reduce losses.","User Story:
As a risk manager, I want to determine the most precise predictive model for assessing credit card defaults so that I can enhance my credit risk management strategies and minimize financial losses by at least 15%.

Acceptance Criteria:
- Evaluate and compare at least 5 different predictive models for accuracy, aiming for a model with an accuracy rate of 85% or higher.
- Conduct validation tests to ensure the selected model consistently predicts defaults with a false positive rate of less than 10%.
- Implement the chosen model in a pilot program to track its effectiveness in reducing credit losses by a minimum of 15% over the next quarter.

Test Outline:
- Analyze the performance metrics of each model to confirm the accuracy and false positive rates meet the specified criteria.
- Monitor the pilot program's results to assess the reduction in credit losses and validate the model's effectiveness.","most (ISO 29148)
that (ISO 29148)
can (NASA ARM)
less (NASA ARM)",3,4,1.0,3,4,1.0,3,5,2.0,3,5,2.0,3,5,2.0,2,5,3.0,3,5,2.0,—
A19US3Ll,"As a data analyst, I want to evaluate the performance of different machine learning models, including logistic regression, decision tree, and random forest, to predict credit card default and identify the best approach.","User Story:
As a data analyst, I want to systematically assess the effectiveness of various machine learning models, such as logistic regression, decision tree, and random forest, in predicting credit card defaults so that I can determine the most accurate and reliable model for our financial forecasting.

Acceptance Criteria:
- Evaluate each model's performance using a minimum of 5,000 data points to ensure statistical significance.
- Compare the models based on accuracy, precision, and recall metrics, aiming for an accuracy rate of at least 85% for the best-performing model.
- Document the findings in a report that includes visualizations of model performance and recommendations for the optimal approach.

Test Outline:
- Run each machine learning model on the same dataset and record their performance metrics for comparison.
- Validate the accuracy, precision, and recall of each model against the established benchmarks.
- Review the final report to ensure it includes comprehensive analysis and clear recommendations based on the results.","best (ISO 29148)
most (ISO 29148)
reliable (ISO 29148)
it (ISO 29148)
that (ISO 29148)
can (NASA ARM)
best (NASA ARM)",3,4,1.0,3,4,1.0,3,5,2.0,2,5,3.0,3,5,2.0,2,5,3.0,3,5,2.0,—
A19US4Ll,"As a credit card issuer, I want to reduce credit card default rates and improve my bottom line, so I need a predictive model that can identify high-risk customers and prevent defaults.","User Story:
As a credit card issuer, I want to implement a predictive analytics model that accurately identifies high-risk customers so that I can significantly lower credit card default rates and enhance profitability.

Acceptance Criteria:
- The predictive model must achieve at least 85% accuracy in identifying high-risk customers based on historical data.
- Reduce the current default rate by a minimum of 20% within the first year of implementation.
- Generate actionable insights that allow for targeted interventions for at least 75% of identified high-risk customers.

Test Outline:
- Validate the model's accuracy by comparing its predictions against actual default rates in a controlled test group.
- Monitor the overall default rate quarterly to ensure it meets the targeted reduction.
- Assess the effectiveness of interventions by tracking the outcomes of high-risk customers who received targeted support.","it (ISO 29148)
that (ISO 29148)
can (NASA ARM)",3,4,1.0,3,4,1.0,3,5,2.0,3,5,2.0,3,5,2.0,2,5,3.0,3,5,2.0,—
A19US5Ll,"As a customer, I want to understand how banks assess my credit risk and make lending decisions, so I can take steps to improve my credit score and access credit at favorable terms.","User Story:
As a customer, I want to gain insights into the criteria banks use to evaluate my credit risk and make lending decisions so that I can proactively enhance my credit score and secure loans with more favorable terms.

Acceptance Criteria:
- Provide a clear explanation of the key factors that influence credit risk assessments, such as payment history, credit utilization, and length of credit history.
- Offer actionable steps that customers can take to improve their credit scores, with specific metrics (e.g., reduce credit utilization to below 30%).
- Ensure that customers can access resources or tools to monitor their credit scores and track improvements over time.

Test Outline:
- Review the educational materials provided to ensure they cover all relevant factors affecting credit risk.
- Assess the clarity and practicality of the suggested steps for improving credit scores.
- Verify that customers can access and utilize the credit monitoring resources effectively.","secure (ISO 29148)
that (ISO 29148)
all (ISO 29148)
can (NASA ARM)
more (NASA ARM)",3,4,1.0,3,4,1.0,3,5,2.0,3,5,2.0,3,5,2.0,2,5,3.0,3,5,2.0,—
A19US6Ll,"As a financial regulator, I want to ensure that banks are using robust methods to manage credit risk and prevent default, so I need to understand the performance of different predictive models and their limitations.","User Story:
As a financial regulator, I want to evaluate the effectiveness of various predictive models used by banks to manage credit risk and mitigate defaults, so that I can ensure compliance with regulatory standards and enhance financial stability.

Acceptance Criteria:
- Analyze at least 5 different predictive models for credit risk management, documenting their performance metrics and limitations.
- Provide a comparative report that highlights the strengths and weaknesses of each model, including accuracy rates and false positive/negative ratios.
- Ensure that the findings are presented in a format that allows for actionable insights and recommendations for banks to improve their risk management practices.

Test Outline:
- Review the performance data of each predictive model to confirm that the analysis covers the required number of models.
- Validate the comparative report for clarity and comprehensiveness, ensuring it includes all specified metrics and insights.","it (ISO 29148)
that (ISO 29148)
all (ISO 29148)
can (NASA ARM)",3,4,1.0,3,4,1.0,3,5,2.0,3,5,2.0,3,5,2.0,2,5,3.0,3,5,2.0,—
A19US7Ll,"As a data scientist, I want to use random forest to analyze the factors that contribute to credit card default and identify the most important variables that banks should consider when assessing credit risk.","User Story:
As a data scientist, I want to implement a random forest model to evaluate the key factors influencing credit card defaults so that I can pinpoint the most significant variables that banks should prioritize in their credit risk assessments.

Acceptance Criteria:
- Successfully train the random forest model on a dataset with at least 10,000 records to ensure robust analysis.
- Identify and rank the top 5 variables that contribute most significantly to credit card default risk, with a clear explanation of their impact.
- Validate the model's accuracy with an AUC score of 0.85 or higher on a separate test dataset.

Test Outline:
- Assess the model's performance by comparing the predicted outcomes against actual defaults in the test dataset to confirm the AUC score.
- Review the feature importance output from the random forest model to ensure the top 5 variables are correctly identified and documented.","most (ISO 29148)
robust (ISO 29148)
that (ISO 29148)
significant (ISO 29148)
can (NASA ARM)",3,5,2.0,3,4,1.0,3,5,2.0,3,5,2.0,4,5,1.0,2,5,3.0,3,5,2.0,—
A19US8Ll,"As a business intelligence developer, I want to design a dashboard that provides real-time analytics and insights on credit card default rates, so banks can monitor and manage credit risk more effectively.","User Story:
As a business intelligence developer, I want to create an interactive dashboard that delivers real-time analytics and insights on credit card default rates, enabling banks to proactively monitor and manage credit risk with greater efficiency.

Acceptance Criteria:
- The dashboard must update credit card default rate data in real-time, with updates occurring at least every 5 minutes.
- Provide visualizations that allow users to filter data by various parameters, such as time period, geographic region, and customer demographics.
- Ensure that the dashboard can handle at least 1,000 concurrent users without performance degradation.

Test Outline:
- Monitor the dashboard to confirm that data updates occur within the specified time frame.
- Test the filtering functionality to ensure users can easily manipulate and view data based on selected parameters.
- Conduct load testing to verify that the dashboard maintains performance standards with 1,000 concurrent users.","that (ISO 29148)
every (ISO 29148)
can (NASA ARM)
greater (NASA ARM)",3,4,1.0,3,4,1.0,3,4,1.0,3,5,2.0,3,5,2.0,2,5,3.0,3,4,1.0,—
A19US9Ll,"As a credit risk manager, I want to use data analytics to identify high-risk customer segments and develop targeted interventions to reduce default rates and improve credit quality.","User Story:
As a credit risk manager, I want to leverage advanced data analytics to pinpoint high-risk customer segments so that I can implement targeted interventions, ultimately reducing default rates by at least 15% and enhancing overall credit quality.

Acceptance Criteria:
- Identify and categorize at least 3 high-risk customer segments based on data analytics insights.
- Develop and execute targeted intervention strategies for each segment, aiming for a measurable reduction in default rates of 15% or more within the next fiscal year.
- Monitor and report on credit quality improvements, ensuring at least a 10% increase in the overall credit score of the targeted segments.

Test Outline:
- Analyze customer data to confirm the identification of high-risk segments and validate the accuracy of the analytics.
- Track the effectiveness of the interventions by measuring default rates before and after implementation.
- Review credit quality metrics to ensure improvements are documented and meet the specified criteria.","that (ISO 29148)
can (NASA ARM)
more (NASA ARM)",3,4,1.0,3,4,1.0,3,5,2.0,3,5,2.0,4,5,1.0,2,5,3.0,3,5,2.0,—
A19US10Ll,"As a banking executive, I want to leverage data analytics and machine learning to improve credit risk management and reduce losses, so I can increase profitability and competitiveness in the banking industry.","User Story:
As a banking executive, I want to utilize advanced data analytics and machine learning techniques to enhance credit risk management, thereby minimizing financial losses and boosting profitability, which will strengthen our competitive edge in the banking sector.

Acceptance Criteria:
- Implement machine learning models that can predict credit risk with at least 85% accuracy.
- Achieve a reduction in credit losses by 20% within the first year of implementation.
- Increase the speed of credit decision-making processes by 30% through automated analytics.

Test Outline:
- Validate the accuracy of the machine learning models by comparing predicted outcomes against actual credit performance.
- Measure the percentage decrease in credit losses over the specified period to ensure it meets the target.
- Assess the time taken for credit decisions before and after implementing the analytics to confirm the improvement.","it (ISO 29148)
that (ISO 29148)
can (NASA ARM)",2,4,2.0,2,4,2.0,2,4,2.0,2,5,3.0,2,5,3.0,1,5,4.0,2,4,2.0,—
A20US1Ll,"As a researcher, I want to analyze the relationship between drug abuse and various factors such as personality traits, sensation seeking, impulsivity, and demographic information so that I can identify the elements that lead to drug abuse.","User Story:
As a researcher, I want to conduct a comprehensive analysis of the correlation between drug abuse and multiple influencing factors, including personality traits, sensation-seeking behaviors, impulsivity levels, and demographic variables, so that I can pinpoint the key elements that contribute to drug abuse.

Acceptance Criteria:
- Collect and analyze data from at least 500 participants to ensure statistical significance in the findings.
- Identify and quantify at least 5 distinct personality traits that correlate with higher rates of drug abuse.
- Establish a clear relationship between sensation-seeking scores and impulsivity levels in relation to drug abuse tendencies.

Test Outline:
- Validate the sample size and demographic diversity of the participant pool to ensure comprehensive analysis.
- Use statistical methods to assess the correlation between identified personality traits and drug abuse rates, confirming the findings with a p-value of ≤0.05.
- Analyze the data to determine the strength of the relationship between sensation-seeking and impulsivity, presenting the results in a clear, measurable format.","that (ISO 29148)
can (NASA ARM)",2,4,2.0,2,4,2.0,3,5,2.0,2,5,3.0,2,5,3.0,1,5,4.0,2,5,3.0,—
A20US2Ll,"As a healthcare professional, I want to know the predictive value of Big Five personality traits (NEO-FFI-R) on drug abuse so that I can assess an individual's likelihood of drug abuse.","User Story:
As a healthcare professional, I want to understand the predictive impact of the Big Five personality traits (NEO-FFI-R) on the likelihood of drug abuse so that I can effectively evaluate and identify individuals at higher risk for substance use disorders.

Acceptance Criteria:
- Analyze the correlation between each of the Big Five personality traits and drug abuse rates, providing statistical significance (p-value < 0.05).
- Establish a predictive model that accurately classifies individuals at risk of drug abuse with at least 80% accuracy.
- Provide a comprehensive report detailing the findings, including actionable insights for clinical assessments.

Test Outline:
- Conduct a statistical analysis to determine the relationship between the Big Five traits and drug abuse, ensuring to document p-values.
- Validate the predictive model using a separate dataset to confirm its accuracy and reliability.
- Review the final report with stakeholders to ensure clarity and applicability of the insights for clinical use.","that (ISO 29148)
can (NASA ARM)",3,4,1.0,2,4,2.0,3,5,2.0,2,5,3.0,3,5,2.0,2,5,3.0,3,5,2.0,—
A20US3Ll,"As a data analyst, I want to access the drug consumption data from the UCI database so that I can analyze it and identify patterns related to drug abuse.","User Story:
As a data analyst, I want to retrieve drug consumption data from the UCI database so that I can conduct a thorough analysis and uncover significant patterns associated with drug abuse trends.

Acceptance Criteria:
- Successfully connect to the UCI database and access the drug consumption dataset without errors.
- Extract and download the dataset in a usable format (e.g., CSV or Excel) within 5 minutes of the request.
- Identify at least 3 distinct patterns or trends related to drug abuse from the analyzed data.

Test Outline:
- Verify the connection to the UCI database and ensure the dataset is accessible.
- Measure the time taken to download the dataset and confirm it meets the 5-minute requirement.
- Analyze the data and present findings on at least 3 identified patterns or trends in a report.","it (ISO 29148)
that (ISO 29148)
significant (ISO 29148)
can (NASA ARM)",3,4,1.0,3,4,1.0,4,5,1.0,2,5,3.0,4,5,1.0,2,5,3.0,3,5,2.0,—
A20US4Ll,"As a machine learning model, I want to be trained on the drug consumption data using logistic regression, decision tree, and random forest algorithms so that I can predict the probability of drug abuse accurately.","User Story:
As a machine learning model, I want to train a machine learning model on drug consumption data utilizing logistic regression, decision tree, and random forest algorithms so that I can accurately predict the probability of drug abuse with a high degree of reliability.

Acceptance Criteria:
- Achieve a model accuracy of at least 85% on the validation dataset.
- Ensure that the model's precision and recall for drug abuse predictions are both ≥ 80%.
- Validate the model's performance using cross-validation with at least 5 folds to ensure robustness.

Test Outline:
- Evaluate the model's accuracy by comparing predicted outcomes against actual results on the validation dataset.
- Calculate precision and recall metrics to confirm they meet the specified thresholds.
- Perform cross-validation and analyze the results to ensure consistent performance across different data subsets.","that (ISO 29148)
can (NASA ARM)",3,4,1.0,3,4,1.0,4,5,1.0,3,5,2.0,4,5,1.0,2,5,3.0,3,5,2.0,—
A20US5Ll,"As a policy maker, I want to identify the most important factors contributing to drug abuse so that I can develop targeted policies to prevent drug abuse.","User Story:
As a policy maker, I want to analyze and pinpoint the key factors driving drug abuse so that I can formulate effective, data-driven policies aimed at reducing drug abuse rates in the community.

Acceptance Criteria:
- Conduct a comprehensive analysis identifying at least 5 significant factors contributing to drug abuse, supported by relevant data.
- Gather input from at least 3 stakeholder groups (e.g., healthcare professionals, law enforcement, community organizations) to ensure a well-rounded perspective.
- Develop a preliminary policy proposal that includes at least 3 targeted interventions based on the identified factors.

Test Outline:
- Review the analysis report to confirm the identification of the key factors and their supporting data.
- Validate stakeholder input by checking meeting notes or feedback forms from the consultations.
- Assess the preliminary policy proposal for the inclusion of the targeted interventions and their alignment with the identified factors.","effective (ISO 29148)
that (ISO 29148)
significant (ISO 29148)
effective (NASA ARM)
can (NASA ARM)",4,4,0.0,3,5,2.0,4,5,1.0,3,5,2.0,4,5,1.0,2,5,3.0,3,5,2.0,—
A20US6Ll,"As a researcher, I want to compare the predictive accuracy of different machine learning models (logistic regression, decision tree, and random forest) on drug abuse data so that I can determine the best approach for prediction.","User Story:
As a researcher, I want to evaluate and compare the predictive accuracy of various machine learning models, including logistic regression, decision tree, and random forest, on drug abuse datasets so that I can identify the most effective model for accurate predictions.

Acceptance Criteria:
- Conduct a comparative analysis of the predictive accuracy of each model, aiming for a minimum accuracy threshold of 85% for the best-performing model.
- Utilize a consistent dataset split (e.g., 70% training and 30% testing) to ensure fair evaluation across all models.
- Document and present the performance metrics (e.g., accuracy, precision, recall) for each model in a clear and accessible format.

Test Outline:
- Implement each machine learning model on the drug abuse dataset and record their predictive accuracy.
- Verify that the dataset is split consistently for all models and that performance metrics are calculated correctly.
- Review the documented results to ensure they are presented in a way that allows for easy comparison and understanding of each model's effectiveness.","best (ISO 29148)
most (ISO 29148)
easy (ISO 29148)
effective (ISO 29148)
that (ISO 29148)
all (ISO 29148)
effective (NASA ARM)
can (NASA ARM)
best (NASA ARM)",3,4,1.0,3,4,1.0,4,5,1.0,3,5,2.0,3,5,2.0,2,5,3.0,3,5,2.0,—
A20US7Ll,"As a social worker, I want to understand how environmental factors such as country of origin affect drug abuse behavior so that I can develop community-based interventions to prevent drug abuse.","User Story:
As a social worker, I want to analyze the impact of environmental factors, including country of origin, on drug abuse behaviors so that I can design and implement effective community-based interventions aimed at reducing drug abuse rates.

Acceptance Criteria:
- Conduct a comprehensive study that includes data from at least 5 different countries to identify specific environmental influences on drug abuse.
- Develop at least 3 targeted intervention strategies based on the findings that can be implemented within the community.
- Measure the effectiveness of the interventions by tracking a 20% reduction in drug abuse incidents within the first year of implementation.

Test Outline:
- Review and analyze the collected data to determine correlations between country of origin and drug abuse behaviors.
- Present the intervention strategies to community stakeholders for feedback and approval.
- Monitor and evaluate the drug abuse rates in the community post-implementation to assess the impact of the interventions.","effective (ISO 29148)
that (ISO 29148)
effective (NASA ARM)
can (NASA ARM)",3,4,1.0,1,5,4.0,3,5,2.0,2,5,3.0,3,5,2.0,1,5,4.0,2,5,3.0,—
A20US8Ll,"As a psychologist, I want to explore the relationship between sensation seeking and drug abuse so that I can develop strategies to redirect sensation seekers towards healthier behaviors.","User Story:
As a psychologist, I want to investigate the correlation between sensation seeking traits and patterns of drug abuse so that I can formulate effective interventions that guide sensation seekers towards healthier lifestyle choices.

Acceptance Criteria:
- Conduct a comprehensive study involving at least 200 participants to analyze the relationship between sensation seeking and drug abuse.
- Identify at least 3 specific behavioral patterns associated with high sensation seeking that correlate with increased drug use.
- Develop and pilot at least 2 targeted intervention strategies aimed at redirecting sensation seekers towards positive activities, with a goal of reducing drug use by 25% in the participant group.

Test Outline:
- Analyze the collected data to establish the strength of the correlation between sensation seeking and drug abuse.
- Evaluate the effectiveness of the intervention strategies through pre- and post-intervention surveys measuring changes in behavior and drug use frequency.","effective (ISO 29148)
that (ISO 29148)
effective (NASA ARM)
can (NASA ARM)",2,4,2.0,2,4,2.0,3,5,2.0,2,5,3.0,4,5,1.0,2,5,3.0,3,5,2.0,—
A20US9Ll,"As a public health official, I want to use machine learning models to identify high-risk individuals for drug abuse so that I can target prevention and intervention efforts effectively.","User Story:
As a public health official, I want to implement machine learning algorithms to accurately identify individuals at high risk for drug abuse so that I can strategically focus prevention and intervention initiatives, ultimately reducing drug-related incidents in the community.

Acceptance Criteria:
- Achieve at least an 85% accuracy rate in identifying high-risk individuals using the machine learning model.
- Ensure the model can process and analyze data from a minimum of 1,000 individuals to validate its effectiveness.
- Generate actionable insights that allow for targeted outreach to at least 200 high-risk individuals within the first quarter of implementation.

Test Outline:
- Evaluate the model's accuracy by comparing its predictions against a validated dataset of known high-risk individuals.
- Test the model's performance on a sample size of at least 1,000 individuals to confirm its scalability and reliability.
- Track the number of high-risk individuals identified and the subsequent outreach efforts to ensure the target of 200 individuals is met.","that (ISO 29148)
can (NASA ARM)",3,4,1.0,3,4,1.0,4,5,1.0,3,5,2.0,4,5,1.0,2,5,3.0,3,5,2.0,—
A20US10Ll,"As a researcher, I want to investigate the interaction between individual factors (e.g., personality traits) and environmental factors (e.g., country of origin) on drug abuse behavior so that I can develop a comprehensive understanding of drug abuse prevention.","User Story:
As a researcher, I want to analyze the relationship between individual characteristics, such as personality traits, and environmental influences, like country of origin, on drug abuse behaviors so that I can formulate effective strategies for drug abuse prevention.

Acceptance Criteria:
- Collect and analyze data from at least 500 participants across diverse backgrounds to ensure a representative sample.
- Identify and quantify the correlation between specific personality traits and drug abuse tendencies with a statistical significance level of p < 0.05.
- Develop a comprehensive report outlining findings and actionable recommendations for drug abuse prevention strategies based on the analysis.

Test Outline:
- Conduct surveys and interviews to gather data on personality traits and drug abuse behaviors from the target sample.
- Use statistical analysis software to evaluate the correlation between individual and environmental factors, ensuring the results meet the specified significance criteria.
- Review the final report for clarity, relevance, and applicability of the recommendations to drug abuse prevention initiatives.","effective (ISO 29148)
that (ISO 29148)
effective (NASA ARM)
can (NASA ARM)",2,4,2.0,1,4,3.0,3,5,2.0,2,5,3.0,2,5,3.0,1,5,4.0,2,5,3.0,—
A21US1Ll,"As a researcher, I want to study the impact of racial and gender bias on online freelancing marketplaces so that I can understand the fairness of these platforms.","User Story:
As a researcher, I want to analyze the effects of racial and gender bias within online freelancing marketplaces so that I can assess the equity and fairness of these platforms for all users.

Acceptance Criteria:
- Collect and analyze data from at least 500 freelancer profiles to identify patterns of bias based on race and gender.
- Conduct surveys with a minimum of 200 users to gather qualitative insights on their experiences related to bias in the marketplace.
- Produce a comprehensive report detailing findings, including statistical evidence of bias, by the end of the research period.

Test Outline:
- Verify the data collection process to ensure a diverse and representative sample of freelancer profiles is included.
- Review survey responses for completeness and relevance to confirm that user experiences are accurately captured.
- Assess the final report for clarity, depth of analysis, and actionable recommendations based on the research findings.","that (ISO 29148)
these (ISO 29148)
all (ISO 29148)
can (NASA ARM)",2,4,2.0,1,4,3.0,3,5,2.0,2,5,3.0,4,5,1.0,1,5,4.0,2,5,3.0,—
A21US2Ll,"As a data collector, I want to gather information about worker profiles on TaskRabbit and Fiverr, including gender, race, customer reviews, ratings, and search rankings, so that I can analyze the data for bias.","User Story:
As a data collector, I want to collect comprehensive information on worker profiles from platforms like TaskRabbit and Fiverr, including demographics such as gender and race, along with customer reviews, ratings, and search rankings, so that I can conduct a thorough analysis to identify potential biases in the data.

Acceptance Criteria:
- Gather data on at least 500 worker profiles from each platform, ensuring a diverse representation of gender and race.
- Compile customer reviews and ratings for each profile, with a minimum of 10 reviews per worker to ensure reliability.
- Extract and document search rankings for each worker to analyze visibility and accessibility trends.

Test Outline:
- Verify the completeness of the collected data by checking that all required fields (gender, race, reviews, ratings, search rankings) are populated for each profile.
- Analyze the dataset for bias by comparing demographic distributions against customer ratings and reviews to identify any significant disparities.","that (ISO 29148)
significant (ISO 29148)
all (ISO 29148)
can (NASA ARM)",3,4,1.0,3,4,1.0,4,5,1.0,3,5,2.0,3,5,2.0,2,5,3.0,3,5,2.0,—
A21US3Ll,"As an analyst, I want to examine the correlation between perceived gender and race with worker evaluations on TaskRabbit and Fiverr so that I can identify potential biases.","User Story:
As an analyst, I want to investigate the relationship between perceived gender and race in relation to worker evaluations on platforms like TaskRabbit and Fiverr so that I can uncover and quantify any potential biases affecting performance ratings.

Acceptance Criteria:
- Collect and analyze a dataset that includes at least 1,000 worker evaluations, categorized by perceived gender and race.
- Identify and report any significant correlations with a confidence level of 95% or higher.
- Provide actionable insights and recommendations based on the findings to address identified biases.

Test Outline:
- Validate the dataset to ensure it contains the required number of evaluations and relevant demographic information.
- Use statistical analysis methods to determine the strength and significance of correlations between perceived gender, race, and evaluation scores.
- Present the findings in a comprehensive report that includes visualizations and recommendations for stakeholders.","it (ISO 29148)
that (ISO 29148)
significant (ISO 29148)
can (NASA ARM)",2,4,2.0,2,4,2.0,3,4,1.0,2,5,3.0,4,5,1.0,1,5,4.0,2,4,2.0,—
A21US4Ll,"As a researcher, I want to investigate the potential harm that biased evaluations can cause to workers' employment opportunities on online freelancing marketplaces.","User Story:
As a researcher, I want to conduct a comprehensive analysis of the detrimental effects that biased evaluations may have on workers' employment prospects within online freelancing platforms, so that I can provide actionable insights to improve fairness and equity in these marketplaces.

Acceptance Criteria:
- Identify and quantify at least 3 specific ways biased evaluations negatively impact workers' job opportunities.
- Collect data from a minimum of 200 freelancers to ensure statistical significance in the findings.
- Develop a report that outlines recommendations for mitigating bias in evaluations, with at least 5 actionable strategies.

Test Outline:
- Review the collected data to confirm the identification of the negative impacts on employment opportunities.
- Analyze the data set to ensure it meets the minimum sample size for reliable conclusions.
- Present the findings and recommendations to stakeholders for feedback and potential implementation.","reliable (ISO 29148)
it (ISO 29148)
that (ISO 29148)
these (ISO 29148)
can (NASA ARM)
may (NASA ARM)",3,4,1.0,1,5,4.0,2,5,3.0,2,5,3.0,4,5,1.0,1,5,4.0,2,5,3.0,—
A21US5Ll,"As a platform administrator, I want to ensure that my online freelancing marketplace is free from racial and gender bias so that all workers have equal opportunities.","User Story:
As a platform administrator, I want to implement measures that eliminate racial and gender bias within my online freelancing marketplace so that all workers can access equal opportunities and fair treatment, fostering a diverse and inclusive environment.

Acceptance Criteria:
- Conduct a comprehensive audit of platform algorithms to identify and rectify any biases, achieving a bias reduction of at least 90%.
- Implement training programs for all users on diversity and inclusion, with a target of 100% participation within the first quarter.
- Establish a feedback mechanism that allows users to report bias incidents, ensuring that 95% of reported cases are addressed within 48 hours.

Test Outline:
- Review the results of the bias audit to confirm that identified issues have been resolved and bias levels have decreased as targeted.
- Track participation rates in diversity training sessions to ensure full compliance.
- Monitor the feedback mechanism to verify that reported incidents are being resolved within the specified timeframe.","that (ISO 29148)
all (ISO 29148)
can (NASA ARM)",2,4,2.0,1,5,4.0,3,5,2.0,2,5,3.0,3,5,2.0,1,5,4.0,2,5,3.0,—
A21US6Ll,"As a freelancer, I want to be evaluated based on my skills and performance, rather than my gender or race, so that I can compete fairly on online freelancing marketplaces.","User Story:
As a freelancer, I want to be assessed solely on my skills and performance metrics, rather than on gender or race, so that I can compete equitably in online freelancing platforms and maximize my earning potential.

Acceptance Criteria:
- Implement a skills-based evaluation system that rates freelancers on a scale of 1 to 10 based on their project outcomes and client feedback.
- Ensure that at least 90% of job postings explicitly state that evaluations will be based on skills and performance, not demographic factors.
- Track and report the percentage of freelancers who receive evaluations based on skills, aiming for a minimum of 80% compliance across the platform.

Test Outline:
- Review the evaluation criteria used by the platform to confirm they focus on skills and performance metrics.
- Analyze job postings to verify that the majority include statements about non-discrimination in evaluations.
- Conduct surveys with freelancers to assess their experiences regarding the fairness of evaluations based on skills versus demographic factors.","that (ISO 29148)
can (NASA ARM)",3,4,1.0,3,5,2.0,4,5,1.0,3,5,2.0,4,5,1.0,2,5,3.0,3,5,2.0,—
A21US7Ll,"As a researcher, I want to compare the levels of bias on different online freelancing marketplaces, such as TaskRabbit and Fiverr, so that I can understand the variations in bias across platforms.","User Story:
As a researcher, I want to analyze and compare bias levels across various online freelancing platforms, including TaskRabbit and Fiverr, so that I can quantify and understand the differences in bias exhibited by each marketplace.

Acceptance Criteria:
- Collect and analyze bias data from at least 100 user reviews on both TaskRabbit and Fiverr.
- Identify and categorize at least 5 distinct types of bias present on each platform.
- Present findings in a comparative report that highlights bias variations, with a minimum of 3 measurable metrics for each platform.

Test Outline:
- Review and document the user feedback from both platforms to ensure a comprehensive data set is gathered.
- Use statistical analysis to categorize and quantify the types of bias identified in the reviews.
- Validate the comparative report by cross-referencing findings with peer-reviewed research on bias in online marketplaces.","that (ISO 29148)
can (NASA ARM)",2,4,2.0,2,5,3.0,3,5,2.0,2,5,3.0,2,5,3.0,2,5,3.0,2,5,3.0,—
A21US8Ll,"As a policy maker, I want to develop policies to mitigate the effects of racial and gender bias on online freelancing marketplaces so that workers are protected from discrimination.","User Story:
As a policy maker, I want to create and implement comprehensive policies aimed at reducing the impact of racial and gender bias in online freelancing platforms so that all workers are safeguarded against discrimination and can access equal opportunities.

Acceptance Criteria:
- Conduct a thorough analysis of existing data to identify instances of bias, aiming for a report that highlights at least 3 key areas of concern.
- Develop and propose at least 5 actionable policy recommendations that can be implemented within the next 6 months.
- Establish a monitoring framework to assess the effectiveness of these policies, with a goal of reducing reported discrimination cases by at least 30% within the first year.

Test Outline:
- Review the analysis report to ensure it identifies specific bias-related issues within the freelancing marketplace.
- Evaluate the proposed policy recommendations for feasibility and potential impact.
- Implement the monitoring framework and track discrimination reports to measure progress against the established reduction target.","it (ISO 29148)
that (ISO 29148)
these (ISO 29148)
all (ISO 29148)
can (NASA ARM)",2,4,2.0,2,4,2.0,3,5,2.0,2,5,3.0,3,5,2.0,2,5,3.0,2,5,3.0,—
A21US9Ll,"As a freelancer, I want to be able to report instances of bias or discrimination on online freelancing marketplaces so that action can be taken to address them.","User Story:
As a freelancer, I want to have the capability to report occurrences of bias or discrimination on online freelancing platforms so that appropriate measures can be implemented to rectify these issues and promote a fair working environment.

Acceptance Criteria:
- Provide a user-friendly reporting feature that allows freelancers to submit bias or discrimination incidents within 5 minutes.
- Ensure that all reports are acknowledged within 24 hours and tracked for follow-up actions.
- Implement a feedback mechanism that informs freelancers of the outcome of their reports within 7 days.

Test Outline:
- Test the reporting feature for ease of use and time taken to submit a report.
- Verify that an acknowledgment is received within the specified timeframe after a report is submitted.
- Check the communication process to ensure freelancers receive updates on the status of their reports within the designated period.","that (ISO 29148)
these (ISO 29148)
appropriate (ISO 29148)
all (ISO 29148)
capability to (NASA ARM)
can (NASA ARM)",4,4,0.0,3,5,2.0,4,5,1.0,3,5,2.0,4,5,1.0,2,5,3.0,3,5,2.0,—
A21US10Ll,"As a researcher, I want to explore the broader implications of discrimination on online environments and the potential consequences for workers and society as a whole.","User Story:
As a researcher, I want to investigate the extensive effects of discrimination in online environments so that I can identify the potential repercussions for both workers and society, ultimately contributing to informed policy recommendations and social awareness.

Acceptance Criteria:
- Conduct a comprehensive literature review to identify at least 10 key studies on discrimination in online settings.
- Analyze the data to quantify the impact of online discrimination on worker productivity and mental health, aiming for measurable insights (e.g., a 20% increase in reported stress levels).
- Develop a report outlining the societal consequences of online discrimination, including at least 3 actionable recommendations for stakeholders.

Test Outline:
- Review the literature to ensure that the identified studies meet the criteria and are relevant to the research focus.
- Collect and analyze data to confirm the quantified impacts on workers, ensuring the findings are statistically significant.
- Present the final report to a panel of experts for feedback and validation of the recommendations provided.","that (ISO 29148)
significant (ISO 29148)
can (NASA ARM)",2,3,1.0,1,4,3.0,2,4,2.0,2,4,2.0,3,3,0.0,1,4,3.0,2,4,2.0,—
A22US1Ll,"As a client, I want to be able to hire the best freelancer for a job on an online labor marketplace so that I can ensure high-quality work.","User Story:
As a client, I want to efficiently select the most qualified freelancer for a project on an online labor marketplace so that I can guarantee the delivery of high-quality work that meets my specific requirements.

Acceptance Criteria:
- Access a list of freelancers with a minimum rating of 4.5 stars based on at least 10 reviews.
- Filter candidates by relevant skills and experience, ensuring at least 3 years in the desired field.
- Receive a proposal from the selected freelancer within 24 hours of job posting.

Test Outline:
- Review the freelancer rating system to confirm that only those meeting the criteria are displayed.
- Test the filtering functionality to ensure it accurately reflects the specified skills and experience.
- Track the response time of the selected freelancer to verify that proposals are received within the designated timeframe.","most (ISO 29148)
it (ISO 29148)
that (ISO 29148)
those (ISO 29148)
can (NASA ARM)",4,5,1.0,3,4,1.0,4,5,1.0,2,5,3.0,4,5,1.0,2,5,3.0,3,5,2.0,—
A22US2Ll,"As a client, I want to have an effective way to filter through the large number of freelancers applying for a posted job so that I can efficiently identify the most suitable candidate.","User Story:
As a client, I want to implement a robust filtering system for the numerous freelancers applying for my job posting so that I can quickly and accurately identify the best candidates for my project.

Acceptance Criteria:
- Enable filtering options based on at least 5 key criteria, such as skills, experience level, hourly rate, availability, and ratings.
- Ensure that the filtering process allows for real-time updates, with results displayed within 3 seconds of applying filters.
- Provide a summary of the top 10 candidates based on the selected filters, highlighting their qualifications and relevant experience.

Test Outline:
- Test the filtering system by applying various combinations of criteria and measuring the response time to ensure it meets the 3-second requirement.
- Verify that the filtering options accurately reflect the candidates' profiles and that the top 10 candidates are relevant to the job posting.","best (ISO 29148)
robust (ISO 29148)
it (ISO 29148)
that (ISO 29148)
can (NASA ARM)
best (NASA ARM)",4,4,0.0,3,4,1.0,4,5,1.0,3,5,2.0,3,5,2.0,2,5,3.0,3,5,2.0,—
A22US3Ll,"As a freelancer, I want my abilities and skills to be accurately assessed so that I can increase my chances of being hired for jobs that match my expertise.","User Story:
As a freelancer, I want a comprehensive evaluation of my skills and abilities so that I can enhance my visibility and increase my likelihood of securing job opportunities that align with my expertise.

Acceptance Criteria:
- Complete a detailed skills assessment that covers at least 10 relevant competencies.
- Receive a personalized report highlighting strengths and areas for improvement within 3 business days.
- Achieve a minimum score of 80% in the assessment to qualify for premium job listings.

Test Outline:
- Review the skills assessment results to ensure all competencies are evaluated and reported.
- Check the delivery time of the personalized report to confirm it meets the 3-day requirement.
- Validate the scoring system to ensure that only freelancers with a score of 80% or higher are eligible for premium job listings.","it (ISO 29148)
that (ISO 29148)
all (ISO 29148)
can (NASA ARM)",3,4,1.0,2,4,2.0,4,5,1.0,2,5,3.0,4,5,1.0,2,5,3.0,3,5,2.0,—
A22US4Ll,"As a client, I want to be able to trust the ratings of freelancers on an online labor marketplace so that I can make informed hiring decisions.","User Story:
As a client, I want to confidently rely on the authenticity of freelancer ratings on an online labor marketplace so that I can make well-informed hiring decisions that lead to successful project outcomes.

Acceptance Criteria:
- Implement a verification system that ensures at least 90% of ratings are from verified transactions.
- Display a detailed breakdown of ratings, including the number of completed projects and client feedback, for each freelancer.
- Ensure that the rating system is updated in real-time, with changes reflected within 1 hour of receiving new feedback.

Test Outline:
- Audit a sample of freelancer ratings to confirm that 90% or more are linked to verified transactions.
- Review the rating breakdown for multiple freelancers to ensure transparency and detail are provided.
- Monitor the system to verify that new ratings and feedback are updated within the specified time frame.","that (ISO 29148)
can (NASA ARM)
more (NASA ARM)",4,5,1.0,3,5,2.0,4,5,1.0,3,5,2.0,4,5,1.0,2,5,3.0,3,5,2.0,—
A22US5Ll,"As a system administrator, I want to improve the accuracy of freelancer ratings so that clients can make better hiring decisions.","User Story:
As a system administrator, I want to enhance the precision of freelancer ratings so that clients can make informed and effective hiring decisions, ultimately leading to higher satisfaction and project success rates.

Acceptance Criteria:
- Implement a new rating algorithm that increases the accuracy of freelancer ratings by at least 20%.
- Ensure that at least 90% of client feedback is incorporated into the rating system within 24 hours of submission.
- Provide clients with a detailed breakdown of ratings, including metrics such as response time, project completion rate, and client satisfaction scores.

Test Outline:
- Analyze the changes in freelancer ratings before and after the new algorithm is applied to confirm the targeted accuracy improvement.
- Monitor the feedback incorporation process to ensure that the 90% threshold is consistently met within the specified time frame.
- Review the rating breakdown provided to clients to verify that all relevant metrics are included and clearly presented.","effective (ISO 29148)
that (ISO 29148)
all (ISO 29148)
effective (NASA ARM)
can (NASA ARM)",3,4,1.0,2,5,3.0,3,5,2.0,2,5,3.0,4,5,1.0,2,5,3.0,3,5,2.0,—
A22US6Ll,"As a researcher, I want to develop a multidimensional assessment framework that evaluates freelancers on several dimensions so that clients can get a more comprehensive view of a freelancer's abilities.","User Story:
As a researcher, I want to create a comprehensive multidimensional assessment framework that evaluates freelancers across various criteria so that clients can obtain a detailed and holistic understanding of a freelancer's skills and competencies.

Acceptance Criteria:
- The framework must assess freelancers on at least 5 distinct dimensions, such as technical skills, communication, reliability, creativity, and client feedback.
- Each dimension should include measurable indicators, with a scoring system that allows for quantifiable comparisons (e.g., scores ranging from 1 to 10).
- The framework should be tested with a sample of at least 50 freelancers to ensure its effectiveness and reliability in providing insights to clients.

Test Outline:
- Review the assessment framework to confirm it includes the required dimensions and measurable indicators.
- Conduct assessments on a sample of freelancers and analyze the results to verify the framework's ability to differentiate skill levels effectively.
- Gather feedback from clients who utilize the framework to evaluate its usefulness in making informed hiring decisions.","it (ISO 29148)
that (ISO 29148)
can (NASA ARM)",3,4,1.0,2,4,2.0,3,5,2.0,2,5,3.0,2,5,3.0,2,5,3.0,2,5,3.0,—
A22US7Ll,"As a client, I want the assessment framework to not only use current information about the freelancer but also utilize their past job performance so that I can get a more accurate picture of their abilities.","User Story:
As a client, I want the assessment framework to incorporate both the freelancer's current information and their historical job performance data so that I can obtain a comprehensive and accurate evaluation of their skills and capabilities.

Acceptance Criteria:
- The framework must aggregate and analyze at least 3 years of past job performance data for each freelancer.
- Current information should be updated in real-time to reflect any recent changes in the freelancer's status or skills.
- The assessment results should provide a detailed report that includes performance metrics, ratings, and feedback from previous clients.

Test Outline:
- Review the assessment framework to ensure it successfully pulls and integrates historical performance data for freelancers.
- Validate that the current information is updated and displayed accurately within the framework.
- Check the generated reports for completeness and clarity, ensuring they include all required performance metrics and feedback.","it (ISO 29148)
that (ISO 29148)
all (ISO 29148)
can (NASA ARM)",4,4,0.0,3,4,1.0,4,5,1.0,3,5,2.0,4,5,1.0,2,5,3.0,3,5,2.0,—
A22US8Ll,"As a system administrator, I want to evaluate the proposed framework on a large dataset of jobs and applicants so that I can determine its effectiveness in improving hiring decisions.","User Story:
As a system administrator, I want to assess the proposed framework using a comprehensive dataset of at least 10,000 job postings and applicants so that I can quantitatively measure its impact on enhancing the accuracy and efficiency of hiring decisions.

Acceptance Criteria:
- Analyze the framework's performance on a dataset comprising a minimum of 10,000 job applications and corresponding applicant profiles.
- Achieve a measurable improvement in hiring decision accuracy by at least 20% compared to previous methods.
- Reduce the average time taken to make hiring decisions by at least 30% after implementing the framework.

Test Outline:
- Validate the dataset size and diversity to ensure it meets the minimum requirement for analysis.
- Compare the accuracy of hiring decisions before and after implementing the framework using statistical methods.
- Track and measure the time taken for hiring decisions pre- and post-implementation to confirm the targeted reduction.","it (ISO 29148)
that (ISO 29148)
can (NASA ARM)",3,4,1.0,3,4,1.0,4,5,1.0,3,5,2.0,4,5,1.0,2,5,3.0,3,5,2.0,—
A22US9Ll,"As a researcher, I want to compare the performance of the proposed framework with a baseline algorithm so that I can quantify the improvement in hiring decisions.","User Story:
As a researcher, I want to evaluate the effectiveness of the proposed framework against a baseline algorithm so that I can provide measurable evidence of enhancements in hiring decision outcomes.

Acceptance Criteria:
- Conduct performance comparisons that yield at least a 15% improvement in hiring accuracy with the proposed framework over the baseline algorithm.
- Analyze and report on at least 100 hiring decisions to ensure statistical significance in the results.
- Document the methodology and findings in a comprehensive report that includes visual representations of the performance differences.

Test Outline:
- Implement both the proposed framework and the baseline algorithm on the same dataset and measure their performance metrics.
- Review the results to confirm that the proposed framework demonstrates a minimum of 15% improvement in hiring accuracy.
- Validate the findings by cross-referencing the documented methodology and ensuring it aligns with the reported outcomes.","it (ISO 29148)
that (ISO 29148)
can (NASA ARM)",4,5,1.0,3,4,1.0,4,5,1.0,2,5,3.0,4,5,1.0,2,5,3.0,3,5,2.0,—
A22US10Ll,"As a client, I want to have access to a user-friendly interface that provides a comprehensive assessment of freelancers based on the proposed framework so that I can make informed hiring decisions with ease.","User Story:
As a client, I want to utilize an intuitive interface that delivers a detailed evaluation of freelancers according to the established framework so that I can effortlessly make well-informed hiring choices.

Acceptance Criteria:
- The interface must be designed to achieve a user satisfaction score of at least 85% in usability testing.
- Comprehensive assessments of freelancers should include at least 5 key performance indicators (KPIs) for evaluation.
- The time taken to navigate and access freelancer assessments should not exceed 3 clicks from the main dashboard.

Test Outline:
- Conduct usability testing sessions to gather user feedback and confirm the satisfaction score meets or exceeds the target.
- Review the assessment criteria to ensure all 5 KPIs are included and clearly presented in the interface.
- Track the number of clicks required to access freelancer assessments and verify it does not exceed the specified limit.","intuitive (ISO 29148)
it (ISO 29148)
that (ISO 29148)
all (ISO 29148)
can (NASA ARM)",4,5,1.0,3,4,1.0,4,5,1.0,3,5,2.0,3,5,2.0,2,5,3.0,3,5,2.0,—
A23US1Ll,"As a researcher, I want to study how search engine algorithms affect the content users see so that I can understand potential biases.","User Story:
As a researcher, I want to analyze the impact of search engine algorithms on the content displayed to users so that I can identify and quantify potential biases in information accessibility and representation.

Acceptance Criteria:
- Conduct a comprehensive analysis of at least 3 major search engine algorithms and their content ranking criteria.
- Collect and evaluate data from a minimum of 100 search queries to assess variations in content visibility.
- Present findings in a report that highlights at least 5 specific instances of bias, supported by quantitative data.

Test Outline:
- Review the methodology used to analyze the search engine algorithms and ensure it covers the required criteria.
- Validate the data collection process by checking the diversity and number of search queries analyzed.
- Assess the final report for clarity and the presence of measurable evidence supporting the identified biases.","it (ISO 29148)
that (ISO 29148)
can (NASA ARM)",4,4,0.0,3,4,1.0,4,5,1.0,3,5,2.0,4,5,1.0,2,5,3.0,3,5,2.0,—
A23US2Ll,"As a web developer, I want to create a platform (PAWS) to analyze differences in search engine rankings so that I can help users understand these variations.","User Story:
As a web developer, I want to build a platform called PAWS that analyzes and compares search engine ranking discrepancies so that users can gain insights into these variations and optimize their strategies accordingly.

Acceptance Criteria:
- The platform must provide a detailed comparison of search engine rankings for at least 10 different keywords.
- Users should be able to view ranking changes over time, with data updated at least once a week.
- The platform should include visual analytics, such as graphs or charts, to illustrate ranking variations clearly.

Test Outline:
- Verify that the platform successfully retrieves and displays ranking data for the specified keywords.
- Check the frequency of data updates to ensure they occur weekly as required.
- Assess the clarity and usability of the visual analytics to confirm they effectively communicate ranking changes.","that (ISO 29148)
these (ISO 29148)
be able to (NASA ARM)
as required (NASA ARM)
can (NASA ARM)",3,4,1.0,2,3,1.0,3,4,1.0,2,4,2.0,3,4,1.0,2,4,2.0,3,4,1.0,—
A23US3Ll,"As a user, I want to know when different search engines favor certain sites or points of view so that I can make informed decisions about the information I consume.","User Story:
As a user, I want to receive insights on how various search engines prioritize specific websites or perspectives so that I can critically evaluate the information I encounter and make well-informed decisions.

Acceptance Criteria:
- Provide a clear report indicating which search engines favor particular sites or viewpoints, updated at least once a month.
- Include a comparative analysis of the top 5 search engines and their ranking criteria for the most relevant topics.
- Offer user-friendly visualizations that highlight trends in search engine biases over time.

Test Outline:
- Review the report to ensure it accurately reflects the search engine preferences and is updated as specified.
- Validate the comparative analysis for accuracy and completeness against known ranking criteria.
- Assess the visualizations for clarity and effectiveness in conveying the trends in search engine biases.","most (ISO 29148)
it (ISO 29148)
that (ISO 29148)
can (NASA ARM)",3,4,1.0,2,4,2.0,3,5,2.0,2,5,3.0,4,5,1.0,2,5,3.0,3,5,2.0,—
A23US4Ll,"As a developer, I want to integrate the PAWS platform into search engines to enhance transparency and user trust.","User Story:
As a developer, I want to implement the integration of the PAWS platform with search engines so that we can significantly improve transparency and foster greater user trust in the search results.

Acceptance Criteria:
- Successfully integrate the PAWS platform with at least 3 major search engines by the end of Q2.
- Achieve a user trust score increase of at least 15% as measured by user feedback surveys post-integration.
- Ensure that transparency features are visible and accessible to users within 95% of search results.

Test Outline:
- Verify the successful integration of the PAWS platform by checking the functionality on the specified search engines.
- Conduct user feedback surveys before and after the integration to measure changes in the trust score.
- Monitor the visibility and accessibility of transparency features in search results to confirm they meet the specified percentage.","that (ISO 29148)
can (NASA ARM)
greater (NASA ARM)",2,4,2.0,2,5,3.0,2,5,3.0,2,5,3.0,3,5,2.0,2,5,3.0,2,5,3.0,—
A23US5Ll,"As a researcher, I want to develop techniques to identify the orientation of search results at scale so that I can improve the efficiency of content analysis.","User Story:
As a researcher, I want to create scalable techniques for determining the orientation of search results so that I can significantly enhance the efficiency and accuracy of content analysis across large datasets.

Acceptance Criteria:
- Develop a method that can analyze at least 10,000 search results per hour to determine their orientation.
- Achieve an accuracy rate of 90% or higher in identifying the orientation of the content.
- Implement a user-friendly interface that allows researchers to visualize the orientation data in real-time.

Test Outline:
- Test the developed technique by processing a sample of 10,000 search results and measuring the time taken for analysis.
- Validate the accuracy of the orientation identification by comparing results against a manually annotated dataset.
- Evaluate the usability of the interface by gathering feedback from at least 5 researchers during a trial period.","that (ISO 29148)
can (NASA ARM)",3,4,1.0,2,5,3.0,3,5,2.0,2,5,3.0,3,5,2.0,2,5,3.0,3,5,2.0,—
A23US6Ll,"As a user, I want to know if search engines prioritize results that favor their company's products so that I can be aware of potential conflicts of interest.","User Story:
As a user, I want to understand whether search engines prioritize results that promote their own products over competitors' offerings so that I can identify any potential biases or conflicts of interest in search results.

Acceptance Criteria:
- Provide a clear explanation of how search algorithms may favor certain products or services.
- Offer transparency regarding the criteria used by search engines to rank results, including any potential conflicts of interest.
- Include examples of scenarios where search results may be influenced by the search engine's own products.

Test Outline:
- Review the search engine's documentation and guidelines to verify the presence of any bias in ranking algorithms.
- Conduct a comparative analysis of search results for specific queries to identify any patterns favoring the search engine's products.
- Gather user feedback on perceived biases in search results to assess awareness and concerns regarding conflicts of interest.","that (ISO 29148)
can (NASA ARM)
may (NASA ARM)",4,4,0.0,3,4,1.0,4,4,0.0,2,4,2.0,4,4,0.0,2,4,2.0,3,4,1.0,—
A23US7Ll,"As a developer, I want to apply the PAWS platform to analyze news search results on Google and Bing so that I can identify any biases or preferences.","User Story:
As a developer, I want to utilize the PAWS platform to conduct a comprehensive analysis of news search results from Google and Bing so that I can systematically identify and quantify any biases or preferences present in the search algorithms.

Acceptance Criteria:
- Successfully extract and analyze a minimum of 1,000 news search results from both Google and Bing.
- Generate a report that highlights at least 5 distinct biases or preferences based on the analysis.
- Ensure the findings are reproducible and verifiable by providing access to the raw data and analysis methodology.

Test Outline:
- Validate the extraction process by checking that the required number of search results is collected from both platforms.
- Review the generated report to confirm that it identifies the specified number of biases or preferences.
- Assess the reproducibility of the findings by attempting to replicate the analysis using the provided data and methodology.","it (ISO 29148)
that (ISO 29148)
can (NASA ARM)",3,4,1.0,3,4,1.0,4,5,1.0,3,5,2.0,4,5,1.0,2,5,3.0,3,5,2.0,—
A23US8Ll,"As a researcher, I want to understand how search engines rank content with advertisements so that I can study their impact on user behavior.","User Story:
As a researcher, I want to analyze the algorithms that search engines use to rank content that includes advertisements so that I can evaluate their influence on user behavior and decision-making processes.

Acceptance Criteria:
- Identify and document at least 3 key ranking factors that search engines consider when displaying content with advertisements.
- Conduct a comparative analysis of user engagement metrics (e.g., click-through rates) between organic content and content with advertisements, aiming for a sample size of at least 500 users.
- Present findings in a comprehensive report that includes actionable insights and recommendations based on the data collected.

Test Outline:
- Review search engine documentation and industry studies to extract relevant ranking factors.
- Collect and analyze user engagement data from a controlled study to compare interactions with both types of content.
- Compile the research findings into a structured report and validate the insights with peer feedback.","that (ISO 29148)
can (NASA ARM)",4,4,0.0,3,5,2.0,4,5,1.0,2,5,3.0,4,5,1.0,2,5,3.0,3,5,2.0,—
A23US9Ll,"As a web developer, I want to ensure the PAWS platform can identify and minimize biases in search engine rankings so that users can access more balanced information.","User Story:
As a web developer, I want to implement features on the PAWS platform that can detect and reduce biases in search engine rankings so that users can consistently access a more equitable range of information.

Acceptance Criteria:
- Develop an algorithm that identifies at least 90% of biased search results based on predefined criteria.
- Ensure that the system can adjust rankings to reflect a balanced perspective in at least 75% of identified cases.
- Provide a user feedback mechanism that allows users to report perceived biases, with a response time of less than 24 hours.

Test Outline:
- Test the algorithm's effectiveness by analyzing a sample of search results to confirm it identifies biases with a 90% accuracy rate.
- Review the adjusted rankings to verify that at least 75% of the identified biases have been mitigated.
- Monitor the user feedback system to ensure that reported biases are acknowledged and addressed within the specified timeframe.","it (ISO 29148)
that (ISO 29148)
can (NASA ARM)
more (NASA ARM)
less (NASA ARM)",2,4,2.0,2,5,3.0,3,5,2.0,2,5,3.0,4,5,1.0,2,5,3.0,3,5,2.0,—
A23US10Ll,"As a researcher, I want to collaborate with other experts to refine the PAWS platform and advance the understanding of search engine biases and content emphasis.","User Story:
As a researcher, I want to engage in collaborative efforts with domain experts to enhance the PAWS platform, thereby deepening the analysis of search engine biases and the prioritization of content.

Acceptance Criteria:
- Establish partnerships with at least 5 experts in the field within the next quarter.
- Conduct a minimum of 3 collaborative workshops to gather insights and feedback on the PAWS platform.
- Generate a comprehensive report detailing findings on search engine biases and content emphasis within 6 months.

Test Outline:
- Track the number of expert partnerships formed and ensure at least 5 are established.
- Document the outcomes and participant feedback from the collaborative workshops.
- Review the final report for completeness and relevance to the research objectives.",—,2,4,2.0,2,4,2.0,2,3,1.0,2,4,2.0,4,4,0.0,2,4,2.0,2,4,2.0,—
A24US1Ll,"As a researcher, I want to be able to search for other researchers with similar expertise and interests, so that I can collaborate with them and expand my professional network.","User Story:
As a researcher, I want to efficiently search for fellow researchers who share similar expertise and interests, so that I can foster collaboration opportunities and significantly enhance my professional network.

Acceptance Criteria:
- Implement a search functionality that returns at least 10 relevant researchers based on specified expertise and interests.
- Ensure that the search results can be filtered by at least 3 criteria, such as publication year, research area, and geographic location.
- Provide a user-friendly interface that allows for seamless connection requests to at least 5 researchers from the search results.

Test Outline:
- Conduct a search using various expertise and interest keywords to verify that the system returns the expected number of relevant researchers.
- Test the filtering options to confirm that they function correctly and yield accurate results based on the selected criteria.
- Attempt to send connection requests to multiple researchers from the search results and ensure that the requests are processed successfully.","that (ISO 29148)
can (NASA ARM)",3,4,1.0,3,4,1.0,4,5,1.0,3,5,2.0,4,5,1.0,2,5,3.0,3,5,2.0,—
A24US2Ll,"As a developer, I want to design a system that can automatically extract researcher profiles from the Web, so that I can build a comprehensive database of academic researchers.","User Story:
As a developer, I want to create an automated system that efficiently extracts researcher profiles from various online sources, so that I can compile a detailed and up-to-date database of academic researchers, enhancing accessibility to their information.

Acceptance Criteria:
- The system must successfully extract profiles from at least 10 different academic websites.
- The extraction process should achieve a minimum accuracy rate of 90% in capturing relevant researcher data.
- The database should be updated automatically at least once a week to ensure the information remains current.

Test Outline:
- Verify that the system can access and extract data from the specified academic websites without errors.
- Conduct a quality check on the extracted profiles to confirm that at least 90% of the data is accurate and relevant.
- Monitor the update frequency of the database to ensure it refreshes weekly as intended.","it (ISO 29148)
that (ISO 29148)
can (NASA ARM)",3,4,1.0,2,4,2.0,3,5,2.0,2,5,3.0,4,5,1.0,2,5,3.0,3,5,2.0,—
A24US3Ll,"As a librarian, I want to integrate publication data from existing digital libraries into a unified academic social network, so that I can provide a single platform for researchers to access and share information.","User Story:
As a librarian, I want to consolidate publication data from various digital libraries into a cohesive academic social network, so that I can offer researchers a centralized platform for accessing and sharing scholarly information efficiently.

Acceptance Criteria:
- Successfully integrate publication data from at least 5 existing digital libraries into the platform.
- Ensure that researchers can access and share information with a response time of 3 seconds or less.
- Achieve a user satisfaction rate of 85% or higher based on feedback from researchers using the platform.

Test Outline:
- Verify the successful integration of publication data by checking the availability of resources from the targeted digital libraries.
- Measure the response time for accessing shared information to confirm it meets the specified threshold.
- Conduct a user survey to assess satisfaction levels among researchers utilizing the platform.","it (ISO 29148)
that (ISO 29148)
can (NASA ARM)
less (NASA ARM)",3,4,1.0,3,5,2.0,4,5,1.0,3,5,2.0,3,5,2.0,2,5,3.0,3,5,2.0,—
A24US4Ll,"As a data scientist, I want to develop a probabilistic framework to deal with the name ambiguity problem in academic networks, so that I can accurately match researchers with their publications.","User Story:
As a data scientist, I want to create a robust probabilistic framework to address the name ambiguity issue in academic networks, so that I can reliably match researchers to their respective publications, enhancing the accuracy of academic data retrieval.

Acceptance Criteria:
- Develop a probabilistic model that achieves at least 90% accuracy in matching researchers to publications based on name similarity and contextual data.
- Implement the framework to handle a dataset of at least 10,000 researchers and their publications, ensuring scalability.
- Validate the framework's effectiveness by conducting a comparative analysis with existing methods, demonstrating at least a 15% improvement in matching precision.

Test Outline:
- Test the model on a sample dataset to measure its accuracy in matching researchers to publications and confirm it meets the 90% threshold.
- Assess the framework's performance with a larger dataset to ensure it can scale effectively without degradation in accuracy.
- Perform a side-by-side comparison with current matching techniques to quantify the improvement in precision and document the results.","robust (ISO 29148)
it (ISO 29148)
that (ISO 29148)
can (NASA ARM)",3,5,2.0,2,4,2.0,3,5,2.0,2,5,3.0,2,5,3.0,2,5,3.0,2,5,3.0,—
A24US5Ll,"As a researcher, I want to be able to search for people with specific expertise or areas of interest, so that I can identify potential collaborators or mentors.","User Story:
As a researcher, I want to conduct targeted searches for individuals with particular expertise or areas of interest so that I can effectively identify potential collaborators or mentors who align with my research goals.

Acceptance Criteria:
- Implement a search functionality that allows filtering by at least 5 specific areas of expertise.
- Ensure that search results return profiles of individuals with relevant expertise within 3 seconds.
- Provide an option to save and revisit searches for future collaboration opportunities.

Test Outline:
- Test the search feature by entering various expertise criteria and verify that the results include relevant profiles.
- Measure the response time of the search functionality to confirm it meets the 3-second requirement.
- Check the functionality of the save feature to ensure users can successfully store and access their searches later.","it (ISO 29148)
that (ISO 29148)
can (NASA ARM)",4,5,1.0,3,4,1.0,4,5,1.0,3,5,2.0,4,5,1.0,2,5,3.0,3,5,2.0,—
A24US6Ll,"As a developer, I want to design a unified modeling approach to simultaneously model topical aspects of papers, authors, and publication venues, so that I can provide a comprehensive view of the academic network.","User Story:
As a developer, I want to create an integrated modeling framework that concurrently represents the key elements of research papers, authors, and publication venues, so that I can deliver a holistic and insightful overview of the academic network.

Acceptance Criteria:
- Develop a unified model that captures at least 90% of the relevant attributes for papers, authors, and venues.
- Ensure that the model can generate comprehensive visualizations of the academic network with a minimum of 5 distinct relationships.
- Validate that the framework can process and analyze data from at least 1,000 academic entities without performance degradation.

Test Outline:
- Review the model to confirm it includes the necessary attributes for each element and meets the 90% coverage requirement.
- Generate visualizations from the model and assess the clarity and accuracy of the relationships depicted.
- Conduct performance testing with a dataset of 1,000 academic entities to ensure the framework operates efficiently.","it (ISO 29148)
that (ISO 29148)
can (NASA ARM)",2,4,2.0,2,4,2.0,3,5,2.0,2,5,3.0,3,5,2.0,2,5,3.0,2,5,3.0,—
A24US7Ll,"As a researcher, I want to be able to visualize the academic network and identify patterns and relationships between researchers, publications, and venues, so that I can gain insights into the field.","User Story:
As a researcher, I want to visualize the academic network to uncover patterns and relationships among researchers, publications, and venues, so that I can derive actionable insights that enhance my understanding of the field.

Acceptance Criteria:
- Generate a comprehensive visualization of the academic network that includes at least 100 researchers, 200 publications, and 50 venues.
- Identify and display at least 5 significant patterns or relationships within the network, such as collaboration frequency or citation trends.
- Provide interactive features that allow users to filter and explore the network based on specific criteria, such as publication year or research area.

Test Outline:
- Validate the accuracy of the academic network visualization by cross-referencing with existing databases to ensure all entities are represented.
- Analyze the identified patterns and relationships to confirm they are meaningful and relevant to current research trends.
- Test the interactive features to ensure they function correctly and allow users to effectively navigate and filter the network.","that (ISO 29148)
significant (ISO 29148)
all (ISO 29148)
can (NASA ARM)",3,4,1.0,3,4,1.0,4,5,1.0,3,5,2.0,3,5,2.0,2,5,3.0,3,5,2.0,—
A24US8Ll,"As a system administrator, I want to ensure that the system can handle a large volume of data and scale to accommodate a growing number of users, so that I can provide a reliable and efficient service.","User Story:
As a system administrator, I want to guarantee that the system can efficiently manage a high volume of data and seamlessly scale to support an increasing user base, so that I can deliver a dependable and high-performance service.

Acceptance Criteria:
- The system must demonstrate the ability to process at least 10,000 transactions per minute without degradation in performance.
- Scalability tests should confirm that the system can support a user increase of 50% without exceeding resource limits.
- System uptime must be maintained at 99.9% during peak usage periods to ensure reliability.

Test Outline:
- Conduct load testing to measure transaction processing rates and verify they meet the target.
- Simulate a 50% increase in users and monitor system performance and resource utilization to ensure it remains within acceptable limits.
- Track system uptime over a defined period, particularly during peak usage, to confirm it meets the uptime requirement.","it (ISO 29148)
that (ISO 29148)
can (NASA ARM)",2,4,2.0,2,4,2.0,3,5,2.0,2,5,3.0,2,5,3.0,2,5,3.0,2,5,3.0,—
A24US9Ll,"As a researcher, I want to be able to search for research papers and publications based on specific keywords or topics, so that I can stay up-to-date with the latest research in my field.","User Story:
As a researcher, I want to efficiently search for research papers and publications using targeted keywords or topics so that I can remain informed about the most recent advancements and findings in my area of study.

Acceptance Criteria:
- Implement a search functionality that returns relevant research papers within 3 seconds of entering keywords.
- Ensure that at least 90% of search results are pertinent to the specified keywords or topics.
- Provide filters to narrow down results by publication date, author, and journal, allowing for a more tailored search experience.

Test Outline:
- Conduct searches using various keywords and measure the response time to confirm it meets the 3-second requirement.
- Review the relevance of the search results to ensure that at least 90% align with the entered keywords or topics.
- Test the filtering options to verify that they effectively refine the search results based on the selected criteria.","most (ISO 29148)
it (ISO 29148)
that (ISO 29148)
can (NASA ARM)
more (NASA ARM)",3,4,1.0,3,4,1.0,4,5,1.0,3,5,2.0,4,5,1.0,2,5,3.0,3,5,2.0,—
A24US10Ll,"As a developer, I want to evaluate the performance of the ArnetMiner system using empirical methods, so that I can identify areas for improvement and refine the system to better meet the needs of users.","User Story:
As a developer, I want to systematically assess the performance of the ArnetMiner system through empirical analysis, so that I can pinpoint specific areas for enhancement and optimize the system to align more closely with user requirements.

Acceptance Criteria:
- Conduct performance evaluations that yield quantifiable metrics, such as response times and throughput rates, to establish a baseline for improvements.
- Identify at least three key performance bottlenecks that can be addressed to enhance user experience.
- Implement and document at least two targeted optimizations based on the performance evaluation findings.

Test Outline:
- Collect and analyze performance data to generate a report detailing the current metrics and identifying bottlenecks.
- Review the implemented optimizations to ensure they effectively address the identified performance issues and improve user satisfaction.","that (ISO 29148)
can (NASA ARM)
more (NASA ARM)",3,4,1.0,3,4,1.0,4,5,1.0,3,5,2.0,3,5,2.0,2,5,3.0,3,5,2.0,—
A25US1Ll,"As a customer, I want to receive personalized recommendations on an e-commerce website so that I can discover new products that match my interests.","User Story:
As a customer, I want to obtain tailored product recommendations on the e-commerce platform so that I can easily find and explore new items that align with my preferences and shopping habits.

Acceptance Criteria:
- The recommendation engine must analyze user behavior and preferences to generate at least 10 personalized product suggestions per visit.
- Users should see an increase in engagement metrics, such as a 20% rise in click-through rates on recommended products within the first month of implementation.
- The system should allow users to provide feedback on recommendations, with at least 75% of users rating the relevance of suggestions as satisfactory or higher.

Test Outline:
- Monitor the number of personalized recommendations generated for users during their sessions to ensure the target is met.
- Analyze user engagement data to confirm the expected increase in click-through rates on recommended products.
- Collect and evaluate user feedback on the relevance of recommendations to assess satisfaction levels.","that (ISO 29148)
can (NASA ARM)",4,4,0.0,3,4,1.0,4,5,1.0,3,5,2.0,4,5,1.0,2,5,3.0,3,5,2.0,—
A25US2Ll,"As a developer, I want to use a recommendation algorithm that can incorporate multiple attributes, such as items viewed and demographic data, to generate more accurate recommendations.","User Story:
As a developer, I want to implement a sophisticated recommendation algorithm that integrates various attributes, including items viewed and demographic information, so that I can deliver highly personalized and precise recommendations to users, enhancing their experience and increasing engagement.

Acceptance Criteria:
- The algorithm must successfully analyze at least 5 different user attributes to generate recommendations.
- Recommendations should improve user engagement metrics by at least 20% within the first month of implementation.
- The system should provide real-time updates to recommendations based on user interactions, with a refresh rate of no more than 10 seconds.

Test Outline:
- Validate that the algorithm processes and incorporates the specified user attributes by reviewing the recommendation output.
- Measure user engagement metrics before and after the implementation to confirm a 20% increase.
- Monitor the recommendation refresh rate to ensure it meets the 10-second requirement during user interactions.","it (ISO 29148)
that (ISO 29148)
can (NASA ARM)
more (NASA ARM)",3,4,1.0,3,4,1.0,3,5,2.0,3,5,2.0,4,5,1.0,2,5,3.0,3,5,2.0,—
A25US3Ll,"As an online retailer, I want to use recommendation algorithms to personalize the online store for each customer, showing them relevant products based on their interests.","User Story:
As an online retailer, I want to implement advanced recommendation algorithms to tailor the online shopping experience for each customer, ensuring they see products that align with their specific interests and preferences.

Acceptance Criteria:
- Achieve a minimum of 30% increase in click-through rates (CTR) on recommended products compared to non-personalized suggestions.
- Ensure that at least 50% of returning customers engage with personalized recommendations during their shopping sessions.
- Track and report a minimum of 15% uplift in overall sales attributed to personalized product recommendations within the first quarter of implementation.

Test Outline:
- Analyze click-through rates on recommended products before and after implementing the algorithms to confirm the targeted increase.
- Monitor user engagement metrics to verify that at least half of returning customers interact with the personalized recommendations.
- Evaluate sales data to assess the impact of personalized recommendations on overall revenue growth.",that (ISO 29148),3,4,1.0,3,4,1.0,3,4,1.0,3,5,2.0,4,5,1.0,2,5,3.0,3,4,1.0,—
A25US4Ll,"As a developer, I want to compare the performance of different recommendation algorithms, including traditional collaborative filtering, cluster models, and search-based methods, to determine the most effective approach.","User Story:
As a developer, I want to evaluate and benchmark the performance of various recommendation algorithms, such as traditional collaborative filtering, clustering models, and search-based techniques, so that I can identify the most effective method for enhancing user engagement and satisfaction.

Acceptance Criteria:
- Conduct performance comparisons across at least 3 different recommendation algorithms, measuring key metrics such as accuracy, response time, and user engagement rates.
- Document the results of each algorithm's performance, ensuring that the analysis includes quantitative data to support the findings.
- Identify the top-performing algorithm based on a defined success criterion, such as achieving at least a 15% improvement in user engagement compared to the baseline.

Test Outline:
- Implement each recommendation algorithm and run a series of tests to gather performance data on accuracy and response time.
- Analyze user engagement metrics before and after implementing the top-performing algorithm to validate the effectiveness of the chosen method.
- Review and present the findings in a report that includes visualizations of the performance comparisons for clarity.","most (ISO 29148)
effective (ISO 29148)
that (ISO 29148)
effective (NASA ARM)
can (NASA ARM)",3,4,1.0,3,4,1.0,3,5,2.0,3,5,2.0,4,5,1.0,2,5,3.0,3,5,2.0,—
A25US5Ll,"As a researcher, I want to develop an item-to-item collaborative filtering algorithm that can scale independently of the number of customers and items in the product catalog.","User Story:
As a researcher, I want to create a scalable item-to-item collaborative filtering algorithm that can efficiently handle an increasing number of customers and items in the product catalog, ensuring consistent performance and accuracy in recommendations.

Acceptance Criteria:
- The algorithm must maintain performance with a response time of ≤200 milliseconds, regardless of the catalog size.
- It should support a product catalog of at least 1 million items and 500,000 customers without degradation in recommendation quality.
- The algorithm must achieve a minimum accuracy rate of 85% in predicting user preferences based on historical data.

Test Outline:
- Conduct performance tests to measure the response time of the algorithm with varying catalog sizes.
- Simulate user interactions with a catalog of 1 million items and 500,000 customers to evaluate the algorithm's scalability.
- Validate the accuracy of the recommendations by comparing predicted preferences against actual user behavior.","it (ISO 29148)
that (ISO 29148)
can (NASA ARM)",3,4,1.0,3,4,1.0,3,4,1.0,3,5,2.0,4,5,1.0,2,5,3.0,3,4,1.0,—
A25US6Ll,"As a customer, I want to receive recommendations in real-time, so that I can quickly discover new products that match my interests.","User Story:
As a customer, I want to receive personalized product recommendations in real-time so that I can efficiently discover new items that align with my preferences and enhance my shopping experience.

Acceptance Criteria:
- Recommendations should be generated and displayed within 2 seconds of user interaction.
- At least 80% of the recommended products must match the customer's previously expressed interests based on their browsing history.
- The system should update recommendations dynamically as the customer interacts with the platform, ensuring relevance at all times.

Test Outline:
- Measure the time taken to generate and display recommendations after user interaction to ensure it meets the 2-second requirement.
- Analyze the match rate of recommended products against the customer's interests to confirm it meets or exceeds 80%.
- Monitor the recommendation updates during user interactions to verify that they change in real-time based on the customer's actions.","it (ISO 29148)
that (ISO 29148)
all (ISO 29148)
can (NASA ARM)",4,4,0.0,3,4,1.0,4,5,1.0,3,5,2.0,4,5,1.0,2,5,3.0,3,5,2.0,—
A25US7Ll,"As an online retailer, I want to use a recommendation algorithm that can handle massive data sets, so that I can provide personalized recommendations to a large customer base.","User Story:
As an online retailer, I want to implement a scalable recommendation algorithm capable of processing large data sets efficiently, so that I can deliver tailored product suggestions to a diverse and extensive customer base, enhancing their shopping experience.

Acceptance Criteria:
- The recommendation algorithm must be able to analyze and generate personalized suggestions for at least 100,000 users simultaneously.
- The system should maintain a response time of under 1 second for generating recommendations, regardless of data volume.
- The algorithm must improve user engagement metrics by at least 15% within the first month of deployment.

Test Outline:
- Simulate a load test with 100,000 users to verify the algorithm's performance and response time.
- Monitor user engagement metrics before and after the implementation to confirm a minimum 15% increase.
- Evaluate the accuracy of the recommendations provided to ensure they align with user preferences.","that (ISO 29148)
be able to (NASA ARM)
can (NASA ARM)",3,4,1.0,3,4,1.0,4,4,0.0,2,5,3.0,3,5,2.0,2,5,3.0,3,4,1.0,—
A25US8Ll,"As a developer, I want to evaluate the quality of recommendations generated by different algorithms, so that I can choose the one that provides the most relevant and useful suggestions.","User Story:
As a developer, I want to assess the effectiveness of various recommendation algorithms so that I can select the one that delivers the highest relevance and utility in suggestions for users.

Acceptance Criteria:
- Conduct a comparative analysis of at least 5 different recommendation algorithms based on their accuracy metrics, aiming for a minimum accuracy score of 85% for the best-performing algorithm.
- Gather user feedback on the relevance of recommendations, targeting a satisfaction rate of 75% or higher.
- Document the performance metrics of each algorithm, including precision and recall, to facilitate informed decision-making.

Test Outline:
- Implement each recommendation algorithm and measure their accuracy against a standardized dataset to verify the performance scores.
- Distribute a survey to users to collect feedback on the relevance of the suggestions provided by each algorithm and analyze the results.
- Compile a report detailing the performance metrics of all algorithms tested, ensuring clarity for future reference.","best (ISO 29148)
that (ISO 29148)
all (ISO 29148)
can (NASA ARM)
best (NASA ARM)",3,4,1.0,3,5,2.0,4,5,1.0,3,5,2.0,4,5,1.0,2,5,3.0,3,5,2.0,—
A25US9Ll,"As a customer, I want to be able to interact with a personalized online store that changes based on my interests and preferences.","User Story:
As a customer, I want to engage with a customized online store that adapts to my unique interests and preferences, so that I can discover products that are more relevant to me, enhancing my shopping experience and increasing my likelihood of purchase.

Acceptance Criteria:
- The online store must display at least 10 personalized product recommendations based on my browsing history and preferences.
- The store should update the displayed products in real-time, reflecting changes in my interests within a maximum of 30 seconds.
- User engagement metrics, such as click-through rates on personalized recommendations, should increase by at least 20% within the first month of implementation.

Test Outline:
- Analyze the product recommendations shown to the customer to ensure they align with their interests and preferences.
- Monitor the time taken for the store to refresh and display updated products after a change in user behavior.
- Track and compare user engagement metrics before and after the implementation of personalized recommendations to validate the increase in click-through rates.","that (ISO 29148)
can (NASA ARM)
more (NASA ARM)",3,4,1.0,3,4,1.0,3,5,2.0,2,5,3.0,4,5,1.0,2,5,3.0,3,5,2.0,—
A25US10Ll,"As an online retailer, I want to use recommendation algorithms to increase customer engagement and loyalty, by providing a more personalized and relevant shopping experience.","User Story:
As an online retailer, I want to implement advanced recommendation algorithms to enhance customer engagement and foster loyalty, thereby delivering a highly personalized and relevant shopping experience that drives repeat purchases.

Acceptance Criteria:
- Achieve a minimum increase of 20% in customer engagement metrics, such as time spent on site and pages viewed per session.
- Attain a 15% uplift in repeat purchase rates within three months of implementing the recommendation system.
- Ensure that at least 70% of users interact with the personalized recommendations during their shopping sessions.

Test Outline:
- Analyze user engagement data before and after the implementation to measure the increase in engagement metrics.
- Track repeat purchase rates over a three-month period to confirm the targeted uplift.
- Monitor user interactions with the recommendation features to verify that the engagement threshold is met.",that (ISO 29148),3,4,1.0,3,4,1.0,3,4,1.0,3,5,2.0,4,5,1.0,2,5,3.0,3,4,1.0,—
A26US1Ll,"As a customer, I want to understand why a recommended product might match my interests, so I want to see relevant and convincing justifications for the recommendation.","User Story:
As a customer, I want to receive clear and compelling explanations for why a recommended product aligns with my interests, so that I can make informed purchasing decisions based on relevant insights.

Acceptance Criteria:
- Provide at least three specific reasons for each product recommendation that directly relate to the customer's past behavior or preferences.
- Ensure that the justification includes data points, such as user ratings or purchase trends, to enhance credibility.
- Display the justifications in a user-friendly format that is easily accessible and understandable within 3 seconds of the recommendation being shown.

Test Outline:
- Review the product recommendations to confirm that each includes the required number of relevant justifications.
- Check that the justifications incorporate measurable data points to support the recommendations.
- Assess the loading time of the justifications to ensure they appear promptly after the recommendations.","that (ISO 29148)
can (NASA ARM)",3,4,1.0,3,4,1.0,3,5,2.0,3,5,2.0,4,5,1.0,2,5,3.0,3,5,2.0,—
A26US2Ll,"As a researcher, I want to develop new methods and datasets for generating high-quality review justifications that are relevant to users' decision-making processes.","User Story:
As a researcher, I want to create innovative methodologies and comprehensive datasets for producing high-quality review justifications that directly support users in their decision-making processes.

Acceptance Criteria:
- Develop at least 3 novel methods for generating review justifications that are validated through user testing.
- Compile a dataset containing a minimum of 1,000 relevant review justifications that align with user decision-making criteria.
- Ensure that 90% of users find the generated justifications helpful in their decision-making process during usability testing.

Test Outline:
- Conduct user testing sessions to evaluate the effectiveness of the newly developed methods in generating review justifications.
- Analyze the dataset to confirm it meets the required quantity and relevance criteria.
- Gather user feedback to assess the perceived helpfulness of the justifications in aiding their decisions.","it (ISO 29148)
that (ISO 29148)",2,4,2.0,1,5,4.0,1,4,3.0,2,5,3.0,3,5,2.0,1,5,4.0,2,5,3.0,—
A26US3Ll,"As a developer, I want to create a system that can extract relevant review segments that justify users' intentions, so that I can use them to train models for generating personalized recommendation justifications.","User Story:
As a developer, I want to build a system that efficiently extracts pertinent segments from user reviews that clarify their intentions, so that I can utilize these insights to train models that generate tailored justifications for recommendations.

Acceptance Criteria:
- The system must accurately identify and extract at least 80% of relevant review segments that align with user intentions.
- The extracted segments should be processed and ready for model training within a maximum of 10 seconds per review.
- Ensure that the justification models achieve a minimum accuracy of 75% when tested against a validation dataset.

Test Outline:
- Evaluate the system's extraction accuracy by comparing the identified segments against a manually curated set of relevant segments.
- Measure the processing time for extracting segments from a sample of reviews to confirm it meets the time requirement.
- Test the justification models on a validation dataset to verify that they meet or exceed the specified accuracy threshold.","it (ISO 29148)
that (ISO 29148)
these (ISO 29148)
can (NASA ARM)",4,5,1.0,3,4,1.0,4,5,1.0,3,5,2.0,3,5,2.0,2,5,3.0,3,5,2.0,—
A26US4Ll,"As a data scientist, I want to construct large-scale personalized recommendation justification datasets using distant labeling of massive review corpora, so that I can train models that can generate diverse and convincing justifications.","User Story:
As a data scientist, I want to develop extensive datasets for personalized recommendation justifications through distant labeling of large-scale review collections, so that I can effectively train models capable of producing varied and persuasive justifications.

Acceptance Criteria:
- Create a dataset containing at least 100,000 labeled review entries for training purposes.
- Ensure that the distant labeling process achieves a minimum accuracy rate of 85% in identifying relevant justification features.
- Generate models that can produce at least 5 distinct justification types for each recommendation, enhancing user engagement.

Test Outline:
- Validate the size and quality of the constructed dataset by sampling and reviewing a subset of labeled entries for accuracy.
- Assess the performance of the distant labeling method by comparing its accuracy against a manually labeled benchmark.
- Test the trained models by generating justifications for a set of recommendations and evaluating the diversity and persuasiveness of the outputs.","that (ISO 29148)
can (NASA ARM)",2,4,2.0,2,4,2.0,3,5,2.0,2,5,3.0,2,5,3.0,2,5,3.0,2,5,3.0,—
A26US5Ll,"As a customer, I want to see justifications for recommended products that cover different aspects of the product, so that I can make a more informed decision.","User Story:
As a customer, I want to receive comprehensive justifications for recommended products that address various aspects such as features, benefits, and user reviews, so that I can make a well-informed purchasing decision.

Acceptance Criteria:
- Each recommended product must include at least 3 distinct justifications covering different aspects (e.g., features, benefits, and user testimonials).
- Justifications should be concise, with each point not exceeding 100 words for clarity and ease of understanding.
- Ensure that the justifications are updated in real-time based on user preferences and browsing history.

Test Outline:
- Review the product recommendations to confirm that each includes the required justifications and meets the word limit.
- Test the system by changing user preferences to verify that justifications adapt accordingly and reflect the latest information.","that (ISO 29148)
can (NASA ARM)",4,4,0.0,3,4,1.0,4,5,1.0,3,5,2.0,4,5,1.0,2,5,3.0,3,5,2.0,—
A26US6Ll,"As a developer, I want to design a reference-based Seq2Seq model with aspect-planning that can generate justifications covering different aspects of a product, so that customers can see multiple perspectives.","User Story:
As a developer, I want to create a reference-based Seq2Seq model that incorporates aspect-planning to generate comprehensive justifications for various product features, so that customers can evaluate the product from multiple perspectives and make informed decisions.

Acceptance Criteria:
- The model must generate justifications that cover at least 5 distinct aspects of the product.
- Each justification should be coherent and relevant, with a minimum length of 100 words per aspect.
- The model's output should be validated by at least 3 user feedback sessions to ensure clarity and usefulness.

Test Outline:
- Review the generated justifications to confirm that they address the required number of aspects and meet the word count criteria.
- Conduct user feedback sessions to gather insights on the clarity and relevance of the justifications provided by the model.
- Analyze user feedback to identify areas for improvement and ensure the model meets customer needs effectively.","that (ISO 29148)
can (NASA ARM)",4,4,0.0,3,4,1.0,4,5,1.0,3,5,2.0,3,5,2.0,2,5,3.0,3,5,2.0,—
A26US7Ll,"As a customer, I want to see diverse justifications for recommended products, so that I can get a more comprehensive understanding of the product's benefits and features.","User Story:
As a customer, I want to access a variety of detailed justifications for recommended products so that I can gain a thorough understanding of their benefits and features, ultimately aiding in my purchasing decision.

Acceptance Criteria:
- Provide at least 3 distinct justifications for each recommended product, highlighting different benefits and features.
- Ensure that the justifications are presented in a clear and engaging format, with a readability score of 70 or higher.
- Include user testimonials or case studies for at least 50% of the recommended products to enhance credibility.

Test Outline:
- Review the product recommendation section to confirm that each product has the required number of justifications.
- Assess the clarity and engagement level of the justifications using readability tools.
- Check for the presence of user testimonials or case studies for the specified percentage of products.","that (ISO 29148)
can (NASA ARM)",3,4,1.0,3,4,1.0,4,5,1.0,3,5,2.0,4,5,1.0,2,5,3.0,3,5,2.0,—
A26US8Ll,"As a developer, I want to design an aspect-conditional masked language model that can generate diverse justifications based on templates extracted from justification histories, so that customers can see multiple examples of how the product can be used.","User Story:
As a developer, I want to create an aspect-conditional masked language model that generates a variety of justifications based on templates derived from historical justification data, so that customers can access multiple illustrative examples of product usage, enhancing their understanding and engagement.

Acceptance Criteria:
- The model must generate at least 5 unique justifications for each template extracted from the justification history.
- Justifications should cover a minimum of 3 different aspects of product usage to ensure diversity.
- The generated justifications must be validated for relevance and clarity by at least 3 customer feedback sessions.

Test Outline:
- Review the output of the model to confirm that it produces the required number of unique justifications per template.
- Analyze the aspects covered in the justifications to ensure they meet the diversity criteria.
- Conduct customer feedback sessions to assess the relevance and clarity of the generated justifications.","it (ISO 29148)
that (ISO 29148)
can (NASA ARM)",3,4,1.0,2,4,2.0,3,5,2.0,2,5,3.0,2,5,3.0,2,5,3.0,2,5,3.0,—
A26US9Ll,"As a researcher, I want to conduct experiments on real-world datasets to evaluate the effectiveness of my models in generating convincing and diverse justifications.","User Story:
As a researcher, I want to perform experiments using real-world datasets so that I can rigorously assess the effectiveness of my models in producing credible and varied justifications, ultimately enhancing their applicability in practical scenarios.

Acceptance Criteria:
- Utilize at least 3 distinct real-world datasets to ensure a comprehensive evaluation of model performance.
- Achieve a minimum of 80% accuracy in the justifications generated by the models when compared to expert evaluations.
- Demonstrate diversity in the justifications by ensuring that at least 70% of the outputs cover a broad range of perspectives and reasoning styles.

Test Outline:
- Collect and analyze the results from the experiments conducted on the selected datasets to verify the accuracy of the justifications.
- Review the generated justifications against a panel of experts to confirm the credibility and diversity of the outputs.
- Document the variety of reasoning styles in the justifications to ensure compliance with the specified diversity criteria.","that (ISO 29148)
can (NASA ARM)",3,4,1.0,3,4,1.0,3,5,2.0,2,5,3.0,4,5,1.0,2,5,3.0,3,5,2.0,—
A26US10Ll,"As an online retailer, I want to provide customers with personalized recommendation justifications that are relevant to their interests and decision-making processes, so that I can increase customer satisfaction and loyalty.","User Story:
As an online retailer, I want to deliver tailored recommendation justifications that align with customers' interests and decision-making criteria, so that I can enhance customer satisfaction and foster long-term loyalty.

Acceptance Criteria:
- Implement a system that generates personalized recommendation justifications based on user behavior and preferences with at least 80% accuracy.
- Achieve a customer satisfaction score of 90% or higher regarding the relevance of the recommendations provided.
- Increase repeat purchase rates by at least 15% within three months of implementing the personalized recommendations.

Test Outline:
- Analyze user feedback and satisfaction surveys to confirm the accuracy and relevance of the recommendation justifications.
- Track and compare repeat purchase rates before and after the implementation of the personalized recommendation system to measure impact.","that (ISO 29148)
can (NASA ARM)",3,4,1.0,3,5,2.0,4,4,0.0,3,5,2.0,3,5,2.0,2,5,3.0,3,5,2.0,—
A27US1Ll,"As a recommender system developer, I want to use recurrent neural networks (RNNs) to improve the accuracy of recommendations based on short session-based data.","User Story:
As a recommender system developer, I want to implement recurrent neural networks (RNNs) to enhance the precision of recommendations derived from short session-based data, thereby increasing user engagement and satisfaction.

Acceptance Criteria:
- Achieve a minimum accuracy improvement of 15% in recommendation relevance compared to the current model.
- Ensure that the RNN model processes session data with a latency of less than 200 milliseconds per session.
- Validate that the model can handle at least 1000 concurrent user sessions without degradation in performance.

Test Outline:
- Compare the accuracy of recommendations generated by the RNN model against the existing model to confirm the targeted improvement.
- Measure the processing time for session data to ensure it meets the latency requirement.
- Simulate 1000 concurrent user sessions and monitor the system's performance to verify it maintains efficiency.","it (ISO 29148)
that (ISO 29148)
can (NASA ARM)
less (NASA ARM)",3,4,1.0,1,4,3.0,2,4,2.0,2,5,3.0,4,5,1.0,1,5,4.0,2,4,2.0,—
A27US2Ll,"As an online retailer, I want to provide accurate recommendations to my customers even when I don't have access to long-term user history, so I want to use a session-based approach that can capture the context of the current session.","User Story:
As an online retailer, I want to deliver precise product recommendations to my customers even in the absence of long-term user history, so I can leverage a session-based approach that effectively captures and utilizes the context of the current shopping session.

Acceptance Criteria:
- Implement a session-based recommendation system that generates suggestions based on user interactions within the current session.
- Ensure that at least 75% of users receive relevant recommendations that lead to a click-through rate of 10% or higher.
- Track and analyze session data to refine recommendations, achieving a minimum of 20% increase in conversion rates from session-based suggestions.

Test Outline:
- Monitor the effectiveness of the session-based recommendations by analyzing user engagement metrics, such as click-through rates.
- Evaluate the conversion rates from users who interacted with the recommendations compared to those who did not.
- Review session data to ensure that the recommendation system adapts and improves based on real-time user behavior.","that (ISO 29148)
those (ISO 29148)
can (NASA ARM)",4,4,0.0,4,4,0.0,4,4,0.0,3,5,2.0,4,5,1.0,2,5,3.0,4,4,0.0,—
A27US3Ll,"As a developer, I want to overcome the limitations of matrix factorization approaches in session-based recommendations, so I want to use an RNN-based approach that can model the whole session.","User Story:
As a developer, I want to implement a recurrent neural network (RNN) approach to address the shortcomings of matrix factorization methods in session-based recommendations, so that I can effectively model entire user sessions and enhance the accuracy of recommendations.

Acceptance Criteria:
- Develop an RNN model that processes and analyzes complete user sessions with at least 90% accuracy in predicting the next item.
- Ensure the model can handle session lengths of up to 20 interactions without performance degradation.
- Achieve a reduction in recommendation error rate by at least 15% compared to the existing matrix factorization approach.

Test Outline:
- Validate the accuracy of the RNN model by comparing its predictions against actual user behavior in a controlled test environment.
- Measure the model's performance with varying session lengths to confirm it maintains effectiveness across the specified range.
- Analyze the recommendation error rates before and after implementing the RNN approach to ensure the targeted reduction is achieved.","it (ISO 29148)
that (ISO 29148)
can (NASA ARM)",4,4,0.0,3,4,1.0,3,5,2.0,3,5,2.0,3,5,2.0,2,5,3.0,3,5,2.0,—
A27US4Ll,"As a customer, I want to receive personalized recommendations that are based on my current browsing behavior and preferences, even if I'm a new user or don't have a long history of interactions with the website.","User Story:
As a customer, I want to obtain tailored product recommendations that reflect my current browsing activity and preferences, ensuring a relevant experience even if I am a new user with limited interaction history on the website.

Acceptance Criteria:
- Generate personalized recommendations within 3 seconds of the user starting to browse, regardless of their account age.
- Ensure that at least 75% of the displayed recommendations align with the user's current browsing behavior.
- Allow users to provide feedback on recommendations, with a target of achieving a 60% positive feedback rate.

Test Outline:
- Track the time taken to generate recommendations after the user begins browsing to confirm it meets the 3-second requirement.
- Analyze the relevance of the recommendations by comparing them to the user's browsing history and preferences.
- Collect and evaluate user feedback on the recommendations to determine the percentage of positive responses.","it (ISO 29148)
that (ISO 29148)",3,4,1.0,3,5,2.0,3,4,1.0,2,5,3.0,4,5,1.0,2,5,3.0,3,5,2.0,—
A27US5Ll,"As a developer, I want to modify classic RNNs to make them more suitable for session-based recommendations, such as by introducing a ranking loss function that optimizes the recommendation list.","User Story:
As a developer, I want to enhance classic Recurrent Neural Networks (RNNs) to better support session-based recommendations by implementing a ranking loss function that optimizes the order of items in the recommendation list, thereby improving user engagement and satisfaction.

Acceptance Criteria:
- Integrate a ranking loss function that demonstrates at least a 15% improvement in recommendation accuracy compared to the baseline model.
- Ensure that the modified RNN can process session data with a minimum throughput of 100 sessions per second.
- Validate that the recommendation list generated maintains a relevance score of 0.8 or higher on average across multiple test sessions.

Test Outline:
- Compare the accuracy of recommendations from the modified RNN against the baseline model using a standardized dataset to confirm the improvement.
- Measure the throughput of the modified RNN during session processing to ensure it meets the performance target.
- Conduct user testing to assess the relevance scores of the recommendations and ensure they meet the specified threshold.","it (ISO 29148)
that (ISO 29148)
better (ISO 29148)
can (NASA ARM)
better (NASA ARM)",4,4,0.0,3,4,1.0,3,4,1.0,3,5,2.0,3,5,2.0,2,5,3.0,3,4,1.0,—
A27US6Ll,"As an online retailer, I want to improve the overall user experience by providing more accurate and relevant recommendations, so I want to experiment with RNN-based approaches that can consider the sequential nature of user interactions.","User Story:
As an online retailer, I want to enhance the user experience by delivering highly accurate and contextually relevant product recommendations, so I can increase customer satisfaction and boost sales through the implementation of RNN-based algorithms that analyze the sequential patterns of user interactions.

Acceptance Criteria:
- Achieve a minimum increase of 15% in recommendation click-through rates within the first month of implementation.
- Ensure that at least 70% of users report finding the recommendations more relevant in post-interaction surveys.
- Reduce the bounce rate on product recommendation pages by at least 10% within three months.

Test Outline:
- Track and analyze click-through rates on recommendations before and after deploying the RNN-based approach to confirm the targeted increase.
- Conduct user surveys to gather feedback on the relevance of recommendations and ensure the target satisfaction rate is met.
- Monitor the bounce rate on recommendation pages to verify that it decreases as expected following the enhancements.","it (ISO 29148)
that (ISO 29148)
can (NASA ARM)
more (NASA ARM)",3,4,1.0,3,5,2.0,3,4,1.0,3,5,2.0,3,5,2.0,2,5,3.0,3,5,2.0,—
A27US7Ll,"As a developer, I want to evaluate the performance of RNN-based approaches for session-based recommendations on real-world datasets, to see if they can outperform traditional methods.","User Story:
As a developer, I want to assess the effectiveness of recurrent neural network (RNN) methodologies for session-based recommendations using real-world datasets, so that I can determine if they provide superior performance compared to conventional recommendation techniques.

Acceptance Criteria:
- Conduct performance evaluations on at least 3 real-world datasets to ensure comprehensive analysis.
- Compare RNN-based approaches against at least 2 traditional recommendation methods, measuring metrics such as accuracy and response time.
- Achieve a minimum improvement of 10% in recommendation accuracy with RNN models over traditional methods.

Test Outline:
- Collect and preprocess the selected real-world datasets for evaluation.
- Implement both RNN-based and traditional recommendation algorithms, then run comparative performance tests to gather results.
- Analyze the results to confirm that RNN approaches meet or exceed the defined accuracy improvement threshold.","that (ISO 29148)
can (NASA ARM)",3,5,2.0,2,4,2.0,2,5,3.0,2,5,3.0,4,5,1.0,2,5,3.0,3,5,2.0,—
A27US8Ll,"As a customer, I want to receive recommendations that are based on the context of my current session, such as the types of products I've viewed or purchased recently.","User Story:
As a customer, I want to receive personalized product recommendations tailored to my current session context, including the specific products I have viewed or purchased recently, so that I can discover relevant items that enhance my shopping experience.

Acceptance Criteria:
- Recommendations must be generated based on at least the last 5 products viewed or purchased during the current session.
- The relevance of the recommendations should be measured, achieving a minimum click-through rate (CTR) of 15% on suggested items.
- Ensure that recommendations are updated in real-time as the customer interacts with the site, reflecting changes within 3 seconds.

Test Outline:
- Track the products viewed or purchased during the session and verify that the recommendations align with this data.
- Analyze the click-through rate of the recommended products to confirm it meets or exceeds the target.
- Monitor the responsiveness of the recommendation updates to ensure they occur within the specified time frame.","it (ISO 29148)
this (ISO 29148)
that (ISO 29148)
can (NASA ARM)",4,5,1.0,4,4,0.0,4,5,1.0,3,5,2.0,4,5,1.0,2,5,3.0,4,5,1.0,—
A27US9Ll,"As a developer, I want to explore the use of RNNs in recommender systems to capture the sequential dependencies between user interactions and to improve the accuracy of recommendations.","User Story:
As a developer, I want to investigate the application of Recurrent Neural Networks (RNNs) in recommender systems so that I can effectively model the sequential dependencies of user interactions, ultimately enhancing the precision of the recommendations provided.

Acceptance Criteria:
- Conduct a comparative analysis of RNN-based models against traditional recommendation algorithms, aiming for at least a 15% improvement in recommendation accuracy.
- Implement a prototype RNN model that successfully captures user interaction sequences and generates recommendations within a processing time of 3 seconds or less.
- Validate the model's performance through user testing, achieving a satisfaction score of 80% or higher regarding the relevance of the recommendations.

Test Outline:
- Measure and compare the accuracy of recommendations generated by the RNN model versus traditional methods using a defined dataset.
- Monitor the processing time of the RNN model during recommendation generation to ensure it meets the performance criteria.
- Collect user feedback on the relevance of the recommendations and analyze the satisfaction scores to confirm they meet the target.","it (ISO 29148)
that (ISO 29148)
can (NASA ARM)
less (NASA ARM)",2,5,3.0,2,5,3.0,2,5,3.0,2,5,3.0,4,5,1.0,1,5,4.0,2,5,3.0,—
A27US10Ll,"As an online retailer, I want to use RNN-based approaches to improve the conversion rates and revenue of my website, by providing more accurate and relevant recommendations to my customers.","User Story:
As an online retailer, I want to implement recurrent neural network (RNN) techniques to enhance the accuracy and relevance of product recommendations on my website, so that I can significantly boost conversion rates and increase overall revenue.

Acceptance Criteria:
- Achieve a minimum increase of 15% in conversion rates within 3 months of implementing RNN-based recommendations.
- Generate at least a 20% rise in average revenue per user (ARPU) as a result of improved recommendation accuracy.
- Ensure that the recommendation engine processes user data and updates suggestions in real-time, with a latency of no more than 1 second.

Test Outline:
- Analyze conversion rates before and after the implementation of RNN recommendations to confirm the targeted increase.
- Measure ARPU before and after the deployment to validate the revenue growth.
- Monitor the recommendation engine's response time to ensure it meets the specified latency requirement.","it (ISO 29148)
that (ISO 29148)
improved (ISO 29148)
can (NASA ARM)
improved (NASA ARM)
more (NASA ARM)",2,4,2.0,2,4,2.0,2,4,2.0,2,5,3.0,2,5,3.0,2,5,3.0,2,4,2.0,—
A28US1Ll,"As a dating site user, I want the site to use a more accurate way of assessing my compatibility with potential matches, rather than relying solely on my self-portrayed virtual profile, so that I can increase my chances of finding a good match.","User Story:
As a dating site user, I want the platform to implement a more precise method for evaluating my compatibility with potential matches, beyond just my self-reported profile information, so that I can significantly enhance my likelihood of finding a suitable partner.

Acceptance Criteria:
- Introduce a compatibility algorithm that incorporates at least 5 different data points, such as interests, values, and behavioral patterns.
- Achieve a minimum user satisfaction score of 80% regarding match quality based on feedback surveys.
- Ensure that the new compatibility assessment is applied to at least 90% of user profiles within the first month of implementation.

Test Outline:
- Analyze the compatibility algorithm's effectiveness by comparing match success rates before and after its implementation.
- Conduct user surveys to gather feedback on match quality and calculate the satisfaction score.
- Monitor the percentage of user profiles that have been assessed with the new compatibility method within the specified timeframe.","that (ISO 29148)
can (NASA ARM)
more (NASA ARM)",3,5,2.0,2,5,3.0,3,5,2.0,2,5,3.0,2,5,3.0,1,5,4.0,2,5,3.0,—
A28US2Ll,"As a speed dating event organizer, I want to collect and utilize data from face-to-face interactions to improve the matchmaking process, so that participants can benefit from more effective matches.","User Story:
As a speed dating event organizer, I want to gather and analyze data from in-person interactions to enhance the matchmaking algorithm, so that participants receive more compatible matches, increasing overall satisfaction and engagement.

Acceptance Criteria:
- Collect feedback from at least 80% of participants immediately after each interaction to assess compatibility.
- Analyze interaction data to identify patterns and preferences, aiming for a minimum of 75% accuracy in match predictions.
- Implement improvements to the matchmaking process based on data insights, resulting in a 20% increase in participant satisfaction ratings.

Test Outline:
- Review the feedback collection process to ensure that at least 80% of participants provide input after each interaction.
- Evaluate the accuracy of match predictions by comparing them against participant feedback and satisfaction levels.
- Measure participant satisfaction ratings before and after implementing data-driven improvements to confirm a 20% increase.","that (ISO 29148)
more (NASA ARM)",3,4,1.0,3,5,2.0,4,5,1.0,2,5,3.0,3,5,2.0,2,5,3.0,3,5,2.0,—
A28US3Ll,"As a researcher, I want to explore the research gap between traditional online dating recommenders and speed dating data, so that I can develop a more comprehensive and accurate dating recommender system.","User Story:
As a researcher, I want to analyze the discrepancies between traditional online dating recommendation systems and data derived from speed dating events, so that I can create a more robust and precise dating recommendation algorithm that enhances user matching accuracy.

Acceptance Criteria:
- Identify and document at least 5 key differences between traditional online dating recommenders and speed dating data.
- Conduct a comparative analysis that includes a minimum of 200 user profiles from both sources to validate findings.
- Develop a prototype of the new dating recommender system that incorporates insights from both data sets and achieves a matching accuracy improvement of at least 15%.

Test Outline:
- Review and present the documented differences in a research paper or presentation format.
- Analyze the user profiles and compile the results to ensure the sample size meets the criteria.
- Test the prototype against existing systems to measure the improvement in matching accuracy.","robust (ISO 29148)
that (ISO 29148)
can (NASA ARM)
more (NASA ARM)",2,4,2.0,2,4,2.0,3,5,2.0,2,5,3.0,2,5,3.0,1,5,4.0,2,5,3.0,—
A28US4Ll,"As a user of a dating recommender system, I want the system to construct an objective profile library based on ratings from actual dating partners, so that I can trust the accuracy of the matches suggested.","User Story:
As a user of a dating recommender system, I want the system to create a comprehensive and objective profile library derived from ratings provided by real dating partners, so that I can have confidence in the reliability and precision of the suggested matches.

Acceptance Criteria:
- The profile library must include ratings from at least 100 unique dating partners to ensure a diverse dataset.
- Each profile should reflect an average rating score with a minimum of 4 out of 5 stars based on partner feedback.
- The system should update the profile library weekly to incorporate new ratings and maintain accuracy.

Test Outline:
- Verify that the profile library contains ratings from the required number of unique partners.
- Check the average rating scores for profiles to confirm they meet the minimum threshold.
- Review the update logs to ensure the profile library is refreshed on a weekly basis.","that (ISO 29148)
can (NASA ARM)",4,4,0.0,3,4,1.0,4,5,1.0,3,5,2.0,3,5,2.0,2,5,3.0,3,5,2.0,—
A28US5Ll,"As a developer of a dating recommender system, I want to address the issue of class imbalance in the speed dating dataset, which arises from the low match rate, so that I can improve the overall performance of the system.","User Story:
As a developer of a dating recommender system, I want to tackle the class imbalance present in the speed dating dataset caused by a low match rate, so that I can enhance the predictive accuracy and overall effectiveness of the recommendation engine.

Acceptance Criteria:
- Implement techniques to balance the dataset, achieving a target match rate representation of at least 30% in the training data.
- Evaluate the model's performance metrics, ensuring an increase in precision and recall by at least 15% post-implementation.
- Conduct A/B testing to confirm that the improved model leads to a minimum 20% increase in user engagement and successful matches.

Test Outline:
- Analyze the distribution of matches in the dataset before and after applying balancing techniques to verify the target representation.
- Measure the precision and recall of the recommendation model before and after adjustments to ensure the specified improvements.
- Monitor user engagement metrics and successful match rates in the A/B test to validate the effectiveness of the new model.","that (ISO 29148)
improved (ISO 29148)
can (NASA ARM)
improved (NASA ARM)",4,4,0.0,3,4,1.0,4,5,1.0,3,5,2.0,3,5,2.0,2,5,3.0,3,5,2.0,—
A28US6Ll,"As a software engineer, I want to apply SMOTE oversampling to mitigate the class imbalance issue in the speed dating dataset, so that I can improve the accuracy of the matchmaking algorithm.","User Story:
As a software engineer, I want to implement SMOTE (Synthetic Minority Over-sampling Technique) to address the class imbalance in the speed dating dataset, so that I can enhance the accuracy of the matchmaking algorithm by at least 15%.

Acceptance Criteria:
- Successfully apply SMOTE to the dataset, resulting in a balanced class distribution with no class having fewer than 100 instances.
- Achieve an improvement in the matchmaking algorithm's accuracy from the baseline of 75% to a minimum of 90% after applying SMOTE.
- Validate that the oversampling process does not introduce significant noise or overfitting, confirmed by cross-validation results showing a variance of less than 5%.

Test Outline:
- Analyze the class distribution before and after applying SMOTE to ensure balance is achieved.
- Run the matchmaking algorithm on the original and SMOTE-enhanced datasets, comparing accuracy metrics to confirm the targeted improvement.
- Conduct cross-validation on the SMOTE dataset and check for variance to ensure model stability and reliability.","that (ISO 29148)
significant (ISO 29148)
can (NASA ARM)
less (NASA ARM)",4,5,1.0,3,4,1.0,4,5,1.0,3,5,2.0,4,5,1.0,2,5,3.0,3,5,2.0,—
A28US7Ll,"As a researcher, I want to design a random forest regression-based reciprocal recommender that takes into account both the objective profile library and the speed dating data, so that I can increase the match prediction accuracy.","User Story:
As a researcher, I want to develop a reciprocal recommender system utilizing random forest regression that integrates both the objective profile library and speed dating data, so that I can enhance the accuracy of match predictions by at least 15%.

Acceptance Criteria:
- The model must achieve a minimum prediction accuracy improvement of 15% compared to the baseline model.
- The integration of the objective profile library and speed dating data should be completed within 4 weeks.
- The system should provide match predictions in real-time, with a response time of less than 2 seconds.

Test Outline:
- Evaluate the prediction accuracy of the new model against the baseline to confirm the 15% improvement.
- Track the timeline of the integration process to ensure it is completed within the specified 4-week period.
- Measure the response time of the recommender system to verify it meets the 2-second requirement.","it (ISO 29148)
that (ISO 29148)
can (NASA ARM)
less (NASA ARM)",2,4,2.0,2,4,2.0,3,5,2.0,2,5,3.0,2,5,3.0,2,5,3.0,2,5,3.0,—
A28US8Ll,"As a user of a dating site, I want the site to provide me with a personalized list of matches based on a combination of my objective profile and the ratings from actual dating partners, so that I can find a more compatible partner.","User Story:
As a user of a dating site, I want the site to generate a tailored list of potential matches by integrating my objective profile data with ratings and feedback from previous dating partners, so that I can identify a partner who aligns more closely with my preferences and values.

Acceptance Criteria:
- The matching algorithm must utilize at least 5 key attributes from my profile to generate personalized match suggestions.
- Incorporate ratings from a minimum of 10 previous partners to enhance the accuracy of match compatibility.
- Ensure that the personalized match list is updated in real-time, reflecting any changes in profile data or partner ratings within 24 hours.

Test Outline:
- Review the generated match list to confirm that it includes the specified number of profile attributes and partner ratings.
- Conduct user testing to assess the perceived compatibility of the matches based on user feedback.
- Monitor the system to verify that updates to profiles and ratings are reflected in the match list within the designated time frame.","it (ISO 29148)
that (ISO 29148)
can (NASA ARM)
more (NASA ARM)",3,4,1.0,3,4,1.0,4,5,1.0,3,5,2.0,3,5,2.0,2,5,3.0,3,5,2.0,—
A28US9Ll,"As a developer of a dating recommender system, I want to evaluate the effectiveness of the proposed approach and compare it with existing benchmark algorithms, so that I can refine and improve the system.","User Story:
As a developer of a dating recommender system, I want to assess the performance of the new algorithm against established benchmark algorithms so that I can identify areas for enhancement and optimize the system's accuracy and user satisfaction.

Acceptance Criteria:
- Conduct a comparative analysis that measures the new algorithm's precision and recall, aiming for at least a 10% improvement over existing benchmarks.
- Gather user feedback on the recommendations generated by both the new and benchmark algorithms, targeting a satisfaction score of 80% or higher for the new approach.
- Document the results of the evaluation, including metrics and user feedback, to support further development and refinement of the system.

Test Outline:
- Implement a series of tests to calculate precision and recall for both the new and benchmark algorithms, ensuring the results are statistically significant.
- Distribute a user survey to collect feedback on the recommendations, analyzing the data to confirm the satisfaction score meets the target.
- Review and compile the evaluation findings into a comprehensive report for future reference and decision-making.","that (ISO 29148)
significant (ISO 29148)
can (NASA ARM)",3,4,1.0,3,5,2.0,4,5,1.0,3,5,2.0,3,5,2.0,2,5,3.0,3,5,2.0,—
A28US10Ll,"As a user of a dating site, I want the site to achieve a high match prediction accuracy, such as 92.19%, so that I can trust the recommendations and increase my chances of finding a successful match.","User Story:
As a user of a dating site, I want the site to attain a match prediction accuracy of at least 92.19% so that I can rely on the recommendations provided and significantly enhance my likelihood of finding a compatible partner.

Acceptance Criteria:
- Achieve a match prediction accuracy of 92.19% or higher based on user feedback and algorithm performance.
- Conduct regular assessments of the matching algorithm to ensure it meets or exceeds the target accuracy.
- Provide users with a satisfaction rating of 85% or more regarding the quality of matches suggested.

Test Outline:
- Analyze the match prediction accuracy through A/B testing and user feedback to confirm it meets the specified threshold.
- Review the algorithm's performance metrics on a quarterly basis to ensure ongoing compliance with the accuracy target.
- Survey users to gather satisfaction ratings and validate that at least 85% of users feel positively about the match recommendations.","it (ISO 29148)
that (ISO 29148)
can (NASA ARM)
more (NASA ARM)",4,4,0.0,4,5,1.0,5,5,0.0,4,5,1.0,5,5,0.0,4,5,1.0,4,5,1.0,—
A29US1Ll,"As an economic historian, I want to be able to accurately link individuals across different historical census databases and over time, so that I can conduct research into intergenerational mobility, early life conditions, assimilation, discrimination, and the returns to education.","User Story:
As an economic historian, I want to effectively connect individuals across various historical census databases over time, so that I can rigorously analyze intergenerational mobility, early life conditions, patterns of assimilation, instances of discrimination, and the economic returns associated with education.

Acceptance Criteria:
- Establish a reliable method for linking at least 90% of individuals across different census datasets.
- Ensure that the linked data spans a minimum of 50 years to facilitate comprehensive longitudinal studies.
- Provide documentation detailing the methodology used for linking individuals, including any potential biases or limitations.

Test Outline:
- Validate the accuracy of the individual linkages by cross-referencing with known historical records to achieve a linkage accuracy of 90% or higher.
- Review the time span of the linked data to confirm it covers at least 50 years.
- Assess the clarity and completeness of the documentation to ensure it adequately explains the linking process and its implications.","reliable (ISO 29148)
it (ISO 29148)
that (ISO 29148)
can (NASA ARM)",3,4,1.0,3,4,1.0,4,4,0.0,3,5,2.0,4,5,1.0,2,5,3.0,3,4,1.0,—
A29US2Ll,"As a researcher, I want a standard and transparent census matching technique for constructing linked samples, so that I can confidently rely on the accuracy of my research results and reproduce the methodology across different cases.","User Story:
As a researcher, I want to implement a standardized and transparent census matching technique for creating linked samples, so that I can ensure the reliability and accuracy of my research findings and consistently reproduce the methodology across various studies.

Acceptance Criteria:
- Develop a documented matching technique that is accessible and understandable, allowing for replication in at least 90% of similar research cases.
- Validate the accuracy of the linked samples by achieving a match rate of 95% or higher when compared to established benchmarks.
- Provide a comprehensive guide that outlines the methodology, including step-by-step instructions and examples, to facilitate its use by other researchers.

Test Outline:
- Review the documentation to ensure clarity and accessibility for researchers aiming to replicate the methodology.
- Conduct a comparison of the linked samples against established benchmarks to confirm the accuracy rate meets the target.
- Gather feedback from at least 5 independent researchers who attempt to use the methodology to assess its reproducibility and clarity.","that (ISO 29148)
can (NASA ARM)",3,4,1.0,3,5,2.0,4,5,1.0,3,5,2.0,3,5,2.0,2,5,3.0,3,5,2.0,—
A29US3Ll,"As a scholar, I want to be able to efficiently match historical records and produce an unbiased dataset of links for analysis, so that I can take advantage of new research opportunities and make meaningful contributions to the field.","User Story:
As a scholar, I want to effectively align historical records and generate an impartial dataset of connections for analysis, so that I can leverage emerging research opportunities and significantly advance contributions to my field.

Acceptance Criteria:
- Achieve a matching accuracy of at least 90% when aligning historical records.
- Produce a dataset containing a minimum of 500 unbiased links for comprehensive analysis.
- Ensure that the dataset is accessible and usable within 2 weeks of the initial record matching process.

Test Outline:
- Validate the accuracy of the matched historical records by cross-referencing with established datasets.
- Count the number of links generated in the dataset to confirm it meets or exceeds the target.
- Review the dataset's accessibility and usability by conducting a user test with fellow scholars.","it (ISO 29148)
that (ISO 29148)
can (NASA ARM)",3,4,1.0,3,4,1.0,4,5,1.0,3,5,2.0,3,5,2.0,2,5,3.0,3,5,2.0,—
A29US4Ll,"As a data analyst, I want to apply insights from machine learning classification and text comparison to record linkage of historical data, so that I can leverage the power of algorithms to improve the accuracy and efficiency of linking records.","User Story:
As a data analyst, I want to utilize machine learning classification and text comparison techniques for record linkage of historical datasets, so that I can enhance the precision and speed of linking records, ultimately leading to more reliable data analysis outcomes.

Acceptance Criteria:
- Implement machine learning algorithms that achieve at least 90% accuracy in classifying and linking records.
- Reduce the time taken for record linkage from the current average of 10 hours to 4 hours or less.
- Ensure that at least 95% of linked records are verified as accurate through a manual review process.

Test Outline:
- Evaluate the accuracy of the machine learning models by comparing their results against a validated dataset.
- Measure the time taken to complete the record linkage process before and after implementing the new techniques.
- Conduct a manual review of a sample of linked records to confirm the accuracy rate meets the specified threshold.","reliable (ISO 29148)
that (ISO 29148)
can (NASA ARM)
more (NASA ARM)
less (NASA ARM)",3,4,1.0,3,4,1.0,4,5,1.0,3,5,2.0,3,5,2.0,2,5,3.0,3,5,2.0,—
A29US5Ll,"As a researcher, I want to train an algorithm to replicate how a well-trained and consistent researcher would create a linked sample across sources, so that I can minimize both false positives and false negatives in the linking process.","User Story:
As a researcher, I want to develop an algorithm that accurately mimics the linking methodology of a highly skilled and consistent researcher, so that I can significantly reduce the occurrence of false positives and false negatives in the sample linking process.

Acceptance Criteria:
- The algorithm must achieve a linking accuracy rate of at least 90% when tested against a benchmark dataset.
- The rate of false positives should be reduced to less than 5% in the linking results.
- The rate of false negatives must be minimized to below 5% to ensure comprehensive sample coverage.

Test Outline:
- Evaluate the algorithm's performance by comparing its linking results to a manually curated dataset to confirm the accuracy rate.
- Analyze the linking results to calculate the percentage of false positives and ensure it meets the specified threshold.
- Assess the number of false negatives by cross-referencing the algorithm's output with the complete dataset to verify it stays within the acceptable limit.","it (ISO 29148)
that (ISO 29148)
can (NASA ARM)
less (NASA ARM)",2,4,2.0,2,4,2.0,3,5,2.0,2,5,3.0,3,5,2.0,2,5,3.0,2,5,3.0,—
A29US6Ll,"As a historian, I want to extract a subset of possible matches for each record and use training data to tune a matching algorithm, so that I can account for the inherent noise in historical records and achieve high-quality linking results.","User Story:
As a historian, I want to identify a refined subset of potential matches for each historical record and utilize training data to optimize a matching algorithm, so that I can effectively manage the inherent inaccuracies in historical documents and attain superior linking accuracy.

Acceptance Criteria:
- Generate a list of potential matches for each record, ensuring that at least 10 matches are provided for evaluation.
- Utilize a training dataset comprising at least 500 historical records to fine-tune the matching algorithm.
- Achieve a linking accuracy rate of 90% or higher in the final results, validated through a sample review.

Test Outline:
- Review the output to confirm that each historical record has at least 10 potential matches listed.
- Analyze the training dataset to ensure it contains a minimum of 500 records used for algorithm tuning.
- Conduct a sample audit of the linked results to verify that the accuracy meets or exceeds the 90% threshold.","it (ISO 29148)
that (ISO 29148)
can (NASA ARM)",3,4,1.0,3,4,1.0,4,5,1.0,3,5,2.0,3,5,2.0,2,5,3.0,3,5,2.0,—
A29US7Ll,"As a scholar, I want to follow a step-by-step procedure for linking historical records, with clear guidance on practical questions such as how large the training data needs to be relative to the sample, so that I can confidently apply the technique to my own research.","User Story:
As a scholar, I want a detailed, step-by-step guide for connecting historical records, including specific answers to practical questions like the necessary size of training data in relation to my sample, so that I can effectively and confidently implement this technique in my research projects.

Acceptance Criteria:
- Provide a comprehensive procedure that outlines each step in the record-linking process.
- Specify the recommended ratio of training data size to sample size, ensuring it is quantifiable (e.g., training data should be at least 3 times larger than the sample).
- Include examples of successful applications of the technique in similar research contexts to enhance understanding.

Test Outline:
- Review the step-by-step guide to ensure it covers all necessary aspects of the record-linking process.
- Validate the training data size recommendations by comparing them against established best practices in the field.
- Assess the clarity and applicability of the provided examples to confirm they align with the intended research scenarios.","best (ISO 29148)
it (ISO 29148)
this (ISO 29148)
that (ISO 29148)
all (ISO 29148)
can (NASA ARM)
best (NASA ARM)",4,4,0.0,3,4,1.0,4,5,1.0,3,5,2.0,4,5,1.0,2,5,3.0,3,5,2.0,—
A29US8Ll,"As a researcher, I want to be able to link records across different census datasets, such as the 1915 Iowa State Census and the 1940 Federal Census, so that I can study the long-term effects of early life conditions and other historical phenomena.","User Story:
As a researcher, I want to establish connections between records from various census datasets, including the 1915 Iowa State Census and the 1940 Federal Census, so that I can analyze the long-term impacts of early life conditions and other significant historical trends.

Acceptance Criteria:
- Successfully link at least 1,000 records between the 1915 Iowa State Census and the 1940 Federal Census for comprehensive analysis.
- Ensure that the linked records maintain a minimum accuracy rate of 95% to support reliable research findings.
- Provide a user-friendly interface that allows researchers to easily access and navigate the linked datasets.

Test Outline:
- Validate the number of successfully linked records to confirm it meets or exceeds the target of 1,000.
- Conduct a sample accuracy check on the linked records to ensure the accuracy rate is at least 95%.
- Test the usability of the interface by gathering feedback from researchers on their experience accessing the linked datasets.","reliable (ISO 29148)
it (ISO 29148)
that (ISO 29148)
significant (ISO 29148)
can (NASA ARM)",3,4,1.0,3,5,2.0,4,5,1.0,3,5,2.0,3,5,2.0,2,5,3.0,3,5,2.0,—
A29US9Ll,"As a data scientist, I want to evaluate the performance of the census matching technique on a specific dataset, such as linking children to their adult selves, so that I can refine the methodology and improve its accuracy.","User Story:
As a data scientist, I want to assess the effectiveness of the census matching technique on a targeted dataset, specifically linking children to their adult counterparts, so that I can enhance the methodology and achieve a measurable increase in accuracy.

Acceptance Criteria:
- Conduct a performance evaluation that yields a minimum accuracy improvement of 15% compared to previous methodologies.
- Analyze at least 1,000 child-adult pairs to ensure statistical significance in the results.
- Document and present findings, including any identified areas for further refinement, within 2 weeks of the evaluation.

Test Outline:
- Compare the accuracy of the current census matching technique against the new methodology using the specified dataset.
- Validate the sample size and ensure it meets the criteria for statistical significance.
- Review the documentation and presentation of findings to confirm clarity and actionable insights.","it (ISO 29148)
that (ISO 29148)
can (NASA ARM)",3,4,1.0,3,4,1.0,4,5,1.0,3,5,2.0,3,5,2.0,2,5,3.0,3,5,2.0,—
A29US10Ll,"As an economic historian, I want to collaborate with other researchers and share my linked datasets and methodology, so that we can build on each other's work.","User Story:
As an economic historian, I want to engage in collaborative research with fellow scholars and share my interconnected datasets and methodologies, so that we can collectively enhance our findings and contribute to the advancement of economic history.

Acceptance Criteria:
- Establish a secure platform for sharing datasets and methodologies that is accessible to all collaborating researchers.
- Facilitate at least 3 collaborative projects within the next 6 months that utilize shared datasets.
- Ensure that all shared datasets are documented with clear metadata and usage guidelines to promote effective collaboration.

Test Outline:
- Verify the functionality and accessibility of the platform for all participating researchers.
- Track the number of collaborative projects initiated and completed using the shared resources.
- Review the documentation of shared datasets to confirm that they meet the established standards for clarity and usability.","effective (ISO 29148)
secure (ISO 29148)
that (ISO 29148)
all (ISO 29148)
effective (NASA ARM)
can (NASA ARM)",3,4,1.0,3,4,1.0,4,3,-1.0,3,4,1.0,4,4,0.0,2,4,2.0,3,4,1.0,—
A30US1Ll,"As a crime analyst, I want to understand the factors that influence the commission of repetitive crimes (recidivism) so that I can provide insights to law enforcement agencies to improve internal state security.","User Story:
As a crime analyst, I want to analyze the key factors contributing to recidivism rates so that I can deliver actionable insights to law enforcement agencies, ultimately enhancing state security and reducing crime rates.

Acceptance Criteria:
- Identify and quantify at least 5 significant factors that correlate with recidivism, supported by data analysis.
- Provide a comprehensive report with insights that can lead to a minimum 10% reduction in repeat offenses over the next year.
- Collaborate with law enforcement to implement at least 3 targeted strategies based on the findings within 6 months.

Test Outline:
- Conduct a thorough analysis of crime data to identify and validate the factors influencing recidivism.
- Measure the impact of implemented strategies on recidivism rates over the specified period.
- Gather feedback from law enforcement agencies on the effectiveness of the insights provided.","that (ISO 29148)
significant (ISO 29148)
can (NASA ARM)",4,4,0.0,3,5,2.0,4,5,1.0,3,5,2.0,3,5,2.0,2,5,3.0,3,5,2.0,—
A30US2Ll,"As a law enforcement officer, I want to leverage artificial intelligence algorithms and blockchain technology to predict and prevent crimes, so that I can proactively address public safety concerns.","User Story:
As a law enforcement officer, I want to utilize advanced artificial intelligence algorithms alongside blockchain technology to accurately predict and prevent criminal activities, so that I can proactively enhance public safety and reduce crime rates in our community.

Acceptance Criteria:
- Implement AI algorithms that analyze historical crime data to identify patterns and predict potential crime hotspots with at least 80% accuracy.
- Integrate blockchain technology to securely store and share predictive analytics data among law enforcement agencies, ensuring data integrity and accessibility.
- Achieve a measurable reduction in crime rates by at least 15% within the first year of implementing these technologies.

Test Outline:
- Evaluate the accuracy of the AI predictions by comparing predicted hotspots against actual crime occurrences over a defined period.
- Verify the secure sharing of data through blockchain by conducting audits on data access and integrity.
- Analyze crime statistics before and after implementation to confirm the targeted reduction in crime rates.","secure (ISO 29148)
that (ISO 29148)
these (ISO 29148)
can (NASA ARM)",2,4,2.0,1,4,3.0,2,5,3.0,2,5,3.0,3,5,2.0,1,5,4.0,2,5,3.0,—
A30US3Ll,"As a data scientist, I want to develop machine-learning models that can identify individual characteristics of convicts that affect their propensity to commit criminal recidivism, so that I can help predict and prevent future crimes.","User Story:
As a data scientist, I want to create advanced machine-learning models that accurately identify specific characteristics of convicts influencing their likelihood of reoffending, so that I can contribute to predictive analytics aimed at reducing future criminal activities.

Acceptance Criteria:
- Develop models that achieve at least 85% accuracy in predicting recidivism based on identified characteristics.
- Analyze and report on a minimum of 10 key factors that significantly correlate with recidivism rates.
- Implement a validation process that ensures model predictions are tested against real-world data, with a false positive rate of ≤5%.

Test Outline:
- Evaluate the model's accuracy using a test dataset to confirm it meets or exceeds the 85% threshold.
- Conduct a comprehensive analysis to identify and document the 10 key factors influencing recidivism.
- Test the model's predictions against a separate validation dataset to ensure the false positive rate remains within the specified limit.","it (ISO 29148)
that (ISO 29148)
can (NASA ARM)",3,5,2.0,3,4,1.0,4,5,1.0,3,5,2.0,3,5,2.0,2,5,3.0,3,5,2.0,—
A30US4Ll,"As a penitentiary institution administrator, I want a predictive model that can suggest the probability of repeated criminal offenses by convicts, so that I can tailor rehabilitation programs to reduce recidivism rates.","User Story:
As a penitentiary institution administrator, I want to implement a predictive analytics model that accurately estimates the likelihood of recidivism among convicts, so that I can design targeted rehabilitation programs aimed at decreasing repeat offenses and improving public safety.

Acceptance Criteria:
- The predictive model must achieve at least 85% accuracy in forecasting recidivism based on historical data.
- The model should analyze a minimum of 10 key factors influencing recidivism, such as age, criminal history, and participation in rehabilitation programs.
- A report detailing the model's predictions and suggested rehabilitation strategies must be generated within 24 hours of data input.

Test Outline:
- Validate the model's accuracy by comparing its predictions against actual recidivism rates over a 12-month period.
- Review the factors analyzed by the model to ensure they meet the minimum requirement and are relevant to recidivism.
- Check the timeliness of the report generation to confirm it is produced within the specified 24-hour timeframe.","it (ISO 29148)
that (ISO 29148)
can (NASA ARM)",4,4,0.0,3,4,1.0,4,5,1.0,3,5,2.0,3,5,2.0,2,5,3.0,3,5,2.0,—
A30US5Ll,"As a criminal justice decision-maker, I want a Decision Tree model that can classify convicts as prone or not prone to recidivism, so that I can make informed decisions about parole, probation, and sentencing.","User Story:
As a criminal justice decision-maker, I want to implement a Decision Tree model that accurately classifies convicts as either prone or not prone to recidivism, so that I can make data-driven decisions regarding parole, probation, and sentencing, ultimately enhancing public safety.

Acceptance Criteria:
- Achieve an accuracy rate of at least 85% in classifying recidivism risk based on historical data.
- Ensure the model provides clear, interpretable outputs that can be understood by non-technical stakeholders.
- Validate the model using a test dataset to confirm that it reduces recidivism prediction errors by at least 20% compared to current methods.

Test Outline:
- Evaluate the model's accuracy by comparing its predictions against actual recidivism outcomes in a controlled test environment.
- Review the model's output for clarity and usability by conducting a feedback session with stakeholders.
- Analyze the reduction in prediction errors by comparing the model's performance metrics with those of existing classification methods.","it (ISO 29148)
that (ISO 29148)
those (ISO 29148)
can (NASA ARM)",4,4,0.0,4,5,1.0,4,5,1.0,4,5,1.0,4,5,1.0,3,5,2.0,4,5,1.0,—
A30US6Ll,"As a researcher, I want to analyze the factors that determine the propensity of convicts to commit criminal recidivism, so that I can identify the most important variables to focus on in predictive criminology.","User Story:
As a researcher, I want to investigate the key factors influencing the likelihood of criminal recidivism among convicts so that I can pinpoint the most significant variables for enhancing predictive models in criminology.

Acceptance Criteria:
- Identify and analyze at least 10 distinct variables that correlate with recidivism rates.
- Conduct statistical tests to determine the strength of the relationship between these variables and recidivism, aiming for a significance level of p < 0.05.
- Develop a predictive model that accurately forecasts recidivism with at least 80% accuracy based on the identified variables.

Test Outline:
- Review the dataset to ensure it includes the necessary variables and recidivism outcomes for analysis.
- Perform regression analysis to validate the significance of the identified factors and document the results.
- Test the predictive model on a separate validation dataset to confirm its accuracy and reliability.","most (ISO 29148)
it (ISO 29148)
that (ISO 29148)
these (ISO 29148)
significant (ISO 29148)
can (NASA ARM)",4,5,1.0,3,4,1.0,4,5,1.0,3,5,2.0,3,5,2.0,2,5,3.0,3,5,2.0,—
A30US7Ll,"As a law enforcement agency, I want to use predictive analytics to identify high-risk individuals and allocate resources more effectively, so that I can prevent crimes and improve public safety.","User Story:
As a law enforcement agency, I want to implement predictive analytics to pinpoint high-risk individuals and optimize resource allocation, so that I can proactively prevent crimes and enhance public safety outcomes.

Acceptance Criteria:
- Identify at least 10 high-risk individuals per month using predictive analytics algorithms.
- Allocate resources to these individuals with a response time of 24 hours or less after identification.
- Achieve a reduction in crime rates in targeted areas by at least 15% within the first six months of implementation.

Test Outline:
- Analyze the data generated by predictive analytics to confirm the identification of high-risk individuals meets the monthly target.
- Track the response times for resource allocation to ensure they are within the specified 24-hour window.
- Measure crime rates in the targeted areas before and after the implementation to validate the 15% reduction.","that (ISO 29148)
these (ISO 29148)
can (NASA ARM)
less (NASA ARM)",2,4,2.0,2,4,2.0,3,5,2.0,2,5,3.0,2,5,3.0,2,5,3.0,2,5,3.0,—
A30US8Ll,"As a technology developer, I want to explore the possibility of using distributed registers/blockchain technology in predictive criminology, so that I can improve the accuracy and transparency of crime prediction models.","User Story:
As a technology developer, I want to investigate the application of distributed ledger and blockchain technology in predictive criminology, so that I can enhance the precision and transparency of crime prediction models, ultimately leading to more effective law enforcement strategies.

Acceptance Criteria:
- Conduct a feasibility study to assess the integration of blockchain technology into existing predictive criminology frameworks by the end of Q2.
- Develop a prototype that demonstrates at least a 20% improvement in prediction accuracy compared to current models.
- Ensure that the prototype includes a transparent data-sharing mechanism that allows stakeholders to verify the integrity of the data used in predictions.

Test Outline:
- Review the findings of the feasibility study to determine the potential for blockchain integration.
- Compare the accuracy of the prototype against existing models using historical crime data to validate improvements.
- Test the transparency features of the prototype by allowing stakeholders to access and verify the underlying data.","effective (ISO 29148)
that (ISO 29148)
effective (NASA ARM)
can (NASA ARM)
more (NASA ARM)",2,4,2.0,2,4,2.0,3,5,2.0,2,5,3.0,2,5,3.0,2,5,3.0,2,5,3.0,—
A30US9Ll,"As a crime prevention specialist, I want to use machine-learning models to identify patterns and trends in criminal behavior, so that I can develop targeted crime prevention strategies to reduce recidivism rates.","User Story:
As a crime prevention specialist, I want to leverage machine learning algorithms to analyze and identify significant patterns and trends in criminal behavior, so that I can formulate data-driven, targeted crime prevention strategies aimed at reducing recidivism rates by at least 15% over the next year.

Acceptance Criteria:
- Successfully implement machine learning models that can analyze historical crime data with an accuracy rate of 85% or higher.
- Identify at least 5 key behavioral patterns that correlate with recidivism within the first quarter of analysis.
- Develop and pilot at least 2 targeted crime prevention strategies based on the identified patterns within 6 months.

Test Outline:
- Validate the accuracy of the machine learning models by comparing predictions against actual outcomes in a test dataset.
- Review the analysis report to ensure that at least 5 significant patterns are documented and supported by data.
- Monitor the implementation of the targeted strategies and measure their impact on recidivism rates over the specified period.","that (ISO 29148)
significant (ISO 29148)
can (NASA ARM)",3,4,1.0,3,4,1.0,4,5,1.0,3,5,2.0,3,5,2.0,2,5,3.0,3,5,2.0,—
A30US10Ll,"As a government official, I want to leverage predictive analytics and blockchain technology to improve the efficiency and effectiveness of the criminal justice system, so that I can make data-driven decisions to enhance public safety and reduce crime rates.","User Story:
As a government official, I want to utilize predictive analytics combined with blockchain technology to optimize the operations of the criminal justice system, so that I can make informed, data-driven decisions that significantly enhance public safety and contribute to a measurable reduction in crime rates.

Acceptance Criteria:
- Implement predictive analytics tools that can analyze crime data and forecast trends with at least 80% accuracy.
- Integrate blockchain technology to ensure secure and transparent data sharing among law enforcement agencies, reducing data discrepancies by 90%.
- Achieve a minimum 15% reduction in crime rates within the first year of implementing these technologies.

Test Outline:
- Evaluate the accuracy of the predictive analytics tools by comparing forecasts against actual crime data over a specified period.
- Audit the blockchain integration process to confirm that data sharing is secure and discrepancies have decreased as targeted.
- Analyze crime statistics before and after implementation to measure the percentage reduction in crime rates.","secure (ISO 29148)
that (ISO 29148)
these (ISO 29148)
can (NASA ARM)",2,4,2.0,1,4,3.0,3,5,2.0,2,5,3.0,2,5,3.0,1,5,4.0,2,5,3.0,—
A31US1Ll,"As a user, I want to be able to easily identify advertisements on internet pages, so that I can avoid unnecessary distractions and stay focused on finding relevant information.","User Story:
As a user, I want to quickly recognize advertisements on web pages so that I can minimize distractions and concentrate on obtaining pertinent information efficiently.

Acceptance Criteria:
- Advertisements must be visually distinct from regular content, achieving at least a 30% difference in color contrast.
- Implement a clear labeling system for ads that is visible on 100% of pages where ads are displayed.
- Ensure that at least 90% of users can identify ads within 3 seconds of page load during usability testing.

Test Outline:
- Conduct a visual assessment to confirm that advertisements meet the specified color contrast criteria.
- Review multiple web pages to verify that all ads are labeled consistently and clearly.
- Perform user testing to measure the time taken for users to identify ads and ensure it aligns with the target of 3 seconds or less.","it (ISO 29148)
that (ISO 29148)
all (ISO 29148)
can (NASA ARM)
less (NASA ARM)",3,4,1.0,3,4,1.0,4,5,1.0,3,5,2.0,4,5,1.0,2,5,3.0,3,5,2.0,—
A31US2Ll,"As a researcher, I want to develop an approach to differentiate advertisements on internet pages, so that I can improve the overall quality of online experiences.","User Story:
As a researcher, I want to create a systematic method for distinguishing advertisements on web pages so that I can enhance the overall quality of online user experiences, leading to increased engagement and satisfaction.

Acceptance Criteria:
- Develop a framework that categorizes advertisements based on user interaction metrics, achieving at least a 20% improvement in user engagement.
- Conduct user testing to validate that 85% of participants can easily identify differentiated ads versus regular content.
- Implement the approach on a sample of 100 web pages and measure a reduction in ad-related complaints by at least 30%.

Test Outline:
- Analyze user interaction data before and after implementing the differentiation framework to assess engagement improvements.
- Conduct surveys with participants to evaluate their ability to recognize and differentiate ads from content.
- Monitor and compare the volume of ad-related complaints before and after the approach is applied to the sample web pages.","that (ISO 29148)
can (NASA ARM)",3,4,1.0,2,4,2.0,3,5,2.0,2,5,3.0,4,5,1.0,1,5,4.0,2,5,3.0,—
A31US3Ll,"As a developer, I want to create a system that can predict the presence of advertisements on internet pages, so that I can help users avoid unwanted content.","User Story:
As a developer, I want to build a predictive system that identifies the presence of advertisements on web pages, so that users can effectively avoid unwanted content and enhance their browsing experience.

Acceptance Criteria:
- The system must achieve at least 90% accuracy in predicting the presence of advertisements on various web pages.
- The prediction response time should be less than 1 second to ensure minimal impact on page loading.
- Users should have the option to customize their preferences for ad types they wish to avoid, with at least 3 different categories available.

Test Outline:
- Validate the accuracy of the prediction system by testing it against a diverse set of web pages and measuring the percentage of correct predictions.
- Measure the time taken for the system to provide predictions and ensure it meets the response time requirement.
- Check the customization feature by verifying that users can select and save their preferences for ad categories.","it (ISO 29148)
that (ISO 29148)
minimal (ISO 29148)
can (NASA ARM)
less (NASA ARM)",3,4,1.0,2,4,2.0,3,5,2.0,2,5,3.0,4,5,1.0,2,5,3.0,3,5,2.0,—
A31US4Ll,"As a parent, I want to be able to block advertisements on internet pages that are not suitable for my children, so that I can ensure their online safety.","User Story:
As a parent, I want to implement a feature that allows me to block inappropriate advertisements on web pages, so that I can effectively safeguard my children's online experience and promote a safer browsing environment.

Acceptance Criteria:
- Enable the option to block advertisements based on predefined categories deemed unsuitable for children.
- Provide a user-friendly interface that allows parents to customize and update the list of blocked categories at any time.
- Ensure that at least 95% of blocked advertisements do not appear on the pages visited by children.

Test Outline:
- Test the functionality by visiting various web pages to confirm that inappropriate ads are successfully blocked.
- Review the customization interface to ensure it allows for easy updates to the blocked categories.
- Monitor the effectiveness of the blocking feature by tracking the percentage of blocked ads over a defined period.","easy (ISO 29148)
it (ISO 29148)
that (ISO 29148)
can (NASA ARM)",4,4,0.0,3,4,1.0,4,5,1.0,3,5,2.0,4,5,1.0,2,5,3.0,3,5,2.0,—
A31US5Ll,"As a search engine developer, I want to be able to identify and filter out advertisements from search results, so that users can get more relevant and accurate results.","User Story:
As a search engine developer, I want to implement a robust filtering mechanism to exclude advertisements from search results, so that users receive more relevant and precise information tailored to their queries.

Acceptance Criteria:
- Develop a filtering algorithm that successfully identifies and removes at least 95% of advertisements from the search results.
- Ensure that the accuracy of organic search results is maintained at 90% or higher after filtering.
- Provide a user feedback mechanism to report any advertisements that appear in the search results, with a response time of less than 24 hours for addressing these reports.

Test Outline:
- Conduct a comprehensive analysis of search results before and after implementing the filtering mechanism to verify the percentage of advertisements removed.
- Perform user testing to assess the accuracy of the remaining search results and gather feedback on relevance.
- Monitor the user feedback system to ensure timely responses and track the number of reported advertisements.","robust (ISO 29148)
that (ISO 29148)
these (ISO 29148)
timely (NASA ARM)
more (NASA ARM)
less (NASA ARM)",3,4,1.0,3,5,2.0,4,5,1.0,3,5,2.0,4,5,1.0,2,5,3.0,3,5,2.0,—
A31US6Ll,"As an educator, I want to be able to distinguish between educational content and advertisements on internet pages, so that I can provide more effective online learning experiences.","User Story:
As an educator, I want to clearly differentiate between educational content and advertisements on web pages so that I can curate and deliver more effective online learning experiences for my students.

Acceptance Criteria:
- Implement a visual indicator that distinguishes educational content from advertisements with at least 90% accuracy.
- Ensure that 100% of educational resources are easily accessible without interference from ads.
- Provide feedback from at least 80% of users indicating improved clarity in content distinction.

Test Outline:
- Conduct user testing to evaluate the effectiveness of the visual indicators in distinguishing content types.
- Analyze user engagement metrics to confirm that educational resources are accessed without distractions from advertisements.
- Collect and review user feedback to assess satisfaction with the clarity of content distinction.","effective (ISO 29148)
that (ISO 29148)
improved (ISO 29148)
effective (NASA ARM)
can (NASA ARM)
improved (NASA ARM)
more (NASA ARM)",3,4,1.0,3,5,2.0,4,4,0.0,3,5,2.0,4,5,1.0,2,5,3.0,3,5,2.0,—
A31US7Ll,"As a security expert, I want to be able to detect and prevent malicious advertisements on internet pages, so that I can protect users from online threats.","User Story:
As a security expert, I want to implement a robust system for detecting and blocking malicious advertisements on web pages so that I can effectively safeguard users from potential online threats and enhance their browsing safety.

Acceptance Criteria:
- Achieve a detection rate of at least 95% for known malicious advertisements within the first month of implementation.
- Reduce the number of user reports of malicious ads by 80% within three months of deploying the solution.
- Ensure that the system can process and analyze at least 1,000 ad requests per second without performance degradation.

Test Outline:
- Conduct regular audits to measure the detection rate of malicious advertisements and verify it meets the target.
- Track and analyze user reports of malicious ads before and after implementation to confirm a significant reduction.
- Stress test the system to ensure it can handle the specified volume of ad requests while maintaining performance standards.","robust (ISO 29148)
it (ISO 29148)
that (ISO 29148)
significant (ISO 29148)
can (NASA ARM)",3,4,1.0,3,4,1.0,4,5,1.0,2,5,3.0,4,5,1.0,2,5,3.0,3,5,2.0,—
A31US8Ll,"As a user, I want to have control over the types of advertisements I see on internet pages, so that I can personalize my online experience.","User Story:
As a user, I want to customize the categories of advertisements displayed on web pages so that I can tailor my online experience to better reflect my interests and preferences.

Acceptance Criteria:
- Provide an interface that allows users to select at least 5 advertisement categories they wish to see or exclude.
- Ensure that changes to advertisement preferences are saved and applied within 10 minutes of user selection.
- Allow users to update their preferences at any time, with a confirmation message displayed upon successful update.

Test Outline:
- Verify that the user interface for selecting advertisement categories is functional and user-friendly.
- Check that the selected preferences are accurately saved and reflected in the advertisements shown within the specified time frame.
- Test the update process to ensure users can modify their preferences and receive confirmation of the changes.","that (ISO 29148)
better (ISO 29148)
can (NASA ARM)
better (NASA ARM)",4,4,0.0,3,4,1.0,4,5,1.0,3,5,2.0,4,5,1.0,2,5,3.0,3,5,2.0,—
A31US9Ll,"As a researcher, I want to explore the use of machine learning algorithms to identify and classify advertisements on internet pages, so that I can improve the accuracy and efficiency of advertisement detection.","User Story:
As a researcher, I want to investigate the application of machine learning algorithms for the identification and classification of advertisements on web pages, so that I can enhance the precision and operational efficiency of advertisement detection processes.

Acceptance Criteria:
- Develop and implement at least 3 distinct machine learning models to evaluate their effectiveness in classifying advertisements.
- Achieve a classification accuracy of 90% or higher on a validation dataset of at least 1,000 web pages.
- Reduce the time taken for advertisement detection to under 2 seconds per page.

Test Outline:
- Compare the performance of the different machine learning models using metrics such as accuracy and processing time.
- Validate the classification accuracy by testing the models on the designated dataset and recording the results.
- Measure the time taken for advertisement detection on a sample of web pages to ensure it meets the performance target.","it (ISO 29148)
that (ISO 29148)
can (NASA ARM)",3,4,1.0,3,4,1.0,4,5,1.0,3,5,2.0,3,5,2.0,2,5,3.0,3,5,2.0,—
A31US10Ll,"As a developer, I want to create a browser extension or plugin that can automatically identify and block advertisements on internet pages, so that users can have a more seamless and enjoyable online experience.","User Story:
As a developer, I want to build a browser extension that automatically detects and blocks advertisements on web pages, so that users can enjoy a smoother and more enjoyable browsing experience without distractions.

Acceptance Criteria:
- The extension must successfully identify and block at least 90% of advertisements on various websites.
- Users should experience a reduction in page load times by at least 30% when the extension is active compared to when it is not.
- The extension should provide users with an option to report any ads that were not blocked, with a response time for updates to the blocking algorithm of no more than 48 hours.

Test Outline:
- Conduct tests on multiple websites to measure the percentage of ads successfully blocked by the extension.
- Compare page load times with and without the extension enabled to confirm the reduction in load times.
- Implement a feedback mechanism for users to report unblocked ads and track the response time for updates to the extension.","it (ISO 29148)
that (ISO 29148)
can (NASA ARM)
more (NASA ARM)",3,4,1.0,3,4,1.0,4,5,1.0,3,5,2.0,3,5,2.0,2,5,3.0,3,5,2.0,—
A32US1Ll,"As a social media analyst, I want to automatically analyze opinions and attitudes expressed in text on social media platforms so that I can quickly identify trends and sentiments.","User Story:
As a social media analyst, I want to implement an automated system for analyzing opinions and sentiments expressed in text across various social media platforms so that I can efficiently identify emerging trends and sentiment shifts in real-time.

Acceptance Criteria:
- The system must process and analyze at least 1,000 social media posts per hour to ensure timely insights.
- Sentiment analysis accuracy should reach a minimum of 85% when compared to manual evaluations.
- The tool should generate a report summarizing key trends and sentiments at least once every 24 hours.

Test Outline:
- Monitor the system's processing speed to confirm it analyzes the required number of posts within the specified timeframe.
- Conduct a sample comparison of the automated sentiment analysis results against manual evaluations to validate accuracy.
- Review the generated reports for completeness and relevance to ensure they capture significant trends and sentiments.","it (ISO 29148)
that (ISO 29148)
significant (ISO 29148)
every (ISO 29148)
timely (NASA ARM)
can (NASA ARM)",3,4,1.0,3,4,1.0,4,5,1.0,3,5,2.0,4,5,1.0,2,5,3.0,3,5,2.0,—
A32US2Ll,"As a researcher, I want to develop an automated tool for stance detection that can accurately identify the underlying perspective or viewpoint of an individual or group towards a specific topic or target.","User Story:
As a researcher, I want to create an automated stance detection tool that can reliably analyze and classify the perspectives or viewpoints of individuals or groups regarding specific topics or targets, thereby enhancing the accuracy of sentiment analysis in my studies.

Acceptance Criteria:
- Achieve an accuracy rate of at least 90% in identifying stances across a diverse dataset.
- Ensure the tool can process and analyze at least 1,000 text samples per hour.
- Provide detailed reports on stance classifications, including confidence scores for each identified viewpoint.

Test Outline:
- Validate the tool's accuracy by comparing its stance classifications against a manually annotated dataset.
- Measure the processing speed by timing how long it takes to analyze a batch of 1,000 text samples.
- Review the generated reports to ensure they include comprehensive stance classifications and confidence scores.","it (ISO 29148)
that (ISO 29148)
can (NASA ARM)",3,4,1.0,2,4,2.0,2,4,2.0,2,5,3.0,2,5,3.0,1,5,4.0,2,4,2.0,—
A32US3Ll,"As a software engineer, I want to design a system that can classify the stance or viewpoint of a text towards a target, even when the target is of an abstract nature, so that I can improve the accuracy of opinion analysis.","User Story:
As a software engineer, I want to develop a robust system capable of accurately classifying the stance or viewpoint of a text regarding both concrete and abstract targets, so that I can enhance the precision of opinion analysis by at least 20%.

Acceptance Criteria:
- Achieve a classification accuracy of 85% or higher on a diverse dataset that includes both concrete and abstract targets.
- Ensure the system can process and classify at least 1000 text samples per hour without degradation in performance.
- Implement a feedback loop that allows for continuous learning and improvement, with updates to the model every month based on new data.

Test Outline:
- Evaluate the system's classification accuracy using a validation dataset to confirm it meets or exceeds the 85% threshold.
- Measure the processing speed to ensure it can handle the target of 1000 samples per hour.
- Review the model's performance improvements over time by analyzing the accuracy metrics before and after each monthly update.","robust (ISO 29148)
it (ISO 29148)
that (ISO 29148)
every (ISO 29148)
can (NASA ARM)",4,4,0.0,3,5,2.0,4,5,1.0,3,5,2.0,3,5,2.0,2,5,3.0,3,5,2.0,—
A32US4Ll,"As a data analyst, I want to integrate sentiment analysis and sarcasm detection tasks into a multi-task learning (MTL) model to enhance stance detection performance so that I can better understand the nuances of human opinions.","User Story:
As a data analyst, I want to incorporate sentiment analysis and sarcasm detection into a multi-task learning (MTL) model to significantly improve the accuracy of stance detection, enabling a deeper understanding of the complexities in human opinions.

Acceptance Criteria:
- Achieve at least a 15% increase in stance detection accuracy compared to the baseline model.
- Successfully integrate sentiment analysis and sarcasm detection tasks within the MTL framework without exceeding a 10% increase in computational resource usage.
- Validate the model's performance through cross-validation, ensuring that it maintains a minimum F1 score of 0.75 across all tasks.

Test Outline:
- Compare the stance detection accuracy of the MTL model against the baseline to confirm the targeted improvement.
- Monitor resource usage during model training and inference to ensure it remains within the specified limits.
- Conduct cross-validation on the model and assess the F1 score for each task to verify it meets the performance criteria.","it (ISO 29148)
that (ISO 29148)
all (ISO 29148)",3,4,1.0,3,4,1.0,4,4,0.0,3,5,2.0,3,5,2.0,2,5,3.0,3,4,1.0,—
A32US5Ll,"As a product manager, I want to develop a system that can handle the challenges of stance detection in social media, where brevity, informality, and limited contextual information prevail, so that I can provide accurate insights to businesses and organizations.","User Story:
As a product manager, I want to create a robust system for stance detection in social media environments characterized by brevity, informality, and minimal context, so that I can deliver precise and actionable insights to businesses and organizations, enhancing their decision-making processes.

Acceptance Criteria:
- Achieve an accuracy rate of at least 85% in stance detection across various social media platforms.
- Ensure the system can process and analyze at least 1,000 posts per minute to handle high volumes of data.
- Provide a user-friendly dashboard that displays insights and trends derived from stance detection within 10 seconds of data input.

Test Outline:
- Validate the accuracy of stance detection by comparing system outputs against a manually annotated dataset.
- Measure the system's processing speed by timing how long it takes to analyze a set of 1,000 posts.
- Review the dashboard functionality to ensure insights are generated and displayed within the specified time frame.","robust (ISO 29148)
it (ISO 29148)
that (ISO 29148)
minimal (ISO 29148)
can (NASA ARM)",2,4,2.0,2,4,2.0,3,5,2.0,2,5,3.0,2,5,3.0,1,5,4.0,2,5,3.0,—
A32US6Ll,"As a researcher, I want to propose and evaluate four task weighting techniques for MTL models to determine their effectiveness in enhancing stance detection performance so that I can improve the accuracy of opinion analysis.","User Story:
As a researcher, I want to investigate and assess four distinct task weighting techniques for multi-task learning (MTL) models to evaluate their impact on stance detection performance, enabling me to significantly enhance the accuracy of opinion analysis.

Acceptance Criteria:
- Propose four unique task weighting techniques and document their theoretical foundations.
- Conduct experiments to measure the stance detection accuracy, aiming for an improvement of at least 15% over baseline performance.
- Analyze and compare the effectiveness of each technique using statistical methods to validate the results.

Test Outline:
- Review the proposed techniques and ensure they are clearly defined and grounded in relevant literature.
- Execute the stance detection model with each technique and record the accuracy metrics to confirm the targeted improvement.
- Perform statistical analysis on the results to determine the significance of the performance enhancements achieved by each technique.",—,3,4,1.0,3,4,1.0,4,4,0.0,3,5,2.0,3,4,1.0,2,5,3.0,3,4,1.0,—
A32US7Ll,"As a software engineer, I want to design an MTL model that can achieve state-of-the-art performance in stance detection, using a hierarchical weighting approach, so that I can provide a robust solution for opinion analysis.","User Story:
As a software engineer, I want to develop a multi-task learning (MTL) model that utilizes a hierarchical weighting strategy to achieve top-tier performance in stance detection, so that I can deliver a highly effective solution for analyzing opinions across diverse datasets.

Acceptance Criteria:
- The MTL model must demonstrate an accuracy rate of at least 90% on the stance detection benchmark dataset.
- The hierarchical weighting approach should be validated to improve performance metrics by a minimum of 15% compared to baseline models.
- The model should be capable of processing and analyzing at least 10,000 opinion instances per hour without significant latency.

Test Outline:
- Evaluate the model's accuracy on the designated benchmark dataset to ensure it meets or exceeds the target.
- Compare performance metrics of the MTL model with and without the hierarchical weighting approach to confirm the expected improvement.
- Conduct load testing to measure the processing speed and confirm it meets the required throughput.","effective (ISO 29148)
it (ISO 29148)
that (ISO 29148)
significant (ISO 29148)
be capable of (NASA ARM)
effective (NASA ARM)
can (NASA ARM)",4,5,1.0,3,4,1.0,4,5,1.0,3,5,2.0,3,5,2.0,2,5,3.0,3,5,2.0,—
A32US8Ll,"As a data analyst, I want to evaluate the performance of the proposed MTL models on English and Arabic benchmark datasets to determine their effectiveness in stance detection so that I can identify the best approach for opinion analysis.","User Story:
As a data analyst, I want to assess the performance of the proposed multi-task learning (MTL) models using benchmark datasets in both English and Arabic for stance detection, so that I can pinpoint the most effective methodology for conducting opinion analysis.

Acceptance Criteria:
- Evaluate the MTL models on at least 3 distinct English benchmark datasets and 3 Arabic benchmark datasets.
- Achieve a minimum accuracy rate of 85% on stance detection for both language datasets.
- Compare the performance metrics (precision, recall, F1-score) of the MTL models against baseline models to establish effectiveness.

Test Outline:
- Run the MTL models on the specified benchmark datasets and record the performance metrics.
- Validate the accuracy rates and ensure they meet or exceed the established threshold.
- Analyze and document the comparative results of the MTL models versus baseline models to determine the best approach.","best (ISO 29148)
most (ISO 29148)
effective (ISO 29148)
that (ISO 29148)
effective (NASA ARM)
can (NASA ARM)
best (NASA ARM)",3,4,1.0,3,4,1.0,4,5,1.0,3,5,2.0,3,5,2.0,2,5,3.0,3,5,2.0,—
A32US9Ll,"As a researcher, I want to investigate the interaction between sentiment and stance, while considering the impact of sarcasm, so that I can gain a deeper understanding of human opinions and attitudes.","User Story:
As a researcher, I want to explore the relationship between sentiment and stance, taking into account the effects of sarcasm, so that I can achieve a comprehensive understanding of human opinions and attitudes, leading to more accurate analyses.

Acceptance Criteria:
- Conduct a study that includes at least 500 samples to ensure statistical significance in the findings.
- Analyze the data to identify at least 3 distinct patterns of interaction between sentiment, stance, and sarcasm.
- Present the findings in a detailed report that includes actionable insights and recommendations based on the analysis.

Test Outline:
- Review the collected data to confirm that the sample size meets the required threshold for analysis.
- Validate the identified patterns through peer review or expert consultation to ensure accuracy and relevance.
- Assess the final report for clarity, depth, and the inclusion of actionable insights based on the research findings.","that (ISO 29148)
can (NASA ARM)
more (NASA ARM)",2,4,2.0,1,4,3.0,3,5,2.0,2,5,3.0,2,5,3.0,1,5,4.0,2,5,3.0,—
A32US10Ll,"As a product manager, I want to develop a commercial application that utilizes the proposed MTL models for stance detection, providing businesses and organizations with accurate insights into public opinions and sentiments.","User Story:
As a product manager, I want to create a commercial application that leverages the proposed MTL (Multi-Task Learning) models for stance detection, enabling businesses and organizations to gain precise insights into public opinions and sentiments, thereby enhancing their decision-making processes.

Acceptance Criteria:
- The application must achieve an accuracy rate of at least 85% in stance detection across various datasets.
- Provide real-time sentiment analysis with a response time of less than 3 seconds for user queries.
- Ensure that the application can handle a minimum of 1,000 concurrent users without performance degradation.

Test Outline:
- Validate the accuracy of stance detection by comparing model predictions against a labeled dataset.
- Measure the response time for sentiment analysis queries to confirm it meets the specified threshold.
- Conduct load testing to ensure the application maintains performance with 1,000 concurrent users.","it (ISO 29148)
that (ISO 29148)
can (NASA ARM)
less (NASA ARM)",2,4,2.0,2,4,2.0,2,4,2.0,2,5,3.0,2,5,3.0,1,5,4.0,2,4,2.0,—
A33US1Ll,"As a journalist, I want to be able to quickly and easily find relevant contextual background information when writing a news story, so that I can provide a more informed and comprehensive article.","User Story:
As a journalist, I want to efficiently access pertinent contextual background information while crafting a news article so that I can enhance the depth and quality of my reporting, ultimately leading to more insightful and well-rounded stories.

Acceptance Criteria:
- The system should allow for background information retrieval in under 3 seconds for at least 90% of queries.
- Users should be able to access a minimum of 5 relevant sources or data points for each news story.
- The tool must provide contextual information that is updated at least once a week to ensure accuracy and relevance.

Test Outline:
- Measure the average response time for retrieving background information to confirm it meets the 3-second target.
- Conduct a review of articles to ensure that at least 5 relevant sources are provided for each story.
- Check the update frequency of the contextual information to verify it aligns with the weekly update requirement.","it (ISO 29148)
that (ISO 29148)
be able to (NASA ARM)
can (NASA ARM)
more (NASA ARM)",3,4,1.0,3,4,1.0,4,5,1.0,2,5,3.0,3,5,2.0,2,5,3.0,3,5,2.0,—
A33US2Ll,"As a news agency, I want to be able to search for precise facts described in news articles, so that I can verify information and ensure the accuracy of our reporting.","User Story:
As a news agency, I want to implement a robust search functionality for extracting specific facts from news articles so that I can efficiently verify information and uphold the integrity of our reporting.

Acceptance Criteria:
- The search feature must return relevant results with at least 90% accuracy in matching the queried facts.
- Users should be able to filter search results by date, article type, and source to enhance precision.
- The system should provide search results within 3 seconds to ensure a swift verification process.

Test Outline:
- Conduct searches using various fact queries and evaluate the accuracy of the results against known information.
- Test the filtering options to confirm they effectively narrow down search results as intended.
- Measure the response time of the search functionality to ensure it meets the 3-second requirement.","robust (ISO 29148)
it (ISO 29148)
that (ISO 29148)
be able to (NASA ARM)
can (NASA ARM)",3,4,1.0,3,4,1.0,4,5,1.0,3,5,2.0,3,5,2.0,2,5,3.0,3,5,2.0,—
A33US3Ll,"As a researcher, I want to develop a method that can automatically annotate news articles with semantic information, so that I can improve the discoverability and searchability of news content.","User Story:
As a researcher, I want to create an automated system for annotating news articles with semantic information so that I can significantly enhance the discoverability and searchability of news content, leading to a more efficient information retrieval process.

Acceptance Criteria:
- The system must accurately annotate at least 90% of news articles with relevant semantic tags.
- The time taken to annotate each article should not exceed 5 seconds.
- The searchability of annotated articles should improve by at least 30% as measured by user engagement metrics.

Test Outline:
- Evaluate the accuracy of the annotations by comparing them against a manually annotated dataset.
- Measure the time taken for the system to process and annotate a sample set of articles.
- Analyze user engagement metrics before and after implementing the annotation system to assess improvements in searchability.","efficient (ISO 29148)
that (ISO 29148)
can (NASA ARM)
more (NASA ARM)",3,4,1.0,3,4,1.0,4,5,1.0,3,5,2.0,4,5,1.0,2,5,3.0,3,5,2.0,—
A33US4Ll,"As a developer, I want to leverage the Wikidata knowledge base to create a semantic annotation system that can support both keyword-based search and structured data search in news articles.","User Story:
As a developer, I want to utilize the Wikidata knowledge base to build a semantic annotation system that enables both keyword-based and structured data searches within news articles, enhancing the discoverability and relevance of content for users.

Acceptance Criteria:
- Implement a system that successfully retrieves and displays relevant results for at least 90% of keyword-based search queries.
- Ensure that structured data searches return accurate results with a precision rate of 85% or higher.
- Integrate semantic annotations into a minimum of 50 news articles to validate the system's effectiveness in real-world scenarios.

Test Outline:
- Conduct keyword-based search tests to measure the relevance and accuracy of the results against a predefined set of queries.
- Evaluate the precision of structured data searches by comparing the returned results to a benchmark dataset.
- Review the integration of semantic annotations in the selected news articles to confirm proper functionality and user experience.",that (ISO 29148),3,4,1.0,3,4,1.0,3,4,1.0,3,5,2.0,3,5,2.0,2,5,3.0,3,4,1.0,—
A33US5Ll,"As a journalist, I want to be able to search for news articles based on specific properties and filters, such as event type, location, and date, so that I can quickly find relevant information.","User Story:
As a journalist, I want to efficiently search for news articles using specific criteria and filters, including event type, geographic location, and publication date, so that I can swiftly access pertinent information that enhances my reporting.

Acceptance Criteria:
- Implement a search functionality that allows filtering by at least 3 distinct event types.
- Enable location-based filtering that supports searches within a radius of 50 miles from a specified point.
- Allow date filtering to retrieve articles published within a user-defined range of up to 30 days.

Test Outline:
- Test the search feature by applying various filters to ensure it returns articles that match the specified event types.
- Verify the accuracy of location-based searches by checking the relevance of articles returned within the defined radius.
- Assess the date filtering capability by confirming that only articles published within the selected date range are displayed.","it (ISO 29148)
that (ISO 29148)
can (NASA ARM)",3,4,1.0,3,4,1.0,4,5,1.0,3,5,2.0,4,5,1.0,2,5,3.0,3,5,2.0,—
A33US6Ll,"As a news agency, I want to be able to provide a more intuitive and powerful search interface for our users, so that they can easily find the information they need.","User Story:
As a news agency, I want to implement an advanced and user-friendly search interface for our audience, so that they can efficiently locate relevant information and enhance their overall experience.

Acceptance Criteria:
- The search interface must return results within 2 seconds for 95% of queries (p95 ≤ 2s).
- Users should be able to filter search results by at least 3 categories (e.g., date, relevance, and topic).
- The interface should support autocomplete suggestions that display at least 5 relevant topics as users type their queries.

Test Outline:
- Measure the response time of search queries to ensure it meets the p95 target.
- Test the filtering functionality to confirm that users can successfully filter results by the specified categories.
- Verify the autocomplete feature by checking that it provides relevant suggestions as users input their search terms.","it (ISO 29148)
that (ISO 29148)
be able to (NASA ARM)
can (NASA ARM)",2,4,2.0,2,4,2.0,3,5,2.0,2,5,3.0,2,5,3.0,2,5,3.0,2,5,3.0,—
A33US7Ll,"As a researcher, I want to investigate the use of semantic annotation and search in news articles, so that I can improve the efficiency and effectiveness of news gathering and reporting.","User Story:
As a researcher, I want to explore the application of semantic annotation and search techniques in news articles so that I can significantly enhance the efficiency and effectiveness of news gathering and reporting processes.

Acceptance Criteria:
- Conduct a comprehensive analysis of at least 50 news articles to identify the impact of semantic annotation on search accuracy.
- Measure the time taken to gather relevant news articles before and after implementing semantic search, aiming for a reduction of at least 30%.
- Evaluate user satisfaction through surveys, targeting a minimum of 80% positive feedback regarding the improved search functionality.

Test Outline:
- Review and document the findings from the analysis of the selected news articles to assess the effectiveness of semantic annotation.
- Track and compare the time spent on news gathering tasks before and after the implementation of semantic search.
- Distribute surveys to users post-implementation and analyze the feedback to ensure it meets the satisfaction target.","it (ISO 29148)
that (ISO 29148)
improved (ISO 29148)
can (NASA ARM)
improved (NASA ARM)",3,4,1.0,3,5,2.0,4,5,1.0,3,5,2.0,3,5,2.0,2,5,3.0,3,5,2.0,—
A33US8Ll,"As a developer, I want to design a system that can automatically infer event schemas from news articles, so that I can provide more accurate and relevant search results.","User Story:
As a developer, I want to create an automated system that can intelligently extract and infer event schemas from news articles, so that I can enhance the accuracy and relevance of search results for users.

Acceptance Criteria:
- The system must successfully identify and extract event schemas from at least 90% of the news articles processed.
- The inferred schemas should improve search result relevance by at least 25%, as measured by user engagement metrics.
- The system should operate with a processing time of no more than 3 seconds per article to ensure efficiency.

Test Outline:
- Evaluate the system's performance by analyzing a sample of news articles to confirm the extraction accuracy of event schemas.
- Measure user engagement metrics before and after implementing the new system to assess the improvement in search result relevance.
- Time the processing of articles to ensure that the average time taken does not exceed the specified limit.","that (ISO 29148)
can (NASA ARM)
more (NASA ARM)",3,4,1.0,2,4,2.0,4,5,1.0,2,5,3.0,4,5,1.0,2,5,3.0,3,5,2.0,—
A33US9Ll,"As a journalist, I want to be able to compare and contrast similar events and stories, so that I can identify patterns and trends and provide more insightful reporting.","User Story:
As a journalist, I want to analyze and juxtapose comparable events and narratives so that I can uncover patterns and trends, ultimately enhancing the depth and quality of my reporting.

Acceptance Criteria:
- Access a tool that allows for side-by-side comparison of at least 5 similar events or stories.
- Generate a report that highlights at least 3 significant patterns or trends identified from the comparisons.
- Ensure that the insights derived from the analysis can be easily integrated into articles, with a minimum of 2 actionable recommendations for readers.

Test Outline:
- Test the comparison tool to confirm it can display multiple events or stories simultaneously.
- Review the generated report to verify the identification of patterns and trends.
- Check the integration process to ensure that insights can be seamlessly included in journalistic content.","it (ISO 29148)
that (ISO 29148)
significant (ISO 29148)
can (NASA ARM)",3,4,1.0,3,4,1.0,4,5,1.0,2,5,3.0,4,5,1.0,2,5,3.0,3,5,2.0,—
A33US10Ll,"As a news agency, I want to be able to provide a more comprehensive and informative news service, by leveraging semantic annotation and search to deliver more accurate and relevant results to our users.","User Story:
As a news agency, I want to enhance our news service by utilizing semantic annotation and advanced search capabilities so that we can deliver highly accurate and relevant news content to our users, thereby increasing user engagement and satisfaction.

Acceptance Criteria:
- Implement semantic annotation on at least 80% of our news articles to improve content discoverability.
- Achieve a 30% increase in user engagement metrics, such as time spent on articles and click-through rates, within 3 months of deployment.
- Ensure that search results return relevant articles with an accuracy rate of 90% or higher based on user queries.

Test Outline:
- Review a sample of news articles to confirm that semantic annotations are applied correctly and meet the target percentage.
- Analyze user engagement metrics before and after the implementation to verify the expected increase.
- Conduct user testing on the search functionality to assess the relevance of results and confirm the accuracy rate.","that (ISO 29148)
can (NASA ARM)",2,4,2.0,2,4,2.0,2,5,3.0,2,5,3.0,2,5,3.0,2,5,3.0,2,5,3.0,—
A34US1Ll,"As a cybersecurity researcher, I want to develop an intrusion detection system (IDS) that can detect and classify cyberattacks in a timely and automatic manner, so that I can protect networks and hosts from malicious activities.","User Story:
As a cybersecurity researcher, I want to create an advanced intrusion detection system (IDS) that can automatically identify and categorize cyberattacks within 5 seconds of occurrence, so that I can effectively safeguard networks and hosts against malicious activities and reduce potential damage.

Acceptance Criteria:
- The IDS must achieve a detection accuracy of at least 95% for known attack patterns.
- The system should classify detected attacks into at least 5 distinct categories for better response strategies.
- Alerts for detected attacks must be generated and sent to the security team within 5 seconds of detection.

Test Outline:
- Conduct tests to evaluate the IDS's detection accuracy against a dataset of known attack patterns.
- Review the classification results to ensure that the system can categorize attacks into the specified number of categories.
- Measure the time taken from detection to alert generation to confirm it meets the 5-second requirement.","it (ISO 29148)
that (ISO 29148)
better (ISO 29148)
can (NASA ARM)
better (NASA ARM)",2,4,2.0,1,4,3.0,3,5,2.0,2,5,3.0,2,5,3.0,1,5,4.0,2,5,3.0,—
A34US2Ll,"As a security professional, I want to leverage machine learning techniques to build an effective IDS that can adapt to the constantly changing nature of malware and cyberattacks, so that I can stay ahead of attackers.","User Story:
As a security professional, I want to implement advanced machine learning algorithms to develop a dynamic Intrusion Detection System (IDS) that can continuously adapt to evolving malware and cyberattack patterns, so that I can proactively mitigate threats and enhance organizational security.

Acceptance Criteria:
- The IDS must achieve a detection accuracy of at least 95% against known and emerging threats.
- The system should update its learning model at least once every 24 hours to incorporate new threat data.
- The IDS must reduce false positive rates to below 5% to ensure operational efficiency and minimize alert fatigue.

Test Outline:
- Evaluate the detection accuracy of the IDS by testing it against a comprehensive dataset of known and new threats.
- Monitor the frequency of model updates to confirm that the learning process occurs within the specified time frame.
- Analyze the false positive rate by reviewing alerts generated by the IDS over a defined period to ensure it meets the target threshold.","it (ISO 29148)
that (ISO 29148)
every (ISO 29148)
can (NASA ARM)",2,4,2.0,2,4,2.0,3,5,2.0,2,5,3.0,2,5,3.0,1,5,4.0,2,5,3.0,—
A34US3Ll,"As a developer, I want to explore the use of deep neural networks (DNNs) to develop a flexible and effective IDS that can detect and classify unforeseen and unpredictable cyberattacks, so that I can improve the accuracy and efficiency of threat detection.","User Story:
As a developer, I want to investigate the implementation of deep neural networks (DNNs) to create a robust and adaptive Intrusion Detection System (IDS) that can identify and categorize novel and unpredictable cyber threats, so that I can enhance the precision and operational efficiency of threat detection processes.

Acceptance Criteria:
- Achieve a detection accuracy rate of at least 90% for previously unseen cyberattack patterns.
- Ensure the IDS can classify threats within 2 seconds of detection to maintain real-time responsiveness.
- Implement a feedback loop that allows the system to learn from new attack vectors, improving its detection capabilities by at least 15% over a 6-month period.

Test Outline:
- Validate the accuracy of the IDS by testing it against a dataset of known and unknown cyberattacks to confirm it meets the 90% accuracy target.
- Measure the time taken for the IDS to classify threats and ensure it consistently meets the 2-second response time.
- Monitor the system's performance over time to assess improvements in detection capabilities and verify a minimum 15% enhancement in accuracy.","robust (ISO 29148)
it (ISO 29148)
that (ISO 29148)
can (NASA ARM)",2,4,2.0,2,5,3.0,3,5,2.0,2,5,3.0,2,5,3.0,2,5,3.0,2,5,3.0,—
A34US4Ll,"As a researcher, I want to evaluate the performance of various machine learning algorithms on publicly available malware datasets, so that I can identify the best algorithm for detecting future cyberattacks.","User Story:
As a researcher, I want to systematically assess the effectiveness of different machine learning algorithms using publicly available malware datasets, so that I can pinpoint the most effective algorithm for accurately detecting and preventing future cyberattacks.

Acceptance Criteria:
- Evaluate at least 5 distinct machine learning algorithms on a minimum of 3 publicly available malware datasets.
- Achieve a detection accuracy of ≥90% for the best-performing algorithm across the evaluated datasets.
- Document and compare the performance metrics, including precision, recall, and F1 score, for each algorithm tested.

Test Outline:
- Run experiments on the selected machine learning algorithms and collect performance data for each.
- Analyze the results to ensure that the best algorithm meets or exceeds the specified accuracy threshold.
- Compile a comprehensive report detailing the performance metrics and comparisons for all algorithms evaluated.","best (ISO 29148)
most (ISO 29148)
effective (ISO 29148)
that (ISO 29148)
all (ISO 29148)
effective (NASA ARM)
can (NASA ARM)
best (NASA ARM)",4,4,0.0,3,4,1.0,4,5,1.0,3,5,2.0,3,5,2.0,2,5,3.0,3,5,2.0,—
A34US5Ll,"As a cybersecurity expert, I want to analyze the performance of different machine learning models on various datasets, so that I can understand the strengths and weaknesses of each approach and choose the most effective one.","User Story:
As a cybersecurity expert, I want to evaluate the effectiveness of various machine learning models across multiple datasets so that I can identify their strengths and weaknesses, enabling me to select the most efficient model for threat detection.

Acceptance Criteria:
- Conduct performance analysis on at least 5 different machine learning models using a minimum of 3 diverse datasets.
- Document and compare key performance metrics, including accuracy, precision, recall, and F1 score, for each model.
- Generate a comprehensive report summarizing the findings, highlighting the best-performing model based on the analysis.

Test Outline:
- Implement the machine learning models on the specified datasets and record their performance metrics.
- Review the comparative analysis report to ensure it includes all required metrics and insights for decision-making.","best (ISO 29148)
most (ISO 29148)
efficient (ISO 29148)
it (ISO 29148)
that (ISO 29148)
all (ISO 29148)
can (NASA ARM)
best (NASA ARM)",3,4,1.0,3,4,1.0,4,5,1.0,3,5,2.0,3,5,2.0,2,5,3.0,3,5,2.0,—
A34US6Ll,"As a developer, I want to optimize the network parameters and topology of DNNs for IDS, so that I can improve the accuracy and efficiency of threat detection.","User Story:
As a developer, I want to refine the network parameters and architecture of Deep Neural Networks (DNNs) for Intrusion Detection Systems (IDS) so that I can significantly enhance both the accuracy and processing efficiency of threat detection, ultimately reducing false positives and improving response times.

Acceptance Criteria:
- Achieve an accuracy improvement of at least 15% in threat detection compared to the current baseline.
- Reduce the processing time for threat analysis by 30% or more, ensuring quicker response to potential threats.
- Optimize the network topology to minimize resource usage, targeting a reduction in computational overhead by at least 20%.

Test Outline:
- Evaluate the accuracy of the DNN model before and after optimization to confirm the specified improvement.
- Measure the processing time for threat detection tasks to ensure it meets the targeted reduction.
- Analyze resource consumption metrics to verify that the computational overhead has been effectively minimized.","it (ISO 29148)
that (ISO 29148)
can (NASA ARM)
more (NASA ARM)",3,4,1.0,3,4,1.0,4,5,1.0,3,5,2.0,4,5,1.0,2,5,3.0,3,5,2.0,—
A34US7Ll,"As a researcher, I want to conduct a comprehensive evaluation of experiments on various publicly available benchmark malware datasets, so that I can benchmark the performance of different machine learning algorithms.","User Story:
As a researcher, I want to perform an in-depth analysis of experiments using multiple publicly available benchmark malware datasets so that I can effectively compare and assess the performance of various machine learning algorithms.

Acceptance Criteria:
- Evaluate at least 5 different publicly available benchmark malware datasets to ensure a diverse range of data.
- Implement and test a minimum of 3 distinct machine learning algorithms to provide a comprehensive performance comparison.
- Document and report the performance metrics (accuracy, precision, recall) for each algorithm across all datasets to facilitate clear benchmarking.

Test Outline:
- Verify that the analysis includes at least 5 benchmark datasets by reviewing the dataset selection criteria.
- Check that the performance of at least 3 machine learning algorithms is tested and recorded for each dataset.
- Review the final report to ensure it includes detailed performance metrics for all algorithms evaluated.","it (ISO 29148)
that (ISO 29148)
all (ISO 29148)
can (NASA ARM)",3,4,1.0,2,4,2.0,3,5,2.0,2,5,3.0,2,5,3.0,2,5,3.0,2,5,3.0,—
A34US8Ll,"As a security professional, I want to stay informed about the latest developments in IDS technology, so that I can continuously improve our defense strategies against evolving cyber threats.","User Story:
As a security professional, I want to receive timely updates on advancements in Intrusion Detection System (IDS) technology so that I can enhance our defense strategies and effectively counteract emerging cyber threats.

Acceptance Criteria:
- Subscribe to at least 3 reputable sources of IDS technology news and updates.
- Attend a minimum of 2 industry webinars or conferences on IDS advancements each quarter.
- Implement at least 1 new IDS feature or strategy every 6 months based on the latest developments.

Test Outline:
- Verify the subscription to the selected news sources and track the frequency of updates received.
- Confirm attendance at the specified number of webinars or conferences by reviewing registration and participation records.
- Assess the implementation of new IDS features or strategies by reviewing system updates and security reports.","that (ISO 29148)
every (ISO 29148)
timely (NASA ARM)
can (NASA ARM)",4,4,0.0,3,4,1.0,4,5,1.0,2,5,3.0,4,5,1.0,2,5,3.0,3,5,2.0,—
A34US9Ll,"As a data scientist, I want to contribute to the systematic updating and benchmarking of publicly available malware datasets, so that I can promote collaboration and knowledge sharing in the field of intrusion detection.","User Story:
As a data scientist, I want to actively participate in the regular updating and benchmarking of publicly accessible malware datasets so that I can foster collaboration and enhance knowledge sharing within the intrusion detection community.

Acceptance Criteria:
- Establish a schedule for updating malware datasets at least once every quarter.
- Create a benchmarking framework that evaluates at least 5 key metrics for each dataset.
- Facilitate collaboration by organizing a minimum of 2 workshops per year focused on sharing insights and methodologies related to malware detection.

Test Outline:
- Review the update logs to confirm that datasets are refreshed according to the established schedule.
- Assess the benchmarking framework to ensure it includes the required metrics and is applied to all datasets.
- Track attendance and feedback from the workshops to evaluate their effectiveness in promoting collaboration.","it (ISO 29148)
that (ISO 29148)
all (ISO 29148)
every (ISO 29148)
can (NASA ARM)",3,4,1.0,3,5,2.0,4,5,1.0,3,5,2.0,3,5,2.0,2,5,3.0,3,5,2.0,—
A34US10Ll,"As a decision-maker in an organization, I want to invest in research and development efforts aimed at exploring innovative approaches like DNNs for intrusion detection, ensuring that our systems are equipped to defend against evolving cyber threats effectively.","User Story:
As a decision-maker in an organization, I want to allocate resources towards research and development initiatives focused on innovative techniques such as Deep Neural Networks (DNNs) for intrusion detection, so that our systems can robustly defend against emerging cyber threats and enhance overall security posture.

Acceptance Criteria:
- Allocate a budget of at least 15% of the annual IT expenditure towards R&D for DNN-based intrusion detection systems.
- Complete a feasibility study within 3 months to evaluate the effectiveness of DNNs in identifying and mitigating cyber threats.
- Implement a pilot program within 6 months that demonstrates a minimum 30% improvement in threat detection rates compared to existing systems.

Test Outline:
- Review the budget allocation to ensure it meets the specified percentage of IT expenditure.
- Assess the completion and findings of the feasibility study to confirm its alignment with the project goals.
- Evaluate the results of the pilot program to verify the claimed improvement in threat detection rates.","it (ISO 29148)
that (ISO 29148)
can (NASA ARM)",3,4,1.0,3,4,1.0,3,5,2.0,3,5,2.0,3,5,2.0,2,5,3.0,3,5,2.0,—
A35US1Ll,"As a wholesale company, I want to optimize my organizational environment to minimize costs and maximize revenue, so I need accurate sales predictions to inform my planning process.","User Story:
As a wholesale company, I want to enhance my organizational environment to effectively reduce operational costs and increase revenue, so I require precise sales forecasts that will guide my strategic planning and decision-making processes.

Acceptance Criteria:
- Achieve a sales prediction accuracy of at least 90% based on historical data analysis.
- Reduce operational costs by a minimum of 15% within the next fiscal year through optimized resource allocation.
- Increase revenue by at least 20% over the next quarter as a result of informed planning and execution.

Test Outline:
- Validate the accuracy of sales predictions by comparing forecasted sales against actual sales data.
- Analyze operational cost reports to confirm a reduction of 15% or more within the specified timeframe.
- Measure revenue growth over the next quarter to ensure it meets or exceeds the 20% target.","it (ISO 29148)
that (ISO 29148)
more (NASA ARM)",2,4,2.0,2,4,2.0,2,4,2.0,2,5,3.0,3,5,2.0,2,5,3.0,2,4,2.0,—
A35US2Ll,"As a logistics manager, I want to use precise sales predictions to optimize both sales and logistics processes, so I can reduce waste and improve efficiency.","User Story:
As a logistics manager, I want to leverage accurate sales forecasts to enhance the efficiency of both sales and logistics operations, enabling me to minimize waste and maximize operational effectiveness.

Acceptance Criteria:
- Achieve a sales prediction accuracy of at least 90% over the next quarter.
- Reduce excess inventory levels by 25% within six months as a result of improved forecasting.
- Increase logistics efficiency by decreasing delivery times by 15% through optimized resource allocation based on sales predictions.

Test Outline:
- Analyze historical sales data to validate the accuracy of the sales predictions against actual sales figures.
- Monitor inventory levels before and after implementing the new forecasting methods to confirm a reduction in excess stock.
- Track delivery times pre- and post-implementation to ensure the targeted decrease in logistics efficiency is met.","improved (ISO 29148)
improved (NASA ARM)",3,4,1.0,3,4,1.0,3,4,1.0,3,5,2.0,4,5,1.0,2,5,3.0,3,4,1.0,—
A35US3Ll,"As a sales analyst, I want to track sales towards a customer using a data mart built on top of a data warehouse, so I can make data-driven decisions about customer relationships and sales strategies.","User Story:
As a sales analyst, I want to monitor and analyze sales performance for individual customers using a dedicated data mart that leverages our existing data warehouse, so that I can make informed, data-driven decisions to enhance customer relationships and optimize sales strategies.

Acceptance Criteria:
- The data mart must provide real-time sales tracking for at least 95% of customer transactions.
- Ensure that the data mart can generate reports on customer sales trends with a maximum processing time of 10 seconds.
- The system should allow for the integration of at least 3 additional data sources to enrich customer insights.

Test Outline:
- Validate the accuracy of sales data by comparing it against the main data warehouse for consistency.
- Measure the report generation time to confirm it meets the 10-second requirement.
- Test the integration process for additional data sources to ensure they are successfully incorporated into the data mart.","it (ISO 29148)
that (ISO 29148)
can (NASA ARM)",3,4,1.0,3,4,1.0,3,5,2.0,3,5,2.0,3,5,2.0,2,5,3.0,3,5,2.0,—
A35US4Ll,"As a business intelligence developer, I want to design a data mart that can handle daily loads of outgoing invoices and uninvoiced shipments data, so I can provide timely and accurate sales predictions.","User Story:
As a business intelligence developer, I want to architect a robust data mart capable of processing daily loads of outgoing invoices and uninvoiced shipments data, so that I can deliver precise and timely sales forecasts that enhance decision-making.

Acceptance Criteria:
- The data mart must successfully ingest and process at least 10,000 outgoing invoices and 5,000 uninvoiced shipments daily.
- Ensure that data loading times do not exceed 30 minutes to maintain up-to-date sales predictions.
- Implement data validation checks to achieve a minimum accuracy rate of 98% for the sales predictions generated.

Test Outline:
- Monitor the daily data load process to confirm it handles the specified volume of invoices and shipments within the time limit.
- Conduct accuracy assessments on the sales predictions to ensure they meet or exceed the 98% accuracy threshold.
- Review the data mart's performance metrics to verify that it consistently supports timely reporting and analysis.","robust (ISO 29148)
it (ISO 29148)
that (ISO 29148)
timely (NASA ARM)
can (NASA ARM)",3,4,1.0,3,4,1.0,3,5,2.0,3,5,2.0,3,5,2.0,2,5,3.0,3,5,2.0,—
A35US5Ll,"As a forecasting expert, I want to use the ARIMA model to make predictions about sales trends, so I can provide actionable insights to business stakeholders.","User Story:
As a forecasting expert, I want to implement the ARIMA model for predicting sales trends so that I can deliver data-driven insights that empower business stakeholders to make informed decisions.

Acceptance Criteria:
- Successfully develop and validate the ARIMA model with a minimum accuracy of 90% on historical sales data.
- Generate sales trend predictions for the next 12 months, providing monthly forecasts.
- Present actionable insights based on the model's predictions, including at least three strategic recommendations for stakeholders.

Test Outline:
- Evaluate the model's accuracy by comparing its predictions against actual sales data over a defined historical period.
- Review the generated monthly forecasts to ensure they cover the full 12-month period and meet the accuracy criteria.
- Assess the clarity and relevance of the strategic recommendations provided to stakeholders based on the forecasted trends.","that (ISO 29148)
can (NASA ARM)",4,5,1.0,3,4,1.0,3,5,2.0,3,5,2.0,4,5,1.0,2,5,3.0,3,5,2.0,—
A35US6Ll,"As a sales manager, I want to aggregate sales data on a weekly level, so I can identify trends and patterns that inform my sales strategies.","User Story:
As a sales manager, I want to compile and analyze sales data on a weekly basis so that I can pinpoint trends and patterns that will enhance my sales strategies and drive revenue growth.

Acceptance Criteria:
- Weekly sales data must be aggregated and presented in a report format by the end of each week.
- The report should highlight at least 3 key trends or patterns that can be leveraged for strategic decision-making.
- Ensure that the data is accessible and visualized in a dashboard format for easy interpretation by the sales team.

Test Outline:
- Review the weekly report to confirm that sales data is aggregated and delivered on time.
- Analyze the report to identify the highlighted trends and patterns, ensuring they are actionable.
- Check the dashboard for accessibility and clarity of the visualized sales data.","easy (ISO 29148)
that (ISO 29148)
can (NASA ARM)",3,4,1.0,3,4,1.0,3,5,2.0,3,5,2.0,4,5,1.0,2,5,3.0,3,5,2.0,—
A35US7Ll,"As a product manager, I want to track sales data for each product, including sales market, customer, quantity, and date, so I can make informed decisions about product development and marketing.","User Story:
As a product manager, I want to systematically monitor sales data for every product, encompassing sales market, customer demographics, quantity sold, and transaction date, so that I can make data-driven decisions regarding product development and targeted marketing strategies.

Acceptance Criteria:
- Capture and store sales data for each product, including at least 90% of transactions with complete information on market, customer, quantity, and date.
- Generate a comprehensive sales report that can be accessed within 2 minutes of request, detailing trends and insights.
- Ensure that the sales data is updated in real-time, with a maximum delay of 5 minutes from the time of sale to data availability.

Test Outline:
- Review the sales database to confirm that the required data fields are populated for at least 90% of sales transactions.
- Measure the time taken to generate the sales report to ensure it meets the 2-minute requirement.
- Monitor the data update process to verify that sales information is refreshed within the 5-minute window.","it (ISO 29148)
that (ISO 29148)
every (ISO 29148)
can (NASA ARM)",3,4,1.0,3,4,1.0,3,5,2.0,3,5,2.0,3,5,2.0,2,5,3.0,3,5,2.0,—
A35US8Ll,"As a data analyst, I want to prepare data for prediction purposes, so I need to ensure that the data is clean, complete, and accurate.","User Story:
As a data analyst, I want to preprocess and validate the dataset for predictive modeling so that I can guarantee the data is clean, complete, and accurate, ultimately enhancing the reliability of the predictions.

Acceptance Criteria:
- Achieve a data completeness rate of 95% or higher by identifying and addressing missing values.
- Ensure that data accuracy is verified with a minimum of 98% correctness through validation checks against trusted sources.
- Implement data cleaning processes that reduce outliers and inconsistencies by at least 90%.

Test Outline:
- Conduct a completeness audit to confirm that the dataset meets the 95% threshold for missing values.
- Perform accuracy checks by cross-referencing a sample of the data with reliable external datasets to validate the 98% accuracy claim.
- Analyze the dataset before and after cleaning to demonstrate a reduction in outliers and inconsistencies by the specified percentage.","reliable (ISO 29148)
that (ISO 29148)
can (NASA ARM)",3,4,1.0,3,4,1.0,3,5,2.0,3,5,2.0,4,5,1.0,2,5,3.0,3,5,2.0,—
A35US9Ll,"As a business user, I want to use sales predictions to identify opportunities for growth and revenue enhancement, so I can make strategic decisions about investments and resource allocation.","User Story:
As a business user, I want to leverage sales prediction analytics to pinpoint growth opportunities and enhance revenue streams, enabling me to make informed strategic decisions regarding investments and resource distribution.

Acceptance Criteria:
- Generate sales predictions with at least 85% accuracy based on historical data and market trends.
- Identify a minimum of 5 actionable growth opportunities per quarter derived from the sales predictions.
- Provide a dashboard that allows for real-time tracking of predicted versus actual sales performance.

Test Outline:
- Validate the accuracy of sales predictions by comparing them against actual sales data over a defined period.
- Review the identified growth opportunities to ensure they are actionable and relevant to current market conditions.
- Assess the functionality of the dashboard to confirm it displays real-time sales performance metrics effectively.","it (ISO 29148)
that (ISO 29148)",3,4,1.0,3,4,1.0,3,4,1.0,3,5,2.0,4,5,1.0,2,5,3.0,3,4,1.0,—
A35US10Ll,"As an IT manager, I want to ensure that the data mart and prediction system are scalable and reliable, so I can provide a robust platform for sales forecasting and analysis.","User Story:
As an IT manager, I want to guarantee that the data mart and prediction system are both scalable and reliable, so that I can deliver a high-performance platform for accurate sales forecasting and comprehensive analysis.

Acceptance Criteria:
- The system must handle a minimum of 10,000 concurrent users without performance degradation.
- Ensure that data processing times for sales forecasts are reduced to under 5 seconds for 95% of requests.
- Achieve 99.9% uptime for the data mart and prediction system over a rolling 30-day period.

Test Outline:
- Conduct load testing to verify that the system can support at least 10,000 concurrent users effectively.
- Measure the response times for sales forecast requests to confirm that 95% are processed in under 5 seconds.
- Monitor system uptime over a 30-day period to ensure it meets the 99.9% availability requirement.","reliable (ISO 29148)
it (ISO 29148)
that (ISO 29148)
can (NASA ARM)",2,4,2.0,2,4,2.0,2,4,2.0,2,5,3.0,2,5,3.0,2,5,3.0,2,4,2.0,—
A36US1Ll,"As a researcher, I want to investigate the task of classifying the types of moving vehicles in a distributed, wireless sensor network, so that I can improve traffic monitoring and management.","User Story:
As a researcher, I want to explore the classification of various moving vehicle types within a distributed wireless sensor network, so that I can enhance traffic monitoring and management systems, leading to more efficient urban mobility.

Acceptance Criteria:
- Develop a classification model that accurately identifies at least 90% of vehicle types in real-time.
- Implement the model across a network of at least 50 sensors to ensure comprehensive coverage.
- Achieve a reduction in traffic monitoring errors by at least 30% compared to existing methods.

Test Outline:
- Validate the classification model's accuracy by testing it against a labeled dataset of vehicle types.
- Monitor the performance of the model across the sensor network to ensure it operates effectively in real-world conditions.
- Compare the error rates of the new system with those of the previous traffic monitoring methods to confirm the improvement.","efficient (ISO 29148)
it (ISO 29148)
that (ISO 29148)
those (ISO 29148)
can (NASA ARM)
more (NASA ARM)",3,4,1.0,3,4,1.0,4,5,1.0,3,5,2.0,3,5,2.0,2,5,3.0,3,5,2.0,—
A36US2Ll,"As a developer, I want to create a system that can classify the types of moving vehicles using data from a wireless sensor network, so that I can provide accurate and real-time information to traffic management authorities.","User Story:
As a developer, I want to design a robust classification system that accurately identifies various types of moving vehicles using data collected from a wireless sensor network, so that I can deliver precise and real-time insights to traffic management authorities, enhancing their decision-making capabilities.

Acceptance Criteria:
- Achieve an accuracy rate of at least 90% in vehicle classification based on sensor data.
- Ensure the system processes and classifies vehicle data in real-time, with a latency of no more than 1 second.
- Provide a comprehensive report of vehicle types and counts to traffic management authorities every minute.

Test Outline:
- Validate the classification accuracy by comparing system outputs against a labeled dataset of vehicle types.
- Measure the time taken from data collection to classification to ensure it meets the real-time requirement.
- Review the generated reports to confirm they include accurate vehicle type counts and are delivered within the specified timeframe.","robust (ISO 29148)
it (ISO 29148)
that (ISO 29148)
every (ISO 29148)
can (NASA ARM)
more (NASA ARM)",3,4,1.0,3,4,1.0,4,5,1.0,3,5,2.0,3,5,2.0,2,5,3.0,3,5,2.0,—
A36US3Ll,"As a data scientist, I want to collect and preprocess a large dataset of raw time series data from a real-world experiment, so that I can extract valuable insights and features for vehicle classification.","User Story:
As a data scientist, I want to gather and preprocess an extensive dataset of raw time series data obtained from a real-world experiment, so that I can derive actionable insights and relevant features for accurate vehicle classification.

Acceptance Criteria:
- Successfully collect a dataset containing at least 10,000 time series data points from the experiment.
- Complete the preprocessing steps, including data cleaning and normalization, within a timeframe of 2 weeks.
- Extract and document at least 5 key features that significantly enhance the vehicle classification model's accuracy.

Test Outline:
- Verify the completeness and size of the collected dataset to ensure it meets the minimum requirement.
- Review the preprocessing workflow to confirm that all necessary steps were executed within the specified timeframe.
- Evaluate the extracted features by testing their impact on the classification model's performance metrics, such as accuracy and precision.","it (ISO 29148)
that (ISO 29148)
all (ISO 29148)
can (NASA ARM)",3,4,1.0,3,4,1.0,4,5,1.0,3,5,2.0,3,5,2.0,2,5,3.0,3,5,2.0,—
A36US4Ll,"As a researcher, I want to develop a feature extraction and preprocessing pipeline that can transform raw time series data into spectral feature vectors, so that I can improve the accuracy of vehicle classification.","User Story:
As a researcher, I want to create a robust feature extraction and preprocessing pipeline that converts raw time series data into spectral feature vectors, so that I can enhance the accuracy of vehicle classification by at least 15%.

Acceptance Criteria:
- The pipeline must successfully process raw time series data and output spectral feature vectors within a maximum time of 10 seconds per dataset.
- Achieve a minimum accuracy improvement of 15% in vehicle classification compared to the baseline model.
- Ensure that the pipeline can handle datasets of varying sizes, with a capacity to process at least 1000 samples in a single run.

Test Outline:
- Validate the processing time of the pipeline by timing the transformation of a sample dataset.
- Compare the classification accuracy of the model using the new feature vectors against the baseline to confirm the required improvement.
- Test the pipeline with different dataset sizes to ensure it functions correctly and efficiently with at least 1000 samples.","robust (ISO 29148)
it (ISO 29148)
that (ISO 29148)
can (NASA ARM)",3,4,1.0,3,4,1.0,4,5,1.0,3,5,2.0,3,5,2.0,2,5,3.0,3,5,2.0,—
A36US5Ll,"As a developer, I want to use a maximum likelihood classifier to classify vehicles based on their spectral features, so that I can provide a baseline performance for comparison with other classification methods.","User Story:
As a developer, I want to implement a maximum likelihood classifier to categorize vehicles based on their spectral features, so that I can establish a baseline performance metric for evaluating the effectiveness of alternative classification techniques.

Acceptance Criteria:
- Successfully train the maximum likelihood classifier on a dataset of vehicle spectral features with an accuracy of at least 85%.
- Generate a detailed performance report comparing the classifier's results against at least two other classification methods.
- Ensure that the classifier can process new vehicle data and return classification results within 2 seconds.

Test Outline:
- Validate the accuracy of the maximum likelihood classifier by testing it on a separate validation dataset and confirming it meets the accuracy threshold.
- Review the performance report to ensure it includes comparisons with other methods and highlights key metrics such as precision and recall.
- Measure the response time of the classifier when processing new data to ensure it meets the specified performance criteria.","it (ISO 29148)
that (ISO 29148)
can (NASA ARM)",4,5,1.0,3,4,1.0,4,5,1.0,3,5,2.0,4,5,1.0,2,5,3.0,3,5,2.0,—
A36US6Ll,"As a researcher, I want to investigate the performance of different classification algorithms on the compiled dataset, so that I can identify the most effective approach for vehicle classification.","User Story:
As a researcher, I want to analyze the effectiveness of various classification algorithms applied to the compiled dataset so that I can determine the optimal method for accurately classifying vehicles.

Acceptance Criteria:
- Evaluate at least 5 different classification algorithms and document their performance metrics.
- Achieve a minimum accuracy rate of 85% for the best-performing algorithm on the dataset.
- Compare the algorithms based on precision, recall, and F1 score to ensure a comprehensive assessment.

Test Outline:
- Implement each classification algorithm on the dataset and record their respective performance metrics.
- Validate the accuracy of the best-performing algorithm by running it on a separate validation set and confirming it meets the accuracy threshold.
- Analyze and compare the precision, recall, and F1 score for each algorithm to identify the most effective approach.","best (ISO 29148)
most (ISO 29148)
effective (ISO 29148)
it (ISO 29148)
that (ISO 29148)
effective (NASA ARM)
can (NASA ARM)
best (NASA ARM)",4,5,1.0,3,4,1.0,4,5,1.0,3,5,2.0,4,5,1.0,2,5,3.0,3,5,2.0,—
A36US7Ll,"As a developer, I want to use the preprocessed dataset to train and test machine learning models for vehicle classification, so that I can develop a robust and accurate system.","User Story:
As a developer, I want to leverage the preprocessed dataset to effectively train and evaluate machine learning models for vehicle classification, so that I can create a reliable and precise classification system that meets performance benchmarks.

Acceptance Criteria:
- Successfully train at least 3 different machine learning models using the preprocessed dataset.
- Achieve a classification accuracy of 90% or higher on the test set.
- Validate the model's performance using cross-validation with at least 5 folds to ensure robustness.

Test Outline:
- Verify that the training process completes without errors and that all models are trained on the dataset.
- Measure the accuracy of each model on the test set to confirm it meets or exceeds the 90% threshold.
- Conduct cross-validation and check that the results are consistent across all folds, ensuring the model's reliability.","reliable (ISO 29148)
it (ISO 29148)
that (ISO 29148)
all (ISO 29148)
can (NASA ARM)",3,4,1.0,3,4,1.0,4,5,1.0,3,5,2.0,4,5,1.0,3,5,2.0,3,5,2.0,—
A36US8Ll,"As a traffic manager, I want to use a vehicle classification system to monitor and manage traffic flow, so that I can reduce congestion and improve traffic safety.","User Story:
As a traffic manager, I want to implement a vehicle classification system to effectively monitor and manage traffic flow, so that I can achieve a measurable reduction in congestion by at least 20% and enhance traffic safety metrics.

Acceptance Criteria:
- The vehicle classification system must accurately identify and categorize at least 95% of vehicles in real-time.
- Traffic congestion levels should be monitored, with a target of reducing peak hour delays by 20% within the first three months of implementation.
- Safety incidents should be tracked, aiming for a 15% decrease in traffic-related accidents within six months of deploying the system.

Test Outline:
- Validate the accuracy of the vehicle classification system by comparing its classifications against manual counts.
- Analyze traffic data before and after implementation to confirm the targeted reduction in congestion during peak hours.
- Review traffic incident reports to assess the change in accident rates following the system's deployment.","that (ISO 29148)
can (NASA ARM)",3,4,1.0,3,4,1.0,4,5,1.0,3,5,2.0,4,5,1.0,2,5,3.0,3,5,2.0,—
A36US9Ll,"As a researcher, I want to explore the use of distributed, wireless sensor networks for real-time vehicle classification, so that I can enable more efficient and effective traffic management.","User Story:
As a researcher, I want to investigate the implementation of distributed, wireless sensor networks for real-time vehicle classification, so that I can facilitate enhanced traffic management strategies that improve efficiency and reduce congestion.

Acceptance Criteria:
- Conduct a comprehensive analysis of at least 3 different distributed sensor network architectures for vehicle classification.
- Achieve a vehicle classification accuracy of 90% or higher in real-time scenarios.
- Demonstrate a reduction in traffic congestion by at least 15% through the application of insights gained from the sensor data.

Test Outline:
- Review and compare the performance metrics of the different sensor network architectures to identify the most effective one.
- Validate the classification accuracy by testing the system with a diverse set of vehicle types and measuring the results.
- Monitor traffic flow before and after implementing the findings to quantify the impact on congestion levels.","most (ISO 29148)
effective (ISO 29148)
that (ISO 29148)
effective (NASA ARM)
can (NASA ARM)",3,4,1.0,3,4,1.0,4,5,1.0,3,5,2.0,4,5,1.0,2,5,3.0,3,5,2.0,—
A36US10Ll,"As a developer, I want to create a system that can automatically classify vehicles in real-time using data from a wireless sensor network, so that I can provide timely and accurate information to traffic management authorities.","User Story:
As a developer, I want to implement a real-time vehicle classification system utilizing data from a wireless sensor network, so that I can deliver precise and timely information to traffic management authorities, enhancing their decision-making capabilities.

Acceptance Criteria:
- The system must classify vehicles with an accuracy rate of at least 90% based on real-time data.
- Vehicle classification updates should occur within 2 seconds of data capture to ensure timely information delivery.
- The system should handle a minimum of 100 vehicle classifications per minute without performance degradation.

Test Outline:
- Validate the classification accuracy by comparing system outputs against a known dataset of vehicle types.
- Measure the time taken from data capture to classification output to ensure it meets the 2-second requirement.
- Stress test the system to confirm it can process at least 100 classifications per minute under peak conditions.","it (ISO 29148)
that (ISO 29148)
timely (NASA ARM)
can (NASA ARM)",3,4,1.0,3,4,1.0,4,5,1.0,3,5,2.0,3,5,2.0,2,5,3.0,3,5,2.0,—
A37US1Ll,"As a fantasy sports enthusiast, I want to make informed decisions on which players to choose and invest in, so that I can improve my chances of winning.","User Story:
As a fantasy sports enthusiast, I want to access detailed analytics and player performance metrics so that I can make data-driven decisions on player selection and investment, ultimately increasing my chances of winning my league.

Acceptance Criteria:
- Provide access to player statistics, including average points per game and injury reports, updated at least once daily.
- Implement a comparison tool that allows users to evaluate at least 5 players side-by-side based on key performance indicators.
- Ensure that users can track their chosen players' performance in real-time during games, with updates every 5 minutes.

Test Outline:
- Verify that the analytics dashboard displays the latest player statistics and injury updates as required.
- Test the comparison tool to confirm it accurately reflects the performance metrics of the selected players.
- Monitor the real-time updates during games to ensure they are delivered within the specified time frame.","it (ISO 29148)
that (ISO 29148)
every (ISO 29148)
as required (NASA ARM)
can (NASA ARM)",3,4,1.0,3,4,1.0,4,5,1.0,3,5,2.0,4,5,1.0,2,5,3.0,3,5,2.0,—
A37US2Ll,"As a fantasy sports player, I want to use visualizations and statistical measures to analyze player performance, so that I can make data-driven decisions.","User Story:
As a fantasy sports player, I want to leverage advanced visualizations and comprehensive statistical metrics to evaluate player performance, so that I can make informed, data-driven decisions that enhance my team's competitiveness.

Acceptance Criteria:
- Provide at least 5 different visualization types (e.g., bar charts, line graphs) to represent player performance data.
- Include a minimum of 10 key statistical measures (e.g., points per game, assists, rebounds) for each player.
- Ensure that users can filter and sort data based on performance metrics to facilitate targeted analysis.

Test Outline:
- Verify that all 5 visualization types are accessible and accurately reflect player performance data.
- Check that the statistical measures are correctly calculated and displayed for each player.
- Test the filtering and sorting functionality to confirm it allows users to analyze data effectively.","it (ISO 29148)
that (ISO 29148)
all (ISO 29148)
can (NASA ARM)",3,4,1.0,3,4,1.0,4,5,1.0,3,5,2.0,4,5,1.0,2,5,3.0,3,5,2.0,—
A37US3Ll,"As a fantasy sports enthusiast, I want to overcome my favoritism bias and make objective decisions based on data analysis, so that I can choose the best players for my team.","User Story:
As a fantasy sports enthusiast, I want to eliminate favoritism bias and utilize data-driven analysis to make informed player selections, so that I can optimize my team’s performance and increase my chances of winning.

Acceptance Criteria:
- Implement a data analysis tool that evaluates player performance metrics, ensuring at least 5 key statistics are considered for each player.
- Provide a comparison feature that highlights the top 10 players based on objective data, updated weekly.
- Track and report the improvement in team performance metrics, aiming for at least a 15% increase in overall points scored compared to previous seasons.

Test Outline:
- Verify that the data analysis tool accurately collects and processes player performance metrics.
- Check the comparison feature to ensure it correctly identifies and displays the top 10 players based on the defined statistics.
- Analyze the team’s performance data before and after implementing the new selection process to confirm the targeted improvement in points scored.","it (ISO 29148)
that (ISO 29148)
can (NASA ARM)",3,4,1.0,3,4,1.0,4,5,1.0,3,5,2.0,4,5,1.0,2,5,3.0,3,5,2.0,—
A37US4Ll,"As a fantasy sports player, I want to access actionable insights generated through statistical analysis and data science, so that I can make informed decisions quickly.","User Story:
As a fantasy sports player, I want to obtain actionable insights derived from advanced statistical analysis and data science techniques, so that I can make timely and informed decisions that enhance my team's performance and increase my chances of winning.

Acceptance Criteria:
- Provide insights that are updated in real-time based on player performance metrics and trends.
- Ensure that at least 80% of the insights generated are actionable and lead to improved decision-making.
- Deliver insights within 3 seconds of data retrieval to facilitate quick decision-making during critical game periods.

Test Outline:
- Monitor the frequency and timeliness of insight updates to confirm they are provided in real-time.
- Evaluate the effectiveness of insights by tracking user decisions and their outcomes to ensure at least 80% are actionable.
- Measure the response time for data retrieval and insight generation to ensure it meets the 3-second requirement.","it (ISO 29148)
that (ISO 29148)
improved (ISO 29148)
timely (NASA ARM)
can (NASA ARM)
improved (NASA ARM)",3,4,1.0,3,4,1.0,4,5,1.0,3,5,2.0,4,5,1.0,2,5,3.0,3,5,2.0,—
A37US5Ll,"As a fantasy sports enthusiast, I want to evaluate player performance using metrics beyond Return on Investment (ROI), so that I can get a more comprehensive view of their abilities.","User Story:
As a fantasy sports enthusiast, I want to assess player performance through a variety of metrics beyond just Return on Investment (ROI) so that I can gain a holistic understanding of their skills and contributions to my team.

Acceptance Criteria:
- Include at least 5 additional performance metrics such as points per game, consistency rating, injury history, player efficiency rating, and matchup statistics.
- Provide a comparative analysis feature that allows users to evaluate players side-by-side based on these metrics.
- Ensure that all metrics are updated in real-time to reflect the latest game performances and statistics.

Test Outline:
- Verify that the system displays the additional performance metrics for each player and that they are clearly defined.
- Test the side-by-side comparison feature to ensure it accurately reflects the selected metrics for multiple players.
- Check the real-time update functionality to confirm that metrics are refreshed immediately following game completions.","it (ISO 29148)
that (ISO 29148)
these (ISO 29148)
all (ISO 29148)
can (NASA ARM)",4,4,0.0,3,4,1.0,4,5,1.0,2,5,3.0,4,5,1.0,2,5,3.0,3,5,2.0,—
A37US6Ll,"As a fantasy sports player, I want to use data from the Fantasy Premier League (FPL) API to inform my decisions, so that I can leverage the latest and most accurate information.","User Story:
As a fantasy sports player, I want to access real-time data from the Fantasy Premier League (FPL) API to enhance my decision-making process, so that I can utilize the most current and precise information to optimize my team performance.

Acceptance Criteria:
- Successfully retrieve player statistics and updates from the FPL API with a response time of less than 2 seconds.
- Ensure that data is refreshed at least every 5 minutes to provide the latest insights.
- Validate that the information obtained from the API is accurate and matches the official FPL data at least 95% of the time.

Test Outline:
- Measure the response time of the API calls to confirm they meet the performance criteria.
- Monitor the frequency of data refreshes to ensure updates occur within the specified interval.
- Cross-reference the retrieved data with the official FPL website to verify accuracy and consistency.","most (ISO 29148)
that (ISO 29148)
every (ISO 29148)
can (NASA ARM)
less (NASA ARM)",3,4,1.0,3,4,1.0,4,5,1.0,3,5,2.0,3,5,2.0,2,5,3.0,3,5,2.0,—
A37US7Ll,"As a fantasy sports enthusiast, I want to test my team selection and strategy against real-world data from the English Premier League, so that I can refine my approach and improve my chances of winning.","User Story:
As a fantasy sports enthusiast, I want to evaluate my team selection and strategy using actual performance data from the English Premier League, so that I can enhance my tactics and significantly increase my likelihood of winning.

Acceptance Criteria:
- Access to real-time performance data for all players in the English Premier League.
- Ability to simulate team selections and strategies against historical match outcomes to identify potential improvements.
- Generate a report that quantifies the effectiveness of different strategies, showing at least a 10% increase in projected points based on data analysis.

Test Outline:
- Verify that the platform provides up-to-date player performance statistics from the English Premier League.
- Conduct simulations of various team selections and compare the results against historical data to assess strategy effectiveness.
- Review the generated report to ensure it accurately reflects improvements in projected points and highlights actionable insights.","it (ISO 29148)
that (ISO 29148)
all (ISO 29148)
can (NASA ARM)",3,4,1.0,3,4,1.0,4,5,1.0,3,5,2.0,4,5,1.0,3,5,2.0,3,5,2.0,—
A37US8Ll,"As a fantasy sports player, I want to identify undervalued players and hidden gems using statistical analysis, so that I can gain a competitive advantage.","User Story:
As a fantasy sports player, I want to leverage advanced statistical analysis to pinpoint undervalued players and hidden gems, so that I can secure a competitive edge in my league and maximize my team's performance.

Acceptance Criteria:
- Generate a list of at least 10 players identified as undervalued based on statistical metrics, with a projected increase in performance of 15% or more.
- Provide a detailed analysis report that includes key performance indicators (KPIs) for each identified player, such as average points per game and consistency ratings.
- Ensure that the analysis tool updates weekly to reflect the latest player statistics and trends.

Test Outline:
- Review the generated list of undervalued players to confirm that at least 10 meet the performance criteria.
- Validate the accuracy of the analysis report by cross-referencing the KPIs with current player statistics.
- Check the update frequency of the analysis tool to ensure it refreshes player data on a weekly basis.","secure (ISO 29148)
it (ISO 29148)
that (ISO 29148)
can (NASA ARM)
more (NASA ARM)",3,4,1.0,3,4,1.0,4,5,1.0,3,5,2.0,4,5,1.0,2,5,3.0,3,5,2.0,—
A37US9Ll,"As a fantasy sports enthusiast, I want to track player performance over time using data visualization, so that I can identify trends and patterns that inform my decisions.","User Story:
As a fantasy sports enthusiast, I want to utilize data visualization tools to monitor player performance trends over time so that I can make informed decisions based on identifiable patterns and insights.

Acceptance Criteria:
- Implement a data visualization feature that displays player performance metrics over a minimum of 10 games.
- Ensure that users can filter performance data by specific time frames (e.g., weekly, monthly) to analyze trends effectively.
- Provide visual indicators (e.g., graphs, charts) that highlight significant performance changes of at least 20% over the selected period.

Test Outline:
- Verify that the data visualization feature accurately reflects player performance metrics for the last 10 games.
- Test the filtering functionality to ensure users can select different time frames and that the data updates accordingly.
- Check that visual indicators are present and correctly represent performance changes of 20% or more.","that (ISO 29148)
significant (ISO 29148)
can (NASA ARM)
more (NASA ARM)",3,4,1.0,3,4,1.0,4,5,1.0,3,5,2.0,4,5,1.0,2,5,3.0,3,5,2.0,—
A37US10Ll,"As a fantasy sports player, I want to receive personalized recommendations for player selection based on my team's needs and my playing style, so that I can make informed decisions quickly and easily.","User Story:
As a fantasy sports player, I want to obtain tailored player recommendations that align with my team's specific requirements and my unique playing style, so that I can make swift and informed decisions to enhance my team's performance.

Acceptance Criteria:
- Generate personalized player recommendations based on an analysis of my team's current roster and performance metrics.
- Provide insights that reflect my playing style, with at least 3 actionable suggestions per game week.
- Ensure that recommendations are updated in real-time, reflecting any changes in player performance or injuries.

Test Outline:
- Validate that the recommendations are generated based on the latest team data and player statistics.
- Review the number of actionable suggestions provided each week to confirm it meets the minimum requirement.
- Monitor the system for real-time updates to ensure recommendations reflect the most current player information.","most (ISO 29148)
it (ISO 29148)
that (ISO 29148)
can (NASA ARM)",3,4,1.0,3,4,1.0,4,5,1.0,3,5,2.0,4,5,1.0,2,5,3.0,3,5,2.0,—
A38US1Ll,"As an HR recruiter, I want to automate the task of segregating candidates based on eligibility criteria and personality evaluation, so I can save time and reduce manual errors.","User Story:
As an HR recruiter, I want to implement an automated system for categorizing candidates based on eligibility criteria and personality assessments, so that I can significantly reduce processing time by at least 50% and minimize manual errors in candidate selection.

Acceptance Criteria:
- The automation system must accurately classify candidates into eligible and ineligible categories with a precision rate of 90% or higher.
- The time taken to process and categorize candidates should be reduced to under 2 hours for a batch of 100 candidates.
- The system should provide a detailed report of the categorization results, including reasons for eligibility or ineligibility.

Test Outline:
- Validate the accuracy of the candidate classification by comparing automated results against manual evaluations for a sample set.
- Measure the time taken to process a batch of candidates before and after implementing the automation to ensure it meets the target.
- Review the generated reports to confirm they include comprehensive details on each candidate's evaluation.","it (ISO 29148)
that (ISO 29148)
can (NASA ARM)",3,4,1.0,3,4,1.0,3,4,1.0,3,5,2.0,4,5,1.0,2,5,3.0,3,4,1.0,—
A38US2Ll,"As a hiring manager, I want to use an online application to register candidate details and analyze their personalities through an online Multiple-Choice Question (MCQ) test, so I can assess candidates more efficiently.","User Story:
As a hiring manager, I want to utilize an online application to input candidate information and evaluate their personalities through a structured Multiple-Choice Question (MCQ) assessment, so that I can streamline the candidate evaluation process and make more informed hiring decisions.

Acceptance Criteria:
- Successfully register candidate details in the online application with a completion rate of 100%.
- Administer the MCQ test to candidates, ensuring at least 90% of candidates complete it within the allocated time.
- Generate a personality analysis report for each candidate within 24 hours of test completion.

Test Outline:
- Verify that all candidate details are accurately captured and stored in the online application.
- Monitor the completion rate of the MCQ test to ensure it meets the target percentage.
- Check the timeliness and accuracy of the personality analysis reports generated for each candidate.","it (ISO 29148)
that (ISO 29148)
all (ISO 29148)
can (NASA ARM)
more (NASA ARM)",3,4,1.0,3,4,1.0,3,5,2.0,3,5,2.0,3,5,2.0,3,5,2.0,3,5,2.0,—
A38US3Ll,"As a job seeker, I want to take an online personality quiz as part of the recruitment process, so I can showcase my personality traits and skills to potential employers.","User Story:
As a job seeker, I want to complete an online personality assessment during the recruitment process so that I can effectively demonstrate my unique personality traits and relevant skills to prospective employers, enhancing my chances of securing a job.

Acceptance Criteria:
- The personality quiz must be accessible online and completed within a maximum time frame of 15 minutes.
- The quiz should provide a detailed report of personality traits and skills that can be shared with potential employers.
- At least 80% of users should report that the quiz helped them feel more confident in presenting their qualifications.

Test Outline:
- Verify that the online personality quiz is available and functional for job seekers.
- Review the generated reports to ensure they accurately reflect the quiz results and can be easily shared.
- Conduct a survey to assess user confidence levels before and after taking the quiz.","that (ISO 29148)
can (NASA ARM)
more (NASA ARM)",3,4,1.0,3,4,1.0,3,5,2.0,3,5,2.0,4,5,1.0,2,5,3.0,3,5,2.0,—
A38US4Ll,"As an HR professional, I want the system to analyze professional eligibility by comparing uploaded Curriculum Vitae with trained datasets, so I can identify the most suitable candidates for the job.","User Story:
As an HR professional, I want the system to evaluate candidates' professional eligibility by cross-referencing uploaded Curriculum Vitae with established trained datasets, so that I can efficiently identify the top candidates who best match the job requirements.

Acceptance Criteria:
- The system must analyze at least 95% of the uploaded CVs against the trained datasets within 10 seconds.
- Provide a ranked list of candidates based on suitability, with at least 3 key qualifications highlighted for each candidate.
- Ensure that the analysis includes a feedback mechanism to improve the dataset accuracy by incorporating user ratings on candidate suitability.

Test Outline:
- Measure the time taken for the system to analyze and return results for a sample set of CVs to confirm it meets the 10-second requirement.
- Review the ranked list of candidates to ensure it includes the required qualifications and that the top candidates align with the job criteria.
- Implement a user feedback survey to assess the effectiveness of the candidate matching and track improvements over time.","best (ISO 29148)
it (ISO 29148)
that (ISO 29148)
can (NASA ARM)
best (NASA ARM)",3,4,1.0,3,4,1.0,3,4,1.0,3,5,2.0,3,5,2.0,2,5,3.0,3,4,1.0,—
A38US5Ll,"As a recruiter, I want to use a machine learning algorithm like Logistic Regression to make fair and unbiased decisions during the recruitment process, so I can ensure diversity and inclusivity.","User Story:
As a recruiter, I want to implement a machine learning algorithm, such as Logistic Regression, to facilitate equitable and impartial decision-making in the recruitment process, ensuring that our hiring practices promote diversity and inclusivity.

Acceptance Criteria:
- The machine learning model must achieve an accuracy rate of at least 85% in predicting candidate suitability based on diverse criteria.
- The algorithm should be tested to ensure it does not exhibit bias against any demographic group, with fairness metrics showing ≤5% disparity across groups.
- A report must be generated after each recruitment cycle, detailing the diversity metrics of candidates selected versus those interviewed.

Test Outline:
- Evaluate the model's accuracy by comparing its predictions against actual hiring outcomes to confirm it meets the accuracy threshold.
- Analyze the fairness metrics of the model to ensure that bias is within acceptable limits across different demographic groups.
- Review the diversity report generated post-recruitment to assess the effectiveness of the algorithm in promoting inclusivity.","it (ISO 29148)
that (ISO 29148)
those (ISO 29148)",3,4,1.0,3,4,1.0,3,4,1.0,3,5,2.0,3,5,2.0,2,5,3.0,3,4,1.0,—
A38US6Ll,"As a candidate, I want to receive feedback on my personality quiz results, so I can understand my strengths and weaknesses and improve my overall employability.","User Story:
As a candidate, I want to obtain detailed feedback on my personality quiz results so that I can identify my strengths and weaknesses, ultimately enhancing my employability and readiness for future opportunities.

Acceptance Criteria:
- Provide a comprehensive report that outlines at least 5 key strengths and 5 areas for improvement based on the quiz results.
- Ensure that feedback is delivered within 48 hours of quiz completion.
- Include actionable recommendations for personal development that can be tracked over time.

Test Outline:
- Review the feedback report to confirm it includes the required strengths and weaknesses.
- Check the timestamp to verify that feedback is received within the specified 48-hour window.
- Assess the clarity and applicability of the recommendations provided for personal development.","it (ISO 29148)
that (ISO 29148)
can (NASA ARM)",3,4,1.0,3,5,2.0,3,5,2.0,3,5,2.0,4,5,1.0,2,5,3.0,3,5,2.0,—
A38US7Ll,"As an admin, I want to receive the final results of the personality quizzes, so I can review and manage the recruitment process more effectively.","User Story:
As an admin, I want to obtain the finalized results of the personality quizzes so that I can analyze candidate profiles and streamline the recruitment process for better decision-making.

Acceptance Criteria:
- Receive a comprehensive report of personality quiz results for all candidates within 24 hours of quiz completion.
- Ensure that the report includes key metrics such as candidate scores, strengths, and areas for improvement.
- Provide the ability to filter and sort results by specific criteria, such as score ranges or candidate demographics.

Test Outline:
- Verify that the report is generated and sent to the admin's email within the specified time frame after quiz completion.
- Check the contents of the report to confirm it includes all required metrics and insights.
- Test the filtering and sorting functionality to ensure it works as intended for various criteria.","it (ISO 29148)
that (ISO 29148)
better (ISO 29148)
all (ISO 29148)
can (NASA ARM)
better (NASA ARM)",3,4,1.0,3,4,1.0,3,4,1.0,3,5,2.0,4,5,1.0,2,5,3.0,3,4,1.0,—
A38US8Ll,"As a hiring manager, I want to use the system to identify the most eligible candidates based on their personality traits and professional eligibility, so I can make informed hiring decisions.","User Story:
As a hiring manager, I want to leverage the system to pinpoint the most qualified candidates by analyzing their personality traits and professional qualifications, so that I can make data-driven hiring decisions that enhance team performance.

Acceptance Criteria:
- The system must provide a ranked list of candidates based on a scoring algorithm that evaluates personality traits and professional qualifications.
- At least 80% of the selected candidates should meet the predefined criteria for the role, as determined by the system's analysis.
- The system should generate a report summarizing the strengths and weaknesses of the top 5 candidates for review.

Test Outline:
- Validate the accuracy of the candidate ranking by cross-referencing with manual evaluations of personality traits and qualifications.
- Assess the percentage of candidates meeting the eligibility criteria to ensure it aligns with the target of 80% or higher.
- Review the generated report for the top 5 candidates to confirm it includes comprehensive insights into their profiles.","most (ISO 29148)
it (ISO 29148)
that (ISO 29148)
can (NASA ARM)",3,4,1.0,3,4,1.0,3,5,2.0,2,5,3.0,3,5,2.0,2,5,3.0,3,5,2.0,—
A38US9Ll,"As an HR specialist, I want to use the system to reduce the time and cost associated with manual shortlisting of candidates, so I can optimize the recruitment process.","User Story:
As an HR specialist, I want to leverage the system to streamline and automate the candidate shortlisting process, so that I can significantly decrease both the time and costs involved, ultimately enhancing the efficiency of our recruitment efforts.

Acceptance Criteria:
- Reduce the average time spent on manual shortlisting from 10 hours to 3 hours per recruitment cycle.
- Decrease recruitment costs by at least 20% through automation and improved candidate selection.
- Achieve a minimum of 80% accuracy in candidate matching based on predefined criteria.

Test Outline:
- Track the time taken for manual shortlisting before and after implementing the system to ensure it meets the target.
- Calculate the total recruitment costs pre- and post-implementation to confirm a reduction of at least 20%.
- Evaluate the accuracy of candidate matches by comparing selected candidates against the predefined criteria to ensure it meets the 80% threshold.","it (ISO 29148)
that (ISO 29148)
improved (ISO 29148)
can (NASA ARM)
improved (NASA ARM)",3,4,1.0,3,4,1.0,3,4,1.0,3,5,2.0,4,5,1.0,2,5,3.0,3,4,1.0,—
A38US10Ll,"As a business owner, I want to use the system to identify top talent and reduce turnover rates by hiring candidates who are the best fit for the company culture and job requirements.","User Story:
As a business owner, I want to leverage the system to pinpoint high-performing candidates and decrease employee turnover rates by selecting individuals who align closely with our company culture and meet specific job criteria.

Acceptance Criteria:
- Achieve a reduction in turnover rates by at least 15% within the first year of implementing the new hiring process.
- Increase the percentage of new hires that fit the company culture to 90% or higher, as measured by post-hire surveys.
- Ensure that at least 80% of hiring managers report satisfaction with the quality of candidates sourced through the system.

Test Outline:
- Analyze turnover rates before and after the implementation to confirm a decrease of 15% or more.
- Conduct surveys with new hires to assess cultural fit and calculate the percentage of those who align with company values.
- Gather feedback from hiring managers regarding candidate quality and satisfaction levels to ensure the target of 80% is met.","that (ISO 29148)
those (ISO 29148)
more (NASA ARM)",3,4,1.0,3,5,2.0,3,4,1.0,2,5,3.0,3,5,2.0,2,5,3.0,3,5,2.0,—
A39US1Ll,"As a music enthusiast, I want to understand what makes a playlist successful, so I can create playlists that resonate with my audience.","User Story:
As a music enthusiast, I want to analyze the key factors that contribute to a playlist's success so that I can curate playlists that effectively engage and resonate with my target audience.

Acceptance Criteria:
- Identify at least 5 measurable attributes of successful playlists, such as average listener retention rate (≥70%) and number of shares (≥100).
- Gather feedback from at least 50 listeners to assess their preferences and satisfaction levels with the playlists.
- Track the performance of curated playlists over a 4-week period, aiming for a minimum increase of 20% in listener engagement metrics.

Test Outline:
- Conduct a survey to collect data on listener preferences and analyze the results for actionable insights.
- Monitor and report on the performance metrics of the playlists, comparing them to the established success criteria.","that (ISO 29148)
can (NASA ARM)",3,4,1.0,2,5,3.0,2,5,3.0,2,5,3.0,4,5,1.0,1,5,4.0,2,5,3.0,—
A39US2Ll,"As a music industry expert, I want to analyze the musical characteristics of songs that contribute to a successful playlist, so I can advise artists and labels on effective playlist strategies.","User Story:
As a music industry expert, I want to conduct a detailed analysis of the musical attributes of songs that lead to successful playlist placements, so that I can provide data-driven recommendations to artists and record labels for optimizing their playlist strategies.

Acceptance Criteria:
- Identify and quantify at least 5 key musical characteristics (e.g., tempo, key, energy level) that correlate with high playlist performance.
- Analyze a minimum of 100 songs from top-performing playlists to establish a comprehensive dataset.
- Deliver a report outlining actionable insights and strategies for artists and labels to enhance their chances of playlist inclusion.

Test Outline:
- Review the analysis results to ensure that the identified musical characteristics are backed by statistical evidence from the dataset.
- Validate the report's recommendations by cross-referencing with industry case studies or success stories of artists who implemented similar strategies.","that (ISO 29148)
can (NASA ARM)",3,4,1.0,3,4,1.0,3,5,2.0,3,5,2.0,3,5,2.0,2,5,3.0,3,5,2.0,—
A39US3Ll,"As a playlist creator, I want to predict the success of my playlists, so I can refine my craft and increase my chances of going viral.","User Story:
As a playlist creator, I want to analyze and forecast the potential success of my playlists using data-driven insights, so that I can enhance my curation skills and significantly boost my chances of achieving viral status.

Acceptance Criteria:
- Implement a predictive analytics tool that evaluates at least 5 key metrics (e.g., listener engagement, share rate, genre popularity) to assess playlist success.
- Provide actionable feedback based on the analysis, allowing for at least a 20% improvement in playlist performance over the next 3 months.
- Track and report the number of playlists that achieve viral status (defined as reaching 100,000 streams) within 6 months of using the prediction tool.

Test Outline:
- Validate the accuracy of the predictive analytics tool by comparing its forecasts against actual playlist performance metrics over a defined period.
- Monitor the performance of playlists before and after implementing the feedback to ensure a measurable improvement.
- Analyze the number of playlists that reach the viral threshold to confirm the effectiveness of the prediction tool.","that (ISO 29148)
can (NASA ARM)",3,4,1.0,3,5,2.0,3,5,2.0,3,5,2.0,4,5,1.0,2,5,3.0,3,5,2.0,—
A39US4Ll,"As a music streamer, I want to identify the factors that drive engagement on popular playlists, so I can offer personalized recommendations to my users.","User Story:
As a music streamer, I want to analyze the key factors influencing user engagement with popular playlists so that I can provide tailored recommendations that enhance user experience and retention.

Acceptance Criteria:
- Identify at least 5 specific engagement metrics (e.g., play counts, skips, shares) that correlate with user interaction on popular playlists.
- Conduct a comparative analysis of engagement levels across 10 different playlists to determine trends and patterns.
- Develop a personalized recommendation algorithm that increases user engagement by at least 15% within the next quarter.

Test Outline:
- Review the engagement metrics collected to ensure they align with the identified factors.
- Analyze the comparative data to confirm the presence of trends and patterns in user behavior.
- Implement the recommendation algorithm and measure its impact on user engagement over the specified period.","that (ISO 29148)
can (NASA ARM)",4,4,0.0,3,4,1.0,3,5,2.0,3,5,2.0,4,5,1.0,2,5,3.0,3,5,2.0,—
A39US5Ll,"As a music marketer, I want to leverage machine learning to optimize playlist design strategies, so I can promote my artists' music more effectively.","User Story:
As a music marketer, I want to utilize machine learning algorithms to refine and enhance playlist design strategies, so that I can significantly increase the visibility and streaming rates of my artists' music, ultimately driving higher engagement and revenue.

Acceptance Criteria:
- Implement machine learning models that analyze listener behavior to identify optimal playlist compositions, achieving a minimum 20% increase in playlist engagement metrics.
- Generate at least 5 data-driven playlist strategies per month based on insights derived from machine learning analysis.
- Track and report the streaming increase for artists featured in optimized playlists, targeting a minimum of 15% growth in monthly streams.

Test Outline:
- Evaluate the effectiveness of the machine learning models by comparing engagement metrics before and after implementation.
- Review the number of new playlist strategies developed each month to ensure the target is met.
- Analyze streaming data for artists included in the optimized playlists to confirm the targeted growth in streams.","that (ISO 29148)
can (NASA ARM)",3,4,1.0,1,4,3.0,2,5,3.0,2,5,3.0,4,5,1.0,1,5,4.0,2,5,3.0,—
A39US6Ll,"As a user, I want the playlist success prediction model to accurately forecast the success of popular playlists, so I can discover new music that resonates with the masses.","User Story:
As a user, I want the playlist success prediction model to reliably forecast the popularity of trending playlists so that I can easily discover new music that aligns with current listener preferences and trends.

Acceptance Criteria:
- The model's accuracy must achieve at least 85% in predicting the success of playlists based on historical data.
- Predictions should be generated within 2 seconds to ensure timely recommendations.
- The model should analyze at least 10 key metrics (e.g., play counts, shares, likes) to determine the success potential of each playlist.

Test Outline:
- Validate the model's accuracy by comparing its predictions against actual playlist performance over a defined period.
- Measure the time taken for the model to generate predictions to ensure it meets the 2-second requirement.
- Review the metrics used by the model to confirm that it incorporates the specified 10 key indicators for success evaluation.","it (ISO 29148)
that (ISO 29148)
timely (NASA ARM)
can (NASA ARM)",4,4,0.0,3,4,1.0,3,5,2.0,3,5,2.0,4,5,1.0,2,5,3.0,3,5,2.0,—
A39US7Ll,"As a music enthusiast, I want the model to effectively identify unpopular playlists, so I can avoid wasting time on low-quality content.","User Story:
As a music enthusiast, I want the model to accurately detect and flag unpopular playlists, so that I can efficiently focus on high-quality content and enhance my listening experience.

Acceptance Criteria:
- The model must identify playlists with fewer than 100 followers as unpopular.
- Ensure that at least 90% of the flagged playlists are rated below a 3-star quality threshold based on user reviews.
- Provide a list of at least 10 playlists that meet the criteria for being considered low-quality.

Test Outline:
- Review the model's output to confirm that it correctly identifies playlists with fewer than 100 followers.
- Analyze user ratings of the flagged playlists to verify that 90% fall below the 3-star rating.
- Cross-check the list of identified playlists to ensure it contains at least 10 entries that meet the low-quality criteria.","it (ISO 29148)
that (ISO 29148)
can (NASA ARM)",4,4,0.0,3,4,1.0,3,5,2.0,3,5,2.0,4,5,1.0,2,5,3.0,3,5,2.0,—
A39US8Ll,"As a music industry professional, I want to harness the power of machine learning to deliver personalized music recommendations, so I can increase user engagement and loyalty.","User Story:
As a music industry professional, I want to leverage machine learning algorithms to provide tailored music recommendations, so that I can boost user engagement by at least 30% and enhance customer loyalty over the next quarter.

Acceptance Criteria:
- Implement a machine learning model that analyzes user listening habits and preferences to generate personalized playlists.
- Achieve a minimum increase of 30% in user interaction metrics, such as song plays and playlist saves, within 3 months of deployment.
- Ensure that at least 75% of users report satisfaction with the personalized recommendations through post-interaction surveys.

Test Outline:
- Monitor user engagement metrics before and after the implementation of the machine learning model to confirm the targeted increase.
- Conduct user surveys to gather feedback on the satisfaction level with the personalized music recommendations.
- Analyze the effectiveness of the recommendations by tracking the frequency of playlist saves and song plays.","that (ISO 29148)
can (NASA ARM)",3,4,1.0,3,5,2.0,3,5,2.0,3,5,2.0,4,5,1.0,2,5,3.0,3,5,2.0,—
A39US9Ll,"As a playlist curator, I want to use the insights from the model to elevate playlist creation and enrich the music consumption experience, so I can build a loyal following.","User Story:
As a playlist curator, I want to leverage data-driven insights from the model to enhance the playlist creation process and enrich the overall music consumption experience, enabling me to cultivate a dedicated and loyal audience.

Acceptance Criteria:
- Utilize at least 3 key insights from the model to inform the selection of tracks for each playlist.
- Achieve a minimum engagement rate of 30% on playlists, measured by user interactions such as saves, shares, and follows.
- Increase the number of followers by at least 20% within the next quarter as a result of improved playlist quality.

Test Outline:
- Review the playlists created to ensure that they incorporate the specified insights and track selections.
- Analyze user engagement metrics to confirm that the engagement rate meets or exceeds the target.
- Track the growth in follower count over the specified period to validate the effectiveness of the enhancements.","that (ISO 29148)
improved (ISO 29148)
improved (NASA ARM)",2,4,2.0,2,4,2.0,2,4,2.0,2,5,3.0,3,5,2.0,2,5,3.0,2,4,2.0,—
A39US10Ll,"As a music fan, I want the model to provide valuable insights into playlist creation, so I can enjoy a more tailored and enjoyable music-listening experience.","User Story:
As a music fan, I want the model to deliver actionable insights for creating personalized playlists so that I can enhance my music-listening experience and discover new favorites that align with my tastes.

Acceptance Criteria:
- Generate at least 5 personalized playlist suggestions based on user listening history and preferences.
- Provide insights that increase user engagement by at least 20% within the first month of implementation.
- Allow users to rate the playlist suggestions, aiming for an average rating of 4 stars or higher.

Test Outline:
- Analyze the playlist suggestions generated by the model to ensure they are tailored to the user's listening habits.
- Track user engagement metrics before and after the implementation to confirm a 20% increase.
- Collect user feedback on the playlist ratings to verify that the average rating meets or exceeds 4 stars.","that (ISO 29148)
can (NASA ARM)",3,4,1.0,3,5,2.0,3,5,2.0,2,5,3.0,4,5,1.0,2,5,3.0,3,5,2.0,—
A40US1Ll,"As a social network user, I want to be protected from cyber-criminals that try to compromise my account, so that I can feel safe online.","User Story:
As a social network user, I want robust security measures in place to safeguard my account from cyber-criminals, so that I can confidently engage with the platform without fear of unauthorized access.

Acceptance Criteria:
- Implement two-factor authentication (2FA) for all user accounts, ensuring at least 90% of users enable it within the first month of rollout.
- Monitor and flag suspicious login attempts, with a response time of under 5 minutes for alerts to users.
- Provide users with a security dashboard that displays recent account activity and security recommendations, achieving a user satisfaction score of 85% or higher in feedback surveys.

Test Outline:
- Verify that two-factor authentication is successfully implemented and track the percentage of users who enable it.
- Test the system's ability to detect and alert users of suspicious login attempts within the specified time frame.
- Collect user feedback on the security dashboard to assess satisfaction levels and identify areas for improvement.","robust (ISO 29148)
it (ISO 29148)
that (ISO 29148)
all (ISO 29148)
can (NASA ARM)",3,5,2.0,2,5,3.0,3,5,2.0,2,5,3.0,4,5,1.0,2,5,3.0,3,5,2.0,—
A40US2Ll,"As a social network administrator, I want to be able to detect compromised accounts on my platform, so that I can prevent cyber-criminals from abusing trust relationships.","User Story:
As a social network administrator, I want to implement a system for identifying compromised accounts on my platform so that I can proactively mitigate risks and protect user trust from potential cyber-criminal activities.

Acceptance Criteria:
- Develop an automated detection mechanism that identifies at least 95% of compromised accounts within 24 hours of the breach.
- Generate alerts for administrators when suspicious activity is detected on user accounts, with a response time of less than 1 hour.
- Provide users with a notification system that informs them of potential account compromises, achieving a user engagement rate of at least 70% for security actions taken.

Test Outline:
- Test the detection system by simulating compromised accounts and measuring the accuracy and speed of detection against the established criteria.
- Monitor the alert system's response time to ensure it meets the 1-hour threshold for notifying administrators.
- Evaluate user engagement by tracking the percentage of users who respond to notifications about compromised accounts.","it (ISO 29148)
that (ISO 29148)
can (NASA ARM)
less (NASA ARM)",4,4,0.0,3,4,1.0,4,5,1.0,3,5,2.0,4,5,1.0,2,5,3.0,3,5,2.0,—
A40US3Ll,"As a security analyst, I want to be able to analyze login data to identify patterns of suspicious behavior, so that I can detect potential account compromises.","User Story:
As a security analyst, I want to analyze login data effectively to uncover patterns indicative of suspicious behavior, so that I can proactively identify and mitigate potential account compromises.

Acceptance Criteria:
- Generate a report that highlights login attempts with unusual timestamps or locations, with at least 90% accuracy in identifying anomalies.
- Implement a dashboard that visualizes login trends over the past 30 days, allowing for quick identification of suspicious spikes in activity.
- Ensure that alerts are triggered for any login attempts from blacklisted IP addresses, with a response time of less than 1 minute.

Test Outline:
- Review the generated report to confirm it accurately identifies at least 90% of known suspicious login patterns.
- Analyze the dashboard for visual clarity and ensure it effectively displays login trends over the specified period.
- Test the alert system by simulating login attempts from blacklisted IP addresses and measuring the response time for alerts.","it (ISO 29148)
that (ISO 29148)
can (NASA ARM)
less (NASA ARM)",4,4,0.0,3,4,1.0,4,5,1.0,3,5,2.0,4,5,1.0,2,5,3.0,3,5,2.0,—
A40US4Ll,"As a social network administrator, I want to be able to train an anomaly model on previous login data, so that I can improve the accuracy of compromised account detection.","User Story:
As a social network administrator, I want to develop and train an anomaly detection model using historical login data so that I can enhance the precision of identifying compromised accounts, thereby reducing security risks.

Acceptance Criteria:
- Utilize at least 12 months of historical login data to train the anomaly detection model.
- Achieve a model accuracy rate of 90% or higher in identifying compromised accounts during testing.
- Implement the model in a way that it can process and analyze new login attempts in real-time, with a response time of less than 2 seconds.

Test Outline:
- Validate the model's training process by reviewing the data used and ensuring it meets the 12-month requirement.
- Test the model against a set of known compromised accounts to confirm it achieves the desired accuracy rate.
- Monitor the model's performance in real-time scenarios to ensure it responds to new login attempts within the specified time frame.","it (ISO 29148)
that (ISO 29148)
can (NASA ARM)
less (NASA ARM)",4,4,0.0,3,4,1.0,4,5,1.0,3,5,2.0,4,5,1.0,2,5,3.0,3,5,2.0,—
A40US5Ll,"As a security analyst, I want to be able to monitor user login behavior for sudden changes, so that I can identify potential attempts to compromise an account.","User Story:
As a security analyst, I want to track and analyze user login patterns for any abrupt deviations, so that I can proactively detect and respond to potential account compromise attempts.

Acceptance Criteria:
- Implement a monitoring system that flags any login behavior changes exceeding a threshold of 20% variance from the user's typical login patterns.
- Generate alerts for any logins from new devices or locations that differ from the user's established profile.
- Provide a detailed report of login attempts, including timestamps and IP addresses, for the last 30 days to facilitate thorough investigation.

Test Outline:
- Simulate various login scenarios to ensure the monitoring system accurately identifies and flags significant changes in user behavior.
- Test the alerting mechanism by logging in from a new device or location to confirm that notifications are generated as expected.
- Review the generated reports to verify that they include all necessary details for the past 30 days and are accessible for analysis.","that (ISO 29148)
significant (ISO 29148)
all (ISO 29148)
can (NASA ARM)",4,4,0.0,3,4,1.0,4,5,1.0,3,5,2.0,4,5,1.0,2,5,3.0,3,5,2.0,—
A40US6Ll,"As a social network user, I want to be notified if my account is suspected of being compromised, so that I can take action to secure my account.","User Story:
As a social network user, I want to receive immediate notifications if my account is flagged for suspicious activity, so that I can promptly take necessary actions to secure my account and protect my personal information.

Acceptance Criteria:
- Users must receive a notification within 1 minute of any suspicious activity being detected on their account.
- The notification should include specific details about the suspected compromise, such as the type of activity and the time it occurred.
- Users should be provided with clear instructions on how to secure their account, including steps to change their password and enable two-factor authentication.

Test Outline:
- Simulate suspicious activity on a test account and measure the time taken to send the notification to ensure it meets the 1-minute requirement.
- Review the content of the notification to confirm it includes the necessary details about the suspicious activity.
- Verify that the instructions provided in the notification are clear and actionable for the user.","secure (ISO 29148)
it (ISO 29148)
that (ISO 29148)
can (NASA ARM)",4,4,0.0,3,4,1.0,4,5,1.0,3,5,2.0,4,5,1.0,2,5,3.0,3,5,2.0,—
A40US7Ll,"As a security analyst, I want to be able to evaluate the efficiency of the anomaly model using metrics such as sensitivity, specificity, and overall accuracy, so that I can improve the model's performance.","User Story:
As a security analyst, I want to assess the effectiveness of the anomaly detection model through quantifiable metrics like sensitivity, specificity, and overall accuracy, so that I can systematically enhance the model's performance and reliability.

Acceptance Criteria:
- Calculate and report the sensitivity of the model, aiming for a target of ≥90%.
- Calculate and report the specificity of the model, targeting ≥85%.
- Determine the overall accuracy of the model, with a goal of achieving ≥88%.

Test Outline:
- Execute a series of tests on the anomaly model to gather data for sensitivity, specificity, and overall accuracy.
- Validate the calculated metrics against the established targets to ensure they meet or exceed the specified thresholds.","that (ISO 29148)
can (NASA ARM)",4,4,0.0,4,4,0.0,4,5,1.0,4,5,1.0,4,5,1.0,3,5,2.0,4,5,1.0,—
A40US8Ll,"As a social network administrator, I want to be able to integrate the anomaly model into my platform, so that I can automate the detection of compromised accounts.","User Story:
As a social network administrator, I want to implement an anomaly detection model within my platform so that I can automatically identify and mitigate compromised accounts, enhancing user security and trust.

Acceptance Criteria:
- Successfully integrate the anomaly detection model with a detection accuracy of at least 90%.
- Reduce the average time to identify compromised accounts from 24 hours to under 1 hour.
- Generate automated alerts for suspicious account activity within 5 minutes of detection.

Test Outline:
- Validate the integration by testing the model's accuracy against a set of known compromised accounts.
- Measure the time taken from the occurrence of suspicious activity to the identification of a compromised account.
- Check the system's response time for generating alerts after detecting anomalies to ensure it meets the 5-minute requirement.","it (ISO 29148)
that (ISO 29148)
can (NASA ARM)",4,4,0.0,3,4,1.0,4,5,1.0,3,5,2.0,4,5,1.0,2,5,3.0,3,5,2.0,—
A40US9Ll,"As a security analyst, I want to be able to analyze the results of the anomaly model to identify trends and patterns of account compromise, so that I can improve the overall security of the platform.","User Story:
As a security analyst, I want to access and evaluate the outputs of the anomaly detection model to uncover trends and patterns related to account compromises, so that I can enhance the platform's security measures effectively.

Acceptance Criteria:
- Generate a comprehensive report detailing at least 5 key trends or patterns of account compromise identified by the anomaly model.
- Ensure that the analysis can be completed within 30 minutes of accessing the model results.
- Provide actionable insights that lead to at least a 20% reduction in account compromise incidents within the next quarter.

Test Outline:
- Review the generated report to confirm it highlights the specified number of trends or patterns.
- Time the analysis process to ensure it meets the 30-minute requirement.
- Track the number of account compromise incidents over the next quarter to measure the effectiveness of the implemented security improvements.","it (ISO 29148)
that (ISO 29148)
can (NASA ARM)",3,4,1.0,3,4,1.0,4,5,1.0,3,5,2.0,3,5,2.0,2,5,3.0,3,5,2.0,—
A40US10Ll,"As a social network administrator, I want to be able to provide a secure online environment for my users, so that they can trust my platform and feel safe online.","User Story:
As a social network administrator, I want to implement robust security measures for my platform so that users can confidently engage with the community, ensuring their personal information is protected and fostering a sense of safety online.

Acceptance Criteria:
- Achieve a minimum of 99.9% uptime for security features to ensure continuous protection.
- Implement multi-factor authentication (MFA) for at least 90% of user accounts within the first quarter.
- Conduct quarterly security audits and resolve identified vulnerabilities within 30 days to maintain a secure environment.

Test Outline:
- Monitor system uptime to confirm that security features are operational at the targeted percentage.
- Track the adoption rate of multi-factor authentication among users to ensure it meets the goal.
- Review audit reports and verify that all vulnerabilities are addressed within the specified timeframe.","robust (ISO 29148)
secure (ISO 29148)
it (ISO 29148)
that (ISO 29148)
all (ISO 29148)
can (NASA ARM)",2,4,2.0,2,4,2.0,3,5,2.0,2,5,3.0,3,5,2.0,2,5,3.0,2,5,3.0,—
A41US1Ll,"As a researcher in the field of multimedia, I want to access a large-scale ontology of food images to develop advanced food recognition algorithms, so that I can improve the accuracy of diet management and self-service restaurant applications.","User Story:
As a researcher in the field of multimedia, I want to obtain a comprehensive ontology of food images to create sophisticated food recognition algorithms, so that I can enhance the precision of diet management systems and self-service restaurant applications, ultimately leading to better user experiences and healthier eating choices.

Acceptance Criteria:
- Access to a food image ontology containing at least 10,000 diverse food images categorized by type and nutritional information.
- Achieve a minimum accuracy improvement of 15% in food recognition algorithms when tested against existing datasets.
- Ensure that the ontology is updated quarterly with new images and categories to reflect current food trends.

Test Outline:
- Verify the completeness and categorization of the food image ontology by sampling and reviewing a selection of images.
- Conduct tests on the food recognition algorithms to measure accuracy improvements and compare results with previous benchmarks.
- Check for the frequency and quality of updates to the ontology to ensure it remains relevant and comprehensive.","it (ISO 29148)
that (ISO 29148)
better (ISO 29148)
can (NASA ARM)
better (NASA ARM)",3,4,1.0,3,4,1.0,4,5,1.0,3,5,2.0,3,5,2.0,2,5,3.0,3,5,2.0,—
A41US2Ll,"As a developer of food recognition systems, I need a comprehensive benchmark dataset to test and evaluate my algorithms, so that I can ensure the reliability and effectiveness of my system.","User Story:
As a developer of food recognition systems, I require a robust benchmark dataset to rigorously test and assess my algorithms, ensuring that my system's reliability and effectiveness meet industry standards.

Acceptance Criteria:
- The benchmark dataset must contain at least 10,000 diverse food images, covering a wide range of cuisines and food types.
- Each image in the dataset should be labeled with accurate metadata, including food category, nutritional information, and preparation methods.
- The dataset must be validated for quality, with a minimum accuracy rate of 95% in labeling correctness.

Test Outline:
- Verify the dataset size and diversity by counting the total number of images and categorizing them by food type.
- Check the accuracy of the metadata labels by randomly sampling images and cross-referencing with trusted food databases.
- Assess the reliability of the dataset by running initial algorithm tests and measuring performance metrics against established benchmarks.","robust (ISO 29148)
that (ISO 29148)",3,4,1.0,3,4,1.0,4,4,0.0,3,5,2.0,3,5,2.0,3,5,2.0,3,4,1.0,—
A41US3Ll,"As a user of a diet management application, I want the app to be able to accurately recognize and classify the food I eat, so that I can track my nutrition and make informed decisions about my diet.","User Story:
As a user of a diet management application, I want the app to effectively identify and categorize the foods I consume so that I can monitor my nutritional intake and make well-informed dietary choices.

Acceptance Criteria:
- Achieve an accuracy rate of at least 90% in food recognition and classification.
- Provide detailed nutritional information for at least 1,000 different food items.
- Allow users to log their meals within 2 minutes of inputting food data.

Test Outline:
- Conduct tests to evaluate the accuracy of food recognition against a standard dataset to ensure it meets the 90% threshold.
- Verify that the app includes nutritional data for the specified number of food items.
- Measure the time taken for users to log their meals to confirm it aligns with the 2-minute requirement.","it (ISO 29148)
that (ISO 29148)
can (NASA ARM)",3,4,1.0,3,4,1.0,4,5,1.0,3,5,2.0,4,5,1.0,2,5,3.0,3,5,2.0,—
A41US4Ll,"As a restaurant owner, I want to implement a self-service system that can automatically recognize and categorize food items, so that I can improve the efficiency and accuracy of my service.","User Story:
As a restaurant owner, I want to deploy an automated self-service system capable of recognizing and categorizing food items accurately, so that I can enhance service efficiency by reducing order errors and speeding up customer interactions.

Acceptance Criteria:
- The system must achieve at least 95% accuracy in recognizing and categorizing food items during peak hours.
- The average time taken for customers to place an order using the self-service system should be reduced to 1 minute or less.
- The implementation should lead to a 20% decrease in order-related complaints within the first month of operation.

Test Outline:
- Conduct tests to measure the accuracy of food item recognition and categorization during busy service periods.
- Time the order placement process for customers using the self-service system to ensure it meets the target duration.
- Monitor and analyze customer feedback and complaint rates related to orders before and after the system's implementation.","it (ISO 29148)
that (ISO 29148)
can (NASA ARM)
less (NASA ARM)",3,4,1.0,3,4,1.0,4,5,1.0,3,5,2.0,3,5,2.0,2,5,3.0,3,5,2.0,—
A41US5Ll,"As a researcher, I want to access a dataset with a large number of food categories and images, such as the ISIA Food-500 dataset, so that I can develop and test advanced food recognition algorithms.","User Story:
As a researcher, I want to obtain access to a comprehensive dataset containing a diverse array of food categories and images, specifically the ISIA Food-500 dataset, so that I can effectively develop and rigorously test advanced food recognition algorithms, enhancing their accuracy and performance.

Acceptance Criteria:
- Gain access to the ISIA Food-500 dataset, which includes at least 500 distinct food categories and a minimum of 10,000 images.
- Ensure that the dataset is available in a format that is compatible with common machine learning frameworks (e.g., CSV, JSON).
- Confirm that the dataset includes proper labeling and metadata for each food item to facilitate algorithm training and evaluation.

Test Outline:
- Verify access to the ISIA Food-500 dataset and check the total number of food categories and images included.
- Test the compatibility of the dataset format with popular machine learning libraries by attempting to load the data.
- Review the dataset documentation to ensure that all food items are accurately labeled and that metadata is present.","that (ISO 29148)
all (ISO 29148)
can (NASA ARM)",3,4,1.0,3,4,1.0,4,5,1.0,3,5,2.0,4,5,1.0,3,5,2.0,3,5,2.0,—
A41US6Ll,"As a developer of food recognition systems, I want to use a stacked global-local attention network to improve the accuracy of food recognition, so that I can provide more reliable results to my users.","User Story:
As a developer of food recognition systems, I want to implement a stacked global-local attention network to enhance the accuracy of food identification, so that I can deliver more precise and trustworthy results to my users, ultimately increasing user satisfaction and engagement.

Acceptance Criteria:
- Achieve an accuracy improvement of at least 15% over the current food recognition model.
- Reduce the false positive rate to below 5% in food classification tasks.
- Ensure the model processes images with a latency of 200 milliseconds or less for real-time feedback.

Test Outline:
- Evaluate the accuracy of the new model against a benchmark dataset to confirm the targeted improvement.
- Analyze the false positive rate by testing the model on a diverse set of food images and calculating the percentage of incorrect classifications.
- Measure the processing time for image recognition to ensure it meets the latency requirement.","it (ISO 29148)
that (ISO 29148)
can (NASA ARM)
more (NASA ARM)
less (NASA ARM)",3,4,1.0,2,5,3.0,3,5,2.0,2,5,3.0,2,5,3.0,2,5,3.0,2,5,3.0,—
A41US7Ll,"As a user of a food recognition system, I want the system to be able to extract discriminative features from food images, such as texture and shape information, so that it can accurately classify the food.","User Story:
As a user of a food recognition system, I want the system to effectively extract distinct features from food images, including texture and shape details, so that it can classify the food items with a high degree of accuracy.

Acceptance Criteria:
- The system must identify and extract at least 5 unique texture features from food images.
- The classification accuracy of the food recognition system should reach a minimum of 90% on a standardized test dataset.
- The system should process and classify food images within 3 seconds to ensure a responsive user experience.

Test Outline:
- Evaluate the feature extraction process to confirm that it identifies the required texture features from a sample set of food images.
- Conduct accuracy tests using a diverse dataset to verify that the classification meets or exceeds the 90% accuracy threshold.
- Measure the time taken for the system to classify food images to ensure it adheres to the 3-second response time requirement.","it (ISO 29148)
that (ISO 29148)
can (NASA ARM)",3,4,1.0,3,4,1.0,4,5,1.0,3,5,2.0,3,5,2.0,2,5,3.0,3,5,2.0,—
A41US8Ll,"As a researcher, I want to evaluate the effectiveness of different food recognition algorithms on a standard benchmark dataset, such as ISIA Food-500, so that I can compare and contrast the performance of different approaches.","User Story:
As a researcher, I want to assess the performance of various food recognition algorithms using a standardized benchmark dataset like ISIA Food-500, so that I can systematically compare their effectiveness and identify the most efficient approach.

Acceptance Criteria:
- Execute evaluations on at least 5 different food recognition algorithms using the ISIA Food-500 dataset.
- Document and analyze performance metrics, including accuracy, precision, and recall, for each algorithm.
- Generate a comparative report highlighting the strengths and weaknesses of each algorithm based on the evaluation results.

Test Outline:
- Run each food recognition algorithm on the ISIA Food-500 dataset and collect performance data.
- Validate the accuracy, precision, and recall calculations to ensure they meet the expected standards.
- Review the comparative report for clarity and comprehensiveness in presenting the findings.","most (ISO 29148)
efficient (ISO 29148)
that (ISO 29148)
can (NASA ARM)",3,4,1.0,3,4,1.0,4,5,1.0,3,5,2.0,3,5,2.0,2,5,3.0,3,5,2.0,—
A41US9Ll,"As a developer of food recognition systems, I want to use a cascaded spatial transformer to generate attentional regions from food images, so that I can improve the accuracy of food recognition and provide more detailed information about the food.","User Story:
As a developer of food recognition systems, I want to implement a cascaded spatial transformer to identify and generate attentional regions from food images, so that I can enhance the accuracy of food recognition by at least 15% and deliver more comprehensive insights about the food items.

Acceptance Criteria:
- Achieve a minimum accuracy improvement of 15% in food recognition tasks compared to the previous model.
- Successfully identify and delineate attentional regions in at least 90% of the test food images.
- Provide detailed information about the recognized food items, including nutritional data, in 95% of successful recognition instances.

Test Outline:
- Evaluate the accuracy of the food recognition system before and after implementing the cascaded spatial transformer to confirm the targeted improvement.
- Test the model on a diverse set of food images to ensure that attentional regions are accurately identified in the majority of cases.
- Review the output for recognized food items to verify that detailed information is consistently provided.","that (ISO 29148)
can (NASA ARM)
more (NASA ARM)",3,4,1.0,3,4,1.0,4,5,1.0,3,5,2.0,3,5,2.0,2,5,3.0,3,5,2.0,—
A41US10Ll,"As a user of a food recognition system, I want the system to provide a comprehensive representation of the food, including both global and local features, so that I can make informed decisions about my diet and nutrition","User Story:
As a user of a food recognition system, I want the system to deliver a detailed analysis of food items, incorporating both global characteristics and local attributes, so that I can make well-informed choices regarding my diet and nutritional intake.

Acceptance Criteria:
- The system must identify and display at least 10 key global features of each food item, such as caloric content, macronutrient breakdown, and common allergens.
- The system should also highlight a minimum of 5 local features, including preparation methods, regional variations, and seasonal availability.
- Users should be able to access this information within 3 seconds of querying a food item.

Test Outline:
- Validate that the system accurately retrieves and presents the required global features for various food items.
- Check that the local features are correctly identified and displayed for each food item.
- Measure the response time to ensure that the information is provided within the specified 3-second window.","this (ISO 29148)
that (ISO 29148)
be able to (NASA ARM)
can (NASA ARM)",3,4,1.0,3,4,1.0,4,5,1.0,3,5,2.0,3,5,2.0,2,5,3.0,3,5,2.0,—
A42US1Ll,"As a public health official, I want to visualize the vaccination rates across different demographic groups in Virginia so that I can identify areas with low vaccination rates.","User Story:
As a public health official, I want to create a comprehensive visualization of vaccination rates segmented by various demographic groups in Virginia so that I can pinpoint specific areas with low vaccination coverage and target interventions effectively.

Acceptance Criteria:
- Generate a detailed dashboard that displays vaccination rates for at least 5 different demographic categories (e.g., age, race, income level).
- Ensure that the visualization updates in real-time with the latest vaccination data, reflecting changes within a 24-hour period.
- Identify and highlight at least 3 geographic regions with vaccination rates below 50% for focused outreach efforts.

Test Outline:
- Review the dashboard to confirm that it accurately represents vaccination rates across the specified demographic groups.
- Validate that the data refreshes within the 24-hour timeframe by checking the timestamps of the latest updates.
- Cross-reference the highlighted regions with the vaccination data to ensure they meet the criteria for low coverage.","it (ISO 29148)
that (ISO 29148)
can (NASA ARM)",4,4,0.0,3,4,1.0,4,5,1.0,3,5,2.0,4,5,1.0,2,5,3.0,3,5,2.0,—
A42US2Ll,"As a data analyst, I need to integrate fine-grained mobility data with US Census and vaccination uptake data to inform mobile vaccination site placement recommendations.","User Story:
As a data analyst, I need to merge detailed mobility data with US Census demographics and vaccination uptake statistics so that I can provide data-driven recommendations for optimal mobile vaccination site locations, enhancing accessibility for underserved populations.

Acceptance Criteria:
- Successfully integrate mobility data with US Census data to create a comprehensive dataset.
- Analyze vaccination uptake data to identify areas with low vaccination rates, targeting at least 10% of the population in those regions.
- Generate a report with at least 3 actionable recommendations for mobile vaccination site placements based on the integrated data.

Test Outline:
- Verify the successful integration of mobility and Census data by checking for data consistency and completeness.
- Assess the analysis of vaccination uptake to ensure it accurately identifies regions with low rates, using statistical methods to validate findings.
- Review the generated report to confirm it includes clear, actionable recommendations supported by the integrated data analysis.","it (ISO 29148)
that (ISO 29148)
those (ISO 29148)
can (NASA ARM)",2,4,2.0,2,4,2.0,2,5,3.0,2,5,3.0,3,5,2.0,2,5,3.0,2,5,3.0,—
A42US3Ll,"As a health department staff member, I want to receive real-time recommendations for mobile vaccination site placement in Virginia that target under-vaccinated populations.","User Story:
As a health department staff member, I want to obtain real-time data-driven recommendations for strategically placing mobile vaccination sites in Virginia, specifically targeting areas with low vaccination rates, to enhance community health outcomes.

Acceptance Criteria:
- Generate actionable recommendations based on vaccination data that identify at least 5 high-need locations within Virginia.
- Ensure that the recommendations are updated in real-time, with a refresh rate of no longer than 30 minutes.
- Provide demographic insights for each recommended location, highlighting populations with vaccination rates below 70%.

Test Outline:
- Validate the accuracy of the recommended locations by cross-referencing with current vaccination data.
- Monitor the update frequency of the recommendations to confirm they refresh within the specified time frame.
- Review the demographic insights provided for each location to ensure they accurately reflect the target populations.",that (ISO 29148),4,4,0.0,3,4,1.0,3,4,1.0,3,5,2.0,4,5,1.0,2,5,3.0,3,4,1.0,—
A42US4Ll,"As a policy maker, I want to see the impact of different vaccination strategies on various demographic groups so that I can make informed decisions.","User Story:
As a policy maker, I want to analyze the effects of various vaccination strategies across different demographic groups so that I can make data-driven decisions that enhance public health outcomes.

Acceptance Criteria:
- Generate a comprehensive report detailing the impact of at least 3 distinct vaccination strategies on a minimum of 5 demographic groups.
- Provide statistical data showing the percentage increase in vaccination rates for each strategy within each demographic group.
- Include visualizations that clearly illustrate the comparative effectiveness of the strategies on different populations.

Test Outline:
- Review the generated report to ensure it includes the required strategies and demographic groups.
- Validate the statistical data by cross-referencing with vaccination records to confirm the reported increases.
- Assess the clarity and accuracy of the visualizations to ensure they effectively communicate the findings.","it (ISO 29148)
that (ISO 29148)
can (NASA ARM)",4,5,1.0,3,4,1.0,4,5,1.0,3,5,2.0,4,5,1.0,2,5,3.0,3,5,2.0,—
A42US5Ll,"As a public health official, I want to be able to filter mobile vaccination site placement recommendations by specific demographic groups (e.g. age, race, ethnicity) so that I can tailor my outreach efforts.","User Story:
As a public health official, I want to filter recommendations for mobile vaccination site placements based on specific demographic categories such as age, race, and ethnicity, so that I can effectively customize my outreach strategies to meet the needs of diverse communities.

Acceptance Criteria:
- Implement filtering options that allow selection of at least 3 demographic categories (e.g., age, race, ethnicity) for site placement recommendations.
- Ensure that the filtering functionality returns relevant site placement suggestions within 3 seconds.
- Provide a report summarizing the demographic distribution of recommended sites to assess outreach effectiveness.

Test Outline:
- Test the filtering feature by selecting various demographic categories and verifying that the recommendations align with the selected criteria.
- Measure the response time of the filtering functionality to confirm it meets the 3-second requirement.
- Review the generated report to ensure it accurately reflects the demographic distribution of the recommended mobile vaccination sites.","it (ISO 29148)
that (ISO 29148)
can (NASA ARM)",4,4,0.0,4,4,0.0,4,5,1.0,3,5,2.0,4,5,1.0,2,5,3.0,4,5,1.0,—
A42US6Ll,"As a researcher, I need to analyze the effectiveness of different mobile vaccination site placement strategies in reaching hesitant groups and increasing vaccine uptake.","User Story:
As a researcher, I need to evaluate the impact of various mobile vaccination site placement strategies on engaging hesitant populations and boosting overall vaccine uptake rates.

Acceptance Criteria:
- Identify and analyze at least 3 distinct placement strategies for mobile vaccination sites.
- Measure the increase in vaccine uptake among hesitant groups by at least 20% following the implementation of these strategies.
- Collect and report demographic data to assess which strategies are most effective for specific hesitant populations.

Test Outline:
- Conduct a comparative analysis of vaccine uptake rates before and after implementing each placement strategy.
- Survey hesitant groups to gather feedback on their awareness and accessibility of mobile vaccination sites.","most (ISO 29148)
effective (ISO 29148)
these (ISO 29148)
effective (NASA ARM)",2,4,2.0,2,5,3.0,2,4,2.0,2,5,3.0,3,5,2.0,2,5,3.0,2,5,3.0,—
A42US7Ll,"As a health department staff member, I want to view the locations of previously deployed vaccine sites and their corresponding success rates so that I can inform future placement decisions.","User Story:
As a health department staff member, I want to access a comprehensive map of previously deployed vaccine sites along with their success rates so that I can make data-driven decisions for future vaccine placement, optimizing outreach and effectiveness.

Acceptance Criteria:
- Display a detailed map indicating all past vaccine site locations with corresponding success rates for each site.
- Ensure that success rates are calculated and presented as a percentage of total vaccinations administered versus total doses available, with a target accuracy of ≥90%.
- Provide filtering options to view sites based on specific criteria, such as date range and success rate thresholds.

Test Outline:
- Verify that the map accurately reflects all previously deployed vaccine sites and their success rates.
- Check the calculations for success rates to ensure they meet the target accuracy.
- Test the filtering functionality to confirm it allows users to view sites based on selected criteria.","it (ISO 29148)
that (ISO 29148)
all (ISO 29148)
can (NASA ARM)",4,4,0.0,4,4,0.0,4,5,1.0,4,5,1.0,4,5,1.0,3,5,2.0,4,5,1.0,—
A42US8Ll,"As a public health official, I want to receive alerts when new data becomes available that may impact mobile vaccination site placement recommendations.","User Story:
As a public health official, I want to be notified immediately when new data is released that could influence the strategic placement of mobile vaccination sites, ensuring timely and informed decision-making.

Acceptance Criteria:
- Receive alerts within 10 minutes of new data availability that may affect vaccination site recommendations.
- Ensure alerts include a summary of the data changes and their potential impact on site placement.
- Confirm that at least 90% of relevant data updates trigger an alert to the public health official.

Test Outline:
- Monitor the alert system to verify that notifications are sent within the specified time frame after new data is published.
- Review the content of the alerts to ensure they provide a clear summary of the data and its implications for site placement.
- Track the percentage of relevant data updates that successfully trigger alerts to confirm compliance with the acceptance criteria.","that (ISO 29148)
timely (NASA ARM)
may (NASA ARM)",4,4,0.0,3,4,1.0,3,4,1.0,3,5,2.0,4,5,1.0,2,5,3.0,3,4,1.0,—
A42US9Ll,"As a data analyst, I need to be able to adjust the model's parameters to account for evolving mobility patterns and changing vaccination rates.","User Story:
As a data analyst, I want the capability to modify the model's parameters dynamically to reflect the latest trends in mobility patterns and fluctuations in vaccination rates, ensuring that our analyses remain accurate and relevant.

Acceptance Criteria:
- Implement a user-friendly interface that allows for parameter adjustments in real-time, with changes reflected in the model within 2 minutes.
- Ensure that the model can incorporate at least 3 different mobility metrics and 2 vaccination rate indicators for comprehensive analysis.
- Validate that the model's output accuracy improves by at least 15% after parameter adjustments based on historical data comparisons.

Test Outline:
- Test the interface to confirm that parameter changes can be made and are applied within the specified time frame.
- Review the model's ability to integrate the selected mobility and vaccination metrics to ensure they are functioning correctly.
- Compare the model's predictions before and after parameter adjustments to verify the claimed improvement in accuracy.","that (ISO 29148)
capability to (NASA ARM)
can (NASA ARM)",3,4,1.0,3,4,1.0,3,4,1.0,2,5,3.0,4,5,1.0,2,5,3.0,3,4,1.0,—
A42US10Ll,"As a policy maker, I want to see a comparison of the number of vaccine doses administered at sites placed using our model versus those placed without our recommendations so that I can evaluate the model's effectiveness.","User Story:
As a policy maker, I want to analyze the comparative data on vaccine doses administered at locations selected using our model versus those chosen without our guidance so that I can assess the model's impact on vaccination rates and make informed decisions.

Acceptance Criteria:
- Collect and compare the total number of vaccine doses administered at model-recommended sites against those at non-recommended sites, with a target of at least a 20% increase in doses at model sites.
- Ensure that data is gathered over a consistent time frame of at least 3 months to provide a reliable comparison.
- Present the findings in a clear report that includes visualizations to illustrate the differences in vaccination rates.

Test Outline:
- Verify the accuracy of the data collection process for both model-recommended and non-recommended sites.
- Analyze the vaccination data to confirm that the model-recommended sites show at least a 20% higher administration rate.
- Review the final report for clarity and comprehensiveness, ensuring it includes necessary visual aids for effective communication.","effective (ISO 29148)
reliable (ISO 29148)
it (ISO 29148)
that (ISO 29148)
those (ISO 29148)
effective (NASA ARM)
can (NASA ARM)",4,4,0.0,3,4,1.0,4,5,1.0,3,5,2.0,3,5,2.0,2,5,3.0,3,5,2.0,—
