ID,Original User Story,Rewritten User Story,Correction Reason,Fuzzy Terms (with source),I_before,I_after,delta_I,N_before,N_after,delta_N,V_before,V_after,delta_V,E_before,E_after,delta_E,S_before,S_after,delta_S,T_before,T_after,delta_T,overall_before,overall_after,delta_overall,Low-score Explanation (<2)
A1US1Ge,"As a driver, I want a car that uses AI and real-time data to react faster than humans in emergency situations, reducing my risk of accidents.","User Story:
As a driver, I want my vehicle to utilize AI and real-time data analytics to respond to emergency situations more swiftly than a human driver, thereby decreasing my risk of accidents by at least 30%.

Acceptance Criteria:
- The AI system must demonstrate a reaction time of less than 0.5 seconds in simulated emergency scenarios.
- The vehicle should reduce the likelihood of collision incidents by at least 30% based on historical data comparisons.
- User feedback should reflect a confidence level of 90% or higher in the AI's ability to handle emergencies effectively.

Test Outline:
- Conduct controlled tests to measure the AI's reaction time in various emergency scenarios.
- Analyze accident data before and after implementing the AI system to quantify the reduction in collision incidents.
- Survey drivers to assess their confidence in the AI's emergency response capabilities.","The original user story was clear but lacked measurable criteria and specific outcomes. The improved version enhances clarity by specifying quantifiable acceptance criteria and a structured test outline, emphasizing the business relevance of safety improvements.","more (NASA ARM)
less (NASA ARM)",4,4,0.0,4,4,0.0,4,4,0.0,4,5,1.0,5,5,0.0,4,5,1.0,4,4,0.0,—
A1US2Ge,"As a city planner, I want a traffic management system that uses AI and connected vehicles to optimize traffic flow and reduce congestion.","User Story:
As a city planner, I want an AI-driven traffic management system that integrates with connected vehicles to optimize traffic flow, thereby reducing congestion by at least 30% during peak hours.

Acceptance Criteria:
- The system must analyze real-time traffic data and adjust signal timings to improve traffic flow, achieving a minimum of 20% reduction in average travel time for commuters.
- At least 90% of connected vehicles should be able to communicate with the traffic management system for effective data exchange.
- User satisfaction surveys should indicate an 80% or higher approval rating from city residents regarding traffic conditions after implementation.

Test Outline:
- Monitor traffic patterns before and after the system's implementation to measure changes in congestion levels and travel times.
- Conduct tests to ensure that the majority of connected vehicles can successfully communicate with the system and that data is processed accurately.","The original user story was clear but lacked measurable criteria and specific outcomes. The improved version enhances clarity by specifying quantifiable goals for congestion reduction, travel time improvement, and user satisfaction, along with a structured test outline.","effective (ISO 29148)
that (ISO 29148)
be able to (NASA ARM)
effective (NASA ARM)
can (NASA ARM)",2,4,2.0,2,4,2.0,3,4,1.0,2,5,3.0,3,5,2.0,2,5,3.0,2,4,2.0,—
A1US3Ge,"As a car manufacturer, I want to develop AVs with advanced sensors and AI algorithms that can accurately perceive their surroundings and make safe driving decisions.","User Story:
As a car manufacturer, I want to create autonomous vehicles (AVs) equipped with cutting-edge sensors and AI algorithms so that they can accurately perceive their environment and make safe driving decisions, ultimately reducing accidents by at least 30%.

Acceptance Criteria:
- The AVs must achieve a perception accuracy of 95% in identifying obstacles and road conditions during testing.
- The AI algorithms should demonstrate the ability to make safe driving decisions with a success rate of 90% in simulated environments.
- The system must be able to process sensor data and respond to driving conditions within 100 milliseconds.

Test Outline:
- Conduct real-world and simulated tests to evaluate the perception accuracy of the sensors against various scenarios.
- Analyze decision-making outcomes in simulations to ensure the AI meets the 90% success rate for safe driving decisions.
- Measure the response time of the system to ensure it processes data within the specified 100 milliseconds.","The original user story was clear but lacked measurable criteria and specific outcomes. The improved version enhances clarity by specifying quantifiable acceptance criteria and a structured test outline, emphasizing the business impact of safety improvements.","it (ISO 29148)
that (ISO 29148)
be able to (NASA ARM)
can (NASA ARM)",3,4,1.0,3,4,1.0,4,5,1.0,3,5,2.0,4,5,1.0,2,5,3.0,3,5,2.0,—
A1US4Ge,"As a blind or visually impaired person, I want an AV that can safely navigate me around town, giving me greater independence.","User Story:
As a blind or visually impaired person, I want an autonomous vehicle (AV) equipped with advanced navigation technology so that I can travel around town safely and independently, enhancing my mobility and quality of life.

Acceptance Criteria:
- The AV must successfully navigate urban environments with a 98% accuracy rate in identifying obstacles and safe paths.
- The system should provide real-time audio feedback to the user regarding navigation decisions and nearby hazards within 1 second of detection.
- User satisfaction surveys should reflect a 90% approval rating regarding the AV's ability to enhance independence and safety during travel.

Test Outline:
- Conduct field tests in various urban settings to evaluate the AV's navigation accuracy and obstacle detection capabilities.
- Measure the response time of the audio feedback system during navigation scenarios to ensure it meets the 1-second requirement.
- Gather user feedback through surveys to assess overall satisfaction with the AV's performance.","The original user story was clear but lacked measurable criteria and specific details about the technology involved. The improved version clarifies the user's needs, specifies measurable acceptance criteria, and outlines a test plan to ensure the AV meets the desired functionality and user satisfaction.","it (ISO 29148)
that (ISO 29148)
can (NASA ARM)",5,4,-1.0,4,4,0.0,4,5,1.0,4,5,1.0,5,5,0.0,4,5,1.0,4,5,1.0,—
A1US5Ge,"As an environmentalist, I want AVs that are programmed for fuel efficiency and can reduce overall emissions and pollution in our cities.","User Story:
As an environmentalist, I want autonomous vehicles (AVs) to be optimized for fuel efficiency so that they can reduce overall emissions by at least 30% and lower urban pollution levels significantly, contributing to cleaner cities.

Acceptance Criteria:
- AVs must achieve a minimum fuel efficiency of 50 miles per gallon (MPG) under standard driving conditions.
- The implementation of these AVs should lead to a reduction in greenhouse gas emissions by at least 30% within the first year of deployment.
- User surveys should reflect an 80% satisfaction rate regarding the perceived environmental impact of using these AVs.

Test Outline:
- Measure the fuel efficiency of AVs in real-world driving scenarios to ensure they meet the 50 MPG requirement.
- Analyze emissions data before and after the introduction of AVs to confirm the 30% reduction target.
- Conduct user surveys to gather feedback on the environmental benefits of the AVs.","The original user story was clear but lacked specific, measurable criteria. The improved version enhances clarity by specifying quantifiable goals for fuel efficiency and emissions reduction, along with a structured test outline to verify the outcomes.","that (ISO 29148)
these (ISO 29148)
can (NASA ARM)",3,4,1.0,3,4,1.0,3,4,1.0,2,5,3.0,4,5,1.0,2,5,3.0,3,4,1.0,—
A1US6Ge,"As a busy professional, I want an AV that can take me to meetings or appointments while I work on other tasks, saving me valuable time.","User Story:
As a busy professional, I want an autonomous vehicle (AV) that can transport me to meetings or appointments while I complete other tasks, so that I can save at least 30 minutes of valuable time per trip and increase my productivity.

Acceptance Criteria:
- The AV must be able to navigate to the destination with a success rate of 95% or higher without human intervention.
- The vehicle should allow for seamless connectivity to work applications, enabling multitasking during the journey for at least 80% of users.
- The average travel time should be reduced by 20% compared to traditional commuting methods.

Test Outline:
- Track the success rate of the AV's navigation over a series of trips to ensure it meets the 95% accuracy requirement.
- Conduct user surveys to assess the effectiveness of connectivity features and multitasking capabilities.
- Compare travel times of the AV against traditional commuting methods to verify the 20% reduction.","The original user story was clear but lacked measurable criteria and specific details. The improved version enhances clarity by specifying the technology (AV), quantifying the time savings, and providing measurable acceptance criteria and a structured test outline.","it (ISO 29148)
that (ISO 29148)
be able to (NASA ARM)
can (NASA ARM)",5,4,-1.0,4,4,0.0,4,5,1.0,4,5,1.0,5,5,0.0,4,5,1.0,4,5,1.0,—
A1US7Ge,"As a safety advocate, I want clear regulations and safety standards for AVs to ensure the well-being of all road users.","User Story:
As a safety advocate, I want to establish comprehensive regulations and safety standards for autonomous vehicles (AVs) so that we can ensure the safety and well-being of all road users, reducing accidents by at least 30% within the first year of implementation.

Acceptance Criteria:
- Regulations must be developed and published within 12 months, incorporating input from at least 5 key stakeholder groups.
- Safety standards should be designed to achieve a minimum of 95% compliance during initial testing phases.
- A public awareness campaign must be launched to educate at least 70% of road users about the new regulations and safety standards within 6 months of their release.

Test Outline:
- Review the timeline and stakeholder engagement process to ensure regulations are developed within the specified timeframe.
- Conduct compliance audits during testing to verify adherence to safety standards.
- Measure the reach and effectiveness of the public awareness campaign through surveys and engagement metrics.","The original user story was clear but lacked measurable criteria and specific timelines. The improved version enhances clarity by specifying quantifiable goals, a structured timeline, and a comprehensive approach to stakeholder engagement and public awareness.","that (ISO 29148)
all (ISO 29148)
can (NASA ARM)",2,4,2.0,1,4,3.0,2,5,3.0,2,5,3.0,3,5,2.0,1,5,4.0,2,5,3.0,—
A1US8Ge,"As a cybersecurity expert, I want AVs to be equipped with robust security measures to protect them from hacking and cyberattacks.","User Story:
As a cybersecurity expert, I want autonomous vehicles (AVs) to be equipped with advanced security measures so that they can withstand hacking attempts and cyberattacks, ensuring the safety of passengers and data integrity.

Acceptance Criteria:
- AVs must implement multi-layered security protocols that reduce vulnerability to cyberattacks by at least 80%.
- Security measures should be tested to withstand simulated hacking attempts with a success rate of less than 5% for unauthorized access.
- Regular security audits must be conducted every 6 months to ensure compliance with the latest cybersecurity standards.

Test Outline:
- Perform penetration testing on AV systems to evaluate the effectiveness of the security measures against hacking attempts.
- Review audit reports to confirm that security protocols are updated and maintained according to industry standards.","The original user story was clear but lacked measurable criteria and specificity. The improved version enhances clarity by defining the security measures, establishing quantifiable acceptance criteria, and providing a structured test outline to ensure the effectiveness of the security protocols.","that (ISO 29148)
every (ISO 29148)
can (NASA ARM)
less (NASA ARM)",2,4,2.0,2,4,2.0,3,5,2.0,2,5,3.0,3,5,2.0,2,5,3.0,2,5,3.0,—
A1US9Ge,"As a data privacy advocate, I want control over the data collected by AVs and ensure it's used responsibly and securely.","User Story:
As a data privacy advocate, I want to have comprehensive control over the data collected by autonomous vehicles (AVs) so that I can ensure it is used responsibly and securely, protecting user privacy and compliance with regulations.

Acceptance Criteria:
- Users must be able to access and manage their data preferences, including opting in or out of data collection, with changes reflected in real-time.
- The system should provide clear documentation on data usage policies, achieving a user comprehension rate of at least 90%.
- Data security measures must be implemented to ensure that 100% of collected data is encrypted and stored securely.

Test Outline:
- Verify the functionality of the data management interface by testing user ability to change preferences and confirming real-time updates.
- Conduct user surveys to assess understanding of data usage policies and measure comprehension rates.
- Perform security audits to ensure all collected data is encrypted and meets industry standards.","The original user story was clear but lacked measurable criteria and specific details. The improved version enhances clarity by specifying the user's needs, establishing quantifiable acceptance criteria, and providing a structured test outline to ensure accountability and compliance.","it (ISO 29148)
that (ISO 29148)
all (ISO 29148)
be able to (NASA ARM)
can (NASA ARM)",2,4,2.0,2,4,2.0,2,5,3.0,2,5,3.0,3,5,2.0,2,5,3.0,2,5,3.0,—
A1US10Ge,"As a delivery company, I want to explore the use of AVs for efficient and cost-effective last-mile delivery services.","User Story:
As a delivery company, I want to implement autonomous vehicles (AVs) for last-mile delivery services so that we can reduce delivery costs by at least 30% and improve delivery efficiency by achieving a 20% faster average delivery time.

Acceptance Criteria:
- The use of AVs should decrease operational costs by a minimum of 30% within the first year of implementation.
- The average delivery time for last-mile deliveries must be reduced by at least 20% compared to traditional delivery methods.
- Customer satisfaction ratings for delivery speed should reach 90% or higher after the introduction of AVs.

Test Outline:
- Analyze cost reports before and after AV implementation to verify the 30% reduction in operational costs.
- Measure and compare average delivery times before and after the deployment of AVs to ensure a 20% improvement.
- Conduct customer surveys to assess satisfaction levels regarding delivery speed post-implementation.","The original user story was broad and lacked specific, measurable criteria. The improved version clarifies the intended use of AVs, specifies quantifiable benefits, and outlines clear acceptance criteria and testing methods to ensure accountability and focus on business outcomes.","that (ISO 29148)
faster (ISO 29148)
can (NASA ARM)",2,4,2.0,2,4,2.0,2,5,3.0,2,5,3.0,3,5,2.0,2,5,3.0,2,5,3.0,—
A2US1Ge,"As a parent, I want a device that can track my child's physical activity and potentially identify aggressive episodes so that I can intervene and provide support.","User Story:
As a parent, I want a wearable device that accurately tracks my child's physical activity levels and detects potential aggressive episodes so that I can intervene promptly and provide necessary support to promote their well-being.

Acceptance Criteria:
- The device must track physical activity with at least 95% accuracy, logging steps, active minutes, and calories burned.
- It should identify aggressive episodes with a detection accuracy of 90% or higher, providing real-time alerts to the parent.
- The device's battery life must last a minimum of 48 hours on a single charge to ensure continuous monitoring.

Test Outline:
- Validate the accuracy of physical activity tracking by comparing device data against a calibrated fitness tracker over a week.
- Conduct controlled tests to assess the device's ability to detect aggressive behavior, measuring the accuracy of alerts against observed behaviors.
- Monitor battery performance over multiple days to ensure it meets the 48-hour requirement.","The original user story was clear but lacked measurable criteria and specificity. The improved version enhances clarity by detailing the device's capabilities, establishing quantifiable acceptance criteria, and providing a structured test outline to ensure functionality and effectiveness.","it (ISO 29148)
that (ISO 29148)
can (NASA ARM)",4,4,0.0,4,4,0.0,5,5,0.0,4,5,1.0,4,5,1.0,3,5,2.0,4,5,1.0,—
A2US2Ge,"As a teacher, I want a tool that can discreetly monitor student activity levels in the classroom and alert me to potential aggression so that I can de-escalate situations before they escalate.","User Story:
As a teacher, I want a discreet monitoring tool that tracks student activity levels in real-time and alerts me to signs of potential aggression so that I can intervene proactively and maintain a positive classroom environment.

Acceptance Criteria:
- The tool must provide real-time monitoring with alerts generated within 5 seconds of detecting concerning behavior.
- At least 90% of alerts should accurately reflect genuine instances of potential aggression, minimizing false positives.
- The system should allow for customizable alert thresholds based on individual classroom dynamics, with at least 3 different settings available.

Test Outline:
- Simulate various classroom scenarios to evaluate the tool's response time and accuracy in detecting aggression.
- Gather feedback from teachers on the effectiveness of the alerts and the usability of the customization features.","The original user story was clear but lacked measurable criteria and specificity. The improved version enhances clarity by detailing the tool's functionality, establishing quantifiable acceptance criteria, and providing a structured test outline to ensure effectiveness.","that (ISO 29148)
can (NASA ARM)",4,4,0.0,4,4,0.0,5,5,0.0,4,5,1.0,4,5,1.0,3,5,2.0,4,5,1.0,—
A2US3Ge,"As a therapist working with aggressive children, I want objective data on their physical activity patterns to track progress in anger management and de-escalation techniques.","User Story:
As a therapist working with aggressive children, I want to obtain objective data on their physical activity patterns so that I can effectively track their progress in anger management and the effectiveness of de-escalation techniques.

Acceptance Criteria:
- The system must provide detailed reports on physical activity levels, including duration and intensity, for at least 90% of sessions.
- Data should be updated in real-time, allowing for immediate access during therapy sessions.
- Progress reports should show a measurable improvement in physical activity patterns, with at least a 20% increase in positive engagement over a 3-month period.

Test Outline:
- Analyze the data collected over multiple sessions to ensure it meets the 90% reporting accuracy requirement.
- Verify the real-time update functionality by testing the system during live therapy sessions.
- Review progress reports with clients to confirm the 20% improvement in physical activity patterns.","The original user story was clear but lacked measurable criteria and specific outcomes. The improved version enhances clarity by specifying the therapist's role, the capability needed, and explicit, quantifiable acceptance criteria and test outlines to ensure effective tracking of progress.","it (ISO 29148)
that (ISO 29148)
can (NASA ARM)",4,4,0.0,4,4,0.0,4,5,1.0,4,5,1.0,5,5,0.0,4,5,1.0,4,5,1.0,—
A2US4Ge,"As a researcher studying childhood aggression, I want access to a non-invasive method for collecting real-time data on physical aggression in children so that I can better understand its triggers and consequences.","User Story:
As a researcher studying childhood aggression, I want a reliable non-invasive method to collect real-time data on physical aggression in children so that I can analyze its triggers and consequences effectively, leading to improved intervention strategies.

Acceptance Criteria:
- The data collection method must capture instances of physical aggression with at least 95% accuracy in real-time.
- The system should be able to process and display data within 1 minute of collection to facilitate timely analysis.
- User feedback from at least 80% of researchers using the method should indicate satisfaction with its ease of use and effectiveness.

Test Outline:
- Conduct trials to compare the accuracy of the data collection method against observed instances of aggression.
- Measure the time taken from data collection to display to ensure it meets the 1-minute requirement.
- Gather user feedback through surveys to assess satisfaction levels regarding the method's usability.","The original user story was well-defined but could benefit from more specificity and measurable criteria. The improved version clarifies the researcher's role, emphasizes the importance of accuracy and timeliness, and includes explicit acceptance criteria and a structured test outline to enhance clarity and focus on research outcomes.","reliable (ISO 29148)
it (ISO 29148)
that (ISO 29148)
improved (ISO 29148)
be able to (NASA ARM)
timely (NASA ARM)
can (NASA ARM)
improved (NASA ARM)",4,4,0.0,4,4,0.0,5,5,0.0,4,5,1.0,4,5,1.0,3,5,2.0,4,5,1.0,—
A2US5Ge,"As a school administrator, I want a system that helps identify students at risk of aggressive behavior so that I can implement targeted interventions and create a safer learning environment.","User Story:
As a school administrator, I want a comprehensive system that accurately identifies students at risk of exhibiting aggressive behavior so that I can implement targeted interventions and enhance the overall safety of the learning environment.

Acceptance Criteria:
- The system must analyze student data and flag at least 85% of students who exhibit risk factors for aggressive behavior.
- Intervention strategies should be developed and initiated within 2 weeks of identification for at least 90% of flagged students.
- The effectiveness of interventions should be evaluated, showing a reduction in aggressive incidents by at least 30% within the following semester.

Test Outline:
- Review the system's data analysis capabilities by comparing flagged students against actual behavioral incidents over a school year.
- Track the timeline from identification to intervention implementation to ensure it meets the 2-week requirement.
- Measure the rate of aggressive incidents before and after interventions to assess the 30% reduction goal.","The original user story was clear but lacked measurable criteria and specific outcomes. The improved version enhances clarity by specifying the system's capabilities, establishing quantifiable acceptance criteria, and providing a structured test outline to ensure accountability and effectiveness.","it (ISO 29148)
that (ISO 29148)
can (NASA ARM)",4,4,0.0,4,4,0.0,5,5,0.0,4,5,1.0,4,5,1.0,3,5,2.0,4,5,1.0,—
A2US6Ge,"As a child with a history of aggression, I want a wearable device that helps me and my parents monitor my activity levels and receive alerts when aggressive behavior might be escalating.","User Story:
As a child with a history of aggression, I want a wearable device that tracks my activity levels and sends alerts to my parents when it detects signs of escalating aggression, so that we can proactively manage my behavior and improve my emotional well-being.

Acceptance Criteria:
- The device must accurately monitor activity levels and provide real-time data with a reporting accuracy of at least 95%.
- Alerts for potential aggressive behavior should be triggered with a response time of less than 5 seconds when specific thresholds are met.
- Parents should receive a weekly summary report detailing activity levels and any alerts, with at least 90% of parents reporting improved awareness of their child's behavior.

Test Outline:
- Validate the accuracy of the activity monitoring feature by comparing device data against manual observations over a week.
- Simulate aggressive behavior scenarios to test the alert system's response time and accuracy.
- Survey parents after a month of use to assess the effectiveness of the weekly reports in enhancing their understanding of their child's behavior.","The original user story was clear but lacked measurable criteria and specific outcomes. The improved version enhances clarity by explicitly stating the user's needs, defining measurable acceptance criteria, and providing a structured test outline to ensure the device's effectiveness.","it (ISO 29148)
that (ISO 29148)
improved (ISO 29148)
can (NASA ARM)
improved (NASA ARM)
less (NASA ARM)",4,4,0.0,4,4,0.0,4,5,1.0,4,5,1.0,5,5,0.0,4,5,1.0,4,5,1.0,—
A2US7Ge,"As a healthcare provider working with children with ADHD, I want a tool that can differentiate between ADHD-related hyperactivity and physical aggression so that I can provide the most appropriate treatment.","User Story:
As a healthcare provider working with children with ADHD, I want a diagnostic tool that accurately distinguishes between ADHD-related hyperactivity and physical aggression so that I can tailor treatment plans effectively and improve patient outcomes.

Acceptance Criteria:
- The tool must achieve at least 90% accuracy in differentiating between hyperactivity and aggression based on clinical assessments.
- It should provide results within 5 minutes of input to facilitate timely decision-making.
- User feedback from at least 80% of healthcare providers should indicate that the tool enhances their treatment planning process.

Test Outline:
- Validate the tool's accuracy by comparing its results against established clinical assessments in a controlled study.
- Measure the time taken to generate results and ensure it meets the 5-minute requirement.
- Conduct surveys with healthcare providers to gather feedback on the tool's impact on their treatment planning.","The original user story was clear but lacked measurable criteria and specificity. The improved version enhances clarity by specifying the healthcare provider's role, detailing the capability of the tool, and providing explicit, quantifiable acceptance criteria and a structured test outline.","it (ISO 29148)
that (ISO 29148)
timely (NASA ARM)
can (NASA ARM)",4,4,0.0,4,4,0.0,5,5,0.0,4,5,1.0,4,5,1.0,3,5,2.0,4,5,1.0,—
A2US8Ge,"As a developer of wearable technology for children, I want to integrate machine learning models for aggression detection into my devices to provide parents and educators with additional insights into children's behavior.","User Story:
As a developer of wearable technology for children, I want to implement machine learning models for aggression detection in my devices so that parents and educators can receive actionable insights into children's behavior, enhancing their ability to intervene when necessary.

Acceptance Criteria:
- The machine learning model must achieve at least 85% accuracy in detecting aggressive behavior based on a diverse dataset of children's interactions.
- The integration should process data and provide real-time alerts to parents or educators within 5 seconds of detecting potential aggression.
- User feedback from parents and educators should indicate a satisfaction rate of 90% or higher regarding the usefulness of the insights provided.

Test Outline:
- Validate the accuracy of the machine learning model by testing it against a controlled dataset and measuring its performance.
- Monitor the response time of the alert system to ensure it meets the 5-second requirement.
- Conduct surveys with parents and educators to assess their satisfaction with the insights generated by the device.","The original user story was clear but lacked measurable criteria and specific acceptance tests. The improved version enhances clarity by specifying the accuracy, response time, and user satisfaction metrics, making it more actionable and focused on business value.","it (ISO 29148)
that (ISO 29148)
when necessary (ISO 29148)
can (NASA ARM)",4,4,0.0,4,4,0.0,4,5,1.0,4,5,1.0,5,5,0.0,4,5,1.0,4,5,1.0,—
A2US9Ge,"As a data privacy advocate, I want assurances that any wearable device used for aggression detection collects data securely and protects children's privacy.","User Story:
As a data privacy advocate, I want to ensure that any wearable device designed for aggression detection securely collects data and implements robust privacy measures to protect children's personal information.

Acceptance Criteria:
- The device must comply with GDPR and COPPA regulations, ensuring that at least 100% of collected data is encrypted during transmission and storage.
- A privacy policy must be provided that clearly outlines data usage, retention, and sharing practices, with a user satisfaction rate of 90% or higher regarding transparency.
- Regular security audits should be conducted quarterly, with documented results showing no critical vulnerabilities.

Test Outline:
- Review the device's compliance with GDPR and COPPA through documentation and third-party assessments.
- Survey users to evaluate their understanding and satisfaction with the privacy policy.
- Verify the results of security audits to ensure no critical vulnerabilities are present.","The original user story was clear but lacked measurable criteria and specific details regarding compliance and security measures. The improved version enhances clarity by specifying regulatory compliance, measurable acceptance criteria, and a structured test outline to ensure accountability.","robust (ISO 29148)
that (ISO 29148)",3,4,1.0,3,4,1.0,3,4,1.0,3,5,2.0,4,5,1.0,2,5,3.0,3,4,1.0,—
A2US10Ge,"As a policymaker, I want to explore the potential of wearable-based aggression detection for early intervention programs and violence prevention initiatives in schools and childcare settings.","User Story:
As a policymaker, I want to investigate the effectiveness of wearable technology for detecting aggression in real-time so that I can implement early intervention programs and enhance violence prevention strategies in schools and childcare environments.

Acceptance Criteria:
- A comprehensive report must be generated within 3 months, detailing the feasibility and potential impact of wearable-based aggression detection.
- Pilot programs should be established in at least 3 schools or childcare settings to assess the technology's effectiveness, with a target of reducing reported incidents of aggression by 30% within the first year.
- Feedback from educators and caregivers involved in the pilot programs should indicate a satisfaction rate of 80% or higher regarding the usability and effectiveness of the technology.

Test Outline:
- Review the findings of the comprehensive report to ensure it covers all necessary aspects of the technology's potential.
- Analyze data from pilot programs to measure the reduction in aggression incidents and gather user feedback through surveys.","The original user story was broad and lacked specificity regarding measurable outcomes. The improved version clarifies the policymaker's intent, outlines explicit capabilities, and establishes measurable acceptance criteria and a structured test outline to ensure the effectiveness of the initiative.","it (ISO 29148)
that (ISO 29148)
all (ISO 29148)
can (NASA ARM)",2,4,2.0,2,4,2.0,3,5,2.0,2,5,3.0,3,5,2.0,2,5,3.0,2,5,3.0,—
A3US1Ge,"As a social media platform developer, I want a system that can detect aggressive content on my platform in real-time so that I can promote a safer and more positive user experience.","User Story:
As a social media platform developer, I want to implement a real-time content detection system that identifies aggressive content with at least 95% accuracy so that I can enhance user safety and foster a positive community environment.

Acceptance Criteria:
- The system must detect and flag aggressive content within 1 second of posting for at least 90% of user-generated content.
- The accuracy of the detection algorithm should be validated through a dataset, achieving a minimum of 95% precision and recall.
- User reports of aggressive content should decrease by at least 30% within three months of implementation.

Test Outline:
- Evaluate the system's performance by measuring the time taken to detect and flag content during a controlled testing phase.
- Analyze the accuracy of the detection algorithm using a comprehensive dataset and compare results against manual reviews.","The original user story was clear but lacked specific measurable criteria. The improved version enhances clarity by specifying accuracy rates, response times, and expected outcomes, making it more actionable and aligned with business goals.","that (ISO 29148)
can (NASA ARM)",4,4,0.0,4,4,0.0,5,5,0.0,4,5,1.0,4,5,1.0,3,5,2.0,4,5,1.0,—
A3US2Ge,"As a content moderator, I want a tool that identifies potentially aggressive tweets with high accuracy so that I can prioritize them for review and take appropriate action.","User Story:
As a content moderator, I want an advanced tool that accurately identifies potentially aggressive tweets with at least 95% precision so that I can prioritize them for review and take timely action to maintain a safe online environment.

Acceptance Criteria:
- The tool must achieve a minimum accuracy rate of 95% in identifying aggressive content based on a validated dataset.
- The average processing time for analyzing each tweet should not exceed 1 second.
- Moderators should report a satisfaction rate of 90% or higher regarding the tool's effectiveness in flagging relevant tweets.

Test Outline:
- Evaluate the tool's performance by comparing its identification results against a manually curated set of tweets to measure accuracy.
- Measure the time taken for the tool to analyze a sample of tweets to ensure it meets the 1-second requirement.
- Conduct surveys with moderators to assess their satisfaction with the tool's performance.","The original user story was clear but lacked specific measurable criteria. The improved version enhances clarity by specifying accuracy, processing time, and user satisfaction metrics, making it more actionable and aligned with business goals.","it (ISO 29148)
that (ISO 29148)
timely (NASA ARM)
can (NASA ARM)",4,4,0.0,4,4,0.0,5,5,0.0,4,5,1.0,5,5,0.0,4,5,1.0,4,5,1.0,—
A3US3Ge,"As a researcher studying online behavior, I want access to a system that detects aggression on Twitter in real-time so that I can analyze trends and patterns in online discourse.","User Story:
As a researcher studying online behavior, I want a real-time monitoring system that detects aggressive language on Twitter so that I can analyze trends and patterns in online discourse effectively and contribute to understanding social dynamics.

Acceptance Criteria:
- The system must identify and flag at least 90% of aggressive tweets within 5 seconds of posting.
- The accuracy of aggression detection should be at least 85%, minimizing false positives and negatives.
- The system should provide a comprehensive report of detected aggression trends on a weekly basis, including metrics on frequency and context.

Test Outline:
- Conduct real-time tests to measure the detection speed and accuracy of flagged tweets against a curated dataset of known aggressive content.
- Analyze the weekly reports generated by the system to ensure they meet the specified criteria for comprehensiveness and relevance.","The original user story was clear but lacked specific measurable criteria and a structured approach. The improved version enhances clarity by specifying the researcher's needs, establishing quantifiable acceptance criteria, and outlining a test plan to ensure the system's effectiveness.","that (ISO 29148)
can (NASA ARM)",4,4,0.0,4,4,0.0,5,5,0.0,4,5,1.0,4,5,1.0,3,5,2.0,4,5,1.0,—
A3US4Ge,"As a user who has been targeted by online aggression, I want a platform that can flag aggressive messages so that I can avoid them and report the abuse.","User Story:
As a user who has been targeted by online aggression, I want the platform to automatically flag aggressive messages so that I can easily avoid harmful content and report abusive behavior effectively.

Acceptance Criteria:
- The system must identify and flag at least 95% of aggressive messages using predefined criteria within 1 second of posting.
- Users should receive notifications for flagged messages, with a response time of under 3 seconds for alerts.
- The reporting feature must allow users to submit reports on flagged messages, with a processing time of no more than 5 minutes for review.

Test Outline:
- Conduct tests to evaluate the accuracy of the flagging system by comparing flagged messages against a set of known aggressive content.
- Measure the time taken for notifications to be sent after a message is flagged to ensure it meets the 3-second requirement.","The original user story was clear but lacked measurable criteria and specific performance metrics. The improved version enhances clarity by specifying the user's needs, establishing quantifiable acceptance criteria, and providing a structured test outline to ensure the functionality meets user expectations.","it (ISO 29148)
that (ISO 29148)
can (NASA ARM)
more (NASA ARM)",4,4,0.0,4,4,0.0,5,5,0.0,4,5,1.0,4,5,1.0,3,5,2.0,4,5,1.0,—
A3US5Ge,"As a mental health professional, I want to identify individuals who exhibit aggressive behavior online so that I can offer them support and resources.","User Story:
As a mental health professional, I want to effectively identify individuals displaying aggressive behavior online so that I can provide timely support and appropriate resources to at least 80% of those in need.

Acceptance Criteria:
- The identification system must flag aggressive behavior with a minimum accuracy of 85% to ensure reliable detection.
- The response time for identifying flagged individuals should not exceed 5 seconds.
- At least 70% of identified individuals should engage with the provided support resources within one week of outreach.

Test Outline:
- Evaluate the accuracy of the identification system by comparing flagged cases against a control group of known aggressive behaviors.
- Measure the time taken for the system to flag individuals and ensure it meets the 5-second requirement.
- Track engagement metrics to assess the effectiveness of outreach efforts to those identified.","The original user story was clear but lacked measurable criteria and specific goals. The improved version enhances clarity by specifying quantifiable acceptance criteria and a structured test outline, ensuring a focus on effectiveness and impact.","reliable (ISO 29148)
it (ISO 29148)
that (ISO 29148)
those (ISO 29148)
appropriate (ISO 29148)
timely (NASA ARM)
can (NASA ARM)",3,4,1.0,3,4,1.0,4,5,1.0,3,5,2.0,4,5,1.0,2,5,3.0,3,5,2.0,—
A3US6Ge,"As a brand manager, I want a system that can detect aggressive mentions of my brand on Twitter so that I can address any negativity and protect our reputation.","User Story:
As a brand manager, I want an automated monitoring system that can identify aggressive mentions of my brand on Twitter in real-time so that I can promptly address negativity and safeguard our brand reputation.

Acceptance Criteria:
- The system must detect and flag at least 95% of aggressive mentions within 1 minute of posting.
- It should provide a daily summary report of flagged mentions with sentiment analysis, achieving a minimum accuracy of 90%.
- Users should be able to customize alert settings to receive notifications for specific keywords or phrases related to brand mentions.

Test Outline:
- Test the system's response time by posting aggressive mentions and measuring the time taken to flag them.
- Analyze the daily summary reports for accuracy and completeness against a sample of actual mentions.","The original user story was clear but lacked measurable criteria and specificity. The improved version enhances clarity by detailing the capability, providing explicit acceptance criteria, and outlining a structured test plan to ensure effectiveness.","it (ISO 29148)
that (ISO 29148)
be able to (NASA ARM)
can (NASA ARM)",4,4,0.0,4,4,0.0,5,5,0.0,4,5,1.0,4,5,1.0,3,5,2.0,4,5,1.0,—
A3US7Ge,"As a journalist, I want a tool that helps me identify potential sources of misinformation and disinformation that are spread through aggressive online behavior.","User Story:
As a journalist, I want an advanced tool that enables me to detect and analyze potential sources of misinformation and disinformation propagated through aggressive online behavior so that I can produce accurate reporting and uphold journalistic integrity.

Acceptance Criteria:
- The tool must identify at least 80% of misinformation sources within a 24-hour period after they emerge online.
- It should provide a detailed analysis of the online behavior patterns associated with these sources, with a minimum of 3 key indicators for each identified source.
- User feedback should reflect a satisfaction rate of 90% or higher regarding the tool's effectiveness in enhancing the accuracy of their reporting.

Test Outline:
- Monitor the tool's performance by tracking the number of misinformation sources identified and their accuracy over a month.
- Conduct user surveys to evaluate the perceived effectiveness and usability of the tool in real reporting scenarios.","The original user story was clear but lacked measurable criteria and specific outcomes. The improved version enhances clarity by specifying the tool's capabilities, establishing quantifiable acceptance criteria, and providing a structured test outline to ensure effectiveness.","it (ISO 29148)
that (ISO 29148)
these (ISO 29148)
can (NASA ARM)",2,4,2.0,2,4,2.0,2,5,3.0,2,5,3.0,3,5,2.0,2,5,3.0,2,5,3.0,—
A3US8Ge,"As a law enforcement officer, I want a system that can detect real-time threats of violence or harm made on social media so that I can intervene and prevent potential crimes.","User Story:
As a law enforcement officer, I want a real-time threat detection system for social media that identifies potential violence or harm so that I can take proactive measures to prevent crimes and ensure community safety.

Acceptance Criteria:
- The system must analyze social media posts and flag at least 95% of relevant threats within 5 minutes of posting.
- It should provide actionable alerts to officers with a false positive rate of no more than 5%.
- The system should generate a monthly report detailing the number of threats detected and the response actions taken, with a target of reducing crime incidents by 20% over the next year.

Test Outline:
- Simulate various social media scenarios to evaluate the system's ability to detect and flag threats accurately within the specified time frame.
- Review the alerts generated to assess the false positive rate and ensure it meets the acceptance criteria.","The original user story was clear but lacked measurable criteria and specific outcomes. The improved version enhances clarity by specifying the system's capabilities, establishing quantifiable acceptance criteria, and outlining a test plan to ensure effectiveness in preventing crime.","it (ISO 29148)
that (ISO 29148)
can (NASA ARM)
more (NASA ARM)",4,4,0.0,4,4,0.0,5,5,0.0,4,5,1.0,4,5,1.0,3,5,2.0,4,5,1.0,—
A3US9Ge,"As a developer, I want access to the underlying machine learning model and its training data so that I can integrate this real-time aggression detection framework into other applications.","User Story:
As a developer, I want to gain access to the underlying machine learning model and its training data so that I can seamlessly integrate the real-time aggression detection framework into various applications, enhancing their functionality and user safety.

Acceptance Criteria:
- Access to the machine learning model and training data must be granted within 3 business days of the request.
- Documentation for the model, including usage guidelines and integration examples, should be provided to ensure a smooth implementation process.
- At least 90% of developers who utilize the model should report successful integration within 2 weeks of access.

Test Outline:
- Track the time taken to grant access to the model and data to ensure it meets the 3-day requirement.
- Review the provided documentation for completeness and clarity through developer feedback.
- Conduct follow-up surveys with developers to assess the success rate of integrations and gather insights on any challenges faced.","The original user story was clear but lacked measurable criteria and specific details. The improved version enhances clarity by specifying the role, capability, and business benefits while providing measurable acceptance criteria and a structured test outline.","it (ISO 29148)
that (ISO 29148)
can (NASA ARM)",4,4,0.0,4,4,0.0,5,5,0.0,4,5,1.0,4,5,1.0,3,5,2.0,4,5,1.0,—
A3US10Ge,"As a person concerned about online harassment, I want a browser extension or mobile app that filters out potentially aggressive content from my social media feeds so that I can curate a more positive online experience.","User Story:
As a person concerned about online harassment, I want a browser extension or mobile app that effectively filters out potentially aggressive content from my social media feeds so that I can create a safer and more positive online environment.

Acceptance Criteria:
- The extension/app must identify and filter out at least 85% of aggressive or harmful content based on predefined keywords and user-defined settings.
- Users should be able to customize their filtering preferences, with changes applied in real-time within 3 seconds.
- User satisfaction regarding the effectiveness of the filtering should reach at least 90% in post-implementation surveys.

Test Outline:
- Conduct tests to evaluate the accuracy of the content filtering against a diverse set of social media posts.
- Measure the time taken for the app/extension to apply user-defined settings and confirm real-time updates.
- Gather user feedback through surveys to assess satisfaction levels with the filtering effectiveness.","The original user story was clear but lacked measurable criteria and specific acceptance standards. The improved version enhances clarity by specifying measurable outcomes, user satisfaction goals, and a structured testing approach to ensure the solution's effectiveness.","that (ISO 29148)
be able to (NASA ARM)
can (NASA ARM)
more (NASA ARM)",4,4,0.0,4,4,0.0,5,5,0.0,4,5,1.0,4,5,1.0,3,5,2.0,4,5,1.0,—
A4US1Ge,"As a military leader, I want to leverage AI for improved situational awareness and faster decision-making on the battlefield to gain a tactical advantage.","User Story:
As a military leader, I want to utilize AI technologies to enhance situational awareness and accelerate decision-making processes on the battlefield so that I can achieve a tactical advantage and improve mission outcomes.

Acceptance Criteria:
- AI systems must analyze battlefield data and provide actionable insights within 5 seconds of data collection for at least 90% of scenarios.
- Decision-making time should be reduced by at least 30% compared to traditional methods, allowing for quicker responses to dynamic situations.
- User feedback from military personnel should reflect a satisfaction rate of 85% or higher regarding the effectiveness of AI in improving situational awareness.

Test Outline:
- Simulate battlefield scenarios to measure the time taken for AI systems to process data and deliver insights.
- Compare decision-making times before and after AI implementation to quantify improvements.
- Conduct surveys with military personnel to assess their satisfaction with the AI tools and their impact on operations.",The original user story was well-structured but needed more specificity and measurable criteria. The improved version clarifies the capability and business relevance while providing explicit acceptance criteria and a structured test outline to ensure effectiveness and value.,"that (ISO 29148)
can (NASA ARM)",3,4,1.0,3,4,1.0,4,5,1.0,3,5,2.0,4,5,1.0,2,5,3.0,3,5,2.0,—
A4US2Ge,"As a cybersecurity expert, I want AI tools that can detect and respond to cyberattacks in real-time, protecting critical infrastructure and national security information.","User Story:
As a cybersecurity expert, I want advanced AI tools that can identify and respond to cyberattacks in real-time so that I can safeguard critical infrastructure and protect national security information effectively.

Acceptance Criteria:
- The AI tools must detect 95% of cyber threats within 1 second of occurrence.
- The response system should mitigate identified threats within 5 seconds for at least 90% of incidents.
- The tools should generate a detailed report of detected threats and responses, achieving a 100% reporting accuracy rate.

Test Outline:
- Simulate various cyberattack scenarios to measure the detection speed and accuracy of the AI tools.
- Evaluate the response time and effectiveness of the mitigation strategies during these simulations.
- Review the generated reports for completeness and accuracy against the actual incidents.","The original user story was clear but lacked measurable criteria and specific acceptance metrics. The improved version enhances clarity by specifying the capabilities of the AI tools, outlines explicit business-relevant benefits, and provides measurable acceptance criteria and a structured test outline.","that (ISO 29148)
these (ISO 29148)
can (NASA ARM)",4,4,0.0,4,4,0.0,4,5,1.0,4,5,1.0,4,5,1.0,3,5,2.0,4,5,1.0,—
A4US3Ge,"As an intelligence analyst, I want AI to help me analyze vast amounts of data and identify potential threats and emerging conflicts before they escalate.","User Story:
As an intelligence analyst, I want AI to assist me in processing and analyzing large datasets so that I can proactively identify potential threats and emerging conflicts, reducing response time by at least 30% before they escalate.

Acceptance Criteria:
- The AI system must analyze data and generate actionable insights within 5 minutes for at least 90% of queries.
- The accuracy of threat identification should be at least 85%, verified through historical data comparisons.
- The system should provide a user-friendly interface that allows analysts to customize parameters for data analysis with a satisfaction rate of 90% or higher.

Test Outline:
- Measure the time taken for the AI to process and analyze data for various scenarios to ensure it meets the 5-minute requirement.
- Validate the accuracy of identified threats by cross-referencing with known incidents to confirm the 85% accuracy threshold.
- Conduct user surveys to assess the usability and satisfaction of the interface.","The original user story was clear but lacked measurable criteria and specific outcomes. The improved version enhances clarity by specifying the analyst's needs, quantifying the expected improvements, and providing structured acceptance criteria and test outlines.","it (ISO 29148)
that (ISO 29148)
can (NASA ARM)",2,4,2.0,2,4,2.0,3,4,1.0,2,5,3.0,3,5,2.0,2,5,3.0,2,4,2.0,—
A4US4Ge,"As a diplomat working on crisis management, I want AI to assist in simulating different scenarios and predicting potential outcomes of international negotiations.","User Story:
As a diplomat working on crisis management, I want an AI tool to simulate various negotiation scenarios and predict potential outcomes so that I can make informed decisions and enhance the effectiveness of international negotiations.

Acceptance Criteria:
- The AI must generate at least 5 distinct scenarios based on input parameters within 10 seconds.
- Predictions should include a success probability for each scenario, with an accuracy rate of 85% or higher based on historical data.
- User feedback should reflect a satisfaction rate of 90% or higher regarding the usefulness of the simulations in real-world applications.

Test Outline:
- Test the AI's scenario generation speed and variety by inputting different negotiation parameters and measuring the response time.
- Validate the accuracy of the predictions by comparing them against actual outcomes from past negotiations.","The original user story was clear but lacked measurable criteria and specific details. The improved version enhances clarity by specifying the diplomat's role, the capability of the AI tool, and includes explicit, quantifiable acceptance criteria and a structured test outline.","that (ISO 29148)
can (NASA ARM)",4,4,0.0,4,4,0.0,4,5,1.0,4,5,1.0,4,5,1.0,3,5,2.0,4,5,1.0,—
A4US5Ge,"As a peacekeeper deployed to a conflict zone, I want AI-powered systems that can translate languages in real-time and help me build trust with local communities.","User Story:
As a peacekeeper deployed to a conflict zone, I want access to AI-driven translation systems that can provide real-time language translation so that I can effectively communicate and build trust with local communities, enhancing collaboration and peace efforts.

Acceptance Criteria:
- The translation system must achieve at least 95% accuracy in translating common phrases and terms used in community interactions.
- The system should process translations with a response time of no more than 1 second to facilitate smooth conversations.
- User feedback from peacekeepers should indicate a trust-building effectiveness rate of 80% or higher after utilizing the translation system.

Test Outline:
- Evaluate the accuracy of translations by comparing them against a set of verified translations in various scenarios.
- Measure the response time of the translation system during live interactions to ensure it meets the 1-second requirement.
- Conduct surveys with peacekeepers to assess their experiences and the perceived impact on trust-building with local communities.","The original user story was clear but lacked measurable criteria and specific outcomes. The improved version enhances clarity by specifying the role, capability, and business-relevant benefits, while also providing detailed acceptance criteria and a structured test outline to ensure effectiveness.","it (ISO 29148)
that (ISO 29148)
can (NASA ARM)
more (NASA ARM)",4,4,0.0,4,4,0.0,4,5,1.0,4,5,1.0,4,5,1.0,3,5,2.0,4,5,1.0,—
A4US6Ge,"As a non-proliferation expert, I want AI to analyze data on weapons development and identify potential threats of nuclear or biological weapons proliferation.","User Story:
As a non-proliferation expert, I want an AI system to analyze data related to weapons development and accurately identify potential threats of nuclear or biological weapons proliferation so that I can proactively mitigate risks and enhance global security.

Acceptance Criteria:
- The AI must analyze at least 95% of relevant data sources and provide threat assessments with a minimum accuracy of 90%.
- The system should generate alerts for potential threats within 5 minutes of data analysis completion.
- User feedback should reflect a satisfaction rate of 80% or higher regarding the AI's effectiveness in identifying threats.

Test Outline:
- Validate the AI's analysis by comparing its threat assessments against expert evaluations to ensure accuracy.
- Measure the time taken for the AI to generate alerts after data analysis to confirm it meets the 5-minute requirement.","The original user story was clear but lacked measurable criteria and specific outcomes. The improved version enhances clarity by specifying the role, capability, and business relevance while providing quantifiable acceptance criteria and a structured test outline.","it (ISO 29148)
that (ISO 29148)
can (NASA ARM)",4,4,0.0,4,4,0.0,4,5,1.0,3,5,2.0,4,5,1.0,3,5,2.0,4,5,1.0,—
A4US7Ge,"As a defense contractor, I want to develop AI-powered weapons systems that operate with high precision and minimize civilian casualties.","User Story:
As a defense contractor, I want to design and implement AI-powered weapons systems that achieve a precision rate of at least 95% in targeting to ensure operational effectiveness while minimizing civilian casualties to less than 1% during engagements.

Acceptance Criteria:
- The AI system must demonstrate a targeting accuracy of 95% or higher in controlled testing environments.
- Civilian casualty rates must be tracked and reported, aiming for a maximum of 1% during operational trials.
- The system should undergo rigorous ethical reviews and compliance checks to ensure adherence to international humanitarian laws.

Test Outline:
- Conduct simulations to evaluate the targeting accuracy of the AI-powered systems against a variety of scenarios.
- Analyze operational data to assess civilian casualty rates and ensure they meet the established threshold.","The original user story was clear but lacked measurable criteria and specific goals. The improved version emphasizes precision and casualty minimization with quantifiable acceptance criteria and a structured testing approach, enhancing clarity and accountability.","that (ISO 29148)
less (NASA ARM)",2,4,2.0,1,4,3.0,1,4,3.0,1,5,4.0,2,5,3.0,1,5,4.0,1,4,3.0,—
A4US8Ge,"As a human rights advocate, I want international regulations and ethical guidelines established to prevent the misuse of AI in warfare and ensure accountability for its actions.","User Story:
As a human rights advocate, I want to establish comprehensive international regulations and ethical guidelines for the use of AI in warfare so that we can prevent misuse and ensure accountability for actions taken by AI systems.

Acceptance Criteria:
- A draft of international regulations must be created and reviewed by at least 10 leading human rights organizations within 6 months.
- The guidelines should include specific accountability measures that can be implemented in at least 3 different countries by the end of the year.
- A public awareness campaign should be launched to educate at least 1,000 stakeholders about the ethical implications of AI in warfare within 3 months of guideline publication.

Test Outline:
- Gather feedback from the reviewed organizations to assess the comprehensiveness and effectiveness of the draft regulations.
- Monitor the implementation of accountability measures in the selected countries to ensure compliance with the established guidelines.
- Evaluate the reach and impact of the public awareness campaign through surveys and engagement metrics.","The original user story was clear in intent but lacked measurable criteria and specific outcomes. The improved version clarifies the goals, provides explicit acceptance criteria with quantifiable metrics, and outlines a structured test plan to ensure accountability and effectiveness.","that (ISO 29148)
can (NASA ARM)",2,4,2.0,1,4,3.0,3,5,2.0,2,5,3.0,3,5,2.0,1,5,4.0,2,5,3.0,—
A4US9Ge,"As a citizen concerned about national security, I want transparency from governments regarding the use of AI in military applications to ensure public trust.","User Story:
As a citizen concerned about national security, I want governments to provide clear and accessible information about the deployment of AI in military applications so that I can assess its implications for national security and foster public trust.

Acceptance Criteria:
- Governments must publish detailed reports on AI military applications at least twice a year, outlining their purposes and ethical considerations.
- Transparency initiatives should include public forums or webinars, with a minimum of 3 events per year to engage citizens and address their concerns.
- Surveys conducted post-initiative should show at least a 75% increase in public trust regarding the use of AI in military contexts.

Test Outline:
- Review the frequency and content of published reports to ensure compliance with the biannual requirement.
- Track attendance and engagement levels at public forums to verify the minimum number of events held.
- Analyze survey results to measure changes in public trust before and after transparency initiatives.","The original user story was clear but lacked specific, measurable criteria. The improved version enhances clarity by specifying the need for regular reporting, public engagement, and quantifiable trust metrics, thus strengthening the overall structure.","that (ISO 29148)
can (NASA ARM)",3,4,1.0,2,4,2.0,3,5,2.0,2,5,3.0,3,5,2.0,2,5,3.0,3,5,2.0,—
A4US10Ge,"As a researcher in international security, I want to collaborate with policymakers and military leaders to develop a framework for responsible and cooperative development of AI for international security purposes.","User Story:
As a researcher in international security, I want to engage with policymakers and military leaders to co-create a comprehensive framework for the responsible and collaborative development of AI technologies aimed at enhancing international security.

Acceptance Criteria:
- The framework must be developed through a series of at least 3 collaborative workshops with stakeholders, ensuring diverse input.
- The final document should include measurable guidelines for AI development that address ethical considerations and security implications, with at least 5 key principles outlined.
- A feedback mechanism should be established to gather input from at least 80% of participants on the framework's effectiveness and applicability.

Test Outline:
- Schedule and conduct the collaborative workshops, documenting participation and contributions from all stakeholders.
- Review the final framework against the established guidelines to ensure all criteria are met and principles are clearly defined.
- Implement a survey to assess participant feedback on the framework's clarity and relevance.","The original user story was clear but lacked specificity and measurable criteria. The improved version enhances clarity by specifying the researcher's role, the collaborative process, and includes quantifiable acceptance criteria and a structured test outline to ensure the framework's effectiveness.","that (ISO 29148)
all (ISO 29148)",2,4,2.0,2,4,2.0,3,4,1.0,2,5,3.0,3,5,2.0,2,5,3.0,2,4,2.0,—
A5US1Ge,"As a healthcare staff member, I want to efficiently deliver items using the robot to reduce my workload and improve patient care.","User Story:
As a healthcare staff member, I want to utilize a delivery robot to transport items within the facility so that I can decrease my manual workload by at least 30% and enhance the quality of patient care through timely delivery of supplies.

Acceptance Criteria:
- The robot must successfully complete delivery tasks with a success rate of 95% or higher.
- Delivery times should be reduced by at least 40% compared to manual delivery methods.
- Staff feedback should reflect a satisfaction rate of 90% or higher regarding the efficiency of the robot's performance.

Test Outline:
- Track the success rate of the robot's deliveries over a month to ensure it meets the 95% threshold.
- Measure the time taken for deliveries before and after implementing the robot to confirm a 40% reduction.
- Conduct surveys with healthcare staff to assess their satisfaction with the robot's efficiency.","The original user story was clear but lacked measurable criteria and specific benefits. The improved version emphasizes quantifiable goals, clarifies the capability of the robot, and outlines acceptance criteria and a test plan to ensure the delivery system's effectiveness.","it (ISO 29148)
that (ISO 29148)
timely (NASA ARM)
can (NASA ARM)",4,4,0.0,4,4,0.0,4,5,1.0,4,5,1.0,4,5,1.0,3,5,2.0,4,5,1.0,—
A5US2Ge,"As a lab technician, I want to easily track the location and status of blood and urine samples using the robot to ensure timely processing.","User Story:
As a lab technician, I want to efficiently monitor the location and status of blood and urine samples using the robotic system so that I can ensure timely processing and reduce turnaround time by at least 30%.

Acceptance Criteria:
- The system must provide real-time tracking of sample locations with updates every 5 seconds.
- At least 95% of samples should be accurately tracked without discrepancies in status reporting.
- The average processing time for samples should be reduced to under 60 minutes after implementing the tracking system.

Test Outline:
- Verify the real-time tracking functionality by comparing the system's reported locations against physical sample locations over a defined period.
- Conduct audits on sample status reports to ensure accuracy and consistency with the actual processing status.","The original user story was clear but lacked measurable criteria and specific goals. The improved version enhances clarity by specifying the desired outcomes, measurable acceptance criteria, and a structured test outline to ensure the functionality meets the lab technician's needs.","that (ISO 29148)
every (ISO 29148)
timely (NASA ARM)
can (NASA ARM)",4,4,0.0,4,4,0.0,4,5,1.0,4,5,1.0,4,5,1.0,3,5,2.0,4,5,1.0,—
A5US3Ge,"As a nurse, I want to request and receive deliveries from the robot to optimize my time and improve patient care.","User Story:
As a nurse, I want to efficiently request and receive deliveries from the robotic assistant so that I can save at least 30 minutes per shift and enhance the quality of patient care.

Acceptance Criteria:
- The robot must successfully complete delivery requests within 5 minutes for at least 90% of orders.
- Nurses should report a reduction in time spent on supply retrieval by at least 30% after implementation.
- The system should maintain a 95% accuracy rate in delivering the correct items as requested.

Test Outline:
- Track the time taken for the robot to fulfill delivery requests and calculate the percentage of orders completed within the 5-minute window.
- Conduct surveys with nursing staff to assess the perceived time savings and improvements in patient care quality.","The original user story was clear but lacked measurable criteria and specific benefits. The improved version emphasizes quantifiable outcomes, such as time savings and accuracy rates, while maintaining the focus on enhancing patient care.","that (ISO 29148)
can (NASA ARM)",4,4,0.0,4,4,0.0,4,5,1.0,3,5,2.0,4,5,1.0,3,5,2.0,4,5,1.0,—
A5US4Ge,"As a kitchen staff member, I want to schedule and manage meal deliveries using the robot to streamline kitchen operations.","User Story:
As a kitchen staff member, I want to efficiently schedule and manage meal deliveries using the delivery robot so that I can optimize kitchen operations and reduce delivery times by at least 30%.

Acceptance Criteria:
- The scheduling system must allow staff to set delivery times with a success rate of 95% for on-time deliveries.
- The robot should be able to handle at least 10 deliveries per hour without errors.
- Staff should report a 90% satisfaction rate regarding the ease of use of the scheduling interface.

Test Outline:
- Track the percentage of on-time deliveries over a week to ensure it meets the 95% target.
- Measure the number of deliveries completed by the robot within an hour to confirm it meets the 10 deliveries per hour requirement.
- Conduct user surveys to assess staff satisfaction with the scheduling system.","The original user story was clear but lacked measurable criteria and specific benefits. The improved version enhances clarity by specifying quantifiable goals, ensuring the story is actionable and focused on business outcomes.","it (ISO 29148)
that (ISO 29148)
be able to (NASA ARM)
can (NASA ARM)",4,4,0.0,4,4,0.0,4,5,1.0,4,5,1.0,4,5,1.0,3,5,2.0,4,5,1.0,—
A5US5Ge,"As a patient, I want to receive my meals promptly and accurately delivered by the robot to enhance my hospital stay.","User Story:
As a patient, I want my meals to be delivered by a robot accurately and within 15 minutes of the scheduled time so that I can enjoy my meals without unnecessary delays, improving my overall hospital experience.

Acceptance Criteria:
- The robot must deliver meals within 15 minutes of the scheduled delivery time for at least 90% of orders.
- Meal accuracy, including correct items and dietary specifications, should be maintained at 98% or higher.
- Patient satisfaction regarding meal delivery should reach a minimum of 85% based on post-delivery surveys.

Test Outline:
- Track the delivery times of meals over a week to ensure compliance with the 15-minute requirement.
- Conduct audits on meal accuracy by comparing delivered items against orders.
- Distribute satisfaction surveys to patients after meal deliveries to gauge their experience.","The original user story was clear but lacked measurable criteria and specificity. The improved version enhances clarity by defining precise delivery times, accuracy rates, and satisfaction metrics, making it more actionable and focused on the patient's experience.","that (ISO 29148)
can (NASA ARM)",4,4,0.0,4,4,0.0,4,5,1.0,4,5,1.0,4,5,1.0,3,5,2.0,4,5,1.0,—
A5US6Ge,"As a resident, I want to have a positive and easy-to-use experience interacting with the delivery robot.","User Story:
As a resident, I want to interact with the delivery robot in a user-friendly manner so that I can receive my deliveries smoothly and enjoy a seamless experience.

Acceptance Criteria:
- The delivery robot must respond to user commands with a success rate of at least 95%.
- Interaction with the robot should take no longer than 3 seconds from the time a command is given to the robot's response.
- User satisfaction surveys should reflect a positive experience rate of 90% or higher regarding the ease of use.

Test Outline:
- Conduct usability tests to measure the success rate of user commands and the response time of the delivery robot.
- Gather user feedback through surveys to assess overall satisfaction with the interaction experience.","The original user story was somewhat vague and lacked measurable criteria. The improved version clarifies the user's intent, specifies clear capabilities, and outlines explicit, quantifiable acceptance criteria and a structured test plan to enhance clarity and focus on user experience.","that (ISO 29148)
can (NASA ARM)",2,4,2.0,2,4,2.0,3,5,2.0,2,5,3.0,3,5,2.0,2,5,3.0,2,5,3.0,—
A5US7Ge,"As a facility manager, I want to monitor the robot's performance and utilization to optimize its effectiveness and identify areas for improvement.","User Story:
As a facility manager, I want to continuously monitor the robot's performance and utilization metrics so that I can enhance its operational efficiency and pinpoint specific areas for improvement.

Acceptance Criteria:
- Performance data must be collected and reported in real-time, with updates occurring at least every 5 minutes.
- Utilization rates should be tracked, aiming for a minimum of 85% operational efficiency during working hours.
- A monthly report should highlight at least three actionable insights for performance enhancement based on the collected data.

Test Outline:
- Implement a dashboard to visualize real-time performance metrics and verify the update frequency.
- Analyze utilization data over a month to ensure it meets the 85% efficiency target.
- Review the monthly report for actionable insights and assess the implementation of suggested improvements.","The original user story was clear but lacked measurable criteria and specific outcomes. The improved version enhances clarity by specifying the frequency of data collection, operational efficiency targets, and actionable insights, thus strengthening the overall INVEST dimensions.","it (ISO 29148)
that (ISO 29148)
every (ISO 29148)
can (NASA ARM)",4,4,0.0,4,4,0.0,4,5,1.0,3,5,2.0,4,5,1.0,3,5,2.0,4,5,1.0,—
A5US8Ge,"As a facility manager, I want to ensure the robot operates safely and securely within the facility.","User Story:
As a facility manager, I want to implement safety and security protocols for the robot's operation within the facility so that I can minimize risks and ensure compliance with safety regulations.

Acceptance Criteria:
- The robot must pass safety compliance checks with a score of 100% during quarterly audits.
- Security protocols should prevent unauthorized access to the robot's control system, achieving a breach rate of 0%.
- User training sessions on robot safety and security must be conducted for all relevant staff, with at least 90% attendance and a post-training satisfaction rate of 85% or higher.

Test Outline:
- Conduct regular safety audits to verify compliance with established safety standards.
- Simulate unauthorized access attempts to test the effectiveness of security protocols.
- Gather feedback from training participants to assess the effectiveness of the training program.","The original user story was too general and lacked measurable criteria. The improved version specifies clear safety and security goals, outlines quantifiable acceptance criteria, and provides a structured test plan to ensure accountability and effectiveness.","that (ISO 29148)
all (ISO 29148)
can (NASA ARM)",2,4,2.0,1,4,3.0,1,5,4.0,1,5,4.0,2,5,3.0,1,5,4.0,1,5,4.0,—
A5US9Ge,"As a facility manager, I want to be able to easily adapt the robot to different areas and tasks within the facility.","User Story:
As a facility manager, I want to seamlessly configure the robot for various areas and tasks within the facility so that I can optimize operations and improve efficiency across different workflows.

Acceptance Criteria:
- The robot must be adaptable to at least 5 different areas and 10 distinct tasks with minimal reconfiguration time of no more than 5 minutes per task.
- User training sessions should demonstrate a 90% proficiency rate among facility staff in adapting the robot to new tasks within one week of implementation.
- The system should log and report the adaptability success rate, aiming for at least 95% successful task adaptations without errors.

Test Outline:
- Test the robot's adaptability by measuring the time taken to reconfigure it for different tasks and areas.
- Conduct user assessments to evaluate proficiency in adapting the robot after training sessions.","The original user story was clear but lacked measurable criteria and specific outcomes. The improved version enhances clarity by specifying the adaptability requirements, quantifying success metrics, and providing a structured test outline to ensure the functionality meets business needs.","it (ISO 29148)
that (ISO 29148)
minimal (ISO 29148)
can (NASA ARM)
more (NASA ARM)",2,4,2.0,2,4,2.0,3,5,2.0,2,5,3.0,3,5,2.0,2,5,3.0,2,5,3.0,—
A5US10Ge,"As the system, I should be able to navigate the facility autonomously and avoid obstacles.","User Story:
As an autonomous system, I want to navigate the facility independently while avoiding obstacles so that I can efficiently perform tasks without human intervention and ensure safety.

Acceptance Criteria:
- The system must successfully navigate through the facility with a minimum obstacle avoidance success rate of 95%.
- The average time taken to complete a designated route should not exceed 3 minutes.
- The system should log and report any obstacles encountered and the actions taken to avoid them, with a report accuracy of 100%.

Test Outline:
- Conduct navigation trials in various facility layouts to measure the obstacle avoidance success rate.
- Time the system's performance on predefined routes to ensure it meets the 3-minute requirement.
- Review the logs generated during navigation to verify the accuracy of obstacle reporting.","The original user story was unclear and lacked measurable criteria. The improved version specifies the system's capabilities, outlines explicit business benefits, and provides clear, quantifiable acceptance criteria and a structured test outline.","it (ISO 29148)
that (ISO 29148)
can (NASA ARM)",1,4,3.0,1,4,3.0,1,4,3.0,1,5,4.0,2,5,3.0,1,5,4.0,1,4,3.0,—
A6US1Ge,"As a driver using ADAS features, I want the system to anticipate my braking intentions and provide smoother and more natural assistance during forward collision avoidance scenarios.","User Story:
As a driver using ADAS features, I want the system to accurately predict my braking intentions so that it can deliver seamless and natural assistance during forward collision avoidance situations, enhancing my safety and driving experience.

Acceptance Criteria:
- The system must detect and respond to braking intentions with a reaction time of less than 0.5 seconds in 95% of scenarios.
- The assistance provided should result in a reduction of collision risk by at least 70% during forward collision avoidance tests.
- User satisfaction regarding the smoothness of assistance should reach a minimum of 90% based on post-drive surveys.

Test Outline:
- Conduct real-world driving tests to measure the system's reaction time to braking intentions.
- Analyze collision avoidance effectiveness through controlled scenarios to ensure a 70% reduction in risk.
- Gather user feedback through surveys after test drives to evaluate satisfaction levels.","The original user story was clear but lacked measurable criteria and specific outcomes. The improved version enhances clarity by specifying the user's role, detailing the capability, and providing explicit, quantifiable acceptance criteria and a structured test outline to ensure the system's effectiveness.","it (ISO 29148)
that (ISO 29148)
can (NASA ARM)
less (NASA ARM)",4,4,0.0,4,4,0.0,4,5,1.0,4,5,1.0,4,5,1.0,3,5,2.0,4,5,1.0,—
A6US2Ge,"As an engineer developing ADAS systems, I want a reliable method to recognize driver intention and driving behavior, allowing for a more personalized and human-like response from the system.","User Story:
As an engineer developing ADAS systems, I want to implement a robust method for accurately recognizing driver intentions and behaviors so that the system can respond in a personalized and human-like manner, enhancing safety and user experience.

Acceptance Criteria:
- The recognition system must achieve at least 95% accuracy in identifying driver intentions based on real-time data analysis.
- The response time for the system to react to identified driver behaviors should be within 1 second.
- User testing should show a satisfaction rate of 90% or higher regarding the system's responsiveness and personalization.

Test Outline:
- Evaluate the accuracy of the recognition method by comparing its outputs against a controlled set of driver behavior scenarios.
- Measure the system's response time during real-world driving conditions to ensure it meets the 1-second requirement.
- Conduct user surveys to assess satisfaction with the system's personalized responses.","The original user story was clear but lacked measurable criteria and specific acceptance standards. The improved version enhances clarity by specifying the role, capability, and business relevance while providing quantifiable acceptance criteria and a structured test outline.","robust (ISO 29148)
it (ISO 29148)
that (ISO 29148)
can (NASA ARM)",4,4,0.0,4,4,0.0,4,4,0.0,4,5,1.0,4,5,1.0,2,5,3.0,4,4,0.0,—
A6US3Ge,"As a safety researcher evaluating ADAS performance, I want to understand how driver intention recognition using Gaussian Mixture Models (GMM) can improve the effectiveness of forward collision avoidance (FCA) and autonomous emergency braking (AEB) systems.","User Story:
As a safety researcher evaluating ADAS performance, I want to analyze the impact of driver intention recognition through Gaussian Mixture Models (GMM) on the performance of Forward Collision Avoidance (FCA) and Autonomous Emergency Braking (AEB) systems so that I can enhance their effectiveness in preventing accidents.

Acceptance Criteria:
- The analysis must demonstrate at least a 20% improvement in the accuracy of driver intention predictions when using GMM compared to traditional methods.
- The implementation of GMM should lead to a reduction in false positive rates for FCA and AEB systems by at least 15%.
- A comprehensive report detailing the findings and recommendations must be completed within 3 months of the project initiation.

Test Outline:
- Conduct comparative studies to evaluate the accuracy of driver intention recognition using GMM versus existing methods.
- Measure the false positive rates of FCA and AEB systems before and after GMM implementation to assess improvements.","The original user story was detailed but lacked measurable criteria and specific outcomes. The improved version clarifies the research focus, specifies quantifiable acceptance criteria, and outlines a structured test plan to ensure the effectiveness of the proposed improvements.","that (ISO 29148)
can (NASA ARM)",3,4,1.0,3,4,1.0,4,5,1.0,3,5,2.0,3,5,2.0,2,5,3.0,3,5,2.0,—
A6US4Ge,"As a car manufacturer integrating ADAS features, I want a cost-effective and efficient method for driver intention recognition that can be implemented and optimized for real-time use in various driving scenarios.","User Story:
As a car manufacturer integrating ADAS features, I want a cost-effective and efficient solution for driver intention recognition that can be deployed and optimized for real-time performance across diverse driving scenarios, ensuring enhanced safety and user experience.

Acceptance Criteria:
- The driver intention recognition system must achieve at least 95% accuracy in identifying driver actions in real-time under various conditions.
- The implementation cost should not exceed $500 per vehicle to maintain cost-effectiveness.
- The system should process and respond to driver intentions within 200 milliseconds to ensure timely interventions.

Test Outline:
- Conduct field tests to evaluate the accuracy of the driver intention recognition system across different driving scenarios and conditions.
- Analyze the cost of implementation per vehicle to ensure it meets the budgetary constraints.
- Measure the response time of the system during real-time tests to confirm it adheres to the 200-millisecond requirement.","The original user story was well-defined but lacked specific measurable criteria and clarity on the business impact. The improved version emphasizes the importance of accuracy, cost-effectiveness, and response time, providing clear acceptance criteria and a structured test outline.","efficient (ISO 29148)
effective (ISO 29148)
it (ISO 29148)
that (ISO 29148)
effective (NASA ARM)
timely (NASA ARM)
can (NASA ARM)",4,4,0.0,4,4,0.0,4,4,0.0,4,5,1.0,5,5,0.0,4,5,1.0,4,4,0.0,—
A6US5Ge,"As a driver concerned about automation dependence, I want clear information and transparency about how the ADAS interprets my driving behavior and when it might intervene.","User Story:
As a driver concerned about automation dependence, I want detailed insights and transparency regarding how the Advanced Driver Assistance Systems (ADAS) analyzes my driving behavior and the specific conditions under which it will intervene, so that I can feel more in control and informed while driving.

Acceptance Criteria:
- The system must provide real-time feedback on driving behavior with at least 95% accuracy in its assessments.
- Users should receive clear notifications about potential interventions at least 3 seconds before any action is taken by the ADAS.
- A comprehensive user guide should be available, detailing the ADAS functionalities and intervention scenarios, with a satisfaction rate of 90% or higher from user surveys.

Test Outline:
- Analyze the accuracy of the driving behavior assessments through a series of driving scenarios and compare them to actual driver actions.
- Measure the notification timing to ensure it meets the 3-second requirement before any ADAS intervention.
- Conduct user surveys to evaluate the clarity and usefulness of the provided information and guide.","The original user story was clear but lacked measurable criteria and specific details. The improved version enhances clarity by specifying the user's concerns, providing measurable acceptance criteria, and outlining a structured test plan to ensure transparency and control.","it (ISO 29148)
that (ISO 29148)
can (NASA ARM)
more (NASA ARM)",4,4,0.0,4,4,0.0,4,5,1.0,3,5,2.0,4,5,1.0,3,5,2.0,4,5,1.0,—
A6US6Ge,"As a human-factors specialist, I want to ensure that driver intention recognition in ADAS prioritizes human control and reduces the potential for automation over-reliance.","User Story:
As a human-factors specialist, I want to enhance driver intention recognition in Advanced Driver Assistance Systems (ADAS) so that human control is prioritized, reducing the risk of over-reliance on automation and improving overall safety.

Acceptance Criteria:
- The system must accurately recognize driver intentions with at least 95% reliability in various driving scenarios.
- User studies should show a reduction in instances of over-reliance on automation by at least 30% after implementing the new recognition features.
- Feedback from drivers should indicate a satisfaction rate of 90% or higher regarding their sense of control while using the system.

Test Outline:
- Conduct controlled driving tests to measure the accuracy of intention recognition against real-world scenarios.
- Analyze user behavior and feedback before and after the implementation to assess changes in reliance on automation.","The original user story was clear but lacked measurable criteria and specific outcomes. The improved version emphasizes the importance of human control, provides quantifiable acceptance criteria, and outlines a structured testing approach to ensure the effectiveness of the enhancements.",that (ISO 29148),3,4,1.0,3,4,1.0,4,5,1.0,3,5,2.0,4,5,1.0,2,5,3.0,3,5,2.0,—
A6US7Ge,"As a data scientist working with driving data, I want access to tools and techniques like GMM for accurate driver behavior classification and prediction.","User Story:
As a data scientist working with driving data, I want access to advanced tools and techniques, such as Gaussian Mixture Models (GMM), so that I can achieve at least 95% accuracy in classifying and predicting driver behavior patterns.

Acceptance Criteria:
- The GMM implementation must demonstrate a classification accuracy of 95% or higher on a validation dataset.
- The system should process and analyze driving data within 5 seconds for real-time insights.
- Documentation and training materials for using GMM should be available to all data scientists within 1 week of implementation.

Test Outline:
- Evaluate the classification accuracy of GMM using a labeled dataset to ensure it meets the 95% threshold.
- Measure the processing time for data analysis to confirm it adheres to the 5-second requirement.
- Review the completeness and clarity of the documentation and training materials through user feedback.","The original user story was clear but lacked measurable criteria and specific performance goals. The improved version enhances clarity by specifying the desired accuracy, processing time, and documentation availability, making it more actionable and aligned with business objectives.","it (ISO 29148)
that (ISO 29148)
all (ISO 29148)
can (NASA ARM)",3,4,1.0,4,4,0.0,4,5,1.0,3,5,2.0,4,5,1.0,2,5,3.0,3,5,2.0,—
A6US8Ge,"As a participant in ADAS testing, I want to feel comfortable and confident in a safe testing environment while providing valuable data on driver intention and behavior.","User Story:
As a participant in ADAS testing, I want to experience a secure and supportive testing environment so that I can confidently provide accurate data on driver intention and behavior, contributing to the development of safer driving technologies.

Acceptance Criteria:
- The testing environment must meet safety standards with 100% compliance to ensure participant security.
- Participants should report a comfort level of at least 90% regarding the testing conditions through post-test surveys.
- Data collected on driver intention and behavior should have a minimum reliability rate of 95% based on participant feedback.

Test Outline:
- Conduct safety audits of the testing environment to verify compliance with established safety standards.
- Administer surveys to participants immediately after testing to assess their comfort levels and gather feedback on the environment.
- Analyze the reliability of the data collected by comparing it against established benchmarks for accuracy.","The original user story was clear but lacked measurable criteria and specific outcomes. The improved version enhances clarity by specifying the desired environment, quantifying acceptance criteria, and providing a structured test outline to ensure the effectiveness of the testing process.","secure (ISO 29148)
it (ISO 29148)
that (ISO 29148)
can (NASA ARM)",3,4,1.0,3,4,1.0,4,5,1.0,3,5,2.0,4,5,1.0,3,5,2.0,3,5,2.0,—
A6US9Ge,"As a regulator overseeing ADAS safety, I want rigorous testing and validation procedures to ensure that driver intention recognition systems are reliable and contribute to overall driving safety.","User Story:
As a regulator overseeing ADAS safety, I want to implement comprehensive testing and validation protocols for driver intention recognition systems so that we can guarantee their reliability and significantly enhance overall driving safety.

Acceptance Criteria:
- Testing protocols must demonstrate a minimum of 95% accuracy in recognizing driver intentions across various driving scenarios.
- Validation procedures should be completed within a 6-month timeframe to ensure timely compliance with safety standards.
- At least 90% of tested systems must pass the rigorous safety assessments without critical failures.

Test Outline:
- Conduct a series of controlled tests to evaluate the accuracy of driver intention recognition under diverse conditions and document the results.
- Review the timeline and outcomes of the validation procedures to ensure they align with the 6-month completion goal.
- Analyze the performance of the systems during safety assessments to confirm that 90% or more meet the required standards.","The original user story was clear but lacked specific measurable criteria and a structured approach. The improved version enhances clarity by specifying the role, capability, and business relevance while providing detailed acceptance criteria and a test outline to ensure accountability and effectiveness.","that (ISO 29148)
timely (NASA ARM)
can (NASA ARM)
more (NASA ARM)",4,4,0.0,4,4,0.0,4,5,1.0,4,5,1.0,5,5,0.0,4,5,1.0,4,5,1.0,—
A6US10Ge,"As a driving instructor, I want educational resources that explain ADAS features and how driver behavior can influence the system's response, promoting responsible use and driver awareness.","User Story:
As a driving instructor, I want access to comprehensive educational resources that detail Advanced Driver Assistance Systems (ADAS) features and illustrate how driver behavior impacts system performance, so that I can effectively promote responsible driving practices and enhance driver awareness.

Acceptance Criteria:
- The resources must cover at least 10 key ADAS features and their functionalities.
- Each resource should include at least 3 real-world scenarios demonstrating the influence of driver behavior on ADAS responses.
- User feedback from at least 80% of instructors should indicate an increase in confidence when teaching ADAS-related topics after utilizing the resources.

Test Outline:
- Review the educational materials to ensure they cover the required number of ADAS features and scenarios.
- Conduct surveys with driving instructors to assess their confidence levels before and after using the resources.","The original user story was clear but lacked measurable criteria and specificity. The improved version enhances clarity by detailing the educational content, establishing quantifiable acceptance criteria, and providing a structured test outline to ensure the resources meet the instructors' needs.","that (ISO 29148)
can (NASA ARM)",4,4,0.0,4,4,0.0,4,5,1.0,4,5,1.0,4,5,1.0,3,5,2.0,4,5,1.0,—
A7US1Ge,"As a young person (high school/college student) concerned about my mental health, I want an anonymous and accessible tool that can help me identify potential signs of mental illness.","User Story:
As a young person (high school/college student) concerned about my mental health, I want an anonymous and easily accessible tool that can help me identify potential signs of mental illness so that I can seek appropriate support and improve my well-being.

Acceptance Criteria:
- The tool must provide a comprehensive assessment that identifies at least 5 key signs of mental illness within 3 minutes of use.
- At least 90% of users should report feeling more informed about their mental health after using the tool.
- The tool should be accessible on both mobile and desktop platforms, with a user satisfaction rate of 85% or higher regarding ease of use.

Test Outline:
- Conduct user testing to measure the time taken to complete the assessment and the accuracy of the identified signs.
- Survey users post-assessment to evaluate their understanding of mental health signs and overall satisfaction with the tool.","The original user story was clear but lacked measurable criteria and specific outcomes. The improved version enhances clarity by specifying the user group, defining measurable acceptance criteria, and providing a structured test outline to ensure the tool's effectiveness.","that (ISO 29148)
appropriate (ISO 29148)
can (NASA ARM)
more (NASA ARM)",4,4,0.0,4,4,0.0,4,5,1.0,4,5,1.0,4,5,1.0,3,5,2.0,4,5,1.0,—
A7US2Ge,"As a working professional experiencing stress, I want a user-friendly app that suggests resources and coping mechanisms based on my responses to a mental health screening.","User Story:
As a working professional experiencing stress, I want a user-friendly mental health app that provides tailored resources and coping strategies based on my responses to a screening questionnaire so that I can effectively manage my stress levels and improve my overall well-being.

Acceptance Criteria:
- The app must analyze user responses and suggest at least 5 relevant resources or coping mechanisms within 3 seconds of completing the screening.
- At least 80% of users should report finding the suggested resources helpful in managing their stress after using the app.
- The app should maintain a user satisfaction rating of 90% or higher regarding its ease of use and effectiveness.

Test Outline:
- Conduct performance tests to measure the time taken to generate suggestions after the screening.
- Implement user surveys to assess the perceived helpfulness of the resources provided and overall satisfaction with the app.","The original user story was clear but lacked measurable criteria and specific outcomes. The improved version enhances clarity by specifying the user's needs, providing quantifiable acceptance criteria, and outlining a structured test plan to ensure the app's effectiveness.","that (ISO 29148)
can (NASA ARM)",4,4,0.0,4,4,0.0,4,5,1.0,4,5,1.0,4,5,1.0,3,5,2.0,4,5,1.0,—
A7US3Ge,"As a mental health professional, I want access to machine learning models that can support early detection of mental illness and inform better treatment decisions.","User Story:
As a mental health professional, I want to access advanced machine learning models that facilitate the early detection of mental illnesses so that I can make informed treatment decisions and improve patient outcomes.

Acceptance Criteria:
- The machine learning models must demonstrate at least 85% accuracy in predicting mental health conditions based on historical patient data.
- The system should provide insights within 5 seconds of inputting patient data to ensure timely decision-making.
- User feedback from mental health professionals should reflect a satisfaction rate of 90% or higher regarding the usefulness of the models in clinical practice.

Test Outline:
- Validate the accuracy of the machine learning models by comparing predictions against actual patient diagnoses over a defined period.
- Measure the response time of the system when processing patient data to ensure it meets the 5-second requirement.
- Conduct surveys with mental health professionals to gather feedback on the effectiveness and usability of the models.","The original user story was clear but lacked measurable criteria and specific acceptance standards. The improved version enhances clarity by specifying the desired capabilities, measurable outcomes, and a structured testing approach to ensure the value of the machine learning models in clinical settings.","it (ISO 29148)
that (ISO 29148)
timely (NASA ARM)
can (NASA ARM)",4,4,0.0,4,4,0.0,4,5,1.0,4,5,1.0,4,5,1.0,3,5,2.0,4,5,1.0,—
A7US4Ge,"As a parent or guardian concerned about a child's mental well-being, I want age-appropriate resources and clear guidance based on the machine learning prediction.","User Story:
As a parent or guardian concerned about a child's mental well-being, I want access to age-appropriate resources and clear guidance derived from machine learning predictions so that I can effectively support my child's emotional health and development.

Acceptance Criteria:
- The system must provide at least 5 tailored resources for each age group based on machine learning analysis of mental health trends.
- Guidance should be updated quarterly to reflect the latest research and insights, ensuring relevance and accuracy.
- User satisfaction surveys should indicate at least an 80% approval rating for the usefulness of the provided resources and guidance.

Test Outline:
- Review the resources provided for various age groups to ensure they meet the specified criteria and are based on machine learning predictions.
- Conduct quarterly assessments to verify that the guidance is updated and relevant, and analyze user feedback for satisfaction ratings.","The original user story was clear but lacked measurable criteria and specificity. The improved version enhances clarity by detailing the user's role, specifying the capability, and providing explicit, quantifiable acceptance criteria and a structured test outline.","that (ISO 29148)
appropriate (ISO 29148)
can (NASA ARM)",4,4,0.0,4,4,0.0,4,5,1.0,3,5,2.0,4,5,1.0,3,5,2.0,4,5,1.0,—
A7US5Ge,"As a data scientist developing the mental health prediction tool, I want access to anonymized data sets and ethical frameworks to ensure responsible development and implementation.","User Story:
As a data scientist developing the mental health prediction tool, I want to access anonymized data sets and established ethical frameworks so that I can develop and implement the tool responsibly, ensuring compliance with data protection regulations.

Acceptance Criteria:
- Access to at least 3 anonymized data sets relevant to mental health must be granted within 5 business days of the request.
- The ethical framework must include guidelines that align with at least 95% of industry best practices for data usage and privacy.
- A review process should be established to evaluate the ethical implications of the tool, with feedback provided within 10 days of submission.

Test Outline:
- Track the time taken to provide access to the requested data sets to ensure compliance with the 5-day requirement.
- Review the ethical framework against industry standards to confirm it meets the specified criteria.
- Conduct a review session to assess the effectiveness of the ethical evaluation process.","The original user story was clear but lacked measurable criteria and specific timelines. The improved version enhances clarity by specifying the role, capability, and business relevance while providing quantifiable acceptance criteria and a structured test outline.","best (ISO 29148)
it (ISO 29148)
that (ISO 29148)
can (NASA ARM)
best (NASA ARM)",4,4,0.0,4,4,0.0,4,5,1.0,4,5,1.0,4,5,1.0,3,5,2.0,4,5,1.0,—
A7US6Ge,"As a user of the mental health prediction tool, I want to be informed about the limitations of the tool and understand that it's not a replacement for professional diagnosis.","User Story:
As a user of the mental health prediction tool, I want to receive clear information about the tool's limitations and understand that it is not a substitute for professional diagnosis so that I can make informed decisions regarding my mental health.

Acceptance Criteria:
- The tool must display a prominent disclaimer outlining its limitations and the importance of consulting a mental health professional, ensuring visibility to at least 95% of users.
- Users should be able to access detailed information about the tool's capabilities and limitations within 3 clicks from the main interface.
- At least 90% of users should report understanding the tool's limitations through a follow-up survey.

Test Outline:
- Review the user interface to ensure the disclaimer is clearly visible and accessible as per the criteria.
- Conduct usability testing to verify that users can find the information about limitations within the specified number of clicks.
- Analyze survey results to assess user comprehension of the tool's limitations.","The original user story was clear but lacked measurable criteria and specific acceptance tests. The improved version enhances clarity by explicitly stating the user's needs, providing quantifiable acceptance criteria, and outlining a structured test plan to ensure understanding of the tool's limitations.","it (ISO 29148)
that (ISO 29148)
be able to (NASA ARM)
can (NASA ARM)",4,4,0.0,4,4,0.0,4,5,1.0,3,5,2.0,4,5,1.0,3,5,2.0,4,5,1.0,—
A7US7Ge,"As a privacy advocate, I want to be assured that the tool protects user data confidentiality and complies with privacy regulations.","User Story:
As a privacy advocate, I want to ensure that the tool guarantees user data confidentiality and adheres to all relevant privacy regulations so that users can trust the platform with their sensitive information.

Acceptance Criteria:
- The tool must implement encryption for all user data both in transit and at rest, achieving a minimum encryption standard of AES-256.
- Compliance audits should be conducted quarterly, with at least 95% adherence to GDPR and CCPA regulations.
- User feedback should reflect a trust score of 90% or higher regarding data privacy and security measures.

Test Outline:
- Verify the encryption methods used by conducting security assessments to confirm compliance with AES-256 standards.
- Review audit reports to ensure quarterly compliance checks are performed and documented.
- Conduct user surveys to measure trust levels concerning data privacy and security.","The original user story was clear but lacked specific, measurable criteria. The improved version enhances clarity by specifying the requirements for data protection, compliance, and user trust, along with measurable acceptance criteria and a structured test outline.","that (ISO 29148)
all (ISO 29148)
can (NASA ARM)",2,4,2.0,2,4,2.0,3,5,2.0,2,5,3.0,3,5,2.0,2,5,3.0,2,5,3.0,—
A7US8Ge,"As a public health official, I want to understand the potential impact of machine learning tools on mental health awareness and access to resources in the community.","User Story:
As a public health official, I want to analyze the potential effects of machine learning tools on enhancing mental health awareness and improving access to resources in the community so that I can implement data-driven strategies that increase community engagement by at least 30% within the next year.

Acceptance Criteria:
- A comprehensive report must be generated that outlines the expected impact of machine learning tools on mental health awareness, with at least 3 measurable outcomes identified.
- The analysis should include a survey of community members, aiming for a response rate of at least 200 participants to gauge awareness and resource accessibility.
- Recommendations for implementing machine learning tools should be provided, with a projected increase in resource utilization by 25% within 6 months of implementation.

Test Outline:
- Review the generated report for clarity and completeness, ensuring it meets the outlined criteria.
- Analyze survey data to confirm the response rate and assess community perceptions regarding mental health resources.","The original user story was too broad and lacked specific, measurable criteria. The improved version clarifies the public health official's goals, specifies measurable outcomes, and outlines a structured approach to assess the impact of machine learning tools on mental health awareness and resource access.","it (ISO 29148)
that (ISO 29148)
can (NASA ARM)",2,4,2.0,2,4,2.0,3,5,2.0,2,5,3.0,3,5,2.0,2,5,3.0,2,5,3.0,—
A7US9Ge,"As a developer of the mobile app for the tool, I want to develop a user-friendly interface that is culturally sensitive and inclusive for diverse target groups.","User Story:
As a developer of the mobile app for the tool, I want to create an intuitive and culturally inclusive user interface so that users from diverse backgrounds can easily navigate and engage with the app, enhancing their overall experience.

Acceptance Criteria:
- The interface must be tested with at least 100 users from various cultural backgrounds to ensure usability and inclusivity.
- User satisfaction ratings should reach at least 90% in post-launch surveys regarding the interface's accessibility and cultural sensitivity.
- The design should incorporate at least 3 different language options and culturally relevant imagery to cater to diverse user groups.

Test Outline:
- Conduct usability testing sessions with a diverse group of participants to gather feedback on the interface's intuitiveness and inclusivity.
- Analyze survey results to measure user satisfaction and identify areas for improvement.","The original user story was somewhat vague and lacked specific, measurable criteria. The improved version clarifies the developer's role, emphasizes the importance of cultural sensitivity, and provides explicit acceptance criteria and a structured test outline to ensure the interface meets diverse user needs.","intuitive (ISO 29148)
that (ISO 29148)
can (NASA ARM)",2,4,2.0,2,4,2.0,3,5,2.0,2,5,3.0,3,5,2.0,2,5,3.0,2,5,3.0,—
A7US10Ge,"As a researcher evaluating the tool, I want transparent reporting on the performance and potential biases of the machine learning algorithms used in mental health prediction.","User Story:
As a researcher evaluating the tool, I want comprehensive and transparent reporting on the performance metrics and potential biases of the machine learning algorithms utilized in mental health predictions so that I can make informed evaluations and recommendations based on reliable data.

Acceptance Criteria:
- The report must include at least 5 key performance indicators (KPIs) such as accuracy, precision, recall, F1 score, and AUC-ROC, with values clearly defined.
- The analysis should identify and quantify any biases present in the algorithms, with a bias detection rate of at least 90%.
- The reporting should be updated quarterly to reflect the latest performance data and bias assessments.

Test Outline:
- Review the generated reports to ensure all specified KPIs are included and accurately calculated.
- Conduct bias analysis using a diverse dataset to verify the detection rate and ensure it meets the 90% threshold.","The original user story was clear but lacked specific measurable criteria and a structured approach. The improved version enhances clarity by specifying the required performance metrics, bias detection goals, and a testing framework to ensure the reporting meets the researcher's needs.","reliable (ISO 29148)
it (ISO 29148)
that (ISO 29148)
all (ISO 29148)
can (NASA ARM)",4,4,0.0,4,4,0.0,4,5,1.0,4,5,1.0,5,5,0.0,4,5,1.0,4,5,1.0,—
A8US1Ge,"As a patient wearing a health monitoring device, I want to be alerted of any potential health issues detected by the anomaly detection system.","User Story:
As a patient wearing a health monitoring device, I want to receive timely alerts for any potential health issues identified by the anomaly detection system so that I can take proactive measures to address my health concerns.

Acceptance Criteria:
- The anomaly detection system must generate alerts for at least 95% of detected anomalies within 1 minute of identification.
- Users should receive notifications through their preferred communication method (e.g., SMS, app notification) with a success rate of 98%.
- User feedback should reflect a satisfaction rate of 90% or higher regarding the clarity and usefulness of the alerts.

Test Outline:
- Monitor the system's performance to ensure alerts are generated within the 1-minute timeframe for a sample of detected anomalies.
- Test the notification delivery system to confirm that alerts are sent successfully to users' preferred methods.
- Conduct user surveys to evaluate the effectiveness and clarity of the alerts received.","The original user story was clear but lacked measurable criteria and specific details. The improved version enhances clarity by specifying the user's needs, establishing quantifiable acceptance criteria, and providing a structured test outline to ensure the functionality meets user expectations.","that (ISO 29148)
timely (NASA ARM)
can (NASA ARM)",4,5,1.0,4,4,0.0,4,5,1.0,4,5,1.0,4,5,1.0,3,5,2.0,4,5,1.0,—
A8US2Ge,"As a caregiver monitoring a patient remotely, I want a clear visualization of the patient's health data with anomalies highlighted for quick intervention.","User Story:
As a caregiver monitoring a patient remotely, I want an intuitive dashboard that visualizes the patient's health data with anomalies clearly highlighted so that I can quickly identify issues and intervene promptly to ensure the patient's well-being.

Acceptance Criteria:
- The dashboard must display health data in real-time with anomalies highlighted within 1 second of detection.
- At least 95% of anomalies should be accurately identified and flagged for caregiver review.
- User feedback should reflect a satisfaction rate of 90% or higher regarding the clarity and usefulness of the visualizations.

Test Outline:
- Monitor the dashboard's performance to ensure anomalies are detected and highlighted within the specified time frame.
- Conduct user surveys to evaluate the effectiveness and clarity of the visualizations in aiding decision-making.","The original user story was clear but lacked measurable criteria and specific details. The improved version enhances clarity by specifying the caregiver's role, the capability of the dashboard, and explicit, quantifiable acceptance criteria along with a structured test outline.","intuitive (ISO 29148)
that (ISO 29148)
can (NASA ARM)",5,4,-1.0,4,4,0.0,4,5,1.0,4,5,1.0,5,5,0.0,4,5,1.0,4,5,1.0,—
A8US3Ge,"As a healthcare provider using smart health data, I want machine learning algorithms like K-means clustering to detect early-stage anomalies that might indicate potential health problems.","User Story:
As a healthcare provider using smart health data, I want to implement machine learning algorithms, such as K-means clustering, to identify early-stage anomalies in patient data so that I can proactively address potential health issues and improve patient outcomes.

Acceptance Criteria:
- The K-means clustering algorithm must achieve at least 85% accuracy in detecting anomalies based on historical health data.
- Anomalies should be flagged within 5 minutes of data input to ensure timely intervention.
- The system should provide a report of detected anomalies with actionable insights for at least 90% of cases analyzed.

Test Outline:
- Validate the accuracy of the K-means clustering algorithm by comparing its anomaly detection results against a labeled dataset.
- Measure the time taken from data input to anomaly detection to ensure it meets the 5-minute requirement.
- Review the generated reports for completeness and actionable insights in a sample of cases.","The original user story was clear but lacked measurable criteria and specific outcomes. The improved version enhances clarity by specifying the role, capability, and business relevance while providing quantifiable acceptance criteria and a structured test outline.","it (ISO 29148)
that (ISO 29148)
timely (NASA ARM)
can (NASA ARM)",5,4,-1.0,4,4,0.0,4,5,1.0,4,5,1.0,5,5,0.0,4,5,1.0,4,5,1.0,—
A8US4Ge,"As a developer of the anomaly detection system, I want to ensure the system can handle the continuous stream of data generated by wearable devices.","User Story:
As a developer of the anomaly detection system, I want to ensure that the system can process and analyze a continuous stream of data from wearable devices in real-time so that we can promptly identify and respond to anomalies, enhancing user safety and experience.

Acceptance Criteria:
- The system must handle a data input rate of at least 1,000 data points per second without performance degradation.
- Anomalies should be detected within 5 seconds of occurrence with a detection accuracy of 95% or higher.
- The system should maintain 99.9% uptime to ensure continuous monitoring and reliability.

Test Outline:
- Simulate a continuous data stream from wearable devices to measure the system's performance and data handling capacity.
- Evaluate the speed and accuracy of anomaly detection through controlled test scenarios that mimic real-world data patterns.","The original user story was clear but lacked specific measurable criteria and business relevance. The improved version enhances clarity by specifying performance metrics, detection accuracy, and system reliability, along with a structured test outline to verify the functionality.","that (ISO 29148)
can (NASA ARM)",4,4,0.0,3,4,1.0,4,5,1.0,3,5,2.0,4,5,1.0,2,5,3.0,3,5,2.0,—
A8US5Ge,"As a data scientist working with health sensor data, I want tools like K-medoids partitioning to improve the accuracy of anomaly detection in identifying unusual health patterns.","User Story:
As a data scientist working with health sensor data, I want to utilize K-medoids partitioning tools to enhance the accuracy of anomaly detection, enabling me to identify unusual health patterns with at least 95% precision.

Acceptance Criteria:
- The K-medoids algorithm must demonstrate an improvement in anomaly detection accuracy by at least 20% compared to the current methods used.
- The processing time for analyzing health sensor data should not exceed 10 seconds for datasets of up to 10,000 records.
- User feedback from data scientists should indicate a satisfaction rate of 90% or higher regarding the effectiveness of the anomaly detection improvements.

Test Outline:
- Compare the accuracy of anomaly detection results before and after implementing K-medoids using a controlled dataset.
- Measure the processing time for various dataset sizes to ensure it meets the specified time criteria.
- Conduct surveys with data scientists to gather feedback on the usability and effectiveness of the new tools.","The original user story was clear but lacked measurable criteria and specific performance goals. The improved version enhances clarity by specifying the role, capability, and business-relevant benefits, while also providing quantifiable acceptance criteria and a structured test outline.",it (ISO 29148),4,4,0.0,4,4,0.0,4,4,0.0,4,5,1.0,4,5,1.0,3,5,2.0,4,4,0.0,—
A8US6Ge,"As a researcher evaluating the system, I want access to performance metrics comparing the effectiveness of K-means and K-medoids for anomaly detection in healthcare data.","User Story:
As a researcher evaluating the system, I want to access detailed performance metrics that compare the effectiveness of K-means and K-medoids algorithms for anomaly detection in healthcare data so that I can make informed decisions on the best method to use for my analyses.

Acceptance Criteria:
- Performance metrics must include precision, recall, and F1-score for both algorithms, with results presented in a comparative format.
- The analysis should be based on a dataset of at least 10,000 records to ensure statistical significance.
- The report must be generated and accessible within 5 seconds of the request.

Test Outline:
- Validate the accuracy of the performance metrics by cross-referencing with established benchmarks in anomaly detection.
- Measure the time taken to generate the report to ensure it meets the 5-second requirement.","The original user story was clear but lacked specific measurable criteria and context. The improved version clarifies the researcher's role, specifies the required metrics, and outlines measurable acceptance criteria and a test plan to enhance clarity and focus on business relevance.","best (ISO 29148)
it (ISO 29148)
that (ISO 29148)
can (NASA ARM)
best (NASA ARM)",4,4,0.0,4,4,0.0,4,5,1.0,4,5,1.0,5,5,0.0,4,5,1.0,4,5,1.0,—
A8US7Ge,"As a system administrator, I want the anomaly detection system to be secure and patient data to be anonymized to protect privacy.","User Story:
As a system administrator, I want the anomaly detection system to implement robust security measures and ensure that patient data is anonymized so that we can protect user privacy and comply with regulatory standards.

Acceptance Criteria:
- The anomaly detection system must encrypt all patient data both at rest and in transit, achieving at least AES-256 encryption standards.
- Anonymization processes should ensure that 100% of patient data is de-identified before analysis, with no identifiable information retrievable.
- Regular security audits must be conducted quarterly, with a goal of identifying and mitigating 95% of potential vulnerabilities.

Test Outline:
- Verify encryption methods used in the system by conducting penetration testing to ensure compliance with AES-256 standards.
- Assess the effectiveness of the anonymization process by attempting to retrieve identifiable information from the de-identified data.
- Review audit reports to confirm that security vulnerabilities are being addressed within the specified timeframe.","The original user story was somewhat vague and lacked specific, measurable criteria. The improved version clarifies the security requirements, specifies quantifiable acceptance criteria, and outlines a structured test plan to ensure compliance and effectiveness.","robust (ISO 29148)
that (ISO 29148)
all (ISO 29148)
can (NASA ARM)",2,4,2.0,2,4,2.0,3,5,2.0,2,5,3.0,3,5,2.0,2,5,3.0,2,5,3.0,—
A8US8Ge,"As a user of the anomaly detection system, I want clear explanations and context about the detected anomalies to aid in understanding their potential significance.","User Story:
As a user of the anomaly detection system, I want to receive detailed explanations and contextual information about detected anomalies so that I can better understand their significance and make informed decisions based on the insights provided.

Acceptance Criteria:
- Each detected anomaly must include a clear explanation that outlines its potential impact, with at least 80% of users finding the information helpful.
- Contextual data related to the anomaly should be provided within 3 seconds of detection.
- User satisfaction regarding the clarity of explanations should reach a minimum of 90% in post-analysis surveys.

Test Outline:
- Review a sample of detected anomalies to ensure that explanations meet the clarity and relevance criteria.
- Measure the time taken to deliver contextual information after an anomaly is detected to confirm it adheres to the 3-second requirement.
- Conduct user surveys to assess satisfaction levels with the explanations provided.","The original user story was clear but lacked measurable criteria and specific acceptance tests. The improved version enhances clarity by specifying the user's needs, establishing quantifiable acceptance criteria, and outlining a structured test plan to ensure the functionality meets user expectations.","it (ISO 29148)
that (ISO 29148)
better (ISO 29148)
can (NASA ARM)
better (NASA ARM)",4,4,0.0,4,4,0.0,4,5,1.0,4,5,1.0,4,5,1.0,3,5,2.0,4,5,1.0,—
A8US9Ge,"As a healthcare provider utilizing the system, I want the ability to adjust anomaly detection thresholds based on the patient's specific medical history and needs.","User Story:
As a healthcare provider utilizing the system, I want to customize anomaly detection thresholds according to each patient's unique medical history and requirements so that I can enhance the accuracy of alerts and improve patient care outcomes.

Acceptance Criteria:
- Providers must be able to adjust thresholds for anomaly detection within 3 clicks in the user interface.
- The system should allow for at least 5 different threshold settings per patient, tailored to their medical history.
- Anomaly detection accuracy should improve by at least 20% after implementing customized thresholds, as measured by follow-up evaluations.

Test Outline:
- Test the user interface to ensure that threshold adjustments can be made within the specified number of clicks.
- Evaluate the effectiveness of the customized thresholds by comparing the accuracy of alerts before and after adjustments.","The original user story was clear but lacked measurable criteria and specific benefits. The improved version emphasizes the healthcare provider's capability, outlines explicit acceptance criteria, and provides a structured test plan to ensure the feature's effectiveness.","that (ISO 29148)
be able to (NASA ARM)
can (NASA ARM)",4,4,0.0,4,4,0.0,4,5,1.0,4,5,1.0,4,5,1.0,3,5,2.0,4,5,1.0,—
A8US10Ge,"As a patient advocate, I want to be assured that the anomaly detection system is constantly monitored and improved to minimize false alarms and ensure timely detection of real health concerns.","User Story:
As a patient advocate, I want the anomaly detection system to be continuously monitored and enhanced so that false alarms are reduced to less than 5% and real health concerns are detected within 1 hour, ensuring patient safety and timely intervention.

Acceptance Criteria:
- The system must maintain a false alarm rate of less than 5% over a 30-day period.
- Real health anomalies should be detected and flagged within 1 hour of occurrence for at least 95% of cases.
- Monthly performance reports should be generated to track improvements and identify areas for further enhancement.

Test Outline:
- Analyze the system's performance data over a month to verify the false alarm rate.
- Simulate health anomalies to test the detection time and ensure it meets the 1-hour requirement.
- Review monthly reports to assess the effectiveness of monitoring and improvement efforts.","The original user story was clear but lacked specific, measurable criteria. The improved version strengthens the focus on measurable outcomes, clarifies the capability, and emphasizes the business relevance of timely health interventions.","it (ISO 29148)
that (ISO 29148)
timely (NASA ARM)
less (NASA ARM)",4,4,0.0,4,4,0.0,4,5,1.0,4,5,1.0,4,5,1.0,3,5,2.0,4,5,1.0,—
A9US1Ge,"As a doctor diagnosing heart disease, I want a fast and accurate prediction tool that can handle missing data in patient records.","User Story:
As a doctor diagnosing heart disease, I want a rapid and precise prediction tool for diagnosing heart disease that can effectively manage and interpret missing data in patient records so that I can make informed decisions and improve patient outcomes.

Acceptance Criteria:
- The prediction tool must provide results within 5 seconds for at least 90% of cases.
- The accuracy of the predictions should be at least 95%, even when up to 30% of patient data is missing.
- User feedback should reflect a satisfaction rate of 90% or higher regarding the tool's usability and effectiveness in clinical settings.

Test Outline:
- Measure the response time of the prediction tool across various patient records to ensure it meets the 5-second requirement.
- Validate the accuracy of predictions by comparing them against confirmed diagnoses in a sample set with missing data.
- Conduct user surveys to assess satisfaction with the tool's performance and ease of use.","The original user story was clear but lacked specificity and measurable criteria. The improved version enhances clarity by defining the role, capability, and business relevance while providing explicit acceptance criteria and a structured test outline.","it (ISO 29148)
that (ISO 29148)
can (NASA ARM)",4,4,0.0,4,4,0.0,4,5,1.0,4,5,1.0,5,5,0.0,4,5,1.0,4,5,1.0,—
A9US2Ge,"As a researcher developing clinical decision support systems, I want to explore machine learning techniques like Fuzzy SVM for improved heart disease diagnosis.","User Story:
As a researcher developing clinical decision support systems, I want to investigate and implement machine learning techniques, specifically Fuzzy Support Vector Machines (SVM), to enhance the accuracy of heart disease diagnoses so that we can improve patient outcomes and reduce misdiagnosis rates.

Acceptance Criteria:
- The implementation of Fuzzy SVM should demonstrate at least a 15% improvement in diagnostic accuracy compared to traditional methods.
- The model must be validated using a dataset of at least 1,000 patient records to ensure reliability and generalizability.
- The research findings should be presented in a peer-reviewed journal within 12 months of the project initiation.

Test Outline:
- Compare the diagnostic accuracy of Fuzzy SVM against traditional methods using statistical analysis on the validation dataset.
- Track the timeline of the research process to ensure the findings are submitted for publication within the specified timeframe.","The original user story was clear but lacked measurable criteria and specific outcomes. The improved version enhances clarity by specifying the role, capability, and business relevance while providing quantifiable acceptance criteria and a structured test outline.","that (ISO 29148)
can (NASA ARM)",3,4,1.0,2,4,2.0,3,5,2.0,2,5,3.0,3,5,2.0,1,5,4.0,2,5,3.0,—
A9US3Ge,"As a healthcare administrator, I am concerned about the computational cost of diagnostic tools. I want a system that uses incremental learning to reduce processing time for heart disease prediction.","User Story:
As a healthcare administrator, I want a diagnostic system that employs incremental learning techniques to minimize the computational costs and processing time for heart disease predictions so that we can enhance efficiency and improve patient outcomes.

Acceptance Criteria:
- The system should reduce the average processing time for heart disease predictions by at least 40% compared to the current method.
- The computational cost should decrease by a minimum of 30% while maintaining prediction accuracy of 90% or higher.
- The system must handle at least 1000 patient records simultaneously without degradation in performance.

Test Outline:
- Measure the processing time for heart disease predictions before and after implementing incremental learning to ensure a 40% reduction.
- Analyze the computational costs associated with the new system and compare them to the previous method to confirm a 30% decrease.
- Conduct load testing with 1000 patient records to verify that the system maintains performance standards.","The original user story was clear but lacked specific, measurable criteria. The improved version clarifies the capability and business relevance while providing explicit acceptance criteria and a structured test outline to ensure the system meets the desired outcomes.","that (ISO 29148)
can (NASA ARM)",4,4,0.0,4,4,0.0,4,5,1.0,4,5,1.0,4,5,1.0,3,5,2.0,4,5,1.0,—
A9US4Ge,"As a data scientist working with medical datasets, I want tools like Principal Component Analysis (PCA) and Self-Organizing Maps (SOM) to help me pre-process and analyze data for heart disease diagnosis.","User Story:
As a data scientist working with medical datasets, I want to utilize advanced tools such as Principal Component Analysis (PCA) and Self-Organizing Maps (SOM) so that I can effectively pre-process and analyze data, improving the accuracy of heart disease diagnosis by at least 15%.

Acceptance Criteria:
- The PCA tool must reduce the dimensionality of the dataset while retaining at least 85% of the variance.
- The SOM should cluster the data into meaningful groups with a minimum of 90% accuracy in identifying patterns related to heart disease.
- The analysis should lead to a measurable improvement in diagnostic accuracy, verified through comparison with previous methods.

Test Outline:
- Validate the PCA results by checking the variance retained after dimensionality reduction.
- Assess the clustering effectiveness of the SOM by comparing the identified patterns against known outcomes in the dataset.
- Conduct a diagnostic accuracy test before and after implementing these tools to quantify the improvement.","The original user story was clear but lacked measurable criteria and specific outcomes. The improved version enhances clarity by specifying the role, tools, and explicit business benefits, along with detailed acceptance criteria and a structured test outline to ensure effectiveness.","that (ISO 29148)
these (ISO 29148)
can (NASA ARM)",4,4,0.0,4,4,0.0,4,5,1.0,4,5,1.0,4,5,1.0,3,5,2.0,4,5,1.0,—
A9US5Ge,"As a patient undergoing a heart disease diagnosis, I want to be assured that the tools used are accurate and up-to-date with the latest medical data.","User Story:
As a patient undergoing a heart disease diagnosis, I want to be confident that the diagnostic tools utilized are both accurate and aligned with the latest medical guidelines so that I can receive reliable assessments and appropriate treatment recommendations.

Acceptance Criteria:
- The diagnostic tools must demonstrate an accuracy rate of at least 95% based on clinical validation studies.
- All tools should be updated to reflect the latest medical data and guidelines within 6 months of their release.
- Patients should receive a summary report detailing the tools used and their validation status, with a satisfaction rate of 90% or higher regarding the clarity of this information.

Test Outline:
- Review clinical validation studies to confirm the accuracy rates of the diagnostic tools.
- Audit the update process for the tools to ensure compliance with the 6-month guideline.
- Conduct patient surveys to assess their understanding and satisfaction with the information provided about the diagnostic tools.","The original user story was clear but lacked measurable criteria and specific outcomes. The improved version enhances clarity by specifying the accuracy requirements, update timelines, and patient communication, along with measurable acceptance criteria and a structured test outline.","reliable (ISO 29148)
this (ISO 29148)
that (ISO 29148)
appropriate (ISO 29148)
all (ISO 29148)
can (NASA ARM)",4,4,0.0,4,4,0.0,4,5,1.0,3,5,2.0,4,5,1.0,3,5,2.0,4,5,1.0,—
A9US6Ge,"As a developer of the heart disease prediction system, I want the ability to continuously update the model with new patient data using incremental learning techniques.","User Story:
As a developer of the heart disease prediction system, I want to implement incremental learning techniques to continuously update the predictive model with new patient data so that the model remains accurate and relevant, improving prediction accuracy by at least 15% over time.

Acceptance Criteria:
- The model must be able to integrate new patient data and update its parameters within 5 minutes of data acquisition.
- The accuracy of the model should be evaluated and improved by at least 15% after each update cycle.
- The system should maintain a log of updates, showing at least 90% of updates successfully processed without errors.

Test Outline:
- Measure the time taken for the model to update with new data to ensure it meets the 5-minute requirement.
- Conduct accuracy assessments before and after updates to verify the 15% improvement.
- Review the update logs to confirm that at least 90% of updates were processed successfully.","The original user story was clear but lacked measurable criteria and specific benefits. The improved version emphasizes the capability of the model, quantifies the expected improvements, and provides structured acceptance criteria and a test outline to ensure clarity and focus on business value.","it (ISO 29148)
that (ISO 29148)
improved (ISO 29148)
be able to (NASA ARM)
improved (NASA ARM)",5,4,-1.0,4,4,0.0,4,5,1.0,4,5,1.0,5,5,0.0,4,5,1.0,4,5,1.0,—
A9US7Ge,"As a healthcare provider using the system, I want clear explanations and visualizations of the model's predictions, along with information about the confidence level of the diagnosis.","User Story:
As a healthcare provider using the system, I want to receive detailed explanations and visual representations of the model's predictions, along with the confidence levels associated with each diagnosis, so that I can make informed clinical decisions and enhance patient care.

Acceptance Criteria:
- The system must provide explanations for model predictions that are understandable to healthcare professionals in 90% of cases.
- Visualizations of predictions should be generated within 3 seconds for at least 95% of requests.
- Confidence levels for each diagnosis must be displayed, with a minimum threshold of 80% confidence for actionable insights.

Test Outline:
- Evaluate the clarity of explanations through user feedback sessions with healthcare providers to ensure they meet the 90% comprehension rate.
- Measure the time taken to generate visualizations and confirm that 95% of requests are fulfilled within the 3-second limit.
- Review the accuracy of confidence levels displayed against actual outcomes to ensure they meet the 80% threshold.","The original user story was clear but lacked measurable criteria and specific acceptance standards. The improved version enhances clarity by specifying the healthcare provider's needs, establishing quantifiable acceptance criteria, and outlining a structured test plan to ensure the functionality meets professional standards.","that (ISO 29148)
can (NASA ARM)",4,4,0.0,4,4,0.0,4,5,1.0,4,5,1.0,5,5,0.0,4,5,1.0,4,5,1.0,—
A9US8Ge,"As a system administrator, I want the heart disease prediction system to be secure and compliant with patient data privacy regulations.","User Story:
As a system administrator, I want the heart disease prediction system to be fully secure and compliant with HIPAA and GDPR regulations so that patient data is protected and trust in the system is maintained.

Acceptance Criteria:
- The system must undergo a security audit at least once every six months to ensure compliance with relevant data privacy regulations.
- All patient data must be encrypted both in transit and at rest, achieving a minimum encryption standard of AES-256.
- User access controls must be implemented, ensuring that at least 99% of unauthorized access attempts are blocked.

Test Outline:
- Conduct regular security audits and document findings to verify compliance with HIPAA and GDPR.
- Test the encryption methods used for patient data to confirm they meet the AES-256 standard.
- Monitor access logs to evaluate the effectiveness of user access controls and unauthorized access attempts.","The original user story was clear but lacked specific, measurable criteria. The improved version enhances clarity by specifying compliance standards, measurable acceptance criteria, and a structured test outline to ensure security and privacy.","secure (ISO 29148)
that (ISO 29148)
all (ISO 29148)
every (ISO 29148)",2,4,2.0,2,4,2.0,2,5,3.0,2,5,3.0,3,5,2.0,2,5,3.0,2,5,3.0,—
A9US9Ge,"As a user of the system, I want a user-friendly interface that allows me to easily input patient data and receive clear results.","User Story:
As a user of the system, I want an intuitive interface that enables me to efficiently input patient data and receive clear, actionable results so that I can enhance patient care and streamline my workflow.

Acceptance Criteria:
- The interface must allow data entry to be completed within 3 minutes for a standard patient profile.
- At least 90% of users should report that the interface is easy to navigate in user satisfaction surveys.
- The system should generate clear results within 5 seconds of data submission for at least 95% of cases.

Test Outline:
- Conduct time trials to measure the duration taken to input patient data and ensure it meets the 3-minute requirement.
- Administer user satisfaction surveys to assess the ease of navigation and clarity of results.
- Monitor the response time for result generation to confirm it adheres to the 5-second standard.","The original user story was somewhat vague and lacked measurable criteria. The improved version specifies the user's role, clarifies the capability, and outlines explicit, quantifiable acceptance criteria and a structured test outline to enhance clarity and focus on business value.","easy (ISO 29148)
intuitive (ISO 29148)
it (ISO 29148)
that (ISO 29148)
easy to (NASA ARM)
can (NASA ARM)",2,4,2.0,2,4,2.0,3,5,2.0,2,5,3.0,4,5,1.0,2,5,3.0,3,5,2.0,—
A9US10Ge,"As a researcher evaluating the system, I want access to performance metrics and detailed results to assess the effectiveness of the incremental learning approach in heart disease diagnosis.","User Story:
As a researcher evaluating the system, I want to access comprehensive performance metrics and detailed results so that I can rigorously assess the effectiveness of the incremental learning approach in diagnosing heart disease.

Acceptance Criteria:
- The system must provide performance metrics, including accuracy, sensitivity, and specificity, with at least 95% reliability in reporting.
- Detailed results should be available for at least 100 test cases to ensure a robust evaluation.
- The data should be exportable in a standard format (e.g., CSV or JSON) within 1 minute of request.

Test Outline:
- Verify the accuracy of the performance metrics by cross-referencing with known outcomes from the test cases.
- Test the export functionality to ensure that the data is correctly formatted and accessible within the specified time frame.","The original user story was clear but lacked specific measurable criteria and details. The improved version enhances clarity by specifying the types of metrics needed, the volume of data for evaluation, and the format for data export, thus strengthening the overall INVEST dimensions.","robust (ISO 29148)
that (ISO 29148)
can (NASA ARM)",4,4,0.0,4,4,0.0,4,5,1.0,4,5,1.0,5,5,0.0,4,5,1.0,4,5,1.0,—
A10US1Ge,"As a person with type 1 diabetes, I want a tool that can predict potential drops in my blood sugar levels 30 minutes in advance so I can take preventative action and avoid hypoglycemia.","User Story:
As a person with type 1 diabetes, I want a predictive tool that can forecast potential drops in my blood sugar levels at least 30 minutes in advance so that I can proactively take action to prevent hypoglycemia and maintain my health.

Acceptance Criteria:
- The tool must accurately predict blood sugar drops with at least 85% accuracy based on historical data.
- Users should receive alerts at least 30 minutes before a predicted drop, allowing sufficient time for intervention.
- The system should reduce the incidence of hypoglycemic events by at least 20% within the first three months of use.

Test Outline:
- Validate the accuracy of predictions by comparing forecasted drops against actual blood sugar readings over a defined period.
- Monitor user feedback to assess the effectiveness and timeliness of alerts in preventing hypoglycemic events.","The original user story was clear but could benefit from more specificity and measurable criteria. The improved version enhances clarity by explicitly stating the user's health context, defining measurable acceptance criteria, and providing a structured test outline to ensure the tool's effectiveness.","that (ISO 29148)
can (NASA ARM)",4,4,0.0,4,4,0.0,4,5,1.0,4,5,1.0,5,5,0.0,4,5,1.0,4,5,1.0,—
A10US2Ge,"As a caregiver for someone with diabetes, I want a system that can alert me when their blood sugar is about to drop so I can assist them in taking corrective measures.","User Story:
As a caregiver for someone with diabetes, I want a monitoring system that alerts me when their blood sugar levels are projected to drop below 70 mg/dL so that I can intervene promptly and help them take necessary corrective actions.

Acceptance Criteria:
- The system must provide alerts at least 5 minutes before the blood sugar level is expected to drop below 70 mg/dL with 95% accuracy.
- Alerts should be delivered via both mobile notifications and audible alarms to ensure timely response.
- The system should log all alerts and interventions, allowing for a review of at least 30 days of data.

Test Outline:
- Simulate various blood sugar level scenarios to verify the accuracy and timing of alerts.
- Review the alert logs to ensure all notifications are recorded and assess the effectiveness of caregiver interventions.","The original user story was clear but lacked specific measurable criteria and details. The improved version enhances clarity by specifying the blood sugar threshold, the accuracy of alerts, and the methods of notification, while also providing a structured test outline.","that (ISO 29148)
all (ISO 29148)
timely (NASA ARM)
can (NASA ARM)",5,4,-1.0,4,4,0.0,4,5,1.0,4,5,1.0,5,5,0.0,4,5,1.0,4,5,1.0,—
A10US3Ge,"As a doctor treating patients with diabetes, I want a tool that can help me personalize insulin dosing recommendations based on real-time blood glucose predictions.","User Story:
As a doctor treating patients with diabetes, I want an advanced tool that delivers personalized insulin dosing recommendations based on real-time blood glucose predictions so that I can enhance patient outcomes and reduce the risk of complications.

Acceptance Criteria:
- The tool must provide insulin dosing recommendations with at least 95% accuracy based on real-time blood glucose data.
- Recommendations should be generated within 3 seconds of receiving blood glucose readings to ensure timely decision-making.
- User feedback from at least 80% of doctors should indicate improved patient management and satisfaction with the tool's recommendations.

Test Outline:
- Validate the accuracy of dosing recommendations by comparing them against clinical guidelines and patient outcomes over a defined period.
- Measure the response time of the tool to ensure it meets the 3-second requirement during peak usage scenarios.
- Conduct surveys with healthcare providers to assess their satisfaction and perceived effectiveness of the tool in managing patient care.","The original user story was clear but lacked measurable criteria and specific details about the expected outcomes. The improved version enhances clarity by specifying the role, capability, and business relevance while providing quantifiable acceptance criteria and a structured test outline.","it (ISO 29148)
that (ISO 29148)
improved (ISO 29148)
timely (NASA ARM)
can (NASA ARM)
improved (NASA ARM)",5,4,-1.0,4,4,0.0,4,5,1.0,4,5,1.0,5,5,0.0,4,5,1.0,4,5,1.0,—
A10US4Ge,"As a researcher studying diabetes management, I want to explore the potential of using this model to improve the overall health outcomes for people with diabetes.","User Story:
As a researcher studying diabetes management, I want to investigate the effectiveness of this model in enhancing health outcomes for individuals with diabetes so that I can provide evidence-based recommendations that lead to at least a 20% improvement in patient health metrics.

Acceptance Criteria:
- The study must include a sample size of at least 200 participants to ensure statistical significance.
- Health outcomes should be measured using specific metrics, such as HbA1c levels, with a target reduction of 1% or more over a 6-month period.
- A follow-up survey should indicate that at least 75% of participants report improved management of their diabetes symptoms.

Test Outline:
- Analyze the health data collected from participants before and after implementing the model to assess changes in HbA1c levels.
- Conduct participant surveys to evaluate their perceived improvements in diabetes management and overall health.","The original user story was too broad and lacked measurable criteria. The improved version specifies the researcher's role, clarifies the capability, and outlines explicit, quantifiable acceptance criteria and a structured test outline to enhance clarity and focus on business relevance.","this (ISO 29148)
that (ISO 29148)
improved (ISO 29148)
can (NASA ARM)
improved (NASA ARM)
more (NASA ARM)",3,5,2.0,2,4,2.0,2,5,3.0,2,5,3.0,3,5,2.0,2,5,3.0,2,5,3.0,—
A10US5Ge,"As a developer of diabetes management apps, I want to integrate this prediction model into my app to provide users with more actionable insights into their blood sugar levels.","User Story:
As a developer of diabetes management apps, I want to seamlessly integrate a predictive model into my app so that users can receive actionable insights regarding their blood sugar levels, ultimately improving their health management.

Acceptance Criteria:
- The predictive model must provide insights with at least 85% accuracy based on historical blood sugar data.
- Users should receive notifications for actionable insights within 5 seconds of data input.
- At least 70% of users should report improved understanding of their blood sugar patterns after using the feature.

Test Outline:
- Validate the accuracy of the predictive model by comparing its outputs against actual blood sugar levels over a defined period.
- Measure the time taken for the app to generate and deliver insights after user data input.
- Conduct user surveys to assess the perceived value and understanding of blood sugar patterns post-integration.","The original user story was clear but lacked measurable criteria and specific acceptance metrics. The improved version enhances clarity by specifying the developer's role, the capability of the integration, and the business-relevant benefits, along with detailed acceptance criteria and a structured test outline.","that (ISO 29148)
improved (ISO 29148)
can (NASA ARM)
improved (NASA ARM)",4,5,1.0,4,4,0.0,4,5,1.0,4,5,1.0,4,5,1.0,3,5,2.0,4,5,1.0,—
A10US6Ge,"As a health insurance provider, I want to see if this model can be used to reduce the risk of complications and hospitalizations for people with diabetes.","User Story:
As a health insurance provider, I want to evaluate the effectiveness of this model in reducing complications and hospitalizations for diabetic patients so that we can improve patient outcomes and lower healthcare costs.

Acceptance Criteria:
- The model should demonstrate a reduction in hospitalization rates for diabetic patients by at least 20% within the first year of implementation.
- A minimum of 75% of participating patients should show improved health metrics, such as HbA1c levels, within 6 months.
- Cost analysis should indicate a decrease in overall healthcare expenditures related to diabetes management by at least 15% over the same period.

Test Outline:
- Analyze hospitalization data before and after implementing the model to measure the reduction in rates.
- Conduct health assessments on participating patients to track changes in key health metrics.
- Perform a cost analysis comparing healthcare expenditures before and after the model's implementation.","The original user story was clear but lacked measurable criteria and specific outcomes. The improved version clarifies the provider's intent, specifies quantifiable acceptance criteria, and outlines a structured test plan to assess the model's effectiveness.","this (ISO 29148)
that (ISO 29148)
improved (ISO 29148)
can (NASA ARM)
improved (NASA ARM)",2,4,2.0,2,4,2.0,2,5,3.0,2,5,3.0,3,5,2.0,2,5,3.0,2,5,3.0,—
A10US7Ge,"As a patient advocate, I want to ensure that this model is accessible and affordable for all people with diabetes, regardless of their socioeconomic background.","User Story:
As a patient advocate, I want to guarantee that this diabetes management model is both accessible and affordable for all individuals, regardless of their socioeconomic status, so that we can improve health outcomes and reduce disparities in diabetes care.

Acceptance Criteria:
- The model must be available to at least 90% of the target population, including low-income individuals, within 6 months of launch.
- The cost of participation should not exceed 10% of the average monthly income for individuals in the lowest income bracket.
- User satisfaction surveys should reflect an 85% approval rating regarding accessibility and affordability.

Test Outline:
- Analyze demographic data to ensure the model reaches the specified percentage of the target population.
- Conduct a cost analysis to verify that the participation fee aligns with the income criteria.
- Implement user surveys to gather feedback on accessibility and affordability, measuring satisfaction rates.","The original user story was clear but lacked measurable criteria and specific outcomes. The improved version emphasizes the importance of accessibility and affordability, provides quantifiable acceptance criteria, and outlines a structured testing approach to ensure the model meets its goals.","this (ISO 29148)
that (ISO 29148)
all (ISO 29148)
can (NASA ARM)",2,4,2.0,2,4,2.0,3,5,2.0,2,5,3.0,3,5,2.0,2,5,3.0,2,5,3.0,—
A10US8Ge,"As a regulatory body, I want to evaluate the safety and effectiveness of this model before it is widely adopted for clinical use.","User Story:
As a regulatory body, I want to thoroughly assess the safety and effectiveness of this model prior to its widespread clinical adoption so that we can ensure patient safety and compliance with health standards.

Acceptance Criteria:
- A comprehensive evaluation report must be completed within 60 days, detailing safety and effectiveness metrics.
- At least 95% of the clinical trials conducted must demonstrate positive outcomes in terms of safety and efficacy.
- The model must meet all regulatory compliance standards as outlined in the relevant health regulations.

Test Outline:
- Review the evaluation report for completeness and adherence to the 60-day timeline.
- Analyze the results of clinical trials to confirm that 95% or more show positive safety and effectiveness outcomes.
- Verify compliance with regulatory standards through a checklist against the established guidelines.","The original user story was clear but lacked specific measurable criteria and a structured approach. The improved version enhances clarity by specifying the evaluation timeline, success rates, and compliance requirements, making it more actionable and focused on business relevance.","this (ISO 29148)
that (ISO 29148)
all (ISO 29148)
can (NASA ARM)
more (NASA ARM)",2,4,2.0,2,4,2.0,2,5,3.0,2,5,3.0,3,5,2.0,2,5,3.0,2,5,3.0,—
A10US8Ge,"As a regulatory body, I want to evaluate the safety and effectiveness of this model before it is widely adopted for clinical use.","User Story:
As a regulatory body, I want to thoroughly assess the safety and effectiveness of this model prior to its widespread clinical adoption so that we can ensure patient safety and compliance with health standards.

Acceptance Criteria:
- A comprehensive evaluation report must be completed within 60 days, detailing safety and effectiveness metrics.
- At least 95% of the clinical trials conducted must demonstrate positive outcomes in terms of safety and efficacy.
- The model must meet all regulatory compliance standards as outlined in the relevant health regulations.

Test Outline:
- Review the evaluation report for completeness and adherence to the 60-day timeline.
- Analyze the results of clinical trials to confirm that 95% or more show positive safety and effectiveness outcomes.
- Verify compliance with regulatory standards through a checklist against the established guidelines.","The original user story was clear but lacked specific measurable criteria and a structured approach. The improved version enhances clarity by specifying the evaluation timeline, success rates, and compliance requirements, making it more actionable and focused on business relevance.","this (ISO 29148)
that (ISO 29148)
all (ISO 29148)
can (NASA ARM)
more (NASA ARM)",2,4,2.0,2,4,2.0,2,5,3.0,2,5,3.0,3,5,2.0,2,5,3.0,2,5,3.0,—
A10US10Ge,"As a person with a fear of needles, I want to explore if this model can help me reduce the frequency of finger pricks for blood sugar monitoring.","User Story:
As a person with a fear of needles, I want to investigate whether this model can minimize the need for finger pricks in blood sugar monitoring so that I can manage my diabetes more comfortably and reduce anxiety associated with frequent testing.

Acceptance Criteria:
- The model should demonstrate a reduction in finger prick frequency by at least 70% compared to traditional methods within a 3-month trial period.
- User feedback should indicate a decrease in anxiety levels related to blood sugar monitoring by at least 60% after using the model.
- The accuracy of blood sugar readings from the model must be within ±10% of standard finger prick tests for at least 90% of measurements.

Test Outline:
- Conduct a comparative study measuring the frequency of finger pricks before and after using the model over the specified trial period.
- Administer surveys to assess changes in user anxiety levels regarding blood sugar monitoring.
- Validate the accuracy of the model's readings against standard finger prick tests through a series of controlled tests.","The original user story was clear but lacked measurable criteria and specific outcomes. The improved version enhances clarity by specifying quantifiable acceptance criteria and a structured test outline, focusing on the user's needs and the business relevance of the model's effectiveness.","this (ISO 29148)
that (ISO 29148)
can (NASA ARM)
more (NASA ARM)",4,4,0.0,3,4,1.0,4,5,1.0,3,5,2.0,4,5,1.0,2,5,3.0,3,5,2.0,—
A11US1Ge,"As a brand security specialist, I want to use the ML-ACS to generate and predict variations of our anti-counterfeiting patterns (CDP) on different printing and imaging devices to stay ahead of counterfeiters.","User Story:
As a brand security specialist, I want to utilize the ML-ACS system to generate and predict variations of our anti-counterfeiting patterns (CDP) across various printing and imaging devices so that we can proactively counteract counterfeit threats and enhance brand protection.

Acceptance Criteria:
- The ML-ACS must generate at least 10 unique anti-counterfeiting pattern variations per device type within 5 minutes.
- The predictive accuracy of the generated patterns should be at least 95% when tested against known counterfeit samples.
- The system should provide a user-friendly interface that allows for real-time adjustments and simulations, with a satisfaction rate of 90% or higher from users.

Test Outline:
- Measure the time taken to generate pattern variations for different devices and ensure it meets the 5-minute requirement.
- Conduct tests comparing the generated patterns against actual counterfeit samples to verify the 95% accuracy criterion.
- Gather user feedback on the interface usability and effectiveness of the predictions to ensure it meets the satisfaction target.","The original user story was clear but lacked measurable criteria and specific outcomes. The improved version enhances clarity by specifying the capabilities, measurable acceptance criteria, and a structured test outline to ensure the effectiveness of the ML-ACS system.","it (ISO 29148)
that (ISO 29148)
can (NASA ARM)",4,4,0.0,4,4,0.0,4,5,1.0,4,5,1.0,5,5,0.0,4,5,1.0,4,5,1.0,—
A11US2Ge,"As a printing press operator, I want the platform to analyze digital templates containing CDPs and predict how they will appear on the final printed product, ensuring accurate replication.","User Story:
As a printing press operator, I want the platform to analyze digital templates with Customer Data Profiles (CDPs) and accurately predict their appearance on the final printed product so that I can ensure high-quality replication and reduce rework.

Acceptance Criteria:
- The platform must analyze and predict the appearance of templates with at least 95% accuracy compared to the final printed output.
- The analysis process should complete within 5 seconds for each template to maintain workflow efficiency.
- User feedback should reflect a satisfaction rate of 90% or higher regarding the accuracy of the predictions.

Test Outline:
- Compare the predicted results of printed templates against the actual printed products to measure accuracy.
- Time the analysis process for multiple templates to ensure it meets the 5-second requirement.
- Conduct user surveys to gather feedback on the reliability of the predictions.","The original user story was clear but lacked measurable criteria and specific details. The improved version enhances clarity by defining the role, capability, and business value while providing explicit, quantifiable acceptance criteria and a structured test outline.","it (ISO 29148)
that (ISO 29148)
can (NASA ARM)",4,4,0.0,4,4,0.0,4,5,1.0,3,5,2.0,4,5,1.0,3,5,2.0,4,5,1.0,—
A11US3Ge,"As a quality control inspector, I want the ML-ACS to compare authentic and potentially counterfeit products based on their CDP patterns, facilitating efficient identification of fakes.","User Story:
As a quality control inspector, I want the ML-ACS to analyze and compare the CDP patterns of authentic and potentially counterfeit products so that I can accurately identify fakes and reduce false positives by at least 80%.

Acceptance Criteria:
- The system must achieve a comparison accuracy of 95% or higher when distinguishing between authentic and counterfeit products.
- The analysis process should complete within 5 seconds for each product comparison to ensure efficiency.
- The tool should provide a detailed report of findings for at least 90% of analyzed products.

Test Outline:
- Validate the accuracy of the ML-ACS by testing it against a dataset of known authentic and counterfeit products.
- Measure the time taken for the system to complete each comparison and ensure it meets the 5-second requirement.
- Review the generated reports for completeness and clarity based on the analysis results.","The original user story was clear but lacked measurable criteria and specific performance goals. The improved version enhances clarity by specifying accuracy, response time, and reporting requirements, making it more actionable and aligned with business objectives.","it (ISO 29148)
that (ISO 29148)
can (NASA ARM)",4,4,0.0,4,4,0.0,4,5,1.0,4,5,1.0,5,5,0.0,4,5,1.0,4,5,1.0,—
A11US4Ge,"As a researcher, I want to explore the impact of different printing and imaging devices on CDP patterns using the platform's image-to-image translation capabilities.","User Story:
As a researcher, I want to utilize the platform's image-to-image translation capabilities to analyze the effects of various printing and imaging devices on color distribution patterns (CDP) so that I can derive actionable insights and improve printing processes.

Acceptance Criteria:
- The platform must support at least 5 different printing and imaging devices for comparative analysis.
- The image-to-image translation process should complete within 10 seconds for each device to ensure efficient experimentation.
- The results should provide a detailed report on CDP variations with a minimum of 3 measurable metrics for each device tested.

Test Outline:
- Verify the availability of at least 5 distinct printing and imaging devices on the platform.
- Measure the processing time for image-to-image translations to ensure it meets the 10-second requirement.
- Analyze the output reports for completeness and accuracy of the CDP metrics.","The original user story was clear but lacked specificity and measurable criteria. The improved version enhances clarity by specifying the research goals, providing quantifiable acceptance criteria, and outlining a structured test plan to ensure the functionality meets the research needs.","efficient (ISO 29148)
it (ISO 29148)
that (ISO 29148)
can (NASA ARM)",3,4,1.0,3,4,1.0,4,5,1.0,2,5,3.0,4,5,1.0,2,5,3.0,3,5,2.0,—
A11US5Ge,"As a data scientist, I want the system to allow for training with paired, unpaired, or hybrid datasets depending on data availability.","User Story:
As a data scientist, I want the system to support training with paired, unpaired, or hybrid datasets based on the availability of data so that I can optimize model performance and achieve accurate predictions.

Acceptance Criteria:
- The system must successfully handle at least 95% of training scenarios using paired, unpaired, or hybrid datasets without errors.
- The training time for models using hybrid datasets should not exceed 20% longer than that of models using paired datasets.
- Model accuracy should improve by at least 10% when utilizing hybrid datasets compared to using unpaired datasets alone.

Test Outline:
- Test the system's ability to process different dataset types by running multiple training sessions and tracking success rates.
- Measure and compare the training times for models using different dataset configurations to ensure compliance with the time criteria.
- Evaluate model performance metrics to confirm the expected accuracy improvements when using hybrid datasets.","The original user story was clear but lacked measurable criteria and specific outcomes. The improved version enhances clarity by specifying the types of datasets, outlines explicit acceptance criteria, and provides a structured test plan to ensure the functionality meets business needs.","that (ISO 29148)
can (NASA ARM)",4,4,0.0,4,4,0.0,4,5,1.0,4,5,1.0,4,5,1.0,3,5,2.0,4,5,1.0,—
A11US6Ge,"As a system developer, I want the ML-ACS to adapt to different image formats and resolutions commonly used in product packaging and branding.","User Story:
As a system developer, I want the ML-ACS to seamlessly adapt to various image formats and resolutions commonly utilized in product packaging and branding so that it can accurately process and analyze images, enhancing the system's versatility and effectiveness.

Acceptance Criteria:
- The ML-ACS must support at least 5 different image formats (e.g., JPEG, PNG, TIFF, BMP, GIF) for input processing.
- The system should maintain a processing accuracy of 95% or higher across all supported resolutions (e.g., 72 DPI, 300 DPI).
- The adaptation process for new formats or resolutions should be completed within 1 week of identification.

Test Outline:
- Test the system's ability to process images in each supported format and resolution, measuring accuracy against a benchmark dataset.
- Monitor the time taken to implement support for new formats and ensure it meets the 1-week requirement.","The original user story was clear but lacked measurable criteria and specific details. The improved version enhances clarity by specifying the number of formats, accuracy requirements, and a timeline for adaptation, thus strengthening the overall INVEST dimensions.","it (ISO 29148)
that (ISO 29148)
all (ISO 29148)
can (NASA ARM)",4,4,0.0,4,4,0.0,4,5,1.0,4,5,1.0,4,5,1.0,3,5,2.0,4,5,1.0,—
A11US7Ge,"As a security consultant, I want the platform to be secure and prevent unauthorized access to sensitive CDP designs and training data.","User Story:
As a security consultant, I want the platform to implement robust security measures that prevent unauthorized access to sensitive Customer Data Platform (CDP) designs and training data so that we can protect our intellectual property and maintain compliance with data protection regulations.

Acceptance Criteria:
- The platform must enforce multi-factor authentication (MFA) for all user accounts, achieving a 100% implementation rate.
- Access to sensitive CDP designs and training data should be restricted to authorized personnel only, with at least 99% of unauthorized access attempts blocked.
- Regular security audits must be conducted quarterly, with a report showing zero critical vulnerabilities identified.

Test Outline:
- Verify the implementation of MFA by attempting to log in with and without it enabled.
- Monitor access logs to confirm that unauthorized access attempts are effectively blocked.
- Review the results of quarterly security audits to ensure compliance with the acceptance criteria.","The original user story was clear but lacked measurable criteria and specific details. The improved version enhances clarity by specifying security measures, quantifiable acceptance criteria, and a structured test outline to ensure the platform's security.","robust (ISO 29148)
it (ISO 29148)
that (ISO 29148)
all (ISO 29148)
can (NASA ARM)",2,4,2.0,2,4,2.0,2,5,3.0,2,5,3.0,3,5,2.0,2,5,3.0,2,5,3.0,—
A11US8Ge,"As a manufacturer, I want the ML-ACS to integrate with existing design and printing workflows, streamlining the incorporation of secure CDPs into product packaging.","User Story:
As a manufacturer, I want the ML-ACS to seamlessly integrate with our current design and printing workflows so that we can efficiently incorporate secure Consumer Data Platforms (CDPs) into our product packaging, enhancing compliance and customer engagement.

Acceptance Criteria:
- The integration must reduce the time taken to incorporate CDPs into packaging by at least 30%.
- At least 90% of design and printing workflows should function without disruption post-integration.
- User feedback should reflect a satisfaction rate of 85% or higher regarding the ease of use of the integrated system.

Test Outline:
- Measure the time taken to incorporate CDPs into packaging before and after the integration to confirm a 30% reduction.
- Monitor workflow disruptions during a trial period to ensure that 90% of processes remain unaffected.
- Conduct user surveys to assess satisfaction with the integration process.","The original user story was clear but lacked measurable criteria and specific benefits. The improved version enhances clarity by specifying the integration's impact on efficiency and user satisfaction, along with quantifiable acceptance criteria and a structured test outline.","secure (ISO 29148)
that (ISO 29148)
can (NASA ARM)",4,4,0.0,4,4,0.0,4,5,1.0,4,5,1.0,4,5,1.0,3,5,2.0,4,5,1.0,—
A11US9Ge,"As a law enforcement officer investigating counterfeiting, I want the system to analyze CDP patterns from seized products and compare them against a database of authentic patterns to identify the source of the counterfeit operation.","User Story:
As a law enforcement officer investigating counterfeiting, I want the system to analyze CDP (Counterfeit Detection Patterns) from seized products and cross-reference them with a comprehensive database of authentic patterns so that I can accurately identify the source of counterfeit operations and enhance the effectiveness of my investigations.

Acceptance Criteria:
- The system must analyze and compare CDP patterns within 5 seconds for at least 95% of the cases processed.
- The accuracy of identifying counterfeit sources should be at least 90%, based on historical data validation.
- The system should provide a detailed report of the analysis, including potential sources, in a user-friendly format for 100% of the cases.

Test Outline:
- Measure the time taken for the system to analyze and compare CDP patterns against the database to ensure it meets the 5-second requirement.
- Validate the accuracy of the counterfeit source identification by cross-referencing with known cases and assessing the success rate.
- Review the generated reports for clarity and completeness to ensure they meet user needs.","The original user story was clear but lacked measurable criteria and specificity. The improved version enhances clarity by detailing the user's role, specifying the capability, and providing explicit, quantifiable acceptance criteria and a structured test outline to ensure the system's effectiveness.","it (ISO 29148)
that (ISO 29148)
can (NASA ARM)",4,4,0.0,4,4,0.0,4,5,1.0,4,5,1.0,5,5,0.0,4,5,1.0,4,5,1.0,—
A11US10Ge,"As a policymaker, I want to explore how the ML-ACS can be used to strengthen anti-counterfeiting regulations and enforcement mechanisms.","User Story:
As a policymaker, I want to investigate the application of Machine Learning Anti-Counterfeiting Systems (ML-ACS) to enhance anti-counterfeiting regulations and enforcement mechanisms so that I can develop more effective policies that reduce counterfeit goods by at least 30% within the next year.

Acceptance Criteria:
- A comprehensive report must be generated outlining at least three specific use cases of ML-ACS in anti-counterfeiting efforts by the end of Q2.
- The proposed strategies should demonstrate a potential increase in enforcement efficiency by at least 25% based on historical data.
- Stakeholder feedback should indicate a 90% approval rating for the proposed ML-ACS initiatives during the review process.

Test Outline:
- Review the generated report for completeness and relevance of the use cases presented.
- Analyze historical enforcement data to measure the projected efficiency improvements.
- Conduct surveys with stakeholders to gather feedback on the proposed initiatives.","The original user story was too broad and lacked measurable criteria. The improved version specifies the role, clarifies the capability, and outlines explicit, business-relevant benefits with measurable acceptance criteria and a structured test outline.","effective (ISO 29148)
that (ISO 29148)
effective (NASA ARM)
can (NASA ARM)
more (NASA ARM)",2,4,2.0,2,4,2.0,2,5,3.0,2,5,3.0,3,5,2.0,2,5,3.0,2,5,3.0,—
A12US1Ge,"As a law enforcement officer, I want to use the FVVI to identify high-risk communities for firearm violence to allocate resources for patrolling and prevention.","User Story:
As a law enforcement officer, I want to utilize the Firearm Violence Vulnerability Index (FVVI) to accurately identify high-risk communities for firearm violence so that I can strategically allocate resources for patrolling and prevention efforts, ultimately reducing incidents by at least 20% over the next year.

Acceptance Criteria:
- The FVVI must provide a risk assessment score for communities with a minimum accuracy rate of 90%.
- Resource allocation based on FVVI data should lead to a measurable decrease in firearm-related incidents by 20% within 12 months.
- Officers should receive training on using the FVVI tool, with at least 95% of them reporting confidence in its application.

Test Outline:
- Validate the accuracy of the FVVI by comparing its risk assessments with actual incident reports over a 6-month period.
- Track the number of firearm-related incidents in targeted communities before and after resource allocation to measure the impact.
- Conduct surveys to assess officer confidence in using the FVVI tool post-training.","The original user story was clear but lacked measurable criteria and specific outcomes. The improved version enhances clarity by specifying the tool's name, establishing quantifiable acceptance criteria, and outlining a structured test plan to ensure effectiveness and accountability.","that (ISO 29148)
can (NASA ARM)",4,4,0.0,4,4,0.0,4,5,1.0,3,5,2.0,4,5,1.0,3,5,2.0,4,5,1.0,—
A12US2Ge,"As a public health official, I want to use the FVVI to target social programs and interventions in areas with the highest predicted rates of firearm violence.","User Story:
As a public health official, I want to utilize the Firearm Violence Vulnerability Index (FVVI) to strategically implement social programs and interventions in communities with the top 10% predicted rates of firearm violence, so that we can effectively reduce incidents and improve community safety.

Acceptance Criteria:
- The FVVI must accurately identify the top 10% of areas with the highest predicted firearm violence rates with at least 95% reliability.
- Implemented interventions should lead to a measurable reduction in firearm violence incidents by at least 20% within one year of deployment.
- Community feedback should reflect a satisfaction rate of 80% or higher regarding the effectiveness of the programs introduced.

Test Outline:
- Validate the accuracy of the FVVI by comparing its predictions against actual firearm violence data over a specified period.
- Monitor and analyze firearm violence statistics in targeted areas post-intervention to assess the impact of the programs.
- Conduct surveys in the community to gather feedback on the perceived effectiveness of the interventions.","The original user story was clear but lacked specific measurable criteria and a structured approach. The improved version clarifies the capability, emphasizes the business relevance of targeting interventions, and provides explicit, quantifiable acceptance criteria and a test outline to ensure effectiveness.","that (ISO 29148)
can (NASA ARM)",4,4,0.0,4,4,0.0,4,5,1.0,4,5,1.0,4,5,1.0,3,5,2.0,4,5,1.0,—
A12US3Ge,"As a community leader, I want to access the FVVI data for my community to understand the factors contributing to local firearm violence risk.","User Story:
As a community leader, I want to access the FVVI (Firearm Violence Vulnerability Index) data specific to my community so that I can identify and analyze the key factors contributing to local firearm violence risk, enabling targeted interventions.

Acceptance Criteria:
- The FVVI data must be accessible within 3 clicks from the community leader's dashboard.
- The data should include at least 5 key risk factors and be updated quarterly to ensure relevance.
- Users should be able to generate reports from the FVVI data with a success rate of 95% or higher.

Test Outline:
- Verify the number of clicks required to access the FVVI data from the dashboard.
- Review the content of the FVVI data to ensure it includes the specified risk factors and check the update frequency.
- Test the report generation feature to confirm it functions correctly and meets the success criteria.","The original user story was clear but lacked measurable criteria and specific details. The improved version enhances clarity by specifying the capability, business relevance, and measurable acceptance criteria, along with a structured test outline.","it (ISO 29148)
that (ISO 29148)
be able to (NASA ARM)
can (NASA ARM)",4,4,0.0,4,4,0.0,4,5,1.0,3,5,2.0,4,5,1.0,3,5,2.0,4,5,1.0,—
A12US4Ge,"As a researcher, I want to be able to analyze the FVVI model and identify the population characteristics that have the strongest impact on firearm violence prediction.","User Story:
As a researcher, I want to analyze the FVVI model to identify the population characteristics that most significantly influence firearm violence predictions so that I can develop targeted interventions and inform policy decisions.

Acceptance Criteria:
- The analysis must identify at least 3 population characteristics with a correlation coefficient of ≥0.7 to firearm violence predictions.
- The findings should be documented in a report that includes statistical significance levels for each characteristic, with a p-value of ≤0.05.
- The research should be completed within a 4-week timeframe, with interim progress updates provided bi-weekly.

Test Outline:
- Use statistical software to perform regression analysis on the FVVI model and verify the correlation coefficients of identified characteristics.
- Review the report for clarity, completeness, and adherence to the specified statistical significance criteria.","The original user story was clear but lacked measurable criteria and specific timelines. The improved version enhances clarity by specifying quantifiable acceptance criteria and a structured test outline, ensuring the research's relevance and impact.","most (ISO 29148)
that (ISO 29148)
can (NASA ARM)",4,4,0.0,4,4,0.0,4,5,1.0,4,5,1.0,4,5,1.0,3,5,2.0,4,5,1.0,—
A12US5Ge,"As a policymaker, I want to use the FVVI data to inform the development of data-driven strategies for firearm violence prevention.","User Story:
As a policymaker, I want to leverage the FVVI data to create evidence-based strategies for preventing firearm violence so that I can effectively reduce incidents and enhance community safety.

Acceptance Criteria:
- The analysis of FVVI data must identify at least three actionable insights that can be implemented within the next fiscal year.
- Strategies developed should aim for a minimum 20% reduction in firearm violence incidents within two years of implementation.
- A report summarizing the findings and proposed strategies must be completed and presented to stakeholders within 90 days of data analysis.

Test Outline:
- Review the FVVI data analysis process to ensure it yields actionable insights and meets the specified criteria.
- Track the implementation of strategies and measure the reduction in firearm violence incidents over the designated timeframe.","The original user story was clear but lacked measurable criteria and specific outcomes. The improved version emphasizes the actionable nature of the data, sets quantifiable goals, and outlines a structured approach for testing the effectiveness of the strategies.","it (ISO 29148)
that (ISO 29148)
can (NASA ARM)",4,4,0.0,4,4,0.0,4,5,1.0,3,5,2.0,4,5,1.0,2,5,3.0,4,5,1.0,—
A12US6Ge,"As a data scientist, I want the system to be able to incorporate additional data sources (e.g., mental health statistics, social media activity) to potentially improve the accuracy of the FVVI.","User Story:
As a data scientist, I want the system to integrate additional data sources, such as mental health statistics and social media activity, so that I can enhance the accuracy of the FVVI (Feature Value Variability Index) by at least 15%.

Acceptance Criteria:
- The system must successfully incorporate at least 3 new data sources within 4 weeks of implementation.
- The accuracy of the FVVI should improve by a minimum of 15% as measured by comparative analysis before and after the integration.
- User feedback from data scientists should reflect a satisfaction rate of 90% or higher regarding the enhanced accuracy of the FVVI.

Test Outline:
- Analyze the FVVI accuracy before and after the integration of new data sources to quantify the improvement.
- Conduct surveys with data scientists to gather feedback on the usability and effectiveness of the new data integrations.","The original user story was clear but lacked measurable criteria and specific goals. The improved version clarifies the capability, sets explicit performance metrics, and outlines a structured approach for testing and validation.","that (ISO 29148)
can (NASA ARM)",4,4,0.0,3,4,1.0,4,5,1.0,3,5,2.0,3,5,2.0,2,5,3.0,3,5,2.0,—
A12US7Ge,"As a civil liberties advocate, I want the system to be designed with safeguards to prevent misuse and ensure that individuals are not discriminated against based on their zip code.","User Story:
As a civil liberties advocate, I want the system to incorporate robust safeguards against misuse and discrimination so that individuals are treated fairly, regardless of their zip code, promoting equity and justice.

Acceptance Criteria:
- The system must implement at least three distinct safeguards to prevent misuse, such as access controls, audit logs, and user training protocols.
- Discrimination metrics should be monitored, ensuring that no more than 5% of users report feeling discriminated against based on their zip code.
- Regular audits should be conducted every six months to assess compliance with these safeguards and report findings to stakeholders.

Test Outline:
- Review the implementation of safeguards through system audits and user access logs to verify compliance.
- Conduct user surveys to measure perceptions of discrimination and analyze the results against the established threshold.","The original user story was clear but lacked measurable criteria and specific acceptance metrics. The improved version strengthens the focus on safeguards, clarifies the capability, and provides explicit, quantifiable acceptance criteria and a structured test outline.","robust (ISO 29148)
that (ISO 29148)
these (ISO 29148)
every (ISO 29148)
more (NASA ARM)",3,4,1.0,3,4,1.0,4,5,1.0,3,5,2.0,4,5,1.0,2,5,3.0,3,5,2.0,—
A12US8Ge,"As a public health researcher, I want the system to be transparent about the methodology used to develop the FVVI and allow for independent validation of the model.","User Story:
As a public health researcher, I want the system to clearly disclose the methodology used in developing the FVVI (Food Value and Vulnerability Index) so that I can independently validate the model and ensure its reliability for my research.

Acceptance Criteria:
- The methodology documentation must be accessible and detailed, covering at least 95% of the processes involved in the FVVI development.
- Independent validation of the model should be achievable within 30 days by external researchers using the provided methodology.
- At least 90% of users reviewing the methodology should express confidence in its transparency and comprehensiveness.

Test Outline:
- Review the methodology documentation for completeness and clarity, ensuring it meets the 95% coverage requirement.
- Conduct a pilot validation study with external researchers to assess the feasibility of independent validation within the 30-day timeframe.
- Survey users who access the methodology to gauge their confidence level in its transparency.","The original user story was clear but lacked measurable criteria and specific outcomes. The improved version enhances clarity by specifying the desired transparency, includes quantifiable acceptance criteria, and outlines a structured test plan to verify the methodology's effectiveness.","it (ISO 29148)
that (ISO 29148)
can (NASA ARM)",4,4,0.0,4,4,0.0,4,5,1.0,4,5,1.0,4,5,1.0,3,5,2.0,4,5,1.0,—
A12US9Ge,"As a community organizer, I want the FVVI to be accompanied by resources and guidance for implementing effective prevention programs in high-risk communities.","User Story:
As a community organizer, I want the FVVI (Family Violence Victim Initiative) to include comprehensive resources and actionable guidance for implementing effective prevention programs in high-risk communities so that we can reduce incidents of family violence by at least 30% over the next year.

Acceptance Criteria:
- The resources must provide at least 5 evidence-based strategies for prevention that can be easily adapted to local contexts.
- At least 80% of community organizers using the resources should report an increase in program effectiveness within 6 months of implementation.
- The guidance materials should be accessible in both digital and print formats to ensure availability to all community members.

Test Outline:
- Review the resources to ensure they include the required number of strategies and assess their adaptability.
- Conduct surveys with community organizers to measure perceived effectiveness and gather feedback on the resources.","The original user story was clear but lacked measurable criteria and specific outcomes. The improved version enhances clarity by specifying the desired impact, providing quantifiable acceptance criteria, and outlining a structured test plan to evaluate the effectiveness of the resources.","effective (ISO 29148)
that (ISO 29148)
all (ISO 29148)
effective (NASA ARM)
can (NASA ARM)",4,4,0.0,4,4,0.0,4,5,1.0,3,5,2.0,4,5,1.0,3,5,2.0,4,5,1.0,—
A12US10Ge,"As a system developer, I want the FVVI to be accessible through a user-friendly interface that allows users to easily visualize risk data at different geographic levels.","User Story:
As a system developer, I want the FVVI (Financial Visualization and Value Indicator) to be accessible via an intuitive interface that enables users to effortlessly visualize risk data across various geographic levels, enhancing their analytical capabilities.

Acceptance Criteria:
- The interface must allow users to access risk data at a minimum of three geographic levels (e.g., national, regional, local) within 3 clicks.
- User satisfaction with the interface's usability should reach at least 90% based on post-implementation surveys.
- The system should load visualizations within 2 seconds for 95% of user interactions.

Test Outline:
- Conduct usability testing with a diverse group of users to ensure they can navigate the interface and access data within the specified clicks.
- Measure the loading time of visualizations to confirm it meets the 2-second requirement.
- Analyze survey results to assess user satisfaction with the interface.","The original user story was clear but lacked measurable criteria and specific acceptance metrics. The improved version enhances clarity by specifying the geographic levels, usability goals, and performance metrics, making it more actionable and focused on user experience.","intuitive (ISO 29148)
it (ISO 29148)
that (ISO 29148)
can (NASA ARM)",4,4,0.0,4,4,0.0,4,4,0.0,4,5,1.0,4,5,1.0,3,5,2.0,4,4,0.0,—
A13US1Ge,"As a drug researcher, I want to use AI-DrugNet to identify existing drugs that could be repurposed for treating Alzheimer's disease (AD) based on their target interactions.","User Story:
As a drug researcher, I want to utilize AI-DrugNet to identify existing drugs that can be repurposed for the treatment of Alzheimer's disease (AD) based on their target interactions, so that I can accelerate the discovery of effective therapies and improve patient outcomes.

Acceptance Criteria:
- AI-DrugNet must analyze a database of at least 10,000 existing drugs and provide a list of potential candidates for repurposing within 5 minutes.
- The system should achieve a prediction accuracy of at least 85% in identifying drugs with relevant target interactions for AD.
- A report detailing the identified drugs and their mechanisms of action should be generated and accessible to researchers within 2 hours of the analysis.

Test Outline:
- Validate the speed of the analysis by timing the processing of the drug database and ensuring it meets the 5-minute requirement.
- Cross-reference the identified drugs with clinical data to confirm the 85% accuracy in predictions.
- Review the generated report for completeness and clarity, ensuring it is delivered within the specified timeframe.","The original user story was clear but lacked measurable criteria and specific outcomes. The improved version enhances clarity by specifying the role, capability, and business relevance while providing quantifiable acceptance criteria and a structured test outline.","effective (ISO 29148)
it (ISO 29148)
that (ISO 29148)
effective (NASA ARM)
can (NASA ARM)",4,4,0.0,4,4,0.0,4,5,1.0,3,5,2.0,4,5,1.0,3,5,2.0,4,5,1.0,—
A13US2Ge,"As a pharmaceutical company scientist, I want the platform to predict potential combinations of existing drugs that may have a synergistic effect in treating AD.","User Story:
As a pharmaceutical company scientist, I want the platform to analyze and predict potential drug combinations that may exhibit synergistic effects in treating Alzheimer's Disease (AD) so that we can enhance treatment efficacy and improve patient outcomes.

Acceptance Criteria:
- The platform must generate predictions for at least 10 potential drug combinations with a documented synergistic effect based on existing research.
- Predictions should be delivered within 5 seconds of input to ensure timely analysis.
- At least 80% of the predicted combinations should be validated through subsequent experimental studies.

Test Outline:
- Review the platform's output to verify the number of predicted combinations and their alignment with existing literature on drug synergy.
- Measure the response time for generating predictions to ensure it meets the 5-second requirement.
- Conduct follow-up studies on a sample of the predicted combinations to assess their effectiveness and validate the platform's predictions.","The original user story was clear but lacked measurable criteria and specific outcomes. The improved version enhances clarity by specifying the expected number of predictions, response time, and validation success rate, making it more actionable and aligned with business goals.","it (ISO 29148)
that (ISO 29148)
timely (NASA ARM)
can (NASA ARM)
may (NASA ARM)",4,4,0.0,4,4,0.0,4,5,1.0,4,5,1.0,4,5,1.0,3,5,2.0,4,5,1.0,—
A13US3Ge,"As a neurologist, I want to use AI-DrugNet to explore potential treatment options for my patients with AD that could be readily available based on existing drugs.","User Story:
As a neurologist, I want to utilize AI-DrugNet to identify and evaluate potential treatment options for my patients with Alzheimer's Disease (AD) that are based on existing medications, so that I can provide timely and effective care.

Acceptance Criteria:
- AI-DrugNet must generate a list of at least 10 existing drugs that could be repurposed for AD treatment within 5 minutes of input.
- The system should provide a confidence score of 80% or higher for the suggested treatment options based on clinical data.
- User feedback should reflect a satisfaction rate of 90% or higher regarding the relevance and applicability of the suggested treatments.

Test Outline:
- Input a variety of patient profiles into AI-DrugNet and measure the time taken to generate treatment options.
- Review the confidence scores of the suggested drugs against clinical studies to verify accuracy.
- Conduct surveys with neurologists to assess the perceived usefulness of the treatment suggestions.","The original user story was clear but lacked measurable criteria and specific outcomes. The improved version enhances clarity by specifying the neurologist's goals, providing quantifiable acceptance criteria, and outlining a structured test plan to ensure the effectiveness of the AI tool.","effective (ISO 29148)
that (ISO 29148)
effective (NASA ARM)
timely (NASA ARM)
can (NASA ARM)",4,4,0.0,4,4,0.0,4,5,1.0,3,5,2.0,4,5,1.0,3,5,2.0,4,5,1.0,—
A13US4Ge,"As a computational biologist, I want to access the underlying network model and data used in AI-DrugNet to understand the rationale behind the predicted drug repurposing or combinations.","User Story:
As a computational biologist, I want to access the detailed network model and the associated data utilized in AI-DrugNet so that I can analyze the rationale behind the predicted drug repurposing and combinations, ultimately enhancing my research outcomes.

Acceptance Criteria:
- The network model and data must be accessible within 5 clicks from the main interface.
- Documentation explaining the model's structure and data sources should be available and cover at least 90% of the key components.
- Users should be able to download the model and data in a standardized format (e.g., CSV, JSON) within 2 minutes.

Test Outline:
- Verify the accessibility of the network model and data by tracking the number of clicks required to reach them.
- Review the documentation for completeness and clarity, ensuring it covers the majority of essential elements.
- Test the download functionality to confirm that the model and data can be retrieved within the specified time frame.","The original user story was clear but lacked measurable criteria and specific details. The improved version enhances clarity by specifying the user's needs, providing quantifiable acceptance criteria, and outlining a structured test plan to ensure the functionality meets the user's expectations.","it (ISO 29148)
that (ISO 29148)
be able to (NASA ARM)
can (NASA ARM)",4,4,0.0,4,4,0.0,4,5,1.0,3,5,2.0,4,5,1.0,3,5,2.0,4,5,1.0,—
A13US5Ge,"As a data scientist, I want the platform to allow for the integration of additional disease data and drug-target interaction information to expand its applicability to other neurological or developmental disorders.","User Story:
As a data scientist, I want the platform to support the integration of additional disease data and drug-target interaction information so that I can enhance its functionality for analyzing a broader range of neurological and developmental disorders.

Acceptance Criteria:
- The platform must allow the integration of at least 3 new disease datasets and 5 drug-target interaction datasets within 4 weeks of implementation.
- The system should maintain data integrity, ensuring that 98% of the integrated data is accurate and usable for analysis.
- User feedback from at least 80% of data scientists should indicate improved usability and functionality for the expanded dataset.

Test Outline:
- Verify the successful integration of new datasets by checking for data accuracy and completeness against source data.
- Conduct user surveys to assess the perceived improvements in functionality and usability after the integration.","The original user story was clear but lacked measurable criteria and specific timelines. The improved version enhances clarity by specifying the number of datasets, accuracy requirements, and user feedback metrics, making it more actionable and aligned with business goals.","that (ISO 29148)
improved (ISO 29148)
can (NASA ARM)
improved (NASA ARM)",4,4,0.0,4,4,0.0,4,5,1.0,4,5,1.0,4,5,1.0,3,5,2.0,4,5,1.0,—
A13US6Ge,"As a regulatory scientist, I want the AI-DrugNet predictions to be accompanied by information on the existing safety and efficacy profiles of the repurposed or combined drugs.","User Story:
As a regulatory scientist, I want AI-DrugNet predictions to include detailed information on the existing safety and efficacy profiles of repurposed or combined drugs so that I can make informed decisions regarding their approval and use in clinical settings.

Acceptance Criteria:
- The AI-DrugNet system must provide safety and efficacy data for at least 95% of the drugs analyzed in its predictions.
- The information should be presented in a standardized format that allows for quick comparison, with updates occurring in real-time as new data becomes available.
- User feedback should reflect a satisfaction rate of 90% or higher regarding the clarity and usefulness of the provided safety and efficacy information.

Test Outline:
- Validate the accuracy of the safety and efficacy data against established databases for a sample of drugs predicted by AI-DrugNet.
- Conduct user surveys to assess the clarity and usefulness of the information provided alongside the predictions.","The original user story was clear but lacked measurable criteria and specific outcomes. The improved version enhances clarity by specifying the need for detailed information, establishes quantifiable acceptance criteria, and outlines a structured testing approach to ensure the value of the predictions.","that (ISO 29148)
can (NASA ARM)",4,4,0.0,4,4,0.0,4,5,1.0,4,5,1.0,4,5,1.0,3,5,2.0,4,5,1.0,—
A13US7Ge,"As a patient advocate, I want the platform to be transparent about the limitations of AI-based predictions and the need for further clinical trials to validate potential drug repurposing or combinations.","User Story:
As a patient advocate, I want the platform to clearly communicate the limitations of AI-based predictions and emphasize the necessity for additional clinical trials to validate potential drug repurposing or combinations, so that patients can make informed decisions about their treatment options.

Acceptance Criteria:
- The platform must provide a dedicated section outlining the limitations of AI predictions, with at least 3 key points highlighted.
- Information regarding the need for further clinical trials should be presented in a user-friendly format, achieving a readability score of 8 or higher on the Flesch-Kincaid scale.
- At least 90% of users should report understanding the limitations and the importance of clinical trials through a post-usage survey.

Test Outline:
- Review the content of the transparency section to ensure it includes the required key points and meets readability standards.
- Conduct user surveys to assess comprehension and satisfaction regarding the information provided about AI limitations and clinical trials.","The original user story was clear but lacked measurable criteria and specific details. The improved version enhances clarity by specifying the need for transparency, outlines measurable acceptance criteria, and provides a structured test plan to ensure the information is effectively communicated.","it (ISO 29148)
that (ISO 29148)
can (NASA ARM)",4,4,0.0,4,4,0.0,4,5,1.0,3,5,2.0,4,5,1.0,3,5,2.0,4,5,1.0,—
A13US8Ge,"As a system developer, I want AI-DrugNet to be user-friendly and allow researchers to input specific drug targets or disease characteristics for focused drug repurposing analysis.","User Story:
As a system developer, I want AI-DrugNet to have an intuitive user interface that enables researchers to easily input specific drug targets or disease characteristics, so that they can conduct targeted drug repurposing analyses efficiently and effectively.

Acceptance Criteria:
- The user interface must allow researchers to input data within 3 clicks or less for at least 90% of common use cases.
- The system should provide relevant suggestions or auto-completions for drug targets and disease characteristics with a success rate of 85% or higher.
- User satisfaction regarding the ease of use should reach at least 80% based on post-interaction surveys.

Test Outline:
- Conduct usability testing to measure the number of clicks required for data input across various scenarios.
- Analyze the accuracy of suggestions provided by the system during data entry.
- Distribute user satisfaction surveys after interactions to gather feedback on the user-friendliness of the interface.","The original user story was clear but lacked measurable criteria and specific acceptance metrics. The improved version enhances clarity by specifying the user interface's functionality, establishes quantifiable acceptance criteria, and outlines a structured testing approach to ensure the system meets user needs.","intuitive (ISO 29148)
that (ISO 29148)
can (NASA ARM)
less (NASA ARM)",4,4,0.0,4,4,0.0,4,5,1.0,4,5,1.0,4,5,1.0,3,5,2.0,4,5,1.0,—
A13US9Ge,"As a drug discovery company executive, I want the platform to offer different subscription tiers with access to additional features like detailed network visualizations and prioritized drug recommendations.","User Story:
As a drug discovery company executive, I want the platform to provide multiple subscription tiers that grant access to enhanced features, such as advanced network visualizations and prioritized drug recommendations, so that we can optimize our research efforts and improve our drug development pipeline.

Acceptance Criteria:
- The platform must offer at least three distinct subscription tiers, each with clearly defined features and pricing.
- At least 80% of users should report that the additional features significantly enhance their research capabilities within the first month of use.
- The implementation of these tiers should lead to a 25% increase in subscription revenue within the first quarter after launch.

Test Outline:
- Review the subscription model and feature sets to ensure they meet the defined criteria.
- Conduct user surveys to assess the perceived value of the additional features and track subscription revenue growth post-launch.","The original user story was clear but lacked measurable criteria and specific business outcomes. The improved version clarifies the executive's needs, specifies quantifiable acceptance criteria, and outlines a structured test plan to ensure the success of the subscription tiers.","that (ISO 29148)
these (ISO 29148)
can (NASA ARM)",4,4,0.0,4,4,0.0,4,5,1.0,4,5,1.0,4,5,1.0,3,5,2.0,4,5,1.0,—
A13US10Ge,"As a policymaker, I want to explore how AI-DrugNet can be integrated into drug discovery pipelines to streamline the development of new treatment options for various diseases.","User Story:
As a policymaker, I want to investigate the integration of AI-DrugNet into drug discovery pipelines so that we can enhance the efficiency of developing new treatment options for at least three major diseases within the next 12 months.

Acceptance Criteria:
- A comprehensive report on the potential integration must be completed within 3 months, outlining at least 5 key benefits of using AI-DrugNet.
- Pilot studies should demonstrate a reduction in drug development time by at least 30% compared to traditional methods.
- Stakeholder feedback should indicate a 90% approval rating on the proposed integration strategy.

Test Outline:
- Review the report for completeness and relevance to the integration of AI-DrugNet.
- Analyze pilot study results to measure the time reduction in drug development.
- Conduct surveys with stakeholders to assess their approval and gather insights on the integration strategy.","The original user story was clear but lacked measurable criteria and specific timelines. The improved version enhances clarity by specifying the expected outcomes, measurable acceptance criteria, and a structured test outline to ensure the integration's effectiveness and stakeholder engagement.","that (ISO 29148)
can (NASA ARM)",3,5,2.0,2,4,2.0,3,5,2.0,2,5,3.0,3,5,2.0,2,5,3.0,3,5,2.0,—
A14US1Ge,"As a taxi dispatcher, I want to use the system in real-time to identify areas with high demand for taxi services and dispatch vehicles accordingly.","User Story:
As a taxi dispatcher, I want to utilize the system in real-time to pinpoint areas experiencing high demand for taxi services so that I can efficiently allocate vehicles and reduce wait times for customers.

Acceptance Criteria:
- The system must provide real-time demand data with an accuracy rate of at least 90%.
- Dispatch decisions should result in a reduction of average customer wait times by at least 20%.
- The system should allow dispatchers to allocate vehicles within 5 seconds of identifying high-demand areas.

Test Outline:
- Analyze the accuracy of demand data by comparing it against actual ride requests over a defined period.
- Measure the average wait times before and after implementing the real-time dispatch feature to ensure a 20% reduction.
- Test the speed of vehicle allocation to confirm it meets the 5-second requirement.","The original user story was clear but lacked measurable criteria and specific outcomes. The improved version enhances clarity by specifying the dispatcher’s needs, providing quantifiable acceptance criteria, and outlining a structured test plan to ensure effectiveness.","it (ISO 29148)
that (ISO 29148)
can (NASA ARM)",4,4,0.0,4,4,0.0,4,5,1.0,4,5,1.0,4,5,1.0,3,5,2.0,4,5,1.0,—
A14US2Ge,"As a city planner, I want to use the system to analyze historical and predicted ridership data to optimize taxi stand locations and traffic flow management.","User Story:
As a city planner, I want to utilize the system to analyze both historical and projected ridership data so that I can strategically optimize taxi stand locations and enhance traffic flow management, ultimately improving urban mobility.

Acceptance Criteria:
- The system must provide access to historical ridership data for at least the past 5 years and predictive analytics for the next 3 years.
- Analysis tools should allow for the identification of optimal taxi stand locations with a success rate of at least 80% based on ridership patterns.
- Traffic flow management recommendations should demonstrate a potential reduction in congestion by at least 15% after implementation.

Test Outline:
- Verify the availability and accuracy of historical and predictive ridership data through data audits.
- Conduct simulations to assess the effectiveness of proposed taxi stand locations and measure the impact on traffic flow.","The original user story was clear but lacked measurable criteria and specific outcomes. The improved version enhances clarity by specifying the data requirements, success metrics, and expected benefits, while also providing a structured test outline.","that (ISO 29148)
can (NASA ARM)",4,4,0.0,4,4,0.0,4,5,1.0,4,5,1.0,5,5,0.0,4,5,1.0,4,5,1.0,—
A14US3Ge,"As a taxi company manager, I want the system to forecast future ridership trends to optimize fleet size and deployment strategies.","User Story:
As a taxi company manager, I want the system to accurately forecast future ridership trends using historical data and analytics so that I can optimize fleet size and deployment strategies, ultimately increasing operational efficiency and profitability.

Acceptance Criteria:
- The forecasting model must achieve at least 85% accuracy in predicting ridership trends over the next 3 months.
- The system should provide insights on optimal fleet size adjustments at least once a week.
- User reports should indicate a 20% improvement in operational efficiency after implementing the forecasting tool.

Test Outline:
- Validate the accuracy of the forecasting model by comparing predicted ridership trends against actual data over a 3-month period.
- Analyze fleet size and deployment changes based on the system's recommendations and measure the resulting operational efficiency improvements.","The original user story was clear but lacked measurable criteria and specific benefits. The improved version enhances clarity by specifying the accuracy of forecasts, the frequency of insights, and the expected impact on operational efficiency, along with a structured test outline.","that (ISO 29148)
can (NASA ARM)",4,4,0.0,4,4,0.0,4,5,1.0,4,5,1.0,4,5,1.0,3,5,2.0,4,5,1.0,—
A14US4Ge,"As a researcher, I want to access the system's data and models to understand the factors influencing spatiotemporal distribution of taxi and ride-hailing demand (e.g., time of day, borough, special events).","User Story:
As a researcher, I want to access the system's comprehensive data and predictive models so that I can analyze the factors influencing the spatiotemporal distribution of taxi and ride-hailing demand, such as time of day, borough, and special events, leading to actionable insights.

Acceptance Criteria:
- Researchers must be able to retrieve data sets with a maximum response time of 3 seconds for at least 95% of requests.
- The system should provide access to at least 10 different data variables related to demand factors.
- Predictive models must demonstrate at least 85% accuracy in forecasting demand based on historical data.

Test Outline:
- Measure the response time for data retrieval requests to ensure compliance with the 3-second criterion.
- Verify the availability of the specified data variables through system queries.
- Evaluate the accuracy of the predictive models by comparing their forecasts against actual demand data over a defined period.","The original user story was clear but lacked measurable criteria and specific outcomes. The improved version enhances clarity by specifying the researcher's needs, providing quantifiable acceptance criteria, and outlining a structured test plan to ensure the functionality meets the research objectives.","that (ISO 29148)
be able to (NASA ARM)
can (NASA ARM)",4,4,0.0,4,4,0.0,4,5,1.0,4,5,1.0,4,5,1.0,3,5,2.0,4,5,1.0,—
A14US5Ge,"As a public transportation official, I want to compare predicted taxi and ride-hailing ridership with public transport usage to plan for integrated transportation solutions.","User Story:
As a public transportation official, I want to analyze and compare predicted ridership data for taxis and ride-hailing services against public transport usage so that I can develop integrated transportation solutions that enhance overall mobility and efficiency.

Acceptance Criteria:
- The analysis must include at least 6 months of ridership data for taxis, ride-hailing, and public transport to ensure comprehensive insights.
- The comparison should identify trends and correlations with a confidence level of 95% or higher.
- A report summarizing the findings and recommendations for integrated solutions must be delivered within 4 weeks of data collection.

Test Outline:
- Validate the accuracy of the ridership data by cross-referencing with official transportation statistics.
- Review the report for clarity, actionable insights, and adherence to the 4-week delivery timeline.","The original user story was clear but lacked measurable criteria and specific timelines. The improved version enhances clarity by specifying the data requirements, confidence levels, and a structured timeline for deliverables, thereby strengthening the overall INVEST dimensions.","that (ISO 29148)
can (NASA ARM)",4,4,0.0,4,4,0.0,4,5,1.0,4,5,1.0,4,5,1.0,3,5,2.0,4,5,1.0,—
A14US6Ge,"As a policymaker, I want to use the system's data to assess the impact of ride-hailing services on traditional taxi ridership and develop regulations that ensure fair competition.","User Story:
As a policymaker, I want to analyze the system's data on ride-hailing services to evaluate their impact on traditional taxi ridership so that I can formulate regulations that promote fair competition and protect consumer interests.

Acceptance Criteria:
- The analysis must include data from at least the past 12 months, comparing ride-hailing and traditional taxi ridership trends.
- The report should identify at least three key metrics that demonstrate the impact of ride-hailing on traditional taxi services.
- Recommendations for regulations must be presented within 30 days of data analysis completion.

Test Outline:
- Review the data analysis report to ensure it includes the required time frame and metrics.
- Validate the recommendations against industry standards and stakeholder feedback to ensure they address fair competition.","The original user story was clear but lacked specificity and measurable criteria. The improved version clarifies the policymaker's goals, specifies the data requirements, and outlines measurable acceptance criteria and a structured test plan to ensure the analysis is thorough and actionable.","it (ISO 29148)
that (ISO 29148)
can (NASA ARM)",4,4,0.0,4,4,0.0,4,5,1.0,4,5,1.0,4,5,1.0,3,5,2.0,4,5,1.0,—
A14US7Ge,"As a data scientist, I want the system to allow for the integration of additional data sources (e.g., weather, special events) to potentially improve the accuracy of ridership predictions.","User Story:
As a data scientist, I want the system to support the integration of various external data sources, such as weather patterns and special events, so that I can enhance the accuracy of ridership predictions by at least 15%.

Acceptance Criteria:
- The system must successfully integrate at least 3 new external data sources within 4 weeks of implementation.
- Ridership prediction accuracy should improve by a minimum of 15% as measured by comparison to historical data.
- The integration process should not disrupt existing functionalities, maintaining a 99% uptime during the transition.

Test Outline:
- Evaluate the integration of new data sources by monitoring the system's performance and functionality during the implementation phase.
- Analyze the accuracy of ridership predictions before and after the integration to confirm the targeted improvement.","The original user story was clear but lacked specific measurable criteria and a defined business impact. The improved version emphasizes quantifiable goals, outlines clear acceptance criteria, and provides a structured test plan to ensure the integration's effectiveness.","that (ISO 29148)
can (NASA ARM)",4,4,0.0,4,4,0.0,4,5,1.0,4,5,1.0,4,5,1.0,3,5,2.0,4,5,1.0,—
A14US8Ge,"As a consumer, I want to use a mobile app connected to the system to see estimated taxi and ride-hailing wait times in different areas before requesting a ride.","User Story:
As a consumer, I want to access a mobile app linked to the system that displays estimated wait times for taxis and ride-hailing services in various locations so that I can make informed decisions about when and where to request a ride.

Acceptance Criteria:
- The app must provide estimated wait times for at least 90% of requests within 5 seconds.
- The accuracy of the estimated wait times should be within ±2 minutes for 85% of the rides.
- Users should report a satisfaction rate of 80% or higher regarding the reliability of the wait time estimates.

Test Outline:
- Measure the response time of the app for displaying wait times across different locations to ensure it meets the 5-second requirement.
- Compare the estimated wait times against actual wait times for a sample of rides to verify accuracy.
- Conduct user surveys to assess satisfaction with the wait time feature.","The original user story was clear but lacked measurable criteria and specific acceptance standards. The improved version enhances clarity by specifying the user's needs, providing quantifiable acceptance criteria, and outlining a structured test plan to ensure the feature's effectiveness.","it (ISO 29148)
that (ISO 29148)
can (NASA ARM)",4,4,0.0,4,4,0.0,4,5,1.0,4,5,1.0,5,5,0.0,4,5,1.0,4,5,1.0,—
A14US9Ge,"As a taxi driver, I want the system to provide real-time information on areas with high predicted demand to maximize ridership and earnings.","User Story:
As a taxi driver, I want the system to deliver real-time insights on regions with high predicted demand so that I can optimize my routes and increase my earnings by at least 20% during peak hours.

Acceptance Criteria:
- The system must update demand predictions every 5 minutes to ensure timely information.
- At least 85% of drivers should report an increase in ridership after utilizing the demand insights.
- The accuracy of demand predictions should be validated to be at least 90% based on historical data.

Test Outline:
- Monitor the frequency of updates to ensure they occur within the 5-minute window.
- Conduct surveys with drivers to assess the impact of the demand information on their earnings and ridership.
- Analyze historical data to compare predicted demand accuracy against actual demand.","The original user story was clear but lacked measurable criteria and specific business outcomes. The improved version enhances clarity by specifying quantifiable acceptance criteria and a structured test outline, focusing on maximizing earnings and ridership.","that (ISO 29148)
every (ISO 29148)
timely (NASA ARM)
can (NASA ARM)",4,4,0.0,4,4,0.0,4,5,1.0,4,5,1.0,5,5,0.0,4,5,1.0,4,5,1.0,—
A14US10Ge,"As a system developer, I want the system to be scalable and efficient to handle large volumes of real-time and historical data for accurate ridership prediction.","User Story:
As a system developer, I want the system to be highly scalable and efficient so that it can process and analyze large volumes of real-time and historical data, enabling accurate ridership predictions with a minimum processing time of 5 seconds for data sets of up to 1 million records.

Acceptance Criteria:
- The system must handle at least 10,000 concurrent data streams without degradation in performance.
- Ridership predictions should achieve an accuracy rate of 95% or higher based on historical data analysis.
- The system should be able to scale horizontally to accommodate a 200% increase in data volume without requiring significant downtime.

Test Outline:
- Simulate concurrent data streams to verify the system's performance under load and measure response times.
- Validate the accuracy of ridership predictions against actual ridership data over a defined period.
- Test the system's scalability by incrementally increasing data volume and monitoring performance metrics.","The original user story was clear but lacked specific measurable criteria and details on performance expectations. The improved version enhances clarity by specifying quantifiable acceptance criteria and a structured test outline, ensuring a focus on scalability and efficiency.","efficient (ISO 29148)
it (ISO 29148)
that (ISO 29148)
significant (ISO 29148)
be able to (NASA ARM)
can (NASA ARM)",2,4,2.0,2,4,2.0,3,5,2.0,2,5,3.0,3,5,2.0,2,5,3.0,2,5,3.0,—
A15US1Ge,"As a policymaker, I want to use machine learning to identify communities with high poverty rates so I can target resources and programs effectively.","User Story:
As a policymaker, I want to leverage machine learning algorithms to accurately identify communities with poverty rates exceeding 20% so that I can allocate resources and implement programs effectively, improving the quality of life for residents.

Acceptance Criteria:
- The machine learning model must achieve at least 85% accuracy in identifying high-poverty communities based on historical data.
- The identification process should be completed within 5 minutes for datasets containing up to 10,000 entries.
- A report detailing the identified communities and their poverty rates should be generated and accessible within 10 minutes of running the analysis.

Test Outline:
- Validate the accuracy of the machine learning model by comparing its predictions against known poverty rates in a test dataset.
- Measure the time taken to process the dataset and generate the report to ensure it meets the specified criteria.","The original user story was clear but lacked specific, measurable criteria. The improved version enhances clarity by specifying a poverty rate threshold, measurable acceptance criteria, and a structured test outline to ensure effective resource allocation.","it (ISO 29148)
that (ISO 29148)
can (NASA ARM)",4,4,0.0,4,4,0.0,4,5,1.0,4,5,1.0,4,5,1.0,3,5,2.0,4,5,1.0,—
A15US2Ge,"As a social worker, I want to use a tool that predicts income levels to help me assess the needs of my clients and connect them with appropriate support services.","User Story:
As a social worker, I want to utilize an income prediction tool so that I can accurately assess my clients' financial needs and effectively connect them with relevant support services, improving their access to assistance.

Acceptance Criteria:
- The tool must predict income levels with at least 85% accuracy based on historical data and client information.
- Social workers should be able to generate income assessments within 3 minutes for each client.
- At least 90% of users should report that the tool enhances their ability to connect clients with appropriate services.

Test Outline:
- Validate the accuracy of the income predictions by comparing them against actual income data from a sample of clients.
- Measure the time taken to complete income assessments to ensure it meets the 3-minute requirement.
- Conduct user surveys to gather feedback on the tool's effectiveness in improving service connections.","The original user story was clear but lacked measurable criteria and specific acceptance metrics. The improved version enhances clarity by specifying the accuracy of predictions, time efficiency, and user satisfaction, along with a structured test outline.","it (ISO 29148)
that (ISO 29148)
appropriate (ISO 29148)
be able to (NASA ARM)
can (NASA ARM)",4,4,0.0,4,4,0.0,4,5,1.0,4,5,1.0,4,5,1.0,3,5,2.0,4,5,1.0,—
A15US3Ge,"As a financial advisor, I want to use machine learning models to personalize financial advice for my clients based on their predicted income and lifestyle.","User Story:
As a financial advisor, I want to leverage machine learning models to tailor financial advice for my clients based on their projected income and lifestyle choices so that I can enhance client satisfaction and improve their financial outcomes.

Acceptance Criteria:
- The machine learning model must achieve at least 85% accuracy in predicting client income and lifestyle preferences based on historical data.
- Personalized financial advice should be generated within 5 seconds of inputting client data.
- Client satisfaction ratings for the personalized advice should reach 90% or higher in follow-up surveys.

Test Outline:
- Validate the accuracy of the machine learning model by comparing its predictions against actual client data over a 6-month period.
- Measure the time taken to generate personalized advice after client data input to ensure it meets the 5-second requirement.
- Conduct client satisfaction surveys to assess the effectiveness of the personalized advice.","The original user story was clear but lacked measurable criteria and specific outcomes. The improved version enhances clarity by specifying the role, capability, and business benefits while providing quantifiable acceptance criteria and a structured test outline.","it (ISO 29148)
that (ISO 29148)
can (NASA ARM)",4,4,0.0,4,4,0.0,4,5,1.0,3,5,2.0,4,5,1.0,3,5,2.0,4,5,1.0,—
A15US4Ge,"As a researcher studying economic inequality, I want to use machine learning to analyze trends and patterns in income distribution across different demographics and regions.","User Story:
As a researcher studying economic inequality, I want to leverage machine learning algorithms to analyze trends and patterns in income distribution across various demographics and regions so that I can derive actionable insights and contribute to policy recommendations aimed at reducing economic inequality.

Acceptance Criteria:
- The machine learning model must achieve at least 85% accuracy in predicting income distribution trends based on historical data.
- The analysis should cover a minimum of 5 different demographic groups and 10 distinct regions to ensure comprehensive insights.
- The results of the analysis should be presented in a report format that is accessible and understandable to stakeholders, with a satisfaction rate of 90% or higher from peer reviews.

Test Outline:
- Validate the accuracy of the machine learning model by comparing its predictions against actual income distribution data.
- Review the demographic and regional coverage of the analysis to ensure it meets the specified criteria.
- Gather feedback from stakeholders on the clarity and usefulness of the final report.","The original user story was clear but lacked measurable criteria and specific outcomes. The improved version enhances clarity by defining the researcher's role, specifying the capability, and outlining explicit, quantifiable acceptance criteria and a structured test outline to ensure the analysis is effective and impactful.","it (ISO 29148)
that (ISO 29148)
can (NASA ARM)",3,4,1.0,3,4,1.0,4,5,1.0,3,5,2.0,4,5,1.0,2,5,3.0,3,5,2.0,—
A15US5Ge,"As a non-profit organization, I want to use income prediction models to identify potential donors and target fundraising campaigns more effectively.","User Story:
As a non-profit organization, I want to implement income prediction models to accurately identify potential donors so that I can enhance the effectiveness of our fundraising campaigns and increase donations by at least 20% over the next fiscal year.

Acceptance Criteria:
- The income prediction model must achieve a minimum accuracy of 85% in identifying potential donors based on historical data.
- Fundraising campaigns targeting identified donors should result in a minimum engagement rate of 30%.
- The overall donation amount from targeted campaigns should increase by at least 20% compared to the previous year.

Test Outline:
- Validate the accuracy of the income prediction model by comparing its predictions against actual donor data over a 6-month period.
- Analyze the engagement rates of fundraising campaigns directed at predicted donors to ensure they meet the 30% threshold.
- Measure the total donations received from these campaigns and compare them to the previous year's figures to confirm the 20% increase.","The original user story was clear but lacked measurable criteria and specific targets. The improved version strengthens the business relevance by specifying quantifiable goals, enhancing clarity, and providing a structured approach to testing the effectiveness of the income prediction models.","that (ISO 29148)
these (ISO 29148)
can (NASA ARM)",4,4,0.0,4,4,0.0,4,5,1.0,3,5,2.0,4,5,1.0,3,5,2.0,4,5,1.0,—
A15US6Ge,"As a marketing professional, I want to use machine learning to segment my audience based on predicted income levels and tailor marketing messages accordingly.","User Story:
As a marketing professional, I want to leverage machine learning algorithms to segment my audience based on predicted income levels so that I can customize marketing messages and increase engagement by at least 20%.

Acceptance Criteria:
- The machine learning model must achieve a segmentation accuracy of at least 85% when predicting income levels.
- Marketing campaigns tailored to these segments should result in a minimum 20% increase in click-through rates compared to previous campaigns.
- The system should allow for real-time updates to audience segments based on new data inputs at least once a week.

Test Outline:
- Validate the accuracy of the machine learning model by comparing its predictions against actual income data from a sample of users.
- Analyze the performance metrics of marketing campaigns before and after implementing the tailored messages to confirm the 20% increase in engagement.","The original user story was clear but lacked measurable criteria and specific business outcomes. The improved version emphasizes the use of machine learning, clarifies the expected benefits, and provides detailed acceptance criteria and a test outline to ensure accountability and effectiveness.","that (ISO 29148)
these (ISO 29148)
can (NASA ARM)",4,4,0.0,4,4,0.0,4,5,1.0,4,5,1.0,4,5,1.0,3,5,2.0,4,5,1.0,—
A15US7Ge,"As a credit risk analyst, I want to use machine learning models to assess the creditworthiness of loan applicants based on their predicted income and other relevant factors.","User Story:
As a credit risk analyst, I want to leverage machine learning models to evaluate the creditworthiness of loan applicants based on their predicted income and additional relevant factors so that I can make informed lending decisions and reduce default rates.

Acceptance Criteria:
- The machine learning model must achieve an accuracy rate of at least 85% in predicting creditworthiness based on historical data.
- The model should process and analyze applicant data within 5 seconds to ensure timely decision-making.
- The implementation should result in a reduction of loan default rates by at least 10% within the first year of use.

Test Outline:
- Validate the model's accuracy by comparing its predictions against actual loan performance data over a defined period.
- Measure the processing time for applicant data to ensure it meets the 5-second requirement.
- Track default rates before and after the model's implementation to assess its impact.","The original user story was clear but lacked measurable criteria and specific business outcomes. The improved version enhances clarity by specifying the role, capability, and explicit benefits, while also providing quantifiable acceptance criteria and a structured test outline.","it (ISO 29148)
that (ISO 29148)
timely (NASA ARM)
can (NASA ARM)",4,4,0.0,4,4,0.0,4,5,1.0,3,5,2.0,4,5,1.0,3,5,2.0,4,5,1.0,—
A15US8Ge,"As a human resources professional, I want to use machine learning to identify potential salary discrepancies within my organization and ensure fair compensation practices.","User Story:
As a human resources professional, I want to leverage machine learning algorithms to analyze employee salary data so that I can identify potential discrepancies and ensure that compensation practices are equitable across the organization.

Acceptance Criteria:
- The machine learning model must analyze salary data and flag discrepancies with at least 90% accuracy.
- The analysis should be completed within 24 hours of data submission to allow for timely interventions.
- A report summarizing findings and recommendations for adjustments should be generated and delivered to HR within 48 hours of analysis completion.

Test Outline:
- Validate the accuracy of the machine learning model by comparing flagged discrepancies against a sample of verified salary data.
- Measure the time taken from data submission to report generation to ensure it meets the 24-hour and 48-hour criteria.","The original user story was clear but lacked measurable criteria and specific timelines. The improved version enhances clarity by specifying the use of machine learning, establishes quantifiable acceptance criteria, and outlines a structured test plan to ensure the effectiveness of the solution.","it (ISO 29148)
that (ISO 29148)
timely (NASA ARM)
can (NASA ARM)",4,4,0.0,4,4,0.0,4,5,1.0,4,5,1.0,4,5,1.0,3,5,2.0,4,5,1.0,—
A15US9Ge,"As a citizen concerned about income inequality, I want to see the results of machine learning models used to inform policy decisions and promote economic justice.","User Story:
As a citizen concerned about income inequality, I want to access the results of machine learning models that inform policy decisions so that I can understand their impact on income inequality and advocate for economic justice effectively.

Acceptance Criteria:
- The results of the machine learning models must be made publicly available within 30 days of their application in policy decisions.
- At least 80% of users should report that the information is clear and understandable through user feedback surveys.
- The platform should provide visualizations of the data that can be accessed in under 5 seconds.

Test Outline:
- Review the publication timeline of model results to ensure compliance with the 30-day requirement.
- Conduct user surveys to measure clarity and understanding of the information presented.
- Test the loading time of visualizations to confirm they meet the 5-second criterion.","The original user story was clear but lacked measurable criteria and specific acceptance standards. The improved version enhances clarity by specifying the user's intent, providing quantifiable acceptance criteria, and outlining a structured test plan to ensure the effectiveness of the information provided.","that (ISO 29148)
can (NASA ARM)",3,4,1.0,3,4,1.0,4,5,1.0,3,5,2.0,4,5,1.0,2,5,3.0,3,5,2.0,—
A15US10Ge,"As a data scientist, I want to develop and evaluate different machine learning algorithms for income forecasting, ensuring accuracy, fairness, and responsible use of data.","User Story:
As a data scientist, I want to design and assess various machine learning algorithms for income forecasting so that I can achieve a prediction accuracy of at least 90%, ensure fairness across demographic groups, and adhere to ethical data usage standards.

Acceptance Criteria:
- Each algorithm must demonstrate a prediction accuracy of 90% or higher on a validation dataset.
- Fairness metrics should indicate no more than a 5% disparity in prediction accuracy across different demographic groups.
- The evaluation process must include a comprehensive report on data usage ethics, with at least 3 actionable recommendations for responsible data handling.

Test Outline:
- Validate the accuracy of each algorithm using a standardized dataset and compare results against the 90% threshold.
- Analyze the fairness of predictions by comparing performance metrics across demographic segments.
- Review the ethical data usage report to ensure it includes the required recommendations and adheres to best practices.","The original user story was well-defined but lacked specific, measurable criteria. The improved version clarifies the goals, emphasizes the importance of fairness and ethical considerations, and provides detailed acceptance criteria and a structured test outline.","best (ISO 29148)
it (ISO 29148)
that (ISO 29148)
can (NASA ARM)
best (NASA ARM)
more (NASA ARM)",4,4,0.0,4,4,0.0,4,5,1.0,4,5,1.0,4,5,1.0,3,5,2.0,4,5,1.0,—
A16US1Ge,"As a pediatrician, I want a non-invasive tool that can analyze a newborn's cry and help me identify potential health issues early on.","User Story:
As a pediatrician, I want a non-invasive diagnostic tool that analyzes a newborn's cry to identify potential health issues early, enabling timely interventions and improving patient outcomes.

Acceptance Criteria:
- The tool must accurately analyze and categorize at least 90% of cries within 5 seconds of recording.
- It should provide actionable insights or alerts for at least 80% of identified health concerns based on established medical criteria.
- User feedback from pediatricians should indicate a satisfaction rate of 90% or higher regarding the tool's effectiveness and usability.

Test Outline:
- Conduct trials with a sample of newborns to measure the accuracy and response time of the cry analysis tool.
- Gather feedback from pediatricians using the tool to assess its effectiveness in identifying health issues.","The original user story was clear but lacked measurable criteria and specific outcomes. The improved version enhances clarity by specifying the tool's capabilities, establishing quantifiable acceptance criteria, and outlining a structured testing approach to ensure effectiveness.","it (ISO 29148)
that (ISO 29148)
timely (NASA ARM)",4,4,0.0,4,4,0.0,4,4,0.0,3,5,2.0,4,5,1.0,3,5,2.0,4,4,0.0,—
A16US2Ge,"As a nurse in the neonatal intensive care unit, I want a system that can continuously monitor newborn cries and alert me to any concerning changes.","User Story:
As a nurse in the neonatal intensive care unit, I want a monitoring system that continuously analyzes newborn cries and alerts me to any significant changes in pitch or frequency so that I can respond promptly to potential health issues.

Acceptance Criteria:
- The system must detect and analyze cry patterns with at least 95% accuracy in identifying concerning changes.
- Alerts should be generated within 3 seconds of detecting a significant change in the cry's characteristics.
- The system should reduce response time to critical situations by at least 30% compared to current monitoring methods.

Test Outline:
- Conduct tests to evaluate the accuracy of the cry detection system against a range of recorded newborn cries.
- Measure the time taken for the system to generate alerts after a concerning change is detected.","The original user story was clear but lacked measurable criteria and specific details. The improved version enhances clarity by specifying the nurse's role, the capability of the system, and explicit, quantifiable acceptance criteria and test outlines to ensure effective monitoring.","that (ISO 29148)
significant (ISO 29148)
can (NASA ARM)",4,4,0.0,4,4,0.0,4,5,1.0,4,5,1.0,5,5,0.0,4,5,1.0,4,5,1.0,—
A16US3Ge,"As a parent of a newborn, I want a device that can help me understand my baby's cries and determine if they need medical attention.","User Story:
As a parent of a newborn, I want a smart device that analyzes my baby's cries and provides insights on their needs so that I can quickly determine if they require medical attention, ensuring their well-being.

Acceptance Criteria:
- The device must accurately classify at least 85% of different cry types (hunger, discomfort, tiredness, etc.) based on a comprehensive database of cry patterns.
- The response time for the device to analyze and provide feedback on a cry should not exceed 5 seconds.
- Parents should report a satisfaction rate of 90% or higher regarding the device's effectiveness in identifying their baby's needs.

Test Outline:
- Conduct tests with a diverse set of recorded baby cries to evaluate the accuracy of the device's classifications.
- Measure the time taken for the device to analyze each cry and provide feedback.
- Gather user feedback through surveys to assess satisfaction with the device's performance.","The original user story was clear but lacked measurable criteria and specific details. The improved version enhances clarity by specifying the device's capabilities, establishing quantifiable acceptance criteria, and outlining a structured test plan to ensure the device meets user needs.","that (ISO 29148)
can (NASA ARM)",2,4,2.0,2,4,2.0,2,5,3.0,2,5,3.0,3,5,2.0,2,5,3.0,2,5,3.0,—
A16US4Ge,"As a researcher studying newborn health, I want to use this system to analyze large datasets of infant cries and identify patterns associated with different medical conditions.","User Story:
As a researcher studying newborn health, I want to utilize this system to analyze extensive datasets of infant cries so that I can identify patterns linked to various medical conditions, ultimately improving diagnostic accuracy and treatment strategies.

Acceptance Criteria:
- The system must process and analyze datasets of at least 10,000 infant cry samples within 5 minutes.
- The pattern recognition algorithms should achieve a minimum accuracy rate of 85% in identifying medical conditions based on cry analysis.
- Researchers should be able to generate comprehensive reports on findings within 2 minutes of completing the analysis.

Test Outline:
- Measure the time taken to process and analyze the dataset to ensure it meets the 5-minute requirement.
- Validate the accuracy of the pattern recognition algorithms by comparing results against known medical conditions in a controlled test group.
- Test the report generation feature to confirm it produces results within the specified time frame.","The original user story was clear but lacked measurable criteria and specific outcomes. The improved version enhances clarity by specifying the research focus, quantifying the acceptance criteria, and providing a structured test outline to ensure the system meets the research needs effectively.","it (ISO 29148)
this (ISO 29148)
that (ISO 29148)
be able to (NASA ARM)
can (NASA ARM)",4,4,0.0,4,4,0.0,4,5,1.0,4,5,1.0,4,5,1.0,3,5,2.0,4,5,1.0,—
A16US5Ge,"As a developer of medical devices, I want to explore the potential of integrating this technology into wearable devices for continuous monitoring of newborns.","User Story:
As a developer of medical devices, I want to investigate the integration of advanced monitoring technology into wearable devices for continuous tracking of newborns' vital signs so that we can enhance early detection of health issues and improve patient outcomes.

Acceptance Criteria:
- Conduct a feasibility study that identifies at least 3 key vital signs that can be monitored continuously with ≥95% accuracy.
- Develop a prototype wearable device that can transmit data in real-time with a latency of ≤1 second.
- Gather feedback from at least 20 healthcare professionals to assess the usability and effectiveness of the prototype in a clinical setting.

Test Outline:
- Analyze the results of the feasibility study to ensure it meets the accuracy criteria for vital sign monitoring.
- Test the prototype in a controlled environment to measure data transmission latency.
- Conduct user interviews with healthcare professionals to evaluate the prototype's usability and gather insights for improvements.","The original user story was clear but lacked measurable criteria and specific outcomes. The improved version enhances clarity by specifying the role, capability, and business-relevant benefits, while also providing detailed acceptance criteria and a structured test outline.","it (ISO 29148)
that (ISO 29148)
can (NASA ARM)",3,4,1.0,2,5,3.0,3,5,2.0,2,5,3.0,3,5,2.0,2,5,3.0,3,5,2.0,—
A16US6Ge,"As a public health official, I want to use this system to identify newborns at risk of health complications and ensure they receive timely interventions.","User Story:
As a public health official, I want to utilize this system to accurately identify newborns at risk of health complications so that I can ensure they receive timely interventions, ultimately reducing morbidity rates by at least 20% within the first year of implementation.

Acceptance Criteria:
- The system must flag at least 95% of newborns who meet the risk criteria based on health data inputs.
- Interventions should be initiated within 24 hours for at least 90% of identified at-risk newborns.
- A follow-up assessment should show a reduction in health complications for at least 80% of the newborns who received timely interventions.

Test Outline:
- Validate the accuracy of the risk identification process by comparing flagged cases against a control group of known at-risk newborns.
- Track the time taken from identification to intervention for each flagged newborn to ensure compliance with the 24-hour requirement.
- Conduct follow-up evaluations to assess health outcomes for newborns who received interventions.","The original user story was clear but lacked measurable criteria and specific outcomes. The improved version enhances clarity by specifying quantifiable goals, acceptance criteria, and a structured test outline to ensure the effectiveness of the system in achieving public health objectives.","this (ISO 29148)
that (ISO 29148)
timely (NASA ARM)
can (NASA ARM)",4,5,1.0,4,4,0.0,4,5,1.0,4,5,1.0,4,5,1.0,3,5,2.0,4,5,1.0,—
A16US7Ge,"As a data scientist, I want to improve the accuracy and efficiency of this system by exploring different machine learning algorithms and feature extraction techniques.","User Story:
As a data scientist, I want to enhance the system's accuracy and efficiency by evaluating at least three different machine learning algorithms and implementing two advanced feature extraction techniques so that I can achieve a minimum accuracy improvement of 15% on predictive tasks.

Acceptance Criteria:
- The selected algorithms must be tested, and their performance compared, with at least 80% of the models achieving a validation accuracy of 85% or higher.
- The implementation of feature extraction techniques should reduce the model training time by at least 30%.
- A comprehensive report detailing the findings and improvements must be completed within 4 weeks of starting the evaluation.

Test Outline:
- Use cross-validation to assess the accuracy of each machine learning algorithm and document the results.
- Measure the training time before and after applying feature extraction techniques to confirm the 30% reduction.","The original user story was broad and lacked specificity regarding measurable outcomes. The improved version clarifies the user's role, specifies the capability, and outlines explicit, quantifiable acceptance criteria and a structured test plan to enhance clarity and focus on business value.","that (ISO 29148)
can (NASA ARM)",2,4,2.0,2,4,2.0,2,5,3.0,2,5,3.0,3,5,2.0,2,5,3.0,2,5,3.0,—
A16US8Ge,"As an advocate for newborn health, I want to see this system implemented in hospitals and clinics around the world to improve early detection and treatment of health problems in newborns.","User Story:
As an advocate for newborn health, I want to ensure the implementation of this health monitoring system in hospitals and clinics globally so that we can enhance early detection and treatment of health issues in newborns, ultimately reducing infant mortality rates by at least 20% within the first year of adoption.

Acceptance Criteria:
- The system must be deployed in at least 100 hospitals and clinics within the first year.
- At least 90% of healthcare providers using the system should report improved detection rates of health problems in newborns.
- A follow-up study should show a reduction in infant mortality rates by 20% or more within 12 months of implementation.

Test Outline:
- Track the number of hospitals and clinics that adopt the system and verify through deployment records.
- Conduct surveys with healthcare providers to assess their experiences and the effectiveness of the system in detecting health issues.
- Analyze infant mortality data before and after the system's implementation to measure the impact on health outcomes.","The original user story was clear in intent but lacked measurable criteria and specific outcomes. The improved version strengthens the business relevance by including quantifiable goals, acceptance criteria, and a structured test outline to ensure the effectiveness of the implementation.","this (ISO 29148)
that (ISO 29148)
improved (ISO 29148)
can (NASA ARM)
improved (NASA ARM)
more (NASA ARM)",2,4,2.0,2,4,2.0,3,4,1.0,2,5,3.0,2,5,3.0,2,5,3.0,2,4,2.0,—
A16US9Ge,"As a parent who has experienced a newborn with health issues, I want to see this system available to all families to provide peace of mind and early intervention when needed.","User Story:
As a parent who has experienced a newborn with health issues, I want this system to be accessible to all families so that they can receive timely support and early intervention, ensuring better health outcomes for their children.

Acceptance Criteria:
- The system must be available to at least 95% of families within the target demographic.
- At least 80% of users should report feeling more at ease regarding their child's health after using the system.
- The system should facilitate early intervention in at least 70% of cases where health issues are identified.

Test Outline:
- Track the accessibility of the system across different regions to ensure it meets the 95% availability target.
- Conduct user surveys to measure the percentage of families reporting increased peace of mind after utilizing the system.
- Analyze case studies to determine the rate of early interventions facilitated by the system.","The original user story was emotionally compelling but lacked clarity and measurable criteria. The improved version specifies the user's role, clarifies the capability, and outlines explicit, quantifiable acceptance criteria and a structured test outline to enhance focus on business value and impact.","it (ISO 29148)
this (ISO 29148)
that (ISO 29148)
better (ISO 29148)
all (ISO 29148)
timely (NASA ARM)
can (NASA ARM)
better (NASA ARM)
more (NASA ARM)",3,4,1.0,3,4,1.0,4,5,1.0,3,5,2.0,3,5,2.0,2,5,3.0,3,5,2.0,—
A16US10Ge,"As an ethicist, I want to ensure that this system is used responsibly and ethically, with clear guidelines for data privacy and protection of sensitive information.","User Story:
As an ethicist, I want to establish comprehensive guidelines for the responsible and ethical use of this system, ensuring robust data privacy and protection of sensitive information so that users can trust the system and comply with legal standards.

Acceptance Criteria:
- Develop and publish a set of data privacy guidelines that are reviewed and approved by legal experts within 30 days.
- Conduct training sessions for all users on ethical data handling practices, achieving at least 90% attendance.
- Implement a monitoring system to ensure compliance with the guidelines, with quarterly reports showing adherence rates of 95% or higher.

Test Outline:
- Review the published guidelines to ensure they meet legal and ethical standards.
- Track attendance and feedback from training sessions to assess effectiveness.
- Analyze compliance reports to verify adherence to the established guidelines.","The original user story was clear but lacked measurable criteria and specific actions. The improved version enhances clarity by specifying the ethical goals, measurable acceptance criteria, and a structured test outline to ensure accountability and effectiveness.","robust (ISO 29148)
this (ISO 29148)
that (ISO 29148)
all (ISO 29148)
can (NASA ARM)",2,4,2.0,2,5,3.0,3,4,1.0,2,5,3.0,3,5,2.0,2,5,3.0,2,5,3.0,—
A17US1Ge,"As a sleep specialist, I want to use an advanced prediction system to forecast episodes of apnea and hypopnea, enabling me to tailor treatment plans more effectively for individual patients.","User Story:
As a sleep specialist, I want to implement an advanced predictive analytics system to accurately forecast episodes of apnea and hypopnea in patients so that I can customize treatment plans based on individual risk profiles and improve patient outcomes.

Acceptance Criteria:
- The prediction system must achieve at least 85% accuracy in forecasting apnea and hypopnea episodes based on historical patient data.
- The system should provide predictions within 5 minutes of data input to facilitate timely interventions.
- Patient outcomes should show a 20% improvement in treatment effectiveness as measured by follow-up assessments within 3 months of implementing the system.

Test Outline:
- Validate the accuracy of the prediction system by comparing its forecasts against actual patient data over a defined period.
- Measure the time taken for the system to generate predictions after data input.
- Analyze patient follow-up data to assess improvements in treatment effectiveness post-implementation.","The original user story was clear but lacked measurable criteria and specific outcomes. The improved version enhances clarity by specifying the desired accuracy, response time, and measurable improvements in patient outcomes, thus strengthening the overall value and capability.","that (ISO 29148)
timely (NASA ARM)
can (NASA ARM)",4,4,0.0,4,4,0.0,4,5,1.0,4,5,1.0,5,5,0.0,4,5,1.0,4,5,1.0,—
A17US2Ge,"As a medical researcher, I need to analyze the effectiveness of using LAMSTAR neural networks and wavelet transform-based preprocessing in predicting sleep disturbances, to advance understanding and technology in sleep medicine.","User Story:
As a medical researcher, I need to evaluate the effectiveness of LAMSTAR neural networks combined with wavelet transform-based preprocessing in predicting sleep disturbances so that I can enhance the understanding of sleep disorders and improve predictive technologies in sleep medicine.

Acceptance Criteria:
- The analysis must demonstrate at least a 15% improvement in prediction accuracy compared to traditional methods.
- The study should include a sample size of at least 200 participants to ensure statistical significance.
- Results must be reproducible in at least 90% of trials conducted under similar conditions.

Test Outline:
- Compare the prediction accuracy of LAMSTAR neural networks with and without wavelet preprocessing using a controlled dataset.
- Conduct statistical analysis to validate the significance of the findings with the specified sample size.",The original user story was well-defined but could benefit from clearer measurable criteria and a structured approach. The improved version specifies quantifiable acceptance criteria and a test outline to ensure the research's effectiveness and relevance in the field of sleep medicine.,"that (ISO 29148)
can (NASA ARM)",4,4,0.0,4,4,0.0,4,5,1.0,4,5,1.0,5,5,0.0,4,5,1.0,4,5,1.0,—
A17US3Ge,"As a biomedical engineer, I want to develop and refine technologies that integrate physiological signals to predict sleep disorders accurately, enhancing diagnostic tools available to clinicians.","User Story:
As a biomedical engineer, I want to design and enhance technologies that integrate physiological signals to accurately predict sleep disorders so that clinicians can improve diagnostic accuracy and patient outcomes.

Acceptance Criteria:
- The technology must achieve at least 90% accuracy in predicting sleep disorders based on physiological signal analysis.
- The system should process and analyze data within 5 minutes to provide timely insights for clinicians.
- User testing with clinicians should indicate a satisfaction rate of 80% or higher regarding the usability and effectiveness of the diagnostic tools.

Test Outline:
- Validate the accuracy of the prediction model by comparing its results against established diagnostic criteria in a controlled study.
- Measure the data processing time during real-time analysis to ensure it meets the 5-minute requirement.
- Conduct surveys with clinicians to gather feedback on the usability and effectiveness of the developed tools.","The original user story was well-articulated but lacked measurable criteria and specific acceptance tests. The improved version clarifies the goals, emphasizes measurable outcomes, and provides a structured approach to testing the technology's effectiveness.","it (ISO 29148)
that (ISO 29148)
timely (NASA ARM)
can (NASA ARM)",4,4,0.0,4,4,0.0,4,5,1.0,4,5,1.0,5,5,0.0,4,5,1.0,4,5,1.0,—
A17US4Ge,"As a data scientist in healthcare, I need to employ machine learning models to predict health events from polysomnography data, ensuring that the models are trained and tested to optimize sensitivity and specificity.","User Story:
As a data scientist in healthcare, I want to implement machine learning models to accurately predict health events from polysomnography data so that I can enhance patient outcomes through timely interventions.

Acceptance Criteria:
- The models must achieve a sensitivity of at least 85% and a specificity of at least 90% during testing.
- The training and testing datasets should include a minimum of 1,000 polysomnography records to ensure robust model performance.
- The prediction accuracy must be validated through cross-validation techniques, with at least 5-fold validation implemented.

Test Outline:
- Evaluate the models' performance metrics (sensitivity and specificity) using a separate validation dataset.
- Conduct a review of the training and testing datasets to confirm they meet the minimum record requirements.
- Implement cross-validation and analyze the results to ensure the model's reliability and accuracy.","The original user story was clear but lacked specific, measurable criteria for success. The improved version enhances clarity by explicitly stating the desired outcomes, including quantifiable acceptance criteria and a structured test outline to ensure the effectiveness of the machine learning models.","robust (ISO 29148)
that (ISO 29148)
timely (NASA ARM)
can (NASA ARM)",4,5,1.0,4,4,0.0,4,5,1.0,4,5,1.0,5,5,0.0,4,5,1.0,4,5,1.0,—
A17US5Ge,"As a clinical trial coordinator, I am interested in conducting a study to validate the effectiveness of the predictive system during non-REM and REM sleep phases, providing empirical support for its clinical use.","User Story:
As a clinical trial coordinator, I want to conduct a study to empirically validate the effectiveness of the predictive system during both non-REM and REM sleep phases so that I can provide robust evidence for its clinical application in sleep medicine.

Acceptance Criteria:
- The study must enroll at least 100 participants to ensure statistical significance in the findings.
- Data collection should occur over a minimum of 4 weeks to capture variations in sleep patterns.
- The predictive system's accuracy must be evaluated with at least 90% precision in identifying sleep phases.

Test Outline:
- Review participant recruitment and retention rates to ensure the target of 100 participants is met.
- Analyze the data collected over the 4-week period to assess the predictive system's performance against established benchmarks.","The original user story was clear but lacked specific measurable criteria and a structured approach. The improved version clarifies the study's goals, provides explicit acceptance criteria, and outlines a test plan to ensure the study's effectiveness and relevance.","robust (ISO 29148)
that (ISO 29148)
can (NASA ARM)",4,4,0.0,4,4,0.0,4,5,1.0,4,5,1.0,4,5,1.0,3,5,2.0,4,5,1.0,—
A17US6Ge,"As a software developer for medical devices, I need to integrate predictive algorithms into sleep monitoring equipment, allowing for real-time alerts and intervention during sleep studies.","User Story:
As a software developer for medical devices, I need to implement predictive algorithms into sleep monitoring equipment so that I can provide real-time alerts and enable timely interventions during sleep studies, ultimately improving patient outcomes.

Acceptance Criteria:
- The predictive algorithms must analyze sleep data and generate alerts with a response time of less than 5 seconds for at least 90% of sleep events.
- The accuracy of the alerts should be validated to ensure at least 95% of critical events are detected during sleep studies.
- User feedback from sleep study clinicians should indicate a satisfaction rate of 90% or higher regarding the effectiveness of the alerts.

Test Outline:
- Simulate sleep study scenarios to measure the response time and accuracy of the predictive algorithms in generating alerts.
- Collect and analyze clinician feedback on the usability and effectiveness of the alert system during actual sleep studies.","The original user story was clear but lacked measurable criteria and specific outcomes. The improved version enhances clarity by specifying the role, capability, and business relevance while providing quantifiable acceptance criteria and a structured test outline.","that (ISO 29148)
timely (NASA ARM)
can (NASA ARM)
less (NASA ARM)",4,4,0.0,4,4,0.0,4,5,1.0,4,5,1.0,5,5,0.0,4,5,1.0,4,5,1.0,—
A17US7Ge,"As a healthcare policy advisor, I want to understand the potential impact of predictive technologies on managing sleep apnea, to advocate for funding and research that support non-invasive management strategies.","User Story:
As a healthcare policy advisor, I want to analyze the potential effects of predictive technologies on the management of sleep apnea so that I can effectively advocate for funding and research initiatives that promote non-invasive treatment strategies.

Acceptance Criteria:
- A comprehensive report must be generated that outlines at least three key benefits of predictive technologies in sleep apnea management, supported by relevant data.
- The analysis should include a cost-benefit assessment demonstrating a potential reduction in healthcare costs by at least 20% through non-invasive strategies.
- Stakeholder feedback should indicate a 90% agreement on the importance of funding for these technologies within three months of the report's release.

Test Outline:
- Review the generated report for clarity, relevance, and data support to ensure it meets the outlined criteria.
- Conduct surveys with stakeholders to measure their agreement on the funding priorities based on the report's findings.","The original user story was well-defined but lacked measurable criteria and specific outcomes. The improved version clarifies the advisor's role, specifies the capability, and outlines explicit, quantifiable acceptance criteria and a structured test outline to enhance clarity and focus on business impact.","it (ISO 29148)
that (ISO 29148)
these (ISO 29148)
can (NASA ARM)",4,4,0.0,4,4,0.0,4,5,1.0,4,5,1.0,4,5,1.0,3,5,2.0,4,5,1.0,—
A17US8Ge,"As a patient with obstructive sleep apnea, I am interested in participating in a program that uses this predictive system, hoping to gain better control over my condition and improve my quality of sleep.","User Story:
As a patient with obstructive sleep apnea, I want to enroll in a predictive health management program so that I can actively monitor my condition and achieve at least a 30% improvement in my sleep quality over the next three months.

Acceptance Criteria:
- The program must provide personalized insights and recommendations based on my sleep data, with at least 80% of participants reporting improved sleep quality.
- Participants should have access to weekly progress reports that track changes in sleep patterns and apnea events.
- The program should facilitate a minimum of two follow-up consultations with a healthcare professional within the first month of enrollment.

Test Outline:
- Analyze participant feedback and sleep quality metrics before and after program participation to measure the 30% improvement.
- Review the content and frequency of progress reports to ensure they meet the established criteria.
- Track the number of follow-up consultations completed by participants to confirm compliance with the program structure.","The original user story was clear but lacked measurable criteria and specific outcomes. The improved version enhances clarity by specifying the user's role, the desired capability, and quantifiable benefits, along with detailed acceptance criteria and a structured test outline.","that (ISO 29148)
improved (ISO 29148)
can (NASA ARM)
improved (NASA ARM)",4,4,0.0,4,4,0.0,4,5,1.0,4,5,1.0,4,5,1.0,3,5,2.0,4,5,1.0,—
A17US9Ge,"As a medical device marketer, I need to highlight the capabilities of our new sleep apnea prediction technology, focusing on its accuracy and the benefits it offers to both patients and clinicians.","User Story:
As a medical device marketer, I want to effectively showcase the capabilities of our new sleep apnea prediction technology, emphasizing its ≥95% accuracy and the significant benefits it provides to both patients and clinicians, so that we can drive adoption and improve patient outcomes.

Acceptance Criteria:
- The marketing materials must clearly communicate the technology's accuracy rate of ≥95% in predicting sleep apnea events.
- At least 80% of clinicians surveyed should express a preference for using our technology over existing solutions due to its demonstrated benefits.
- Patient testimonials should reflect a satisfaction rate of 90% or higher regarding the technology's impact on their treatment journey.

Test Outline:
- Review marketing materials to ensure they highlight the accuracy and benefits as specified.
- Conduct surveys with clinicians to measure their preferences and perceptions of the technology.
- Collect and analyze patient feedback to assess satisfaction levels.","The original user story was clear but lacked measurable criteria and specific benefits. The improved version emphasizes quantifiable metrics, clarifies the value proposition, and outlines a structured approach to validate the marketing claims.","it (ISO 29148)
that (ISO 29148)
significant (ISO 29148)
can (NASA ARM)",4,4,0.0,4,4,0.0,4,5,1.0,4,5,1.0,4,5,1.0,3,5,2.0,4,5,1.0,—
A17US10Ge,"As a healthcare IT specialist, I am tasked with ensuring that the data from sleep studies are securely handled and that the systems integrating this new predictive technology comply with medical data regulations and privacy laws.","User Story:
As a healthcare IT specialist, I want to ensure that data from sleep studies is securely managed and that the systems integrating predictive technology comply with medical data regulations and privacy laws so that patient information is protected and regulatory standards are met.

Acceptance Criteria:
- All sleep study data must be encrypted both in transit and at rest, achieving a minimum encryption standard of AES-256.
- Compliance audits should confirm that 100% of systems meet HIPAA and GDPR requirements within 3 months of implementation.
- User access to sensitive data must be logged and monitored, with at least 95% of access attempts reviewed for compliance.

Test Outline:
- Conduct penetration testing to verify the effectiveness of data encryption methods.
- Schedule compliance audits to ensure all systems adhere to relevant regulations and document findings.
- Review access logs regularly to ensure that monitoring processes are functioning as intended.","The original user story was clear but lacked measurable criteria and specific outcomes. The improved version enhances clarity by explicitly stating the security measures and compliance requirements, while also providing quantifiable acceptance criteria and a structured test outline.","it (ISO 29148)
that (ISO 29148)
all (ISO 29148)",2,4,2.0,2,4,2.0,2,5,3.0,2,5,3.0,2,5,3.0,2,5,3.0,2,5,3.0,—
A18US1Ge,"As a radiologist, I want a tool that can assist me in diagnosing TB disease from chest X-rays, improving accuracy and efficiency in my workflow.","User Story:
As a radiologist, I want an advanced diagnostic tool that analyzes chest X-rays for tuberculosis (TB) detection so that I can enhance diagnostic accuracy by at least 20% and reduce the time spent on each case by 30%.

Acceptance Criteria:
- The tool must achieve a diagnostic accuracy of 90% or higher when compared to expert evaluations.
- The average time to analyze a chest X-ray should not exceed 5 seconds.
- User feedback should reflect a satisfaction rate of 90% or higher regarding the tool's effectiveness in improving workflow.

Test Outline:
- Validate the tool's accuracy by comparing its results against a set of expert-reviewed X-rays.
- Measure the time taken for the tool to analyze a sample set of X-rays to ensure it meets the 5-second criterion.
- Conduct user surveys to assess satisfaction with the tool's impact on workflow efficiency.","The original user story was clear but lacked specific, measurable criteria. The improved version enhances clarity by specifying quantifiable goals for accuracy and efficiency, along with structured acceptance criteria and a test outline to ensure the tool's effectiveness.","it (ISO 29148)
that (ISO 29148)
can (NASA ARM)",4,4,0.0,4,4,0.0,4,5,1.0,4,5,1.0,5,5,0.0,4,5,1.0,4,5,1.0,—
A18US2Ge,"As a patient with suspected TB, I want access to a fast and reliable method for TB detection to receive timely treatment and prevent further complications.","User Story:
As a patient with suspected TB, I want access to a rapid and dependable TB detection method so that I can receive timely treatment within 24 hours and minimize the risk of complications and transmission.

Acceptance Criteria:
- The TB detection method must provide results within 24 hours for at least 90% of tests conducted.
- The accuracy of the detection method should be at least 95% to ensure reliable diagnosis.
- Patients should receive follow-up communication regarding their results within 1 hour of testing.

Test Outline:
- Monitor the turnaround time for test results to ensure compliance with the 24-hour requirement.
- Validate the accuracy of the detection method through comparison with established diagnostic standards.
- Assess the effectiveness of the follow-up communication process through patient surveys.","The original user story was clear but lacked specific measurable criteria. The improved version enhances clarity by specifying the desired outcomes, measurable acceptance criteria, and a structured test outline to ensure the effectiveness of the TB detection method.","reliable (ISO 29148)
that (ISO 29148)
timely (NASA ARM)
can (NASA ARM)",4,4,0.0,4,4,0.0,4,5,1.0,4,5,1.0,5,5,0.0,4,5,1.0,4,5,1.0,—
A18US3Ge,"As a public health official, I want a cost-effective and scalable tool for TB screening in high-burden regions to facilitate early diagnosis and control the spread of the disease.","User Story:
As a public health official, I want to implement a cost-effective and scalable tuberculosis (TB) screening tool in high-burden regions so that we can achieve early diagnosis for at least 80% of suspected cases and significantly reduce the transmission rate of the disease.

Acceptance Criteria:
- The screening tool must be able to process at least 100 tests per day in each targeted region.
- The cost per screening should not exceed $5 to ensure affordability and widespread adoption.
- The tool should demonstrate a sensitivity of at least 90% in detecting active TB cases during pilot testing.

Test Outline:
- Evaluate the daily testing capacity of the tool in real-world settings to confirm it meets the 100 tests per day requirement.
- Analyze the cost structure to ensure the screening remains under the $5 threshold.
- Conduct pilot studies to assess the sensitivity of the tool against confirmed TB cases.","The original user story was well-structured but lacked specific measurable criteria. The improved version clarifies the desired outcomes, provides explicit metrics for success, and outlines a testing strategy to ensure the tool's effectiveness and feasibility.","effective (ISO 29148)
it (ISO 29148)
that (ISO 29148)
be able to (NASA ARM)
effective (NASA ARM)
can (NASA ARM)",4,4,0.0,4,4,0.0,4,5,1.0,4,5,1.0,5,5,0.0,4,5,1.0,4,5,1.0,—
A18US4Ge,"As a medical device developer, I want to integrate this technology into AI-powered diagnostic systems for use in hospitals and clinics.","User Story:
As a medical device developer, I want to seamlessly integrate this technology into AI-powered diagnostic systems so that hospitals and clinics can enhance diagnostic accuracy and improve patient outcomes by at least 20%.

Acceptance Criteria:
- The integration process must be completed within 3 months, ensuring compatibility with existing systems.
- The AI diagnostic system should demonstrate a minimum accuracy improvement of 20% in diagnostic results compared to current methods during clinical trials.
- User training sessions must be conducted for at least 90% of the medical staff within 2 weeks of deployment.

Test Outline:
- Track the timeline of the integration process to ensure it meets the 3-month deadline.
- Analyze diagnostic accuracy data from clinical trials to confirm the 20% improvement.
- Survey medical staff post-training to verify that at least 90% have completed the training and feel confident using the new system.","The original user story was clear but lacked measurable criteria and specific benefits. The improved version emphasizes the integration timeline, quantifies expected improvements in diagnostic accuracy, and includes a structured training plan, enhancing clarity and focus on business impact.","it (ISO 29148)
this (ISO 29148)
that (ISO 29148)
can (NASA ARM)",2,4,2.0,2,4,2.0,2,5,3.0,2,5,3.0,3,5,2.0,2,5,3.0,2,5,3.0,—
A18US5Ge,"As a researcher studying TB, I want to explore the potential of this method for analyzing large datasets of chest X-rays to identify patterns and improve our understanding of the disease.","User Story:
As a researcher studying TB, I want to utilize advanced analytical methods to examine large datasets of chest X-rays so that I can identify significant patterns and enhance our understanding of the disease's progression and diagnosis.

Acceptance Criteria:
- The analysis method must process datasets of at least 10,000 chest X-ray images within 30 minutes.
- The identification of patterns should achieve a minimum accuracy rate of 85% when validated against known cases.
- The research findings should be documented and shared with the scientific community within 3 months of analysis completion.

Test Outline:
- Measure the processing time of the analytical method on a sample dataset to ensure it meets the 30-minute requirement.
- Validate the accuracy of identified patterns by comparing them with a control group of known cases.
- Review the documentation and dissemination process to confirm that findings are shared within the specified timeframe.","The original user story was clear but lacked measurable criteria and specificity. The improved version enhances clarity by defining the researcher's role, specifying the analytical capabilities, and providing explicit, quantifiable acceptance criteria and a structured test outline.","it (ISO 29148)
that (ISO 29148)
significant (ISO 29148)
can (NASA ARM)",3,4,1.0,3,4,1.0,4,5,1.0,3,5,2.0,3,5,2.0,2,5,3.0,3,5,2.0,—
A18US6Ge,"As a data scientist, I want to compare the performance of different pre-trained CNN models and optimize the system for even higher accuracy in TB classification.","User Story:
As a data scientist, I want to evaluate and compare the performance metrics of various pre-trained Convolutional Neural Network (CNN) models so that I can identify the most effective model for tuberculosis (TB) classification and optimize the system to achieve an accuracy rate of at least 95%.

Acceptance Criteria:
- Each pre-trained CNN model must be tested on the same dataset, with performance metrics (accuracy, precision, recall) documented for at least 5 different models.
- The optimization process should lead to an improvement in classification accuracy by a minimum of 5% compared to the baseline model.
- The final model's performance should be validated using a separate test dataset, achieving at least 95% accuracy.

Test Outline:
- Run comparative analyses on the selected pre-trained CNN models and record their performance metrics.
- Implement optimization techniques and measure the resulting accuracy improvements using the same evaluation criteria.","The original user story was clear but lacked specific measurable criteria and a structured approach. The improved version enhances clarity by specifying the evaluation process, measurable acceptance criteria, and a detailed test outline to ensure the goals are quantifiable and actionable.","most (ISO 29148)
effective (ISO 29148)
that (ISO 29148)
effective (NASA ARM)
can (NASA ARM)",4,4,0.0,4,4,0.0,4,5,1.0,4,5,1.0,4,5,1.0,3,5,2.0,4,5,1.0,—
A18US7Ge,"As a healthcare provider in a resource-limited setting, I want a TB detection tool that requires minimal training and computational resources for easy implementation.","User Story:
As a healthcare provider in a resource-limited setting, I want a tuberculosis (TB) detection tool that can be implemented with minimal training and low computational requirements so that I can effectively diagnose patients and improve treatment outcomes without straining available resources.

Acceptance Criteria:
- The tool should enable accurate TB detection with at least 90% sensitivity and specificity after no more than 2 hours of training for healthcare staff.
- It must operate on devices with a minimum of 1 GB RAM and a basic processor to ensure accessibility in low-resource settings.
- User feedback should reflect a satisfaction rate of 80% or higher regarding the ease of use and implementation of the tool.

Test Outline:
- Conduct training sessions to evaluate the time taken for healthcare providers to become proficient in using the tool and assess their performance in detecting TB.
- Test the tool on various devices to confirm it functions effectively within the specified hardware limitations.
- Gather user feedback through surveys to measure satisfaction and identify areas for improvement.","The original user story was clear but lacked specific measurable criteria and a structured approach. The improved version enhances clarity by specifying the desired outcomes, measurable acceptance criteria, and a detailed test outline to ensure the tool's effectiveness and usability in resource-limited settings.","it (ISO 29148)
that (ISO 29148)
minimal (ISO 29148)
can (NASA ARM)
more (NASA ARM)",4,4,0.0,4,4,0.0,4,5,1.0,4,5,1.0,5,5,0.0,4,5,1.0,4,5,1.0,—
A18US8Ge,"As a patient advocate, I want to ensure that this technology is accessible and affordable for all patients, regardless of their location or socioeconomic background.","User Story:
As a patient advocate, I want to guarantee that this technology is accessible and affordable for all patients, regardless of their geographic location or socioeconomic status, so that we can improve health equity and ensure that at least 90% of patients can utilize the technology without financial burden.

Acceptance Criteria:
- The technology must be available in at least 95% of healthcare facilities across diverse regions.
- Pricing should be structured to ensure that no patient pays more than 10% of their monthly income for access to the technology.
- User surveys should reflect that at least 85% of patients feel the technology is accessible and affordable.

Test Outline:
- Analyze the distribution of the technology across various healthcare facilities to confirm coverage meets the 95% target.
- Conduct a financial assessment to ensure pricing aligns with the 10% income cap for patients.
- Gather and evaluate patient feedback through surveys to measure perceived accessibility and affordability.","The original user story was clear in intent but lacked measurable criteria and specific outcomes. The improved version enhances clarity by defining explicit goals, acceptance criteria, and a structured test outline to ensure the technology meets the needs of all patients effectively.","this (ISO 29148)
that (ISO 29148)
all (ISO 29148)
can (NASA ARM)
more (NASA ARM)",2,4,2.0,2,4,2.0,3,5,2.0,2,5,3.0,3,5,2.0,2,5,3.0,2,5,3.0,—
A18US9Ge,"As an ethicist, I want to see clear guidelines and safeguards in place to ensure responsible use of this technology, protecting patient privacy and data security.","User Story:
As an ethicist, I want to access comprehensive guidelines and robust safeguards to ensure the responsible use of this technology, thereby protecting patient privacy and enhancing data security.

Acceptance Criteria:
- Guidelines must be documented and accessible, covering at least 10 key ethical principles related to technology use.
- Safeguards should be implemented to ensure that 100% of patient data is encrypted during transmission and storage.
- Regular audits must be conducted quarterly to assess compliance with privacy standards, with a target of achieving at least 95% adherence.

Test Outline:
- Review the documentation of guidelines to ensure all key principles are included and clearly articulated.
- Conduct penetration testing to verify that all patient data is encrypted and secure.
- Analyze audit reports to confirm compliance rates and identify areas for improvement.","The original user story was clear but lacked measurable criteria and specificity. The improved version enhances clarity by specifying the need for comprehensive guidelines and safeguards, while also providing quantifiable acceptance criteria and a structured test outline to ensure accountability.","robust (ISO 29148)
secure (ISO 29148)
this (ISO 29148)
that (ISO 29148)
all (ISO 29148)",4,4,0.0,4,4,0.0,4,4,0.0,4,5,1.0,4,5,1.0,3,5,2.0,4,4,0.0,—
A18US10Ge,"As a policymaker, I want to explore how this technology can be integrated into national TB control programs to improve early detection and treatment rates.","User Story:
As a policymaker, I want to investigate the integration of this technology into national tuberculosis (TB) control programs so that we can enhance early detection rates by at least 30% and improve treatment adherence by 25% within the next year.

Acceptance Criteria:
- A comprehensive report must be generated within 3 months detailing potential integration strategies and expected outcomes.
- Pilot programs should demonstrate a minimum of 30% increase in early TB detection rates compared to current methods.
- Treatment adherence rates must show an improvement of at least 25% in the pilot program within 6 months of implementation.

Test Outline:
- Review the generated report for completeness and alignment with national TB control objectives.
- Analyze data from pilot programs to measure changes in early detection and treatment adherence rates against established benchmarks.","The original user story was clear but lacked specific, measurable outcomes and timelines. The improved version provides explicit metrics for success, a structured timeline for reporting, and a clear test outline to ensure accountability and effectiveness.","this (ISO 29148)
that (ISO 29148)
can (NASA ARM)",2,4,2.0,2,4,2.0,3,5,2.0,2,5,3.0,3,5,2.0,2,5,3.0,2,5,3.0,—
A19US1Ge,"As a bank risk analyst, I want to use a model that accurately predicts which credit card customers are most likely to default on their payments, allowing me to make better lending decisions and reduce financial losses for the bank.","User Story:
As a bank risk analyst, I want to utilize a predictive model that identifies credit card customers with a default risk of at least 80% accuracy, enabling me to make informed lending decisions and minimize potential financial losses for the bank.

Acceptance Criteria:
- The model must achieve a minimum accuracy rate of 80% when predicting defaults based on historical data.
- The implementation should reduce the bank's default rate by at least 15% within the first year of use.
- The model's predictions should be retrained quarterly to maintain accuracy and adapt to changing customer behaviors.

Test Outline:
- Validate the model's accuracy by comparing its predictions against actual default rates over a specified period.
- Analyze the bank's default rate before and after implementing the model to measure the impact on financial losses.","The original user story was clear but lacked specific measurable criteria. The improved version enhances clarity by specifying accuracy rates, expected reductions in default rates, and a structured testing approach to ensure the model's effectiveness.",that (ISO 29148),4,4,0.0,4,4,0.0,4,4,0.0,4,5,1.0,5,5,0.0,4,5,1.0,4,4,0.0,—
A19US2Ge,"As a credit card customer, I want to understand the factors that banks consider when assessing my creditworthiness and how I can improve my credit score to qualify for better interest rates and loan terms.","User Story:
As a credit card customer, I want to gain a clear understanding of the factors that banks evaluate when determining my creditworthiness, and I seek actionable strategies to enhance my credit score so that I can qualify for interest rates that are at least 1% lower and more favorable loan terms.

Acceptance Criteria:
- A comprehensive guide must be provided that outlines at least 5 key factors influencing creditworthiness.
- The guide should include at least 3 specific, measurable actions that can improve a credit score by a minimum of 50 points within 6 months.
- User feedback should reflect a satisfaction rate of 90% or higher regarding the clarity and usefulness of the information provided.

Test Outline:
- Review the guide for completeness and accuracy against industry standards for credit assessment.
- Conduct surveys to measure user satisfaction and the perceived value of the strategies outlined in the guide.","The original user story was informative but lacked specificity and measurable criteria. The improved version clarifies the user's intent, specifies actionable outcomes, and includes quantifiable acceptance criteria and a structured test outline to enhance clarity and focus on business value.","that (ISO 29148)
can (NASA ARM)
more (NASA ARM)",4,4,0.0,4,4,0.0,4,5,1.0,4,5,1.0,5,5,0.0,4,5,1.0,4,5,1.0,—
A19US3Ge,"As a financial advisor, I want to use credit card default prediction models to help my clients make informed decisions about their credit card usage and avoid potential financial difficulties.","User Story:
As a financial advisor, I want to implement credit card default prediction models so that I can provide my clients with data-driven insights, enabling them to make informed decisions about their credit card usage and proactively avoid financial difficulties.

Acceptance Criteria:
- The prediction model must achieve at least 85% accuracy in forecasting potential defaults based on historical data.
- Clients should receive personalized recommendations based on their credit usage patterns, with a minimum of 3 actionable insights per report.
- The system should generate reports within 5 seconds of input to ensure timely advice during client consultations.

Test Outline:
- Validate the accuracy of the prediction model by comparing its forecasts against actual default rates over a 6-month period.
- Review the generated reports for completeness and relevance of the recommendations provided to clients.","The original user story was clear but lacked measurable criteria and specific outcomes. The improved version enhances clarity by specifying the desired accuracy of the prediction model, the number of insights provided, and the response time for generating reports, thus strengthening the overall business relevance.","that (ISO 29148)
timely (NASA ARM)
can (NASA ARM)",4,4,0.0,4,4,0.0,4,5,1.0,4,5,1.0,5,5,0.0,4,5,1.0,4,5,1.0,—
A19US4Ge,"As a data scientist, I want to explore different machine learning algorithms and data analysis techniques to further improve the accuracy and efficiency of credit card default prediction models.","User Story:
As a data scientist, I want to evaluate various machine learning algorithms and data analysis techniques so that I can enhance the accuracy of credit card default prediction models by at least 15% and reduce processing time by 20%.

Acceptance Criteria:
- At least 5 different machine learning algorithms must be tested, with performance metrics documented for each.
- The accuracy of the best-performing model should improve by a minimum of 15% compared to the current baseline.
- The processing time for model training and evaluation should be reduced by at least 20% from the current average.

Test Outline:
- Compare the performance metrics of each algorithm using a standardized dataset to ensure consistent evaluation.
- Measure the accuracy and processing time before and after implementing the new algorithms to confirm improvements.","The original user story was clear but lacked measurable criteria and specific goals. The improved version specifies quantifiable improvements in accuracy and efficiency, along with detailed acceptance criteria and a structured test outline to ensure clarity and focus on business value.","best (ISO 29148)
that (ISO 29148)
can (NASA ARM)
best (NASA ARM)",3,4,1.0,3,4,1.0,4,5,1.0,3,5,2.0,4,5,1.0,2,5,3.0,3,5,2.0,—
A19US5Ge,"As a developer of financial software, I want to integrate credit card default prediction models into banking systems to provide real-time insights to loan officers and risk managers.","User Story:
As a developer of financial software, I want to integrate credit card default prediction models into banking systems so that loan officers and risk managers can receive real-time insights, enabling them to make informed lending decisions and reduce default rates.

Acceptance Criteria:
- The integration must provide predictions with at least 85% accuracy based on historical data.
- Real-time insights should be delivered within 5 seconds of data input for at least 90% of transactions.
- User feedback from loan officers and risk managers should indicate a satisfaction rate of 80% or higher regarding the usefulness of the insights.

Test Outline:
- Validate the accuracy of the prediction models by comparing predicted outcomes against actual default rates over a defined period.
- Measure the response time of the system to ensure insights are generated within the 5-second requirement.
- Conduct user surveys to assess the perceived value and effectiveness of the insights provided.","The original user story was clear but lacked measurable criteria and specific benefits. The improved version enhances clarity by specifying the role, capability, and business impact, while also providing quantifiable acceptance criteria and a structured test outline.","that (ISO 29148)
can (NASA ARM)",4,4,0.0,4,4,0.0,4,5,1.0,4,5,1.0,5,5,0.0,4,5,1.0,4,5,1.0,—
A19US6Ge,"As a regulator of the financial industry, I want to ensure that credit card default prediction models are used responsibly and ethically, preventing discrimination and protecting consumer privacy.","User Story:
As a regulator of the financial industry, I want to oversee the responsible and ethical use of credit card default prediction models so that we can prevent discrimination, safeguard consumer privacy, and ensure compliance with regulatory standards.

Acceptance Criteria:
- All credit card default prediction models must undergo an ethical review process with a compliance rate of 100% before deployment.
- Regular audits should be conducted bi-annually to ensure that no discriminatory practices are present in the model outputs, with a target of 0% identified bias.
- Consumer privacy must be maintained, with at least 95% of users reporting confidence in how their data is handled.

Test Outline:
- Review documentation and processes for ethical reviews to confirm compliance with regulatory standards.
- Analyze model outputs during audits to identify any potential biases and ensure corrective actions are taken.
- Conduct user surveys to measure confidence levels regarding data privacy and protection.","The original user story was well-intentioned but lacked specificity and measurable criteria. The improved version clarifies the role of the regulator, emphasizes the importance of ethical standards, and provides clear, quantifiable acceptance criteria and a structured test outline to ensure accountability.","that (ISO 29148)
all (ISO 29148)
can (NASA ARM)",3,4,1.0,3,4,1.0,4,5,1.0,2,5,3.0,4,5,1.0,2,5,3.0,3,5,2.0,—
A19US7Ge,"As a researcher studying consumer behavior, I want to analyze large datasets of credit card transactions to identify patterns and risk factors associated with default behavior.","User Story:
As a researcher studying consumer behavior, I want to analyze extensive datasets of credit card transactions so that I can identify patterns and risk factors linked to default behavior, ultimately improving predictive models and risk assessment strategies.

Acceptance Criteria:
- The analysis should process datasets containing at least 1 million transactions within 30 minutes.
- The identified patterns and risk factors must be validated with a confidence level of 95% or higher.
- The findings should be presented in a comprehensive report that includes at least 3 actionable insights for risk mitigation.

Test Outline:
- Measure the time taken to process the dataset and ensure it meets the 30-minute requirement.
- Conduct statistical tests to validate the identified patterns and risk factors against historical data.
- Review the final report for clarity, relevance, and the number of actionable insights provided.","The original user story was clear but lacked measurable criteria and specific outcomes. The improved version enhances clarity by specifying the researcher's role, the capability to analyze large datasets, and the explicit business benefits, along with measurable acceptance criteria and a structured test outline.","it (ISO 29148)
that (ISO 29148)
can (NASA ARM)",4,4,0.0,4,4,0.0,4,5,1.0,4,5,1.0,4,5,1.0,3,5,2.0,4,5,1.0,—
A19US8Ge,"As a credit card company executive, I want to use credit card default prediction models to optimize marketing campaigns and target new customers with lower default risks.","User Story:
As a credit card company executive, I want to implement credit card default prediction models to enhance our marketing strategies so that we can effectively target new customers with a predicted default risk of less than 5%, thereby increasing our customer acquisition success rate by at least 20%.

Acceptance Criteria:
- The prediction model must achieve an accuracy rate of 85% or higher in identifying low-risk customers.
- Marketing campaigns should result in a minimum 15% increase in new customer sign-ups within the first quarter after implementation.
- The default rate among newly acquired customers should remain below 5% over the first year.

Test Outline:
- Validate the accuracy of the prediction model by comparing its results against actual customer default rates over a defined period.
- Analyze the performance of marketing campaigns by tracking new customer sign-ups and default rates post-implementation.","The original user story was clear but lacked specific, measurable criteria. The improved version enhances clarity by specifying the desired outcomes, measurable acceptance criteria, and a structured test outline to ensure the effectiveness of the prediction models in optimizing marketing efforts.","that (ISO 29148)
can (NASA ARM)
less (NASA ARM)",4,5,1.0,4,4,0.0,4,5,1.0,4,5,1.0,5,5,0.0,4,5,1.0,4,5,1.0,—
A19US9Ge,"As a consumer advocate, I want to ensure that credit card companies use these models transparently and fairly, and that consumers have access to their credit scores and the factors used to assess their creditworthiness.","User Story:
As a consumer advocate, I want to ensure that credit card companies implement credit assessment models transparently and equitably so that consumers can access their credit scores and understand the factors influencing their creditworthiness.

Acceptance Criteria:
- Credit card companies must provide consumers with their credit scores and a detailed breakdown of the factors affecting their scores at least once a year.
- Transparency reports should be published quarterly, showing how credit models are applied and their impact on consumer credit decisions.
- At least 90% of consumers should report understanding their credit scores and the assessment factors based on a post-implementation survey.

Test Outline:
- Review the frequency and content of the information provided to consumers to ensure compliance with the annual disclosure requirement.
- Analyze quarterly transparency reports for clarity and comprehensiveness.
- Conduct surveys to measure consumer understanding of their credit scores and the factors influencing them.","The original user story was clear but lacked measurable criteria and specific acceptance standards. The improved version enhances clarity, specifies measurable outcomes, and outlines a structured testing approach to ensure accountability and transparency.","that (ISO 29148)
can (NASA ARM)",3,4,1.0,3,4,1.0,4,5,1.0,3,5,2.0,3,5,2.0,2,5,3.0,3,5,2.0,—
A19US10Ge,"As a policymaker, I want to explore the potential of using credit card default prediction models to inform broader financial regulations and promote responsible credit card usage.","User Story:
As a policymaker, I want to analyze credit card default prediction models so that I can develop informed financial regulations that promote responsible credit card usage and reduce default rates by at least 20% over the next year.

Acceptance Criteria:
- The analysis must include at least three different credit card default prediction models to ensure comprehensive insights.
- A report summarizing the findings and recommendations should be completed within 3 months of initiating the analysis.
- The proposed regulations should aim to improve responsible credit card usage metrics by at least 15% within the first year of implementation.

Test Outline:
- Review the models' performance metrics to ensure they meet the accuracy and reliability standards required for regulatory decisions.
- Evaluate the effectiveness of the proposed regulations through follow-up surveys and data analysis after one year of implementation.","The original user story was clear but lacked measurable criteria and specific outcomes. The improved version enhances clarity by specifying the expected impact on default rates, outlines acceptance criteria with quantifiable goals, and provides a structured test outline to assess the effectiveness of the analysis and subsequent regulations.","that (ISO 29148)
can (NASA ARM)",2,4,2.0,2,4,2.0,3,5,2.0,2,5,3.0,3,5,2.0,2,5,3.0,2,5,3.0,—
A20US1Ge,"As a healthcare professional, I want to input a person's personality traits (Big Five), sensation seeking scores, impulsivity measures, and demographic information into a system to predict their likelihood of drug abuse.","User Story:
As a healthcare professional, I want to input a patient's Big Five personality traits, sensation-seeking scores, impulsivity measures, and demographic information into the system so that I can accurately predict their likelihood of drug abuse and tailor interventions accordingly.

Acceptance Criteria:
- The system must allow input of at least 5 personality traits, 3 sensation-seeking scores, and 3 impulsivity measures within 1 minute.
- Predictions of drug abuse likelihood should achieve at least 85% accuracy based on historical data.
- The system should provide a report summarizing the risk factors for each patient within 2 minutes of data entry.

Test Outline:
- Measure the time taken to input all required data fields to ensure it meets the 1-minute requirement.
- Validate the accuracy of the predictions against a dataset of known outcomes to confirm the 85% accuracy threshold.
- Review the generated reports for completeness and clarity within the specified time frame.","The original user story was clear but lacked measurable criteria and specific outcomes. The improved version enhances clarity by detailing the input requirements, establishing quantifiable acceptance criteria, and providing a structured test outline to ensure the system's effectiveness.","it (ISO 29148)
that (ISO 29148)
all (ISO 29148)
can (NASA ARM)",4,4,0.0,4,4,0.0,4,5,1.0,4,5,1.0,4,5,1.0,3,5,2.0,4,5,1.0,—
A20US2Ge,"As a researcher, I want to access the system's performance metrics, such as accuracy and feature importance, to evaluate the effectiveness of the drug abuse prediction models.","User Story:
As a researcher, I want to access detailed performance metrics of the drug abuse prediction models, including accuracy rates and feature importance scores, so that I can quantitatively assess their effectiveness and make data-driven decisions.

Acceptance Criteria:
- The system must provide accuracy metrics with a minimum threshold of 85% for the prediction models.
- Feature importance scores should be displayed for at least the top 10 contributing factors in the model.
- Performance metrics should be retrievable within 3 seconds to facilitate timely analysis.

Test Outline:
- Validate the accuracy of the prediction models by comparing the reported metrics against a validation dataset.
- Ensure that the feature importance scores are correctly calculated and displayed for the specified factors.
- Measure the time taken to retrieve the performance metrics to confirm it meets the 3-second requirement.","The original user story was clear but lacked specific measurable criteria. The improved version enhances clarity by specifying the metrics to be accessed, establishes quantifiable acceptance criteria, and outlines a structured test plan to ensure the functionality meets the research needs.","it (ISO 29148)
that (ISO 29148)
timely (NASA ARM)
can (NASA ARM)",4,4,0.0,4,4,0.0,4,5,1.0,4,5,1.0,5,5,0.0,4,5,1.0,4,5,1.0,—
A20US3Ge,"As a data scientist, I want to be able to compare and contrast the performance of different machine learning algorithms (logistic regression, decision tree, random forest) for drug abuse prediction.","User Story:
As a data scientist, I want to analyze and compare the performance metrics of various machine learning algorithms, including logistic regression, decision tree, and random forest, for drug abuse prediction so that I can select the most effective model based on accuracy and reliability.

Acceptance Criteria:
- Each algorithm must be evaluated using a standardized dataset, achieving a minimum accuracy of 85% for drug abuse prediction.
- The comparison should include at least three performance metrics: accuracy, precision, and recall, with results documented in a report.
- The analysis should be completed within a 2-week timeframe to ensure timely decision-making.

Test Outline:
- Implement each algorithm on the same dataset and record the performance metrics for comparison.
- Review the final report to ensure it includes all required metrics and meets the specified accuracy threshold.","The original user story was clear but lacked measurable criteria and a structured approach. The improved version specifies the performance metrics, sets clear acceptance criteria, and outlines a test plan to ensure the analysis is thorough and timely.","most (ISO 29148)
effective (ISO 29148)
it (ISO 29148)
that (ISO 29148)
all (ISO 29148)
effective (NASA ARM)
timely (NASA ARM)
can (NASA ARM)",4,4,0.0,4,4,0.0,4,5,1.0,4,5,1.0,4,5,1.0,3,5,2.0,4,5,1.0,—
A20US4Ge,"As a public health official, I want to use the system to identify high-risk populations for drug abuse based on their characteristics and demographics.","User Story:
As a public health official, I want to utilize the system to accurately identify high-risk populations for drug abuse based on specific characteristics and demographics so that I can implement targeted intervention strategies and allocate resources effectively.

Acceptance Criteria:
- The system must analyze demographic data and identify high-risk groups with at least 90% accuracy.
- Reports generated should be available within 5 seconds of the request to facilitate timely decision-making.
- User feedback should reflect a satisfaction rate of 80% or higher regarding the usefulness of the identified high-risk populations.

Test Outline:
- Validate the accuracy of the identified high-risk populations by comparing the system's results with historical data.
- Measure the time taken to generate reports and ensure it meets the 5-second requirement.
- Conduct surveys with public health officials to assess the perceived value of the insights provided by the system.","The original user story was clear but lacked measurable criteria and specific outcomes. The improved version enhances clarity by specifying the capability, business relevance, and includes quantifiable acceptance criteria and a structured test outline.","it (ISO 29148)
that (ISO 29148)
timely (NASA ARM)
can (NASA ARM)",4,4,0.0,4,4,0.0,4,5,1.0,4,5,1.0,4,5,1.0,3,5,2.0,4,5,1.0,—
A20US5Ge,"As a social worker, I want the system to provide resources and intervention programs tailored to the specific factors contributing to a person's risk of drug abuse.","User Story:
As a social worker, I want the system to deliver personalized resources and intervention programs based on the specific risk factors associated with an individual's potential for drug abuse so that I can effectively support clients in reducing their risk and improving their well-being.

Acceptance Criteria:
- The system must analyze at least 5 key risk factors for each client and provide tailored resources with a relevance score of 85% or higher.
- Users should receive recommendations within 3 seconds of inputting client data.
- At least 90% of social workers should report that the provided resources are useful in their intervention strategies.

Test Outline:
- Evaluate the accuracy of the resource recommendations by comparing them against expert-reviewed criteria for effectiveness.
- Measure the response time of the system when processing client data to ensure it meets the 3-second requirement.
- Conduct surveys with social workers to assess the perceived usefulness of the resources provided.","The original user story was clear but lacked measurable criteria and specific outcomes. The improved version enhances clarity by specifying the desired capabilities, measurable acceptance criteria, and a structured test outline to ensure the system's effectiveness in supporting social workers.","it (ISO 29148)
that (ISO 29148)
can (NASA ARM)",4,4,0.0,4,4,0.0,4,5,1.0,4,5,1.0,4,5,1.0,3,5,2.0,4,5,1.0,—
A20US6Ge,"As an individual, I want to have the option to anonymously assess their own risk of drug abuse through the system.","User Story:
As an individual, I want to anonymously evaluate my risk of drug abuse through the system so that I can gain insights into my behavior and seek help if necessary.

Acceptance Criteria:
- The assessment tool must provide results within 5 minutes of completion for timely feedback.
- At least 90% of users should feel that their anonymity is preserved during the assessment process.
- The system should offer personalized recommendations based on the assessment results for at least 80% of users.

Test Outline:
- Measure the time taken to complete the assessment and provide results to ensure it meets the 5-minute requirement.
- Conduct user surveys to evaluate perceptions of anonymity and the usefulness of the recommendations provided.","The original user story was somewhat vague and lacked measurable criteria. The improved version clarifies the user's intent, specifies measurable acceptance criteria, and outlines a test plan to ensure the functionality meets user needs effectively.","it (ISO 29148)
that (ISO 29148)
timely (NASA ARM)
can (NASA ARM)",4,4,0.0,4,4,0.0,4,4,0.0,4,5,1.0,4,5,1.0,3,5,2.0,4,4,0.0,—
A20US7Ge,"As a data scientist, I want the system to allow for the inclusion of additional data sources (e.g., social media) to potentially improve the accuracy of drug abuse predictions.","User Story:
As a data scientist, I want the system to support the integration of additional data sources, such as social media platforms, so that I can enhance the accuracy of drug abuse predictions by at least 20%.

Acceptance Criteria:
- The system must allow for the integration of at least 3 new data sources within 4 weeks of implementation.
- Predictions made using the new data sources should show a minimum improvement of 20% in accuracy compared to previous models.
- The integration process should not disrupt existing functionalities, maintaining a 99% uptime during the transition.

Test Outline:
- Evaluate the integration process by testing the connection and data retrieval from the new sources.
- Compare the accuracy of predictions before and after the integration using a controlled dataset to confirm the 20% improvement.","The original user story was clear but lacked measurable criteria and specific goals. The improved version emphasizes the expected impact on prediction accuracy, provides quantifiable acceptance criteria, and outlines a structured testing approach to ensure the integration's effectiveness.","that (ISO 29148)
can (NASA ARM)",4,5,1.0,4,4,0.0,4,5,1.0,4,5,1.0,4,5,1.0,3,5,2.0,4,5,1.0,—
A20US8Ge,"As a system developer, I want the system to be designed with strong privacy protections to ensure the confidentiality and security of user data.","User Story:
As a system developer, I want the system to incorporate robust privacy protections so that user data remains confidential and secure, thereby enhancing user trust and compliance with data protection regulations.

Acceptance Criteria:
- The system must implement encryption for all user data both at rest and in transit, achieving at least AES-256 standards.
- Privacy audits should be conducted quarterly, with a target of identifying and resolving 100% of critical vulnerabilities within 30 days.
- User data access logs must be maintained and reviewed monthly to ensure that unauthorized access attempts are detected and addressed within 24 hours.

Test Outline:
- Verify the implementation of encryption by conducting security assessments and penetration testing.
- Review audit reports to confirm that all identified vulnerabilities are addressed within the specified timeframe.
- Analyze access logs to ensure that any unauthorized access attempts are logged and responded to appropriately.","The original user story was clear but lacked measurable criteria and specific outcomes. The improved version strengthens the focus on privacy protections, provides quantifiable acceptance criteria, and outlines a structured testing approach to ensure compliance and security.","robust (ISO 29148)
secure (ISO 29148)
that (ISO 29148)
all (ISO 29148)",2,4,2.0,2,4,2.0,3,5,2.0,2,5,3.0,3,5,2.0,2,5,3.0,2,5,3.0,—
A20US9Ge,"As a policy maker, I want to use the system's insights on the impact of environmental factors to develop targeted prevention strategies for drug abuse.","User Story:
As a policy maker, I want to leverage the system's insights on the influence of environmental factors on drug abuse so that I can formulate targeted prevention strategies that effectively reduce drug-related incidents by at least 20% over the next year.

Acceptance Criteria:
- The system must provide data-driven insights that correlate environmental factors with drug abuse trends with a confidence level of 95%.
- At least three actionable prevention strategies should be generated based on the insights within 30 days of data analysis.
- The effectiveness of implemented strategies should be measurable, with a follow-up assessment showing a reduction in drug abuse incidents within 6 months.

Test Outline:
- Validate the accuracy of the insights by comparing them against historical data on drug abuse and environmental factors.
- Review the generated prevention strategies for feasibility and alignment with the insights provided.
- Conduct a follow-up study to measure the impact of the strategies on drug abuse rates.","The original user story was clear but lacked measurable criteria and specific outcomes. The improved version enhances clarity by specifying quantifiable goals, actionable acceptance criteria, and a structured test outline to ensure the effectiveness of the strategies.","that (ISO 29148)
can (NASA ARM)",4,5,1.0,4,4,0.0,4,5,1.0,4,5,1.0,4,5,1.0,3,5,2.0,4,5,1.0,—
A20US10Ge,"As a healthcare professional, I want the system to integrate with existing electronic health records to streamline data collection and risk assessment for patients.","User Story:
As a healthcare professional, I want the system to seamlessly integrate with existing electronic health records (EHR) so that I can efficiently collect patient data and conduct risk assessments, ultimately improving patient care and reducing administrative workload.

Acceptance Criteria:
- The integration must allow for real-time data synchronization with EHR systems, achieving a data update frequency of at least every 5 minutes.
- At least 95% of patient records should be accurately imported without data loss or errors during the integration process.
- User feedback should reflect a satisfaction rate of 90% or higher regarding the ease of accessing and utilizing integrated data for patient assessments.

Test Outline:
- Monitor the synchronization process to ensure data updates occur within the specified 5-minute window.
- Conduct audits on imported patient records to verify accuracy and completeness.
- Gather user feedback through surveys to assess satisfaction with the integration functionality.","The original user story was clear but lacked measurable criteria and specific benefits. The improved version enhances clarity by specifying the integration's impact on patient care, includes quantifiable acceptance criteria, and outlines a structured test plan to ensure the integration meets user needs.","that (ISO 29148)
every (ISO 29148)
can (NASA ARM)",4,4,0.0,4,4,0.0,4,5,1.0,4,5,1.0,4,5,1.0,3,5,2.0,4,5,1.0,—
A21US1Ge,"As a freelancer on an online platform, I want to be judged based on my skills and experience, not on my race or gender.","User Story:
As a freelancer on an online platform, I want to be evaluated solely on my skills and experience rather than my race or gender so that I can receive fair opportunities and compete effectively in the marketplace.

Acceptance Criteria:
- The platform must implement a blind review process for freelancer profiles, ensuring that at least 90% of evaluations are based on skills and experience.
- User feedback should reflect a satisfaction rate of 80% or higher regarding the fairness of the evaluation process.
- The platform should track and report diversity metrics quarterly to ensure equitable representation in hiring practices.

Test Outline:
- Analyze the evaluation process to confirm that personal identifiers are removed during the review phase.
- Conduct surveys to gather user feedback on perceived fairness and satisfaction with the evaluation criteria.","The original user story was clear in intent but lacked measurable criteria and specific acceptance metrics. The improved version emphasizes fairness, outlines quantifiable acceptance criteria, and provides a structured test plan to ensure the evaluation process is equitable.","that (ISO 29148)
can (NASA ARM)",2,4,2.0,2,4,2.0,3,5,2.0,2,5,3.0,3,5,2.0,2,5,3.0,2,5,3.0,—
A21US2Ge,"As a client on an online platform, I want to be aware of potential biases in my own hiring decisions and strive to be fair and objective.","User Story:
As a client on an online platform, I want to receive insights and tools to identify and mitigate biases in my hiring decisions so that I can ensure a fair and objective recruitment process, leading to a diverse and qualified candidate pool.

Acceptance Criteria:
- The platform must provide at least 3 actionable insights or recommendations for recognizing biases in hiring within the first 5 minutes of use.
- Users should be able to access a bias assessment tool that evaluates their hiring practices with a report generated in under 3 minutes.
- At least 80% of users should report an increased awareness of biases in their hiring decisions after utilizing the provided tools.

Test Outline:
- Evaluate the effectiveness of the insights by tracking user engagement and the time taken to receive recommendations.
- Conduct user surveys to measure the perceived increase in awareness regarding biases before and after using the bias assessment tool.","The original user story was somewhat vague and lacked measurable criteria. The improved version clarifies the user's role and needs, specifies measurable acceptance criteria, and outlines a test plan to ensure the effectiveness of the tools provided.","that (ISO 29148)
be able to (NASA ARM)
can (NASA ARM)",2,4,2.0,2,4,2.0,3,5,2.0,2,5,3.0,3,5,2.0,2,5,3.0,2,5,3.0,—
A21US3Ge,"As a developer of an online platform, I want to ensure that the platform's algorithms and design do not perpetuate or amplify existing societal biases.","User Story:
As a developer of an online platform, I want to implement bias mitigation strategies in the platform's algorithms and design so that we can promote fairness and inclusivity, ensuring that no societal biases are perpetuated or amplified.

Acceptance Criteria:
- Conduct a comprehensive bias audit on algorithms, achieving at least a 90% reduction in identified biases before deployment.
- Implement user feedback mechanisms that allow at least 80% of users to report perceived biases, with a response time of 48 hours for addressing concerns.
- Ensure that all new features undergo bias impact assessments, with documentation showing compliance for 100% of releases.

Test Outline:
- Review the results of the bias audit to confirm the reduction percentage and identify areas for improvement.
- Analyze user feedback data to measure the effectiveness of the reporting mechanism and response times.
- Verify that bias impact assessments are completed and documented for all new features prior to their launch.","The original user story was clear in intent but lacked measurable criteria and specific outcomes. The improved version emphasizes actionable steps, quantifiable acceptance criteria, and a structured testing approach to ensure accountability and effectiveness in addressing biases.","that (ISO 29148)
all (ISO 29148)
can (NASA ARM)",2,4,2.0,2,5,3.0,3,5,2.0,2,5,3.0,3,5,2.0,2,5,3.0,2,5,3.0,—
A21US4Ge,"As a researcher studying online labor markets, I want to understand the mechanisms and consequences of racial and gender bias on online platforms.","User Story:
As a researcher studying online labor markets, I want to analyze the mechanisms and impacts of racial and gender bias on various online platforms so that I can provide actionable insights that promote equity and inclusivity in digital work environments.

Acceptance Criteria:
- Conduct a comprehensive analysis that includes at least 5 different online platforms to identify bias patterns.
- Gather and analyze data from a minimum of 1,000 user interactions to ensure statistical significance in findings.
- Present findings in a report that includes at least 3 actionable recommendations for platform improvements to reduce bias.

Test Outline:
- Review the data collection process to ensure it captures a diverse range of user experiences across platforms.
- Validate the analysis methods used to confirm they accurately reflect the presence and impact of bias.
- Share the report with a panel of experts for feedback on the recommendations and their feasibility.","The original user story was clear but lacked measurable criteria and specific outcomes. The improved version enhances clarity by specifying the research focus, measurable acceptance criteria, and a structured test outline to ensure the research's effectiveness and relevance.","it (ISO 29148)
that (ISO 29148)
can (NASA ARM)",2,4,2.0,1,5,4.0,1,5,4.0,1,5,4.0,2,5,3.0,1,5,4.0,1,5,4.0,—
A21US5Ge,"As a policymaker, I want to explore ways to regulate online platforms to prevent discrimination and promote fair competition.","User Story:
As a policymaker, I want to investigate and implement regulations for online platforms to ensure they prevent discrimination and foster fair competition, thereby promoting a more equitable digital marketplace.

Acceptance Criteria:
- A comprehensive report outlining at least three regulatory strategies must be developed within 3 months.
- Stakeholder consultations should involve at least 50 representatives from diverse sectors, including technology, consumer advocacy, and legal experts.
- The proposed regulations should aim to reduce reported discrimination incidents on platforms by at least 30% within the first year of implementation.

Test Outline:
- Review the report for completeness and adherence to the timeline.
- Analyze feedback from stakeholder consultations to ensure diverse perspectives are represented.
- Monitor discrimination incident reports on platforms post-implementation to assess the effectiveness of the regulations.","The original user story was broad and lacked specificity and measurable criteria. The improved version clarifies the policymaker's role, outlines explicit capabilities, and establishes clear, quantifiable acceptance criteria and a structured test outline to ensure accountability and effectiveness.",more (NASA ARM),2,4,2.0,2,4,2.0,3,4,1.0,2,5,3.0,3,5,2.0,2,5,3.0,2,4,2.0,—
A21US6Ge,"As an advocate for diversity and inclusion, I want to raise awareness about the issue of bias in online freelancing and work towards creating more equitable platforms.","User Story:
As an advocate for diversity and inclusion, I want to implement initiatives that raise awareness about bias in online freelancing platforms so that we can foster a more equitable environment for all freelancers and clients.

Acceptance Criteria:
- Launch at least 3 awareness campaigns within the next 6 months that reach a minimum of 1,000 participants each.
- Achieve a 70% engagement rate from participants in discussions and feedback sessions regarding bias in freelancing.
- Collaborate with at least 5 online freelancing platforms to develop and implement bias-reduction strategies within 12 months.

Test Outline:
- Track the number of participants and engagement levels in each awareness campaign to ensure targets are met.
- Collect feedback from participants to assess the effectiveness of the initiatives and identify areas for improvement.","The original user story was well-intentioned but lacked specificity and measurable criteria. The improved version clarifies the advocate's role, outlines clear capabilities, and establishes explicit, quantifiable acceptance criteria and a structured test outline to enhance accountability and impact.","that (ISO 29148)
all (ISO 29148)
can (NASA ARM)
more (NASA ARM)",2,4,2.0,2,5,3.0,3,4,1.0,2,5,3.0,3,5,2.0,2,5,3.0,2,5,3.0,—
A21US7Ge,"As a platform user safety advocate, I want to see platforms implement clear policies and procedures to address and prevent discrimination against workers.","User Story:
As a platform user safety advocate, I want to see platforms establish and enforce transparent policies and procedures to effectively address and prevent discrimination against workers, ensuring a fair and inclusive environment.

Acceptance Criteria:
- Platforms must publish their anti-discrimination policies, with at least 95% of users able to access and understand them.
- The implementation of these policies should result in a 30% reduction in reported discrimination incidents within the first year.
- User satisfaction regarding the effectiveness of these policies should reach at least 80% in annual surveys.

Test Outline:
- Review the accessibility and clarity of the published policies through user feedback and accessibility audits.
- Track and analyze the number of reported discrimination incidents before and after policy implementation to measure effectiveness.
- Conduct annual surveys to gauge user satisfaction with the policies and their perceived impact on the platform.","The original user story was clear but lacked measurable criteria and specific outcomes. The improved version enhances clarity by specifying the desired outcomes, measurable acceptance criteria, and a structured test outline to assess the effectiveness of the policies.",these (ISO 29148),2,4,2.0,2,4,2.0,3,4,1.0,2,5,3.0,3,5,2.0,2,5,3.0,2,4,2.0,—
A21US8Ge,"As a data scientist, I want to develop tools and techniques to identify and mitigate bias in online platform algorithms and data.","User Story:
As a data scientist, I want to create and implement advanced tools and methodologies to detect and reduce bias in algorithms and datasets used by online platforms so that we can ensure fairer outcomes and enhance user trust.

Acceptance Criteria:
- Develop at least three distinct tools for bias detection that can analyze datasets with a minimum accuracy of 95%.
- Implement bias mitigation techniques that demonstrate a reduction in bias metrics by at least 30% in algorithm outputs.
- Conduct user studies to achieve a satisfaction rate of 90% or higher regarding the perceived fairness of the platform's algorithms post-implementation.

Test Outline:
- Validate the effectiveness of the bias detection tools by applying them to existing datasets and measuring their accuracy.
- Analyze the results of the bias mitigation techniques to confirm the percentage reduction in bias metrics.
- Gather user feedback through surveys to assess their perception of fairness in the algorithms after the tools are deployed.","The original user story was clear but lacked measurable criteria and specific outcomes. The improved version enhances clarity by specifying the tools to be developed, measurable acceptance criteria, and a structured test outline to ensure accountability and effectiveness.","that (ISO 29148)
can (NASA ARM)",2,4,2.0,2,5,3.0,3,5,2.0,2,5,3.0,3,5,2.0,2,5,3.0,2,5,3.0,—
A21US9Ge,"As a consumer of online services, I want to choose platforms that are actively working to create a fair and inclusive environment for all workers.","User Story:
As a consumer of online services, I want to select platforms that demonstrate a commitment to fostering a fair and inclusive environment for all workers so that I can support businesses that align with my values and contribute to positive social change.

Acceptance Criteria:
- Platforms must provide documented policies and initiatives aimed at promoting diversity and inclusion, with at least 3 measurable goals for improvement.
- At least 80% of workers on the platform should report feeling valued and included in workplace surveys.
- The platform should publish an annual report detailing progress on inclusivity metrics and worker satisfaction.

Test Outline:
- Review the platform's documentation and policies to verify the existence of diversity and inclusion initiatives and their measurable goals.
- Analyze survey results from workers to assess the reported feelings of value and inclusion.
- Examine the annual report for transparency and progress on inclusivity metrics.","The original user story was clear but lacked specific, measurable criteria. The improved version emphasizes the user's values, clarifies the capability, and provides explicit acceptance criteria and a test outline to ensure accountability and transparency.","that (ISO 29148)
all (ISO 29148)
can (NASA ARM)",2,4,2.0,2,4,2.0,3,5,2.0,2,5,3.0,3,5,2.0,2,5,3.0,2,5,3.0,—
A21US10Ge,"As a global citizen, I want to see online platforms used to empower individuals and promote economic opportunities without discrimination.","User Story:
As a global citizen, I want to access online platforms that empower individuals and promote equitable economic opportunities so that I can engage in a fair marketplace that values diversity and inclusion.

Acceptance Criteria:
- The platform must ensure that at least 95% of users report feeling empowered and supported in their economic endeavors.
- The platform should provide resources and opportunities to at least 10,000 individuals from diverse backgrounds annually.
- User engagement metrics should show a 20% increase in participation from underrepresented groups within the first year of implementation.

Test Outline:
- Conduct user surveys to measure feelings of empowerment and support among platform users.
- Track the number of individuals accessing resources and opportunities to ensure the target of 10,000 is met.
- Analyze participation data to assess the increase in engagement from underrepresented groups.","The original user story was broad and lacked measurable criteria. The improved version clarifies the user's intent, specifies measurable acceptance criteria, and outlines a test plan to ensure the platform's effectiveness in promoting equity and empowerment.","that (ISO 29148)
can (NASA ARM)",2,4,2.0,2,4,2.0,3,5,2.0,2,5,3.0,3,5,2.0,2,5,3.0,2,5,3.0,—
A22US1Ge,"As a client on an online labor marketplace, I want to find the best freelancer for my job, but sifting through hundreds of applicants with inflated ratings is overwhelming.","User Story:
As a client on an online labor marketplace, I want to efficiently identify the most suitable freelancer for my project so that I can make informed hiring decisions without being overwhelmed by inflated ratings.

Acceptance Criteria:
- The platform must provide a filtering system that allows clients to sort freelancers by relevant skills, experience, and verified ratings, reducing the applicant pool by at least 50%.
- Clients should receive personalized recommendations based on their project requirements, achieving a match accuracy of 85% or higher.
- The time taken to review and shortlist freelancers should not exceed 10 minutes for 10 applicants.

Test Outline:
- Test the filtering system by measuring the reduction in the number of applicants and the relevance of the results based on client feedback.
- Evaluate the accuracy of the personalized recommendations through user surveys and track the time taken to shortlist candidates.","The original user story was too broad and lacked specific, measurable criteria. The improved version clarifies the client's needs, specifies measurable acceptance criteria, and outlines a structured test plan to ensure the functionality meets user expectations.","most (ISO 29148)
that (ISO 29148)
can (NASA ARM)",4,5,1.0,3,4,1.0,4,5,1.0,3,5,2.0,4,5,1.0,2,5,3.0,3,5,2.0,—
A22US2Ge,"As a freelancer on an online labor marketplace, I want a fair and accurate assessment of my skills and experience, not just based on unreliable ratings.","User Story:
As a freelancer on an online labor marketplace, I want a comprehensive and objective evaluation of my skills and experience so that I can showcase my true capabilities and attract suitable job opportunities.

Acceptance Criteria:
- The assessment system must incorporate at least 3 different evaluation methods (e.g., skill tests, project reviews, and peer endorsements) to ensure a well-rounded appraisal.
- The accuracy of the skill assessments should be validated by at least 85% of users agreeing that the evaluations reflect their actual abilities.
- The time taken to receive assessment results should not exceed 48 hours after submission.

Test Outline:
- Analyze the assessment process by reviewing the diversity of evaluation methods used and their effectiveness in providing accurate results.
- Conduct user surveys to measure satisfaction with the assessment accuracy and the overall experience.","The original user story was unclear and lacked measurable criteria. The improved version specifies the need for a comprehensive evaluation system, outlines clear acceptance criteria, and provides a structured test plan to ensure the assessment's reliability and fairness.","that (ISO 29148)
can (NASA ARM)",3,4,1.0,3,4,1.0,3,5,2.0,3,5,2.0,4,5,1.0,2,5,3.0,3,5,2.0,—
A22US3Ge,"As a developer of an online labor marketplace, I want a system that helps clients hire the right freelancers for their jobs, leading to better project outcomes and increased platform satisfaction.","User Story:
As a developer of an online labor marketplace, I want to implement an intelligent matching system that connects clients with the most suitable freelancers for their projects so that we can achieve a 20% increase in successful project completions and a 15% boost in client satisfaction ratings.

Acceptance Criteria:
- The system must match clients with freelancers based on skills and project requirements with at least 85% accuracy.
- The time taken to present matched freelancers should not exceed 3 seconds for 90% of queries.
- Post-project feedback should show a minimum of 80% of clients reporting satisfaction with their chosen freelancers.

Test Outline:
- Analyze the accuracy of matches by comparing system recommendations against successful project outcomes.
- Measure the response time of the matching system under various load conditions to ensure it meets the 3-second requirement.
- Conduct surveys to gather client feedback on their satisfaction with the freelancers they hired through the system.","The original user story was well-intentioned but lacked specificity and measurable criteria. The improved version clarifies the capability of the system, emphasizes business-relevant benefits, and provides clear acceptance criteria and a structured test outline to ensure effectiveness.","most (ISO 29148)
it (ISO 29148)
that (ISO 29148)
can (NASA ARM)",4,4,0.0,4,4,0.0,4,5,1.0,4,5,1.0,4,5,1.0,3,5,2.0,4,5,1.0,—
A22US4Ge,"As a data scientist, I want to explore ways to improve the accuracy and fairness of freelancer assessment on online platforms.","User Story:
As a data scientist, I want to identify and implement strategies to enhance the accuracy and fairness of freelancer assessments on online platforms so that we can ensure equitable opportunities and improve user trust in the evaluation process.

Acceptance Criteria:
- Develop and test at least three new algorithms that improve assessment accuracy by a minimum of 15% compared to current methods.
- Conduct fairness audits to ensure that the new assessment methods do not introduce bias, achieving a fairness score of 90% or higher across diverse freelancer demographics.
- Gather user feedback to achieve a satisfaction rate of at least 80% regarding the perceived fairness and accuracy of the assessments after implementation.

Test Outline:
- Compare the performance of the new algorithms against existing methods using a controlled dataset to measure accuracy improvements.
- Analyze the results of fairness audits to ensure compliance with established fairness benchmarks.
- Distribute surveys to users post-implementation to assess their satisfaction with the new assessment process.","The original user story was broad and lacked specific, measurable criteria. The improved version clarifies the data scientist's goals, emphasizes the importance of accuracy and fairness, and provides detailed acceptance criteria and a structured test outline to ensure accountability and measurable outcomes.","that (ISO 29148)
can (NASA ARM)",2,4,2.0,2,5,3.0,3,5,2.0,2,5,3.0,3,5,2.0,2,5,3.0,2,5,3.0,—
A22US5Ge,"As a researcher studying online labor markets, I want to understand how different factors, such as past job performance and skills, influence the success of freelancers.","User Story:
As a researcher studying online labor markets, I want to analyze the impact of various factors, including past job performance ratings and skill sets, on the success rates of freelancers so that I can derive actionable insights to improve freelancer outcomes.

Acceptance Criteria:
- The study must include a sample size of at least 500 freelancers to ensure statistical significance.
- Data analysis should reveal correlations with a confidence level of 95% or higher between identified factors and freelancer success metrics.
- The final report should provide at least three actionable recommendations based on the findings.

Test Outline:
- Collect and analyze data from freelancer profiles, job performance metrics, and success rates to validate the research hypothesis.
- Review the final report with peer researchers to ensure clarity and applicability of the recommendations.","The original user story was clear but lacked measurable criteria and specific outcomes. The improved version enhances clarity by specifying the research focus, establishing quantifiable acceptance criteria, and outlining a structured test plan to validate findings.","that (ISO 29148)
can (NASA ARM)",2,4,2.0,2,4,2.0,2,5,3.0,2,5,3.0,3,5,2.0,2,5,3.0,2,5,3.0,—
A22US6Ge,"As a platform user safety advocate, I want to ensure that the assessment framework is transparent and unbiased, preventing discrimination against any freelancer.","User Story:
As a platform user safety advocate, I want to establish a transparent and unbiased assessment framework so that all freelancers are evaluated fairly, ensuring a discrimination-free environment.

Acceptance Criteria:
- The assessment framework must include clear guidelines that are accessible to all users, with at least 90% of freelancers reporting understanding of the criteria.
- Regular audits should be conducted quarterly to ensure compliance with transparency and fairness standards, with results published for user review.
- User feedback should reflect a satisfaction rate of 85% or higher regarding the perceived fairness of the assessment process.

Test Outline:
- Review the documentation of the assessment framework to verify clarity and accessibility of guidelines.
- Analyze audit reports to confirm adherence to transparency and fairness standards.
- Conduct surveys to gather user feedback on their perceptions of the assessment process.","The original user story was clear but lacked measurable criteria and specific outcomes. The improved version enhances clarity by specifying acceptance criteria and a test outline, ensuring that the goals are quantifiable and actionable.","that (ISO 29148)
all (ISO 29148)",4,4,0.0,4,4,0.0,4,5,1.0,4,5,1.0,4,5,1.0,3,5,2.0,4,5,1.0,—
A22US7Ge,"As a freelancer with limited work history, I want the assessment framework to consider my potential and ability to learn, not just my past experience.","User Story:
As a freelancer with limited work history, I want the assessment framework to evaluate my potential and learning capabilities so that I can demonstrate my value and secure opportunities based on my skills rather than solely on past experience.

Acceptance Criteria:
- The assessment framework must include at least 3 criteria that measure potential and learning ability, such as adaptability, problem-solving skills, and willingness to learn.
- At least 80% of evaluators should agree that the framework effectively identifies candidates with high potential, regardless of their work history.
- The framework should be tested with a diverse group of freelancers, with at least 70% reporting a fair assessment of their abilities.

Test Outline:
- Review the assessment criteria to ensure they align with measuring potential and learning capabilities.
- Conduct surveys with evaluators and freelancers to gather feedback on the effectiveness and fairness of the assessment framework.","The original user story was clear but lacked measurable criteria and specific outcomes. The improved version emphasizes the importance of evaluating potential, provides quantifiable acceptance criteria, and outlines a structured testing approach to enhance clarity and focus on business relevance.","secure (ISO 29148)
that (ISO 29148)
can (NASA ARM)",3,4,1.0,3,4,1.0,4,5,1.0,2,5,3.0,4,5,1.0,2,5,3.0,3,5,2.0,—
A22US8Ge,"As a client with a specific project requirement, I want the assessment framework to prioritize freelancers with relevant skills and experience for my job.","User Story:
As a client with a specific project requirement, I want the assessment framework to effectively prioritize freelancers who possess the relevant skills and experience for my job so that I can quickly find the best candidates and ensure project success.

Acceptance Criteria:
- The framework must rank freelancers based on a scoring system that evaluates skills and experience, achieving at least 90% alignment with project requirements.
- The selection process should reduce the time taken to identify suitable freelancers by at least 30% compared to the current method.
- At least 80% of clients should report satisfaction with the quality of matched freelancers within one week of using the framework.

Test Outline:
- Analyze the scoring system's effectiveness by comparing the rankings of freelancers against successful project outcomes.
- Measure the time taken to identify suitable freelancers before and after implementing the new framework.
- Conduct client surveys to assess satisfaction levels regarding the quality of freelancer matches.","The original user story was clear but lacked measurable criteria and specific outcomes. The improved version enhances clarity by defining explicit acceptance criteria and a structured test outline, ensuring a focus on measurable business benefits.","best (ISO 29148)
that (ISO 29148)
can (NASA ARM)
best (NASA ARM)",4,4,0.0,4,4,0.0,4,5,1.0,4,5,1.0,4,5,1.0,3,5,2.0,4,5,1.0,—
A22US9Ge,"As a policymaker, I want to consider the implications of using data-driven assessment frameworks for online labor, ensuring ethical practices and fair competition.","User Story:
As a policymaker, I want to evaluate the ethical implications and competitive fairness of implementing data-driven assessment frameworks for online labor so that I can create regulations that promote transparency and protect workers' rights.

Acceptance Criteria:
- A comprehensive report must be generated that outlines at least 5 ethical considerations related to data-driven assessments by the end of Q2.
- Stakeholder consultations should include feedback from at least 3 different labor organizations and 2 data ethics experts to ensure diverse perspectives.
- The proposed framework must demonstrate a commitment to fair competition by including at least 3 measurable standards for accountability and transparency.

Test Outline:
- Review the generated report for completeness and relevance to the identified ethical considerations.
- Analyze feedback from stakeholder consultations to ensure all voices are represented and incorporated into the final policy recommendations.","The original user story was clear but lacked measurable criteria and specific outcomes. The improved version enhances clarity by specifying the policymaker's goals, establishing quantifiable acceptance criteria, and outlining a structured test plan to ensure thorough evaluation.","that (ISO 29148)
all (ISO 29148)
can (NASA ARM)",2,4,2.0,2,4,2.0,3,5,2.0,2,5,3.0,3,5,2.0,2,5,3.0,2,5,3.0,—
A22US10Ge,"As a global citizen, I want to see online labor platforms promote a fair and meritocratic system for connecting clients with skilled freelancers, contributing to a thriving gig economy.","User Story:
As a global citizen, I want online labor platforms to implement a transparent and merit-based system for matching clients with qualified freelancers so that I can support a thriving gig economy that values fairness and skill.

Acceptance Criteria:
- The platform must ensure that at least 90% of job postings are matched with freelancers based on their verified skills and experience.
- User satisfaction regarding the fairness of the matching process should reach a minimum of 85% in feedback surveys.
- The platform should reduce the average time taken to connect clients with suitable freelancers to under 5 minutes.

Test Outline:
- Analyze the matching algorithm's performance by tracking the percentage of successful matches based on freelancer qualifications.
- Conduct user surveys to measure satisfaction levels regarding the perceived fairness of the system.
- Monitor the time taken from job posting to freelancer connection to ensure it meets the specified criteria.","The original user story was well-intentioned but lacked specificity and measurable criteria. The improved version clarifies the user's role and intent, establishes clear acceptance criteria, and outlines a structured test plan to ensure the platform's effectiveness in promoting fairness and meritocracy.","it (ISO 29148)
that (ISO 29148)
can (NASA ARM)",2,4,2.0,2,4,2.0,3,5,2.0,2,5,3.0,3,5,2.0,2,5,3.0,2,5,3.0,—
A23US1Ge,"As a researcher studying search engine algorithms, I want to understand how different search engines prioritize and rank content, including potential biases and favoritism.","User Story:
As a researcher studying search engine algorithms, I want to analyze how various search engines prioritize and rank content, including identifying potential biases and favoritism, so that I can contribute to the development of fairer and more transparent algorithms.

Acceptance Criteria:
- The research must include a comparative analysis of at least 5 different search engines, detailing their ranking criteria and any identified biases.
- The study should provide quantifiable metrics on content ranking, such as the percentage of top results influenced by specific algorithms or biases.
- A comprehensive report must be completed and shared with stakeholders within 3 months of initiating the research.

Test Outline:
- Review and document the ranking algorithms of each search engine, focusing on their methodologies and any disclosed biases.
- Conduct surveys or interviews with users to gather insights on perceived biases in search results and validate findings.","The original user story was clear but lacked measurable criteria and specific outcomes. The improved version enhances clarity by specifying the research focus, establishing quantifiable acceptance criteria, and outlining a structured test plan to ensure thorough analysis.","that (ISO 29148)
can (NASA ARM)
more (NASA ARM)",2,4,2.0,2,4,2.0,2,5,3.0,2,5,3.0,3,5,2.0,2,5,3.0,2,5,3.0,—
A23US2Ge,"As a journalist or media analyst, I want to compare and contrast the results of different search engines to ensure I'm getting a comprehensive and diverse perspective on a topic.","User Story:
As a journalist or media analyst, I want to systematically compare and contrast the results from multiple search engines so that I can obtain a comprehensive and diverse perspective on a given topic, enhancing the quality of my analysis.

Acceptance Criteria:
- The comparison tool must aggregate results from at least 3 different search engines and display them side by side.
- Users should be able to filter results by relevance, date, and source credibility, with at least 80% of users finding the filtering options effective.
- The tool should provide a summary of key differences in search results within 5 seconds of the comparison request.

Test Outline:
- Test the aggregation feature by running a set of predefined queries and verifying that results from all selected search engines are displayed accurately.
- Conduct user surveys to assess the effectiveness of the filtering options and the speed of the summary generation.","The original user story was clear but lacked measurable criteria and specific acceptance tests. The improved version enhances clarity by specifying the functionality, measurable outcomes, and a structured testing approach to ensure comprehensive analysis.","effective (ISO 29148)
that (ISO 29148)
all (ISO 29148)
be able to (NASA ARM)
effective (NASA ARM)
can (NASA ARM)",3,4,1.0,3,4,1.0,4,5,1.0,3,5,2.0,3,5,2.0,2,5,3.0,3,5,2.0,—
A23US3Ge,"As a developer of search engine optimization (SEO) tools, I want to analyze how different search engines prioritize different types of content and adjust my strategies accordingly.","User Story:
As a developer of search engine optimization (SEO) tools, I want to analyze the ranking algorithms of various search engines to understand how they prioritize different content types so that I can refine my strategies and improve client visibility by at least 30%.

Acceptance Criteria:
- Conduct a comparative analysis of at least 3 major search engines to identify content prioritization patterns within 4 weeks.
- Implement at least 2 new strategies based on the analysis that lead to a measurable increase in organic traffic of 20% or more within 3 months.
- Gather user feedback to achieve a satisfaction rate of 90% or higher regarding the effectiveness of the updated SEO strategies.

Test Outline:
- Review and document the findings from the analysis of search engine algorithms.
- Monitor organic traffic changes using analytics tools to verify the impact of the new strategies.
- Conduct user surveys to assess satisfaction with the SEO tool's performance post-implementation.","The original user story was clear but lacked measurable criteria and specific outcomes. The improved version enhances clarity by specifying the analysis timeframe, expected traffic increase, and user satisfaction metrics, making it more actionable and focused on business impact.","that (ISO 29148)
can (NASA ARM)
more (NASA ARM)",4,4,0.0,4,5,1.0,4,5,1.0,4,5,1.0,4,5,1.0,3,5,2.0,4,5,1.0,—
A23US4Ge,"As a policymaker concerned with online information access, I want to monitor potential biases and manipulation within search engine algorithms and ensure fair and transparent access to information.","User Story:
As a policymaker concerned with online information access, I want to systematically monitor biases and manipulation in search engine algorithms so that I can promote fair and transparent access to information for all users.

Acceptance Criteria:
- A comprehensive report on algorithm biases must be generated quarterly, identifying at least 3 significant instances of bias or manipulation.
- The monitoring system should analyze search results for a minimum of 100 queries per month to ensure a robust dataset.
- Stakeholder feedback should reflect a 90% satisfaction rate regarding the transparency and effectiveness of the monitoring process.

Test Outline:
- Review the quarterly reports to verify the identification of biases and manipulation instances.
- Analyze the data collection process to ensure it meets the minimum query threshold and assess the accuracy of findings through stakeholder interviews.","The original user story was well-articulated but lacked measurable criteria and specific outcomes. The improved version clarifies the policymaker's role, specifies measurable acceptance criteria, and outlines a structured test plan to ensure accountability and effectiveness.","robust (ISO 29148)
it (ISO 29148)
that (ISO 29148)
significant (ISO 29148)
all (ISO 29148)
can (NASA ARM)",2,4,2.0,2,4,2.0,2,5,3.0,2,5,3.0,3,5,2.0,2,5,3.0,2,5,3.0,—
A23US5Ge,"As a consumer of online information, I want to be aware of how search engines might influence the information I see and be able to make informed choices about which sources to trust.","User Story:
As a consumer of online information, I want to understand the factors that influence search engine results so that I can critically evaluate sources and make informed decisions about the information I trust.

Acceptance Criteria:
- Users should receive educational content on search engine algorithms and their impact on information visibility, with at least 80% of users reporting improved understanding.
- A feature must be implemented that allows users to view the credibility ratings of sources, with at least 90% accuracy in the ratings provided.
- User engagement metrics should show a 30% increase in the use of source evaluation tools within three months of implementation.

Test Outline:
- Conduct user surveys to assess the understanding of search engine influences before and after the educational content is provided.
- Test the accuracy of the credibility ratings by comparing them against expert evaluations of the sources.","The original user story was clear but lacked measurable criteria and specific outcomes. The improved version enhances clarity by specifying the user's needs, providing quantifiable acceptance criteria, and outlining a structured test plan to verify the effectiveness of the proposed features.","that (ISO 29148)
improved (ISO 29148)
can (NASA ARM)
improved (NASA ARM)",3,4,1.0,3,4,1.0,4,5,1.0,3,5,2.0,3,5,2.0,2,5,3.0,3,5,2.0,—
A23US6Ge,"As a developer of educational tools, I want to integrate PAWS into my resources to teach students about the potential biases and limitations of search engines.","User Story:
As a developer of educational tools, I want to integrate the PAWS framework into my resources so that students can learn about the biases and limitations of search engines, enhancing their critical thinking skills and digital literacy.

Acceptance Criteria:
- The integration must include at least 3 interactive modules that demonstrate different types of biases in search results.
- At least 80% of students should report an increase in understanding of search engine limitations after completing the modules.
- The resources should be accessible on multiple devices, with a loading time of no more than 3 seconds.

Test Outline:
- Evaluate the effectiveness of the modules through pre- and post-assessments to measure knowledge gain.
- Collect user feedback to assess the accessibility and loading performance across various devices.","The original user story was clear but lacked measurable criteria and specific outcomes. The improved version enhances clarity by specifying educational goals, measurable acceptance criteria, and a structured test outline to ensure the integration's effectiveness.","that (ISO 29148)
can (NASA ARM)
more (NASA ARM)",4,4,0.0,4,4,0.0,4,5,1.0,4,5,1.0,4,5,1.0,3,5,2.0,4,5,1.0,—
A23US7Ge,"As a librarian or information professional, I want to use PAWS to understand the strengths and weaknesses of different search engines and guide my users towards reliable and diverse information sources.","User Story:
As a librarian or information professional, I want to utilize the PAWS framework to evaluate the strengths and weaknesses of various search engines so that I can effectively guide my users to reliable and diverse information sources, enhancing their research experience.

Acceptance Criteria:
- The PAWS analysis must provide a comprehensive comparison of at least 5 different search engines, highlighting their strengths and weaknesses within a 2-week timeframe.
- At least 90% of users should report improved satisfaction with the information sources recommended after using the PAWS insights.
- A follow-up survey should indicate that 80% of users feel more confident in their ability to find reliable information after receiving guidance based on the PAWS evaluation.

Test Outline:
- Review the PAWS analysis report to ensure it includes detailed evaluations of the selected search engines.
- Conduct user satisfaction surveys before and after implementing the PAWS recommendations to measure the impact on user confidence and satisfaction.","The original user story was clear but lacked measurable criteria and specific outcomes. The improved version enhances clarity by specifying the use of the PAWS framework, outlines measurable acceptance criteria, and provides a structured test plan to assess the effectiveness of the guidance provided.","reliable (ISO 29148)
it (ISO 29148)
that (ISO 29148)
improved (ISO 29148)
can (NASA ARM)
improved (NASA ARM)
more (NASA ARM)",4,4,0.0,4,4,0.0,4,5,1.0,4,5,1.0,4,5,1.0,3,5,2.0,4,5,1.0,—
A23US8Ge,"As a developer of metasearch engines, I want to use PAWS to aggregate results from different search engines while providing users with transparency about potential biases and emphasis.","User Story:
As a developer of metasearch engines, I want to implement the PAWS framework to aggregate results from multiple search engines while ensuring users are informed about any potential biases and the emphasis of the results, so that they can make more informed decisions based on transparent information.

Acceptance Criteria:
- The PAWS implementation must aggregate results from at least 5 different search engines and display them within 3 seconds.
- Users should receive clear notifications about any biases or emphasis in the results for at least 90% of the queries processed.
- User feedback should reflect a satisfaction rate of 80% or higher regarding the transparency of the search results.

Test Outline:
- Measure the time taken to aggregate and display search results from multiple engines to ensure it meets the 3-second requirement.
- Conduct user surveys to assess their understanding of the biases and emphasis presented in the search results.","The original user story was clear but lacked measurable criteria and specific details. The improved version enhances clarity by specifying the implementation of the PAWS framework, outlines explicit acceptance criteria, and provides a structured test plan to ensure transparency and user satisfaction.","it (ISO 29148)
that (ISO 29148)
can (NASA ARM)
more (NASA ARM)",4,4,0.0,4,4,0.0,4,5,1.0,4,5,1.0,4,5,1.0,3,5,2.0,4,5,1.0,—
A23US9Ge,"As a data scientist, I want to explore new ways to analyze and visualize the differences between search engine results, including using machine learning and natural language processing techniques.","User Story:
As a data scientist, I want to investigate innovative methods for analyzing and visualizing the discrepancies in search engine results using machine learning and natural language processing techniques so that I can derive actionable insights and improve search relevance.

Acceptance Criteria:
- Develop at least three distinct machine learning models to analyze search result differences, achieving a minimum accuracy of 85% in classification tasks.
- Create visualizations that clearly illustrate the differences in search results, with at least 90% of users finding them helpful based on feedback surveys.
- Complete the analysis and present findings within a 4-week timeframe, including a detailed report on methodologies and results.

Test Outline:
- Evaluate the performance of each machine learning model using a validation dataset to ensure they meet the accuracy criteria.
- Conduct user testing sessions to gather feedback on the effectiveness and clarity of the visualizations.
- Review the project timeline to ensure all deliverables are completed within the specified 4-week period.","The original user story was broad and lacked measurable criteria. The improved version specifies clear capabilities, business relevance, and quantifiable acceptance criteria, along with a structured test outline to ensure the project's success.","that (ISO 29148)
all (ISO 29148)
can (NASA ARM)",2,4,2.0,2,5,3.0,3,5,2.0,2,5,3.0,3,5,2.0,2,5,3.0,2,5,3.0,—
A23US10Ge,"As a global citizen, I want to see a more transparent and balanced online information landscape where users can access diverse perspectives and make informed decisions about the information they consume.","User Story:
As a global citizen, I want to access a transparent and balanced online information landscape so that I can explore diverse perspectives and make informed decisions about the content I consume.

Acceptance Criteria:
- The platform must provide at least 5 different viewpoints on trending topics to ensure diversity in perspectives.
- Users should be able to filter information sources by credibility, with at least 80% of users reporting satisfaction with the filtering options.
- The system should update the information landscape in real-time, ensuring that at least 90% of users receive the latest content within 1 minute of publication.

Test Outline:
- Analyze the variety of perspectives presented on trending topics to confirm the availability of at least 5 viewpoints.
- Conduct user surveys to measure satisfaction with the filtering options and overall experience.
- Monitor the time taken for new content to appear on the platform to ensure it meets the 1-minute requirement.","The original user story was well-intentioned but lacked specificity and measurable criteria. The improved version clarifies the user's role and needs while providing explicit, quantifiable acceptance criteria and a structured test outline to enhance clarity and focus on business value.","it (ISO 29148)
that (ISO 29148)
be able to (NASA ARM)
can (NASA ARM)",2,4,2.0,2,4,2.0,3,5,2.0,2,5,3.0,2,5,3.0,2,5,3.0,2,5,3.0,—
A24US1Ge,"As a researcher, I want to easily discover other researchers with expertise in my field, allowing me to connect and collaborate on projects.","User Story:
As a researcher, I want to efficiently find and connect with other researchers who have expertise in my field so that I can foster collaboration on projects and enhance the quality of my work.

Acceptance Criteria:
- The discovery tool must provide a list of relevant researchers within 3 clicks based on specific expertise filters.
- At least 80% of users should report successful connections with other researchers within one week of using the tool.
- The system should update the researcher database at least once a month to ensure the information is current and accurate.

Test Outline:
- Test the user journey to measure the number of clicks required to find relevant researchers.
- Conduct user surveys to assess the effectiveness of the tool in facilitating connections.","The original user story was clear but lacked measurable criteria and specific acceptance metrics. The improved version enhances clarity by specifying the capability, business relevance, and includes quantifiable acceptance criteria and a structured test outline.","that (ISO 29148)
can (NASA ARM)",3,4,1.0,3,4,1.0,4,5,1.0,2,5,3.0,4,5,1.0,2,5,3.0,3,5,2.0,—
A24US2Ge,"As a research administrator, I want to efficiently identify potential reviewers for manuscripts based on their expertise and publication history.","User Story:
As a research administrator, I want to quickly and accurately identify potential reviewers for manuscripts by analyzing their expertise and publication history so that I can streamline the peer review process and ensure high-quality evaluations.

Acceptance Criteria:
- The system must generate a list of at least 10 potential reviewers within 5 seconds based on the manuscript's subject area.
- The accuracy of the reviewer recommendations should be at least 85%, as determined by feedback from editors on the relevance of the suggested reviewers.
- Users should be able to filter potential reviewers by specific criteria (e.g., publication year, number of publications) with results updated in real-time.

Test Outline:
- Measure the time taken to generate reviewer lists for various manuscripts to ensure it meets the 5-second requirement.
- Collect editor feedback on the relevance of suggested reviewers to assess the 85% accuracy criterion.
- Test the filtering functionality to confirm that it updates the list of potential reviewers in real-time.","The original user story was clear but lacked measurable criteria and specific outcomes. The improved version enhances clarity by specifying the capability, business relevance, and includes quantifiable acceptance criteria and a structured test outline.","it (ISO 29148)
that (ISO 29148)
be able to (NASA ARM)
can (NASA ARM)",4,4,0.0,4,4,0.0,4,5,1.0,3,5,2.0,4,5,1.0,3,5,2.0,4,5,1.0,—
A24US3Ge,"As a librarian, I want to provide my users with a powerful tool to explore the academic landscape and discover new research areas.","User Story:
As a librarian, I want to offer my users an advanced research exploration tool so that they can efficiently navigate the academic landscape and uncover at least 5 new research areas relevant to their interests within a single session.

Acceptance Criteria:
- The tool must allow users to discover new research areas with a success rate of 90% based on their input criteria.
- Users should be able to generate a list of at least 5 relevant research topics within 3 minutes of using the tool.
- User satisfaction with the tool should reach at least 85% based on post-usage surveys.

Test Outline:
- Conduct usability tests to measure the success rate of users finding new research areas based on their queries.
- Time the sessions to ensure users can generate relevant topics within the 3-minute limit.
- Distribute surveys to gather user feedback on their satisfaction with the tool.","The original user story was broad and lacked specific, measurable criteria. The improved version clarifies the librarian's role, specifies the capability of the tool, and outlines explicit, quantifiable acceptance criteria and a structured test plan to ensure effectiveness.","that (ISO 29148)
be able to (NASA ARM)
can (NASA ARM)",2,4,2.0,2,4,2.0,3,5,2.0,2,5,3.0,3,5,2.0,2,5,3.0,2,5,3.0,—
A24US4Ge,"As a student, I want to easily find relevant publications and researchers for my research projects and assignments.","User Story:
As a student, I want to efficiently locate relevant publications and researchers for my research projects and assignments so that I can enhance the quality of my work and meet academic deadlines.

Acceptance Criteria:
- The search tool must return at least 95% of relevant publications based on specific keywords within 3 seconds.
- Users should be able to filter results by publication date, relevance, and author, with at least 4 filtering options available.
- User satisfaction regarding the ease of finding relevant materials should reach a minimum of 90% in post-search surveys.

Test Outline:
- Conduct performance tests to measure the accuracy and speed of the search tool against a set of predefined queries.
- Gather user feedback through surveys to evaluate the effectiveness of the filtering options and overall satisfaction.","The original user story was clear but lacked measurable criteria and specific benefits. The improved version enhances clarity by specifying the desired outcomes, measurable acceptance criteria, and a structured test outline to ensure the functionality meets user needs.","that (ISO 29148)
be able to (NASA ARM)
can (NASA ARM)",3,4,1.0,3,4,1.0,4,5,1.0,3,5,2.0,4,5,1.0,2,5,3.0,3,5,2.0,—
A24US5Ge,"As a university administrator, I want to gain insights into the research strengths and collaborations within my institution.","User Story:
As a university administrator, I want to analyze the research strengths and collaboration patterns within my institution so that I can make informed decisions to enhance funding opportunities and foster interdisciplinary partnerships.

Acceptance Criteria:
- A comprehensive report must be generated that identifies at least 5 key research strengths based on publication metrics and citation analysis.
- The report should include a visualization of collaboration networks, highlighting at least 10 active partnerships with external institutions.
- User feedback on the report's usefulness should achieve a satisfaction rate of 90% or higher from stakeholders.

Test Outline:
- Review the generated report for accuracy in identifying research strengths and collaborations by comparing it against existing institutional data.
- Conduct surveys with stakeholders to assess the perceived value and clarity of the insights provided in the report.","The original user story was clear but lacked measurable criteria and specific outcomes. The improved version enhances clarity by specifying the desired insights, quantifiable acceptance criteria, and a structured test outline to ensure the insights are actionable and valuable.","it (ISO 29148)
that (ISO 29148)
can (NASA ARM)",2,4,2.0,2,4,2.0,3,5,2.0,2,5,3.0,3,5,2.0,2,5,3.0,2,5,3.0,—
A24US6Ge,"As a research funder, I want to identify promising research areas and researchers for potential funding opportunities.","User Story:
As a research funder, I want to systematically identify high-potential research areas and qualified researchers for funding opportunities so that I can allocate resources effectively and maximize the impact of my investments.

Acceptance Criteria:
- A comprehensive report must be generated that highlights at least 5 promising research areas based on current trends and potential for innovation.
- The report should include profiles of at least 10 researchers who have demonstrated significant contributions in their fields, with metrics such as publication count and citation impact.
- The identification process should be completed within 4 weeks to ensure timely funding decisions.

Test Outline:
- Review the generated report to verify the inclusion of the specified number of research areas and researcher profiles.
- Assess the relevance and quality of the identified areas and researchers through expert feedback and validation.","The original user story was clear but lacked specificity and measurable criteria. The improved version enhances clarity by detailing the expected outcomes, providing quantifiable acceptance criteria, and outlining a structured test plan to ensure the effectiveness of the identification process.","that (ISO 29148)
significant (ISO 29148)
timely (NASA ARM)
can (NASA ARM)",2,4,2.0,2,4,2.0,3,5,2.0,2,5,3.0,3,5,2.0,2,5,3.0,2,5,3.0,—
A24US7Ge,"As a data scientist, I want to explore the potential of ArnetMiner's data and network analysis for further research and development.","User Story:
As a data scientist, I want to leverage ArnetMiner's data and network analysis capabilities so that I can uncover insights and trends that will drive innovative research and development initiatives.

Acceptance Criteria:
- I should be able to access and analyze at least 95% of the available datasets within ArnetMiner for comprehensive exploration.
- The analysis tools must provide results within 5 seconds for at least 90% of queries to facilitate timely decision-making.
- I should be able to generate visualizations of data relationships with a satisfaction rate of 85% or higher from peer reviews.

Test Outline:
- Verify the accessibility of datasets by attempting to retrieve and analyze a sample of data points.
- Measure the response time of the analysis tools during peak usage to ensure they meet the 5-second requirement.
- Conduct peer review sessions to evaluate the effectiveness and clarity of the generated visualizations.","The original user story was somewhat vague and lacked measurable criteria. The improved version clarifies the user's role and intent while providing specific, quantifiable acceptance criteria and a structured test outline to enhance clarity and focus on business value.","that (ISO 29148)
be able to (NASA ARM)
timely (NASA ARM)
can (NASA ARM)",2,4,2.0,2,4,2.0,2,5,3.0,2,5,3.0,3,5,2.0,2,5,3.0,2,5,3.0,—
A24US8Ge,"As a developer of academic search engines, I want to integrate ArnetMiner's features and data to provide a more comprehensive and informative search experience.","User Story:
As a developer of academic search engines, I want to seamlessly integrate ArnetMiner's features and data into our platform so that users can access a more comprehensive and informative search experience, ultimately increasing user engagement by at least 30%.

Acceptance Criteria:
- The integration must allow users to access ArnetMiner's data within 3 seconds of initiating a search.
- At least 80% of users should report an improvement in the quality of search results after the integration.
- The new features should be fully operational and tested within 4 weeks of the project start date.

Test Outline:
- Measure the response time for searches that utilize ArnetMiner's data to ensure it meets the 3-second requirement.
- Conduct user surveys to assess perceived improvements in search quality and engagement levels.
- Track the timeline of the integration process to confirm completion within the specified 4-week period.","The original user story was clear but lacked measurable criteria and specific business outcomes. The improved version enhances clarity by specifying measurable acceptance criteria, a clear timeline, and expected user engagement metrics.","it (ISO 29148)
that (ISO 29148)
can (NASA ARM)
more (NASA ARM)",3,4,1.0,3,4,1.0,4,5,1.0,3,5,2.0,4,5,1.0,2,5,3.0,3,5,2.0,—
A24US9Ge,"As a publisher, I want to leverage ArnetMiner's network analysis to understand the reach and impact of published research.","User Story:
As a publisher, I want to utilize ArnetMiner's network analysis tools to quantify the reach and impact of published research so that I can make data-driven decisions to enhance visibility and engagement with our publications.

Acceptance Criteria:
- The network analysis must provide insights on at least 5 key metrics, including citation counts, author collaborations, and publication trends.
- The analysis should be able to generate reports within 10 seconds for up to 100 publications at a time.
- User feedback should reflect a satisfaction rate of 90% or higher regarding the usefulness of the insights provided.

Test Outline:
- Validate the accuracy of the metrics generated by comparing them against known data sets.
- Measure the time taken to generate reports for various publication sets to ensure it meets the 10-second requirement.
- Conduct user surveys to assess the perceived value of the insights from the network analysis.","The original user story was clear but lacked measurable criteria and specific benefits. The improved version enhances clarity by specifying the metrics to be analyzed, establishes quantifiable acceptance criteria, and outlines a structured test plan to verify the functionality.","it (ISO 29148)
that (ISO 29148)
be able to (NASA ARM)
can (NASA ARM)",3,4,1.0,3,4,1.0,4,5,1.0,2,5,3.0,4,5,1.0,2,5,3.0,3,5,2.0,—
A24US10Ge,"As a policymaker, I want to use ArnetMiner's insights to inform policies and initiatives that support research collaboration and innovation.","User Story:
As a policymaker, I want to leverage ArnetMiner's data-driven insights to shape policies and initiatives that foster research collaboration and drive innovation, ensuring that at least 75% of new initiatives are informed by these insights.

Acceptance Criteria:
- At least 80% of the policies developed should reference specific insights from ArnetMiner.
- The effectiveness of initiatives should be evaluated, with a target of achieving a 20% increase in research collaboration metrics within one year of implementation.
- User feedback from stakeholders should indicate a satisfaction rate of 90% or higher regarding the relevance and applicability of the insights provided.

Test Outline:
- Review policy documents to confirm the integration of ArnetMiner insights and track the percentage of references.
- Measure collaboration metrics before and after the implementation of new initiatives to assess the impact.
- Conduct surveys with stakeholders to gather feedback on the usefulness of the insights in policy development.","The original user story was clear but lacked measurable criteria and specific outcomes. The improved version enhances clarity by specifying the role of insights, establishing quantifiable acceptance criteria, and outlining a structured test plan to evaluate the effectiveness of the initiatives.","that (ISO 29148)
these (ISO 29148)",3,4,1.0,3,5,2.0,4,4,0.0,3,5,2.0,4,5,1.0,2,5,3.0,3,5,2.0,—
A25US1Ge,"As a customer on an online store, I want to see personalized recommendations that reflect my unique interests, even if I haven't explicitly rated many items.","User Story:
As a customer on an online store, I want to receive personalized product recommendations based on my browsing history and inferred preferences so that I can discover items that align with my interests, even if I have not rated many products.

Acceptance Criteria:
- The recommendation engine must generate personalized suggestions for at least 80% of users based on their browsing behavior.
- Recommendations should lead to a minimum of 15% increase in click-through rates on suggested products.
- User satisfaction with the relevance of recommendations should be at least 90%, as measured by post-purchase surveys.

Test Outline:
- Analyze user browsing data to ensure the recommendation engine is functioning for 80% of users.
- Track click-through rates on recommended products before and after implementing the personalized recommendations.
- Conduct user surveys to assess satisfaction with the relevance of the recommendations provided.","The original user story was clear but lacked measurable criteria and specific outcomes. The improved version enhances clarity by specifying how recommendations will be generated, includes quantifiable acceptance criteria, and outlines a structured testing approach to validate effectiveness.","that (ISO 29148)
can (NASA ARM)",4,4,0.0,4,4,0.0,4,5,1.0,4,5,1.0,4,5,1.0,3,5,2.0,4,5,1.0,—
A25US2Ge,"As a developer of an e-commerce platform, I want a recommendation system that can scale efficiently with a large product catalog and customer base.","User Story:
As a developer of an e-commerce platform, I want to implement a scalable recommendation system that can handle a product catalog of over 100,000 items and support at least 10,000 concurrent users so that we can enhance customer engagement and increase sales by at least 15%.

Acceptance Criteria:
- The recommendation system must generate personalized suggestions for users within 1 second, even during peak traffic.
- It should maintain a recommendation accuracy of at least 85% based on user interactions and preferences.
- The system must be able to scale to accommodate a 50% increase in product listings and user traffic without degradation in performance.

Test Outline:
- Simulate peak user traffic to measure the response time of the recommendation system and ensure it meets the 1-second requirement.
- Analyze the accuracy of recommendations by comparing suggested products against actual user purchases.
- Test the system's performance under increased load to verify it can handle a 50% growth in catalog size and user base.","The original user story was clear but lacked specific, measurable criteria. The improved version enhances clarity by defining explicit performance metrics, scalability requirements, and business impact, making it easier to assess success.","it (ISO 29148)
that (ISO 29148)
be able to (NASA ARM)
can (NASA ARM)",4,4,0.0,4,4,0.0,4,5,1.0,4,5,1.0,4,5,1.0,3,5,2.0,4,5,1.0,—
A25US3Ge,"As a data scientist, I want a recommendation algorithm that can leverage various user data points beyond purchases and ratings, such as viewed items and demographics.","User Story:
As a data scientist, I want to develop a recommendation algorithm that utilizes a diverse range of user data points, including viewed items, demographics, and purchase history, so that we can enhance the accuracy of recommendations and increase user engagement by at least 20%.

Acceptance Criteria:
- The algorithm must incorporate at least 5 different user data points to generate recommendations.
- The accuracy of the recommendations should improve by at least 15% as measured by user interaction metrics.
- User engagement, defined as the average time spent on the platform, should increase by 20% within 3 months of implementation.

Test Outline:
- Analyze the algorithm's performance by comparing user engagement metrics before and after implementation.
- Conduct A/B testing to evaluate the accuracy of recommendations based on the new data points against the previous algorithm.","The original user story was clear but lacked measurable criteria and specific business outcomes. The improved version enhances clarity by specifying the types of data to be used, sets quantifiable acceptance criteria, and outlines a structured testing approach to validate the algorithm's effectiveness.","that (ISO 29148)
can (NASA ARM)",4,4,0.0,4,4,0.0,4,5,1.0,4,5,1.0,4,5,1.0,3,5,2.0,4,5,1.0,—
A25US4Ge,"As a content creator on a platform like YouTube, I want to recommend relevant videos to viewers based on their watch history, even if they haven't explicitly rated many videos.","User Story:
As a content creator on a platform like YouTube, I want to recommend relevant videos to viewers based on their watch history and engagement patterns, even if they have not rated many videos, so that I can increase viewer retention and enhance their overall experience.

Acceptance Criteria:
- The recommendation algorithm must analyze at least 80% of a viewer's watch history to generate relevant suggestions.
- Recommendations should lead to a minimum 15% increase in average watch time per viewer within the first month of implementation.
- At least 70% of viewers should report finding the recommended videos relevant in a post-viewing survey.

Test Outline:
- Evaluate the algorithm's performance by tracking the accuracy of recommendations against viewer engagement metrics.
- Conduct surveys to gather viewer feedback on the relevance of the recommended videos.","The original user story was clear but lacked measurable criteria and specific business outcomes. The improved version enhances clarity by specifying the capability, providing quantifiable acceptance criteria, and outlining a structured test plan to assess effectiveness.","that (ISO 29148)
can (NASA ARM)",4,4,0.0,4,4,0.0,4,5,1.0,3,5,2.0,4,5,1.0,3,5,2.0,4,5,1.0,—
A25US5Ge,"As a music streaming service provider, I want to recommend songs to users based on the music they've recently listened to, even if they haven't built up a large listening history.","User Story:
As a music streaming service provider, I want to offer personalized song recommendations to users based on their recent listening activity, even if they have a limited listening history, so that they can discover new music that aligns with their tastes and enhance their overall experience.

Acceptance Criteria:
- The recommendation algorithm should analyze the last 5 songs listened to by a user to generate suggestions with at least 80% relevance.
- Users should receive new song recommendations within 3 seconds of completing their last song.
- At least 70% of users should report satisfaction with the recommendations through feedback surveys conducted after 1 month of use.

Test Outline:
- Evaluate the relevance of recommendations by comparing them to user feedback on a sample of suggested songs.
- Measure the time taken for the recommendation system to generate suggestions after the last song is played.
- Conduct user satisfaction surveys to assess the effectiveness of the recommendations over a defined period.","The original user story was clear but lacked measurable criteria and specific details. The improved version enhances clarity by specifying the algorithm's performance, user satisfaction metrics, and a structured testing approach, thereby strengthening the overall INVEST dimensions.","that (ISO 29148)
can (NASA ARM)",4,4,0.0,4,5,1.0,4,5,1.0,4,5,1.0,4,5,1.0,3,5,2.0,4,5,1.0,—
A25US6Ge,"As a researcher studying user behavior, I want to understand how different recommendation algorithms compare in terms of accuracy, scalability, and user satisfaction.","User Story:
As a researcher studying user behavior, I want to evaluate and compare various recommendation algorithms based on their accuracy, scalability, and user satisfaction so that I can identify the most effective algorithm for enhancing user engagement.

Acceptance Criteria:
- Each recommendation algorithm must achieve an accuracy rate of at least 85% when tested against a standardized dataset.
- The scalability of each algorithm should be assessed by measuring performance with datasets of varying sizes, ensuring they maintain efficiency with at least 100,000 users.
- User satisfaction ratings for recommendations should be collected, aiming for a minimum satisfaction score of 4 out of 5 from at least 200 users.

Test Outline:
- Conduct accuracy tests by comparing algorithm outputs against known user preferences and measuring the percentage of correct recommendations.
- Analyze the performance of each algorithm with increasing dataset sizes to evaluate scalability.
- Distribute user satisfaction surveys post-recommendation to gather feedback and calculate average satisfaction scores.","The original user story was clear but lacked specific, measurable criteria. The improved version enhances clarity by explicitly defining the research goals, providing quantifiable acceptance criteria, and outlining a structured test plan to ensure comprehensive evaluation.","most (ISO 29148)
effective (ISO 29148)
that (ISO 29148)
effective (NASA ARM)
can (NASA ARM)",4,4,0.0,4,4,0.0,4,5,1.0,4,5,1.0,4,5,1.0,3,5,2.0,4,5,1.0,—
A25US7Ge,"As a marketer, I want to use a recommendation system that can personalize product suggestions in real-time to increase conversion rates.","User Story:
As a marketer, I want to implement a real-time recommendation system that personalizes product suggestions based on user behavior so that I can increase conversion rates by at least 20% within the next quarter.

Acceptance Criteria:
- The recommendation system must analyze user behavior and provide personalized suggestions within 1 second of user interaction.
- The system should achieve a minimum conversion rate increase of 20% compared to the previous quarter's metrics.
- At least 85% of users should report satisfaction with the relevance of the product suggestions through post-interaction surveys.

Test Outline:
- Measure the response time of the recommendation system during peak usage to ensure it meets the 1-second requirement.
- Analyze conversion rates before and after implementing the recommendation system to confirm the 20% increase.
- Conduct user satisfaction surveys to gather feedback on the relevance of the recommendations provided.","The original user story was clear but lacked specific, measurable criteria. The improved version enhances clarity by specifying the expected increase in conversion rates, response times, and user satisfaction metrics, making it more actionable and focused on business outcomes.","it (ISO 29148)
that (ISO 29148)
can (NASA ARM)",5,5,0.0,4,4,0.0,4,5,1.0,4,5,1.0,5,5,0.0,4,5,1.0,4,5,1.0,—
A25US8Ge,"As a platform developer, I want to integrate a scalable and efficient recommendation system into my platform to provide users with a more personalized and engaging experience.","User Story:
As a platform developer, I want to implement a scalable and efficient recommendation system so that users receive personalized content suggestions, increasing user engagement by at least 30% and improving retention rates by 15%.

Acceptance Criteria:
- The recommendation system must handle a minimum of 10,000 concurrent users without performance degradation.
- At least 80% of users should report finding relevant recommendations that enhance their experience.
- The system should generate recommendations within 1 second for 95% of user requests.

Test Outline:
- Stress test the recommendation system to ensure it can support the required number of concurrent users.
- Conduct user surveys to measure the relevance of recommendations and overall satisfaction.
- Measure the response time for generating recommendations to confirm it meets the 1-second criterion.","The original user story was well-structured but lacked specific measurable criteria. The improved version clarifies the expected business impact, provides quantifiable acceptance criteria, and outlines a comprehensive test plan to ensure the system's effectiveness.","efficient (ISO 29148)
it (ISO 29148)
that (ISO 29148)
can (NASA ARM)",2,4,2.0,2,4,2.0,3,5,2.0,2,5,3.0,3,5,2.0,2,5,3.0,2,5,3.0,—
A25US9Ge,"As a global citizen, I want to see online platforms use technology responsibly to recommend products that are relevant to users' actual interests and needs, avoiding intrusive or manipulative tactics.","User Story:
As a global citizen, I want online platforms to utilize technology ethically to recommend products that align with users' genuine interests and needs, ensuring a respectful and non-intrusive experience.

Acceptance Criteria:
- Recommendations must achieve a relevance score of at least 85% based on user feedback and engagement metrics.
- The system should limit the use of manipulative tactics, with less than 10% of users reporting discomfort with the recommendation process.
- Transparency measures should be implemented, allowing users to view how their interests influence recommendations, with at least 90% of users finding this information accessible.

Test Outline:
- Analyze user feedback and engagement data to assess the relevance of product recommendations.
- Conduct surveys to measure user comfort levels with the recommendation tactics employed.
- Review the transparency features to ensure they are user-friendly and effectively communicate the recommendation process.","The original user story was well-intentioned but lacked specificity and measurable criteria. The improved version clarifies the user's intent, establishes clear acceptance criteria, and outlines a structured test plan to ensure ethical technology use in product recommendations.","this (ISO 29148)
that (ISO 29148)
less (NASA ARM)",2,4,2.0,2,4,2.0,3,4,1.0,2,5,3.0,3,5,2.0,2,5,3.0,2,4,2.0,—
A25US10Ge,"As a developer of recommendation systems, I want to explore the potential of item-to-item collaborative filtering and compare it to other approaches like traditional collaborative filtering and search-based methods.","User Story:
As a developer of recommendation systems, I want to investigate the effectiveness of item-to-item collaborative filtering compared to traditional collaborative filtering and search-based methods so that I can enhance the accuracy and relevance of recommendations by at least 20%.

Acceptance Criteria:
- Conduct a comparative analysis that measures the accuracy of item-to-item collaborative filtering against traditional methods, aiming for a minimum improvement of 20% in recommendation relevance.
- Implement a user study to evaluate user satisfaction with recommendations from each method, targeting a satisfaction score of 80% or higher for the item-to-item approach.
- Document the performance metrics, including processing time and resource usage, for each method to ensure efficiency is maintained or improved.

Test Outline:
- Analyze the recommendation accuracy using a dataset and calculate the precision and recall for each method.
- Gather user feedback through surveys to assess satisfaction levels with the recommendations provided by each approach.","The original user story was clear but lacked measurable criteria and specific business relevance. The improved version emphasizes the goal of enhancing recommendation accuracy, provides quantifiable acceptance criteria, and outlines a structured testing approach to validate the findings.","that (ISO 29148)
improved (ISO 29148)
can (NASA ARM)
improved (NASA ARM)",2,4,2.0,2,5,3.0,3,5,2.0,2,5,3.0,2,5,3.0,2,5,3.0,2,5,3.0,—
A26US1Ge,"As a customer on an online shopping platform, I want to understand why a product is being recommended to me, so I can make informed purchase decisions.","User Story:
As a customer on an online shopping platform, I want to receive clear explanations for product recommendations so that I can make informed purchasing decisions based on my preferences and past behavior.

Acceptance Criteria:
- Each product recommendation must include at least 3 specific reasons for the recommendation, such as user preferences, purchase history, or similar customer behavior.
- The explanation should be displayed within 1 second of the recommendation being shown to the user.
- User feedback should indicate that at least 80% of customers find the explanations helpful in their decision-making process.

Test Outline:
- Review the recommendation engine to ensure it generates explanations based on the specified criteria.
- Conduct user surveys to assess the perceived helpfulness of the explanations provided alongside product recommendations.","The original user story was clear but lacked measurable criteria and specific details. The improved version enhances clarity by specifying the need for explanations, includes quantifiable acceptance criteria, and outlines a structured test plan to verify effectiveness.","it (ISO 29148)
that (ISO 29148)
can (NASA ARM)",4,4,0.0,4,4,0.0,4,5,1.0,4,5,1.0,4,5,1.0,3,5,2.0,4,5,1.0,—
A26US2Ge,"As a content creator on a platform like YouTube, I want to provide users with explanations for why their videos are being recommended to them, helping them discover new content and creators.","User Story:
As a content creator on a platform like YouTube, I want to offer users clear explanations for why specific videos are recommended to them so that they can discover new content and creators that align with their interests, enhancing their overall viewing experience.

Acceptance Criteria:
- The recommendation system must provide a rationale for each suggested video, achieving at least 90% clarity in explanations.
- Users should report a 75% increase in content discovery satisfaction based on feedback surveys after implementing the feature.
- The system should generate explanations within 1 second of displaying the recommended videos.

Test Outline:
- Analyze the clarity of the explanations provided by the recommendation system through user testing and feedback.
- Conduct surveys before and after the feature rollout to measure changes in user satisfaction regarding content discovery.","The original user story was clear but lacked measurable criteria and specific acceptance metrics. The improved version enhances clarity, specifies measurable outcomes, and outlines a structured testing approach to ensure the feature's effectiveness.","that (ISO 29148)
can (NASA ARM)",4,4,0.0,4,4,0.0,4,5,1.0,3,5,2.0,4,5,1.0,3,5,2.0,4,5,1.0,—
A26US3Ge,"As a developer of a recommender system, I want to provide users with transparent and personalized justifications for recommendations, building trust and user satisfaction.","User Story:
As a developer of a recommender system, I want to deliver clear and personalized justifications for each recommendation so that users can understand the reasoning behind suggestions, thereby enhancing trust and increasing user satisfaction by at least 20%.

Acceptance Criteria:
- Each recommendation must include a justification that is relevant and understandable to at least 90% of users.
- User satisfaction scores regarding the transparency of recommendations should improve by 20% within three months of implementation.
- The system should log user interactions with justifications, achieving a minimum engagement rate of 75%.

Test Outline:
- Conduct user surveys to evaluate the clarity and relevance of the justifications provided for recommendations.
- Analyze user satisfaction scores before and after the implementation to measure the increase in trust and satisfaction.","The original user story was well-structured but lacked specific measurable criteria. The improved version clarifies the expected outcomes, provides quantifiable acceptance criteria, and outlines a testing approach to ensure the effectiveness of the justifications.","that (ISO 29148)
can (NASA ARM)",4,4,0.0,4,4,0.0,4,5,1.0,4,5,1.0,5,5,0.0,4,5,1.0,4,5,1.0,—
A26US4Ge,"As a researcher studying user behavior, I want to understand how users interpret and utilize justifications for recommendations in their decision-making process.","User Story:
As a researcher studying user behavior, I want to analyze how users interpret and apply justifications for recommendations in their decision-making process so that I can derive actionable insights that enhance recommendation systems.

Acceptance Criteria:
- Conduct at least 100 user interviews to gather qualitative data on interpretation and utilization of justifications.
- Analyze the data to identify at least 5 key patterns or themes in user decision-making related to recommendations.
- Present findings in a report with a minimum of 20 actionable recommendations for improving user experience based on the research.

Test Outline:
- Review and categorize user interview responses to ensure comprehensive coverage of the topic.
- Validate the identified patterns through follow-up surveys with at least 50 participants to confirm the findings.","The original user story was clear but lacked measurable criteria and specific outcomes. The improved version enhances clarity by specifying the research goals, quantifiable acceptance criteria, and a structured test outline to ensure actionable insights.","that (ISO 29148)
can (NASA ARM)",2,4,2.0,2,4,2.0,3,5,2.0,2,5,3.0,3,5,2.0,2,5,3.0,2,5,3.0,—
A26US5Ge,"As a marketer, I want to use personalized justifications to improve the effectiveness of my recommendations and increase conversion rates.","User Story:
As a marketer, I want to implement personalized justifications for my recommendations so that I can enhance their effectiveness and achieve a conversion rate increase of at least 15% within the next quarter.

Acceptance Criteria:
- Personalized justifications must be integrated into at least 80% of recommendations presented to users.
- The effectiveness of these justifications should be measured, with at least 70% of users indicating they find them helpful in decision-making.
- Conversion rates should be tracked and reported, showing a minimum increase of 15% compared to the previous quarter.

Test Outline:
- Analyze the percentage of recommendations that include personalized justifications and their impact on user engagement.
- Conduct user surveys to assess the perceived helpfulness of the justifications.
- Monitor and compare conversion rates before and after the implementation of personalized justifications.","The original user story was clear but lacked measurable criteria and specific goals. The improved version clarifies the marketer's intent, sets explicit targets for conversion rates, and provides structured acceptance criteria and testing methods to ensure accountability and effectiveness.","that (ISO 29148)
these (ISO 29148)
can (NASA ARM)",4,4,0.0,4,4,0.0,4,5,1.0,3,5,2.0,4,5,1.0,3,5,2.0,4,5,1.0,—
A26US6Ge,"As a data scientist, I want to explore new methods for generating diverse and informative justifications that are tailored to individual users and their preferences.","User Story:
As a data scientist, I want to investigate and implement innovative techniques for generating personalized and diverse justifications that cater to individual user preferences, so that I can enhance user engagement and satisfaction with our data-driven insights.

Acceptance Criteria:
- At least 3 new methods for generating justifications must be identified and documented within 4 weeks.
- Each method should demonstrate a minimum of 75% user satisfaction based on feedback collected from a sample of at least 100 users.
- The generated justifications must show a 50% increase in relevance scores compared to the current methods, as measured by user ratings.

Test Outline:
- Conduct a literature review and brainstorming sessions to identify potential new methods for generating justifications.
- Implement user testing to gather feedback on the effectiveness and satisfaction of the new justifications compared to existing ones.","The original user story was clear but lacked measurable criteria and specific outcomes. The improved version enhances clarity by specifying the desired outcomes, measurable acceptance criteria, and a structured test outline to ensure the effectiveness of the new methods.","that (ISO 29148)
can (NASA ARM)",2,4,2.0,2,4,2.0,3,5,2.0,2,5,3.0,3,5,2.0,2,5,3.0,2,5,3.0,—
A26US7Ge,"As a platform developer, I want to integrate personalized justification models into my platform to provide users with a more explainable and engaging experience.","User Story:
As a platform developer, I want to implement personalized justification models into the platform so that users receive tailored explanations for recommendations, enhancing their engagement and understanding of the content.

Acceptance Criteria:
- The justification models must provide explanations for at least 90% of user interactions with recommendations.
- User engagement metrics should show a 25% increase in interaction rates with content following the implementation of these models.
- User satisfaction surveys should reflect an 80% or higher approval rating for the clarity and relevance of the explanations provided.

Test Outline:
- Analyze user interaction data to measure the percentage of interactions that receive personalized explanations.
- Track engagement metrics before and after the implementation to assess the increase in interaction rates.
- Conduct user satisfaction surveys to evaluate the perceived value of the explanations.","The original user story was clear but lacked measurable criteria and specific outcomes. The improved version enhances clarity by specifying the expected impact on user engagement and satisfaction, along with detailed acceptance criteria and a structured test outline.","that (ISO 29148)
these (ISO 29148)",2,4,2.0,2,4,2.0,3,5,2.0,2,5,3.0,3,5,2.0,2,5,3.0,2,5,3.0,—
A26US8Ge,"As a content creator on a social media platform, I want to use justifications to explain why I recommend certain content to my followers, fostering transparency and engagement.","User Story:
As a content creator on a social media platform, I want to provide clear justifications for my content recommendations so that I can enhance transparency and increase engagement with my followers by at least 30%.

Acceptance Criteria:
- Each content recommendation must include a justification that is at least 100 characters long.
- Engagement metrics, such as likes and comments, should show a 30% increase within one month of implementing justifications.
- At least 80% of followers should report finding the justifications helpful in a post-implementation survey.

Test Outline:
- Analyze engagement metrics before and after the implementation of justifications to measure the increase.
- Conduct a survey among followers to assess their perception of the justifications and their impact on engagement.","The original user story was clear but lacked measurable criteria and specific goals. The improved version emphasizes the desired outcome, provides quantifiable acceptance criteria, and outlines a structured test plan to assess the effectiveness of the justifications.","that (ISO 29148)
can (NASA ARM)",4,4,0.0,4,4,0.0,4,5,1.0,4,5,1.0,4,5,1.0,3,5,2.0,4,5,1.0,—
A26US9Ge,"As a consumer of online information, I want to be able to critically evaluate recommendations and justifications, making informed choices about the content I consume.","User Story:
As a consumer of online information, I want to critically assess recommendations and justifications so that I can make informed decisions about the content I choose to engage with, ensuring it aligns with my interests and values.

Acceptance Criteria:
- Users should be able to access detailed explanations for at least 90% of recommendations provided.
- The system must allow users to rate the relevance of recommendations, achieving a minimum average rating of 4 out of 5.
- At least 80% of users should report feeling more confident in their content choices after utilizing the evaluation tools.

Test Outline:
- Analyze the availability of explanations for recommendations to ensure compliance with the 90% criterion.
- Collect user ratings on recommendations to calculate the average score and verify it meets the 4 out of 5 requirement.
- Conduct user surveys to assess confidence levels in content choices before and after using the evaluation features.","The original user story was well-intentioned but lacked specificity and measurable criteria. The improved version clarifies the user's role and needs while providing explicit, quantifiable acceptance criteria and a structured test outline to enhance clarity and focus on business value.","it (ISO 29148)
that (ISO 29148)
be able to (NASA ARM)
can (NASA ARM)
more (NASA ARM)",2,4,2.0,2,4,2.0,3,5,2.0,2,5,3.0,3,5,2.0,2,5,3.0,2,5,3.0,—
A26US10Ge,"As a global citizen, I want to see online platforms use technology responsibly to provide users with transparent and personalized justifications for recommendations, promoting trust and responsible consumption.","User Story:
As a global citizen, I want online platforms to utilize technology ethically by providing clear and personalized explanations for their recommendations so that I can make informed decisions and foster trust in the digital ecosystem.

Acceptance Criteria:
- At least 90% of users should receive personalized justification for recommendations based on their preferences and behaviors.
- The explanation for each recommendation must be delivered within 1 second of the recommendation being made.
- User surveys should reflect a trust satisfaction rate of 80% or higher regarding the transparency of the recommendation process.

Test Outline:
- Analyze the percentage of users receiving personalized justifications through A/B testing.
- Measure the response time for delivering explanations to ensure it meets the 1-second requirement.
- Conduct user surveys to assess trust levels in the recommendation system.","The original user story was well-intentioned but lacked specificity and measurable criteria. The improved version clarifies the user's role and needs, establishes clear acceptance criteria, and outlines a structured testing approach to enhance accountability and trust.","it (ISO 29148)
that (ISO 29148)
can (NASA ARM)",2,4,2.0,2,4,2.0,3,5,2.0,2,5,3.0,3,5,2.0,2,5,3.0,2,5,3.0,—
A27US1Ge,"As a customer browsing a small online store, I want to see product recommendations that are relevant to my current interests, even if I haven't interacted with the store for a long time.","User Story:
As a customer browsing a small online store, I want to receive personalized product recommendations based on my past browsing history and preferences so that I can discover items that align with my interests, even after a long period of inactivity.

Acceptance Criteria:
- The recommendation engine must analyze user data and provide at least 5 relevant product suggestions within 3 seconds of browsing.
- At least 80% of users should report that the recommendations align with their interests based on a post-interaction survey.
- The system should refresh recommendations every 30 days to ensure they remain relevant to returning customers.

Test Outline:
- Track the time taken to generate product recommendations after a user logs in or browses the store.
- Conduct user surveys to evaluate the relevance of the recommendations and gather feedback on their experience.","The original user story was clear but lacked measurable criteria and specificity. The improved version enhances clarity by defining the user's needs, establishing quantifiable acceptance criteria, and providing a structured test outline to ensure the recommendations are effective and relevant.","that (ISO 29148)
every (ISO 29148)
can (NASA ARM)",4,4,0.0,3,4,1.0,4,5,1.0,3,5,2.0,3,5,2.0,2,5,3.0,3,5,2.0,—
A27US2Ge,"As a developer of a recommender system for a website with limited user data, I want a solution that can accurately recommend items based on users' current browsing behavior within the session.","User Story:
As a developer of a recommender system for a website with limited user data, I want to implement a solution that can provide real-time item recommendations based on users' current browsing behavior during their session so that I can enhance user engagement and increase conversion rates.

Acceptance Criteria:
- The recommender system must generate relevant item suggestions within 1 second of user interaction, achieving a response time of ≤ 1 second for 90% of interactions.
- The accuracy of the recommendations should be at least 80%, measured by user clicks on suggested items.
- User engagement metrics should show a 15% increase in the average session duration after implementing the recommendations.

Test Outline:
- Measure the response time of the recommender system during user sessions to ensure it meets the 1-second requirement.
- Analyze click-through rates on recommended items to verify the 80% accuracy target.
- Compare average session durations before and after the implementation to assess the impact on user engagement.","The original user story was clear but lacked measurable criteria and specific business outcomes. The improved version clarifies the developer's goals, specifies measurable acceptance criteria, and outlines a structured test plan to ensure the solution's effectiveness.","it (ISO 29148)
that (ISO 29148)
can (NASA ARM)",4,4,0.0,4,4,0.0,4,5,1.0,4,5,1.0,4,5,1.0,3,5,2.0,4,5,1.0,—
A27US3Ge,"As a content creator on a platform like YouTube, I want to recommend relevant videos to viewers based on their current watch history, even if they haven't watched many videos on the platform.","User Story:
As a content creator on a platform like YouTube, I want to recommend relevant videos to viewers based on their current watch history, even if they have only viewed a few videos, so that I can increase viewer engagement and retention by at least 20%.

Acceptance Criteria:
- The recommendation algorithm must analyze the watch history and generate relevant video suggestions with a minimum accuracy rate of 85%.
- The system should update recommendations in real-time, ensuring that changes in watch history are reflected within 5 seconds.
- Viewer engagement metrics, such as click-through rates on recommended videos, should increase by at least 20% within the first month of implementation.

Test Outline:
- Evaluate the accuracy of the recommendations by comparing suggested videos against user preferences through A/B testing.
- Measure the time taken for the recommendation system to update after a viewer watches a new video.
- Analyze engagement metrics before and after implementing the recommendation feature to assess the impact on viewer behavior.","The original user story was clear but lacked measurable criteria and specific business outcomes. The improved version enhances clarity by specifying the expected impact on viewer engagement, providing quantifiable acceptance criteria, and outlining a structured test plan.","that (ISO 29148)
can (NASA ARM)",4,4,0.0,4,4,0.0,4,5,1.0,3,5,2.0,4,5,1.0,3,5,2.0,4,5,1.0,—
A27US4Ge,"As a music streaming service provider, I want to recommend songs to users based on the music they've recently listened to, even if they haven't built up a large listening history.","User Story:
As a music streaming service provider, I want to offer personalized song recommendations to users based on their recent listening activity, even if they have a limited listening history, so that they can discover new music that aligns with their tastes and enhance their overall experience.

Acceptance Criteria:
- The recommendation algorithm should analyze the last 5 songs listened to by a user to generate suggestions with at least 80% relevance.
- Users should receive new song recommendations within 3 seconds of completing their last song.
- At least 70% of users should report satisfaction with the recommendations through feedback surveys conducted after 1 month of use.

Test Outline:
- Evaluate the relevance of recommendations by comparing them to user feedback on a sample of suggested songs.
- Measure the time taken for the recommendation system to generate suggestions after the last song is played.
- Conduct user satisfaction surveys to assess the effectiveness of the recommendations over a defined period.","The original user story was clear but lacked measurable criteria and specific details. The improved version enhances clarity by specifying the algorithm's performance, user satisfaction metrics, and a structured testing approach, thereby strengthening the overall INVEST dimensions.","that (ISO 29148)
can (NASA ARM)",4,4,0.0,4,5,1.0,4,5,1.0,4,5,1.0,4,5,1.0,3,5,2.0,4,5,1.0,—
A27US5Ge,"As a news aggregator app developer, I want to recommend relevant news articles to users based on the articles they've read in the current session, even if they haven't set up a personalized profile.","User Story:
As a news aggregator app developer, I want to implement a recommendation system that suggests relevant news articles to users based on their reading history during the current session, so that users can discover new content without needing a personalized profile.

Acceptance Criteria:
- The recommendation system must generate suggestions within 3 seconds of the user finishing an article.
- At least 80% of users should find the recommended articles relevant based on a post-session survey.
- The system should provide at least 5 article recommendations per session, ensuring a diverse range of topics.

Test Outline:
- Measure the time taken to generate recommendations after an article is read to ensure it meets the 3-second requirement.
- Conduct user surveys after sessions to assess the relevance of the recommended articles.
- Analyze the variety of topics in the recommendations to confirm that at least 5 distinct articles are provided.","The original user story was clear but lacked measurable criteria and specific acceptance tests. The improved version enhances clarity by specifying the capability, business relevance, and includes quantifiable acceptance criteria and a structured test outline.","it (ISO 29148)
that (ISO 29148)
can (NASA ARM)",4,5,1.0,4,4,0.0,4,5,1.0,4,5,1.0,4,5,1.0,3,5,2.0,4,5,1.0,—
A27US6Ge,"As a researcher studying user behavior, I want to understand how users' current browsing patterns and past interactions within a session influence their future preferences.","User Story:
As a researcher studying user behavior, I want to investigate how users' current browsing patterns and their past interactions during a session affect their future preferences so that I can derive actionable insights to enhance user experience and engagement.

Acceptance Criteria:
- The study must analyze at least 1,000 user sessions to ensure statistical significance in the findings.
- The research should identify at least 3 distinct patterns that correlate browsing behavior with future preferences.
- A report summarizing the findings must be completed within 4 weeks of data collection, with recommendations for improving user engagement.

Test Outline:
- Collect and analyze data from user sessions using analytics tools to track browsing patterns and interactions.
- Validate the identified patterns through user surveys or A/B testing to confirm their influence on future preferences.","The original user story was clear but lacked measurable criteria and specific outcomes. The improved version enhances clarity by specifying the research goals, quantifiable acceptance criteria, and a structured test outline to ensure actionable insights.","that (ISO 29148)
can (NASA ARM)",2,4,2.0,2,4,2.0,3,5,2.0,2,5,3.0,3,5,2.0,2,5,3.0,2,5,3.0,—
A27US7Ge,"As a marketer, I want to use session-based recommendations to personalize product suggestions and increase conversion rates on my website.","User Story:
As a marketer, I want to implement session-based recommendations for product suggestions so that I can enhance user engagement and achieve a conversion rate increase of at least 15% on my website.

Acceptance Criteria:
- The recommendation engine must analyze user behavior in real-time and provide personalized suggestions within 1 second of page load.
- At least 80% of users should interact with the recommended products during their session.
- Conversion rates should be tracked and reported, showing a minimum increase of 15% within three months of implementation.

Test Outline:
- Measure the response time of the recommendation engine to ensure it meets the 1-second requirement.
- Analyze user interaction data to confirm that 80% of users engage with the recommendations.
- Monitor conversion rates over a three-month period to validate the 15% increase.","The original user story was clear but lacked specific, measurable criteria. The improved version enhances clarity by specifying the marketer's role, defining measurable acceptance criteria, and outlining a structured test plan to assess the effectiveness of the recommendations.","it (ISO 29148)
that (ISO 29148)
can (NASA ARM)",4,4,0.0,4,4,0.0,4,5,1.0,4,5,1.0,4,5,1.0,3,5,2.0,4,5,1.0,—
A27US8Ge,"As a data scientist, I want to explore the potential of RNNs for session-based recommendations and develop new techniques for improving their accuracy and effectiveness.","User Story:
As a data scientist, I want to investigate the capabilities of Recurrent Neural Networks (RNNs) for session-based recommendations so that I can enhance their accuracy and effectiveness by at least 20% compared to existing methods.

Acceptance Criteria:
- Develop and implement at least three novel techniques to improve RNN performance, with each technique demonstrating a measurable increase in accuracy.
- Achieve a minimum accuracy rate of 85% on session-based recommendation tasks using the new techniques.
- Conduct user testing to ensure that the recommendations generated are relevant, with a satisfaction score of 90% or higher from users.

Test Outline:
- Evaluate the performance of the RNN models before and after applying the new techniques using a standardized dataset.
- Gather user feedback through surveys to assess the relevance and satisfaction of the recommendations provided.","The original user story was broad and lacked specific, measurable criteria. The improved version clarifies the data scientist's goals, sets explicit performance targets, and outlines a structured approach to testing the effectiveness of the new techniques.","that (ISO 29148)
can (NASA ARM)",2,4,2.0,2,5,3.0,3,5,2.0,2,5,3.0,3,5,2.0,2,5,3.0,2,5,3.0,—
A27US9Ge,"As a platform developer, I want to integrate RNN-based session-based recommendations into my platform to provide users with a more personalized and engaging experience.","User Story:
As a platform developer, I want to implement RNN-based session-based recommendations into my platform so that users receive personalized content suggestions, increasing user engagement by at least 30% and session duration by 20%.

Acceptance Criteria:
- The recommendation system must generate relevant suggestions for at least 85% of user sessions.
- The integration should be completed within 4 weeks and undergo testing to ensure it does not negatively impact platform performance.
- User engagement metrics should show a 30% increase in interactions with recommended content within 3 months of deployment.

Test Outline:
- Analyze user session data to evaluate the relevance of recommendations generated by the RNN model.
- Monitor platform performance metrics before and after integration to ensure no degradation occurs.
- Track user engagement statistics over a 3-month period to measure the effectiveness of the recommendations.","The original user story was clear but lacked measurable criteria and specific business outcomes. The improved version enhances clarity by specifying quantifiable acceptance criteria and a structured test outline, focusing on the expected impact of the integration.","it (ISO 29148)
that (ISO 29148)",3,4,1.0,3,4,1.0,4,5,1.0,3,5,2.0,4,5,1.0,2,5,3.0,3,5,2.0,—
A27US10Ge,"As a global citizen, I want to see online platforms use technology responsibly to recommend products and content that are relevant to users' actual interests and needs, avoiding intrusive or manipulative tactics.","User Story:
As a global citizen, I want online platforms to utilize technology ethically to recommend products and content that align with users' genuine interests and needs, ensuring a respectful and non-intrusive experience.

Acceptance Criteria:
- Recommendations must achieve a relevance score of at least 85% based on user feedback and engagement metrics.
- The system should limit the use of manipulative tactics, with less than 10% of users reporting discomfort with the recommendation methods.
- User satisfaction regarding the relevance and ethical nature of recommendations should reach a minimum of 90% in quarterly surveys.

Test Outline:
- Analyze user engagement data to assess the relevance score of recommended products and content.
- Conduct user surveys to measure discomfort levels and satisfaction with the recommendation process.","The original user story was well-intentioned but lacked specificity and measurable criteria. The improved version clarifies the user's intent, establishes clear acceptance criteria, and outlines a structured testing approach to ensure ethical and relevant recommendations.","that (ISO 29148)
less (NASA ARM)",2,4,2.0,2,4,2.0,3,4,1.0,2,5,3.0,2,5,3.0,2,5,3.0,2,4,2.0,—
A28US1Ge,"As a single person looking for love, I want a dating recommender system that goes beyond self-reported profiles and considers real-life interactions and compatibility.","User Story:
As a single person looking for love, I want a dating recommender system that utilizes both self-reported profiles and real-life interaction data to assess compatibility, so that I can receive more accurate and relevant match suggestions.

Acceptance Criteria:
- The system must analyze at least 5 different interaction metrics (e.g., messaging frequency, event attendance, mutual interests) to determine compatibility.
- Match suggestions should improve user satisfaction ratings by at least 20% compared to traditional profile-based systems.
- The system should provide match recommendations within 3 seconds of a user query.

Test Outline:
- Evaluate the effectiveness of the recommender system by comparing user satisfaction ratings before and after implementation.
- Measure the time taken to generate match suggestions to ensure it meets the 3-second requirement.","The original user story was clear but lacked measurable criteria and specific details about the functionality. The improved version enhances clarity by specifying the metrics for compatibility, quantifying user satisfaction improvements, and providing a structured test outline.","it (ISO 29148)
that (ISO 29148)
can (NASA ARM)
more (NASA ARM)",3,4,1.0,3,4,1.0,3,5,2.0,3,5,2.0,4,5,1.0,2,5,3.0,3,5,2.0,—
A28US2Ge,"As a speed dating organizer, I want a tool that can analyze data from past events to improve match prediction accuracy and increase the success rate of future events.","User Story:
As a speed dating organizer, I want a data analysis tool that evaluates historical event data to enhance match prediction accuracy so that I can increase the success rate of future events by at least 20%.

Acceptance Criteria:
- The tool must analyze data from at least 10 past events to identify patterns and trends.
- Match prediction accuracy should improve by a minimum of 15% based on user feedback and follow-up surveys.
- The success rate of matches in future events should reach at least 75% as measured by participant satisfaction ratings.

Test Outline:
- Review the analysis results from the tool to ensure it effectively identifies relevant patterns from the historical data.
- Conduct follow-up surveys with participants after future events to measure satisfaction and success rates.","The original user story was clear but lacked specific, measurable criteria. The improved version clarifies the capability and business relevance while providing explicit acceptance criteria and a structured test outline to ensure accountability and effectiveness.","it (ISO 29148)
that (ISO 29148)
can (NASA ARM)",4,5,1.0,4,4,0.0,4,5,1.0,4,5,1.0,4,5,1.0,3,5,2.0,4,5,1.0,—
A28US3Ge,"As a researcher studying human behavior and romantic attraction, I want to explore the potential of using speed dating data to understand what factors contribute to successful matches.","User Story:
As a researcher studying human behavior and romantic attraction, I want to analyze speed dating data to identify key factors that lead to successful matches so that I can develop evidence-based insights that enhance matchmaking strategies.

Acceptance Criteria:
- The analysis must identify at least 5 significant factors that correlate with successful matches, supported by statistical evidence.
- The research findings should be presented in a report that includes visual data representations and is completed within 3 months.
- At least 80% of participants in the study should report that the findings resonate with their personal experiences in speed dating.

Test Outline:
- Utilize statistical analysis software to evaluate the speed dating data and extract relevant factors.
- Conduct participant surveys post-analysis to gauge the relevance and applicability of the findings.","The original user story was clear but lacked measurable criteria and specific outcomes. The improved version enhances clarity by specifying the research goals, measurable acceptance criteria, and a structured test outline to ensure the research's effectiveness and relevance.","that (ISO 29148)
significant (ISO 29148)
can (NASA ARM)",2,4,2.0,2,4,2.0,2,5,3.0,2,5,3.0,3,5,2.0,2,5,3.0,2,5,3.0,—
A28US4Ge,"As a developer of dating apps or platforms, I want to integrate real-world data from speed dating events into my system to provide users with more accurate and personalized recommendations.","User Story:
As a developer of dating apps or platforms, I want to integrate real-time data from speed dating events into my platform so that users receive personalized match recommendations that reflect their preferences and interactions, enhancing their overall experience.

Acceptance Criteria:
- The integration must process and update user preferences based on speed dating event data within 5 minutes of the event's conclusion.
- At least 80% of users should report improved match quality after the integration is implemented, as measured by user feedback surveys.
- The system should be able to handle data from at least 10 speed dating events simultaneously without performance degradation.

Test Outline:
- Monitor the time taken for user preferences to update after an event to ensure it meets the 5-minute requirement.
- Conduct user surveys post-integration to assess the perceived quality of match recommendations.
- Stress test the system with data from multiple events to verify it can handle the specified load.","The original user story was clear but lacked measurable criteria and specific outcomes. The improved version enhances clarity by specifying the integration's impact on user experience, includes quantifiable acceptance criteria, and outlines a structured testing approach to ensure the integration's effectiveness.","it (ISO 29148)
that (ISO 29148)
improved (ISO 29148)
be able to (NASA ARM)
can (NASA ARM)
improved (NASA ARM)",4,4,0.0,4,4,0.0,4,5,1.0,4,5,1.0,4,5,1.0,3,5,2.0,4,5,1.0,—
A28US5Ge,"As a data scientist, I want to explore the use of machine learning techniques, like random forest regression, to predict compatibility based on objective data from speed dating interactions.","User Story:
As a data scientist, I want to implement machine learning techniques, specifically random forest regression, to analyze and predict compatibility scores based on quantitative data collected from speed dating interactions, so that we can enhance matchmaking accuracy and improve user satisfaction.

Acceptance Criteria:
- The model must achieve a prediction accuracy of at least 85% when tested on a validation dataset.
- The analysis should utilize a minimum of 10 relevant features derived from the speed dating data.
- The project should be completed within a 3-month timeframe, including data collection, model training, and validation.

Test Outline:
- Evaluate the model's performance using cross-validation techniques to ensure it meets the 85% accuracy requirement.
- Review the feature importance scores to confirm that at least 10 features are effectively contributing to the model's predictions.
- Track the project timeline to ensure all phases are completed within the specified 3-month period.","The original user story was clear but lacked measurable criteria and specific timelines. The improved version enhances clarity by specifying the desired outcomes, measurable acceptance criteria, and a structured test outline to ensure the project's success.","it (ISO 29148)
that (ISO 29148)
all (ISO 29148)
can (NASA ARM)",4,4,0.0,3,4,1.0,4,5,1.0,3,5,2.0,4,5,1.0,2,5,3.0,3,5,2.0,—
A28US6Ge,"As a user concerned about data privacy, I want a dating recommender system that uses my data responsibly and transparently, ensuring my information is secure and used ethically.","User Story:
As a user concerned about data privacy, I want a dating recommendation system that responsibly utilizes my data and provides transparency about its usage so that I can feel secure knowing my information is protected and used ethically.

Acceptance Criteria:
- The system must clearly outline data usage policies, ensuring at least 95% of users understand how their data is handled.
- User data must be encrypted and stored securely, with a breach response time of no more than 24 hours.
- Users should have the ability to opt-out of data collection features, with at least 90% of users successfully managing their privacy settings.

Test Outline:
- Review user feedback to assess understanding of data policies and measure the percentage of users who can accurately describe how their data is used.
- Conduct security audits to verify encryption standards and response times in case of data breaches.
- Test the opt-out functionality to ensure users can easily manage their privacy settings.","The original user story was well-articulated but lacked measurable criteria and specific acceptance tests. The improved version clarifies the user's intent, emphasizes the importance of data security and transparency, and provides quantifiable acceptance criteria and a structured test outline.","secure (ISO 29148)
that (ISO 29148)
can (NASA ARM)
more (NASA ARM)",3,4,1.0,4,4,0.0,3,5,2.0,3,5,2.0,4,5,1.0,2,5,3.0,3,5,2.0,—
A28US7Ge,"As a psychologist studying dating and relationships, I want to understand how the proposed recommender system based on speed dating data compares to traditional online dating algorithms.","User Story:
As a psychologist studying dating and relationships, I want to analyze the effectiveness of the proposed recommender system utilizing speed dating data compared to conventional online dating algorithms so that I can provide evidence-based insights into their relative performance and user satisfaction.

Acceptance Criteria:
- The recommender system must demonstrate at least a 20% improvement in match accuracy over traditional algorithms based on user feedback and engagement metrics.
- A comparative study should be conducted with a sample size of at least 200 participants to ensure statistical significance in the findings.
- User satisfaction ratings for the recommender system should reach a minimum of 80% in post-experiment surveys.

Test Outline:
- Implement a controlled study where participants use both the recommender system and traditional algorithms, followed by a survey to assess match satisfaction and accuracy.
- Analyze the data collected to compare the performance metrics of both systems, focusing on match accuracy and user engagement.","The original user story was clear but lacked measurable criteria and specific outcomes. The improved version enhances clarity by defining explicit acceptance criteria and a structured test outline, ensuring that the research objectives are quantifiable and actionable.","that (ISO 29148)
can (NASA ARM)",3,4,1.0,3,4,1.0,3,5,2.0,3,5,2.0,4,5,1.0,2,5,3.0,3,5,2.0,—
A28US8Ge,"As a social scientist studying the impact of technology on dating, I want to explore the potential benefits and drawbacks of using speed dating data in dating recommender systems.","User Story:
As a social scientist studying the impact of technology on dating, I want to analyze speed dating data to identify at least three key benefits and three potential drawbacks for integrating this data into dating recommender systems, so that I can provide evidence-based recommendations for improving user experiences.

Acceptance Criteria:
- The analysis must identify a minimum of three distinct benefits of using speed dating data in recommender systems.
- The study should outline at least three drawbacks, supported by quantitative or qualitative data.
- A comprehensive report summarizing findings and recommendations must be completed within 4 weeks.

Test Outline:
- Review the speed dating data to extract relevant insights and categorize them into benefits and drawbacks.
- Validate findings through peer review or feedback from at least two other social scientists in the field.","The original user story was clear but lacked measurable criteria and specific outcomes. The improved version enhances clarity by specifying the expected number of benefits and drawbacks, a timeline for completion, and a structured approach for validation.","this (ISO 29148)
that (ISO 29148)
can (NASA ARM)",2,4,2.0,2,4,2.0,2,5,3.0,2,5,3.0,3,5,2.0,2,5,3.0,2,5,3.0,—
A28US9Ge,"As a dating coach or relationship expert, I want to use insights from the speed dating-based recommender system to provide clients with personalized advice and strategies for successful dating.","User Story:
As a dating coach or relationship expert, I want to leverage insights from the speed dating-based recommender system to deliver tailored advice and strategies to my clients, enabling them to improve their dating success rates by at least 30%.

Acceptance Criteria:
- The recommender system must provide actionable insights for at least 80% of client interactions.
- Clients should report a 25% increase in successful matches after implementing the recommended strategies.
- Feedback from clients should indicate a satisfaction rate of 90% or higher regarding the relevance and effectiveness of the advice provided.

Test Outline:
- Analyze the insights generated by the recommender system to ensure they meet the 80% actionable threshold.
- Track client match success rates before and after applying the strategies to confirm the 25% improvement.
- Conduct client surveys to assess satisfaction with the personalized advice.","The original user story was clear but lacked measurable criteria and specific outcomes. The improved version emphasizes quantifiable benefits, clarifies the role of the dating coach, and provides structured acceptance criteria and testing methods to enhance clarity and focus on business impact.",—,4,4,0.0,4,4,0.0,4,4,0.0,4,5,1.0,4,5,1.0,3,5,2.0,4,4,0.0,—
A28US10Ge,"As a single person looking for a meaningful connection, I want to use a dating recommender system that helps me find compatible matches based on real-life interaction and mutual interest, rather than solely relying on self-reported information.","User Story:
As a single person looking for a meaningful connection, I want to utilize a dating recommender system that identifies compatible matches based on real-life interactions and shared interests, rather than depending solely on self-reported data, so that I can foster genuine connections.

Acceptance Criteria:
- The system must analyze at least 5 different interaction metrics (e.g., messaging frequency, event attendance) to determine compatibility.
- Users should receive match suggestions within 3 seconds of initiating a search.
- At least 80% of users should report satisfaction with their matches based on real-life interactions within the first month of use.

Test Outline:
- Evaluate the effectiveness of the recommender system by tracking the number of interaction metrics used and their impact on match quality.
- Measure the time taken to generate match suggestions and ensure it meets the 3-second requirement.
- Conduct user surveys to assess satisfaction levels regarding the quality of matches based on real-life interactions.","The original user story was clear but lacked measurable criteria and specific acceptance metrics. The improved version enhances clarity by specifying the user's needs, providing quantifiable acceptance criteria, and outlining a structured test plan to ensure the system's effectiveness.","it (ISO 29148)
that (ISO 29148)
can (NASA ARM)",4,4,0.0,4,4,0.0,4,5,1.0,4,5,1.0,4,5,1.0,3,5,2.0,4,5,1.0,—
A29US1Ge,"As an economic historian, I want to analyze the long-term effects of early life conditions on individuals' later life outcomes, but I need a reliable way to track individuals across historical census records.","User Story:
As an economic historian, I want to develop a robust methodology for tracking individuals across historical census records so that I can accurately analyze the long-term effects of early life conditions on their later life outcomes.

Acceptance Criteria:
- The tracking methodology must successfully link at least 80% of individuals across three or more census records.
- The process should allow for the retrieval of relevant data points within 5 minutes for each individual tracked.
- A validation study should confirm the accuracy of the linked data with a minimum of 90% correctness.

Test Outline:
- Conduct a pilot study to measure the success rate of linking individuals across census records and document the percentage achieved.
- Time the data retrieval process for a sample of individuals to ensure it meets the 5-minute requirement.
- Perform a data accuracy audit to verify the correctness of the linked information against known historical data.","The original user story was clear but lacked measurable criteria and specific outcomes. The improved version clarifies the historian's capability, emphasizes the importance of accuracy and efficiency, and provides explicit, quantifiable acceptance criteria and a structured test outline.","robust (ISO 29148)
it (ISO 29148)
that (ISO 29148)
can (NASA ARM)
more (NASA ARM)",3,4,1.0,3,4,1.0,4,4,0.0,2,5,3.0,3,5,2.0,2,5,3.0,3,4,1.0,—
A29US2Ge,"As a researcher studying social mobility, I want to accurately measure intergenerational mobility across different populations and time periods, requiring precise record linkage.","User Story:
As a researcher studying social mobility, I want to accurately measure intergenerational mobility across diverse populations and historical periods so that I can identify trends and disparities with a high degree of precision through effective record linkage.

Acceptance Criteria:
- The record linkage process must achieve at least 95% accuracy in matching records across different datasets.
- The analysis should cover a minimum of 10 distinct populations and at least 3 different time periods to ensure comprehensive insights.
- The final report must present findings with a confidence interval of 95% to validate the results.

Test Outline:
- Validate the accuracy of the record linkage by comparing matched records against a known dataset to ensure it meets the 95% threshold.
- Review the analysis methodology to confirm that it includes the required populations and time periods.
- Conduct peer reviews of the final report to ensure the findings are statistically sound and clearly presented.","The original user story was clear but lacked measurable criteria and specificity regarding the research requirements. The improved version enhances clarity by specifying the accuracy needed for record linkage, the scope of the analysis, and the statistical confidence required, thus strengthening the overall INVEST dimensions.","effective (ISO 29148)
it (ISO 29148)
that (ISO 29148)
effective (NASA ARM)
can (NASA ARM)",4,4,0.0,4,4,0.0,4,5,1.0,4,5,1.0,5,5,0.0,4,5,1.0,4,5,1.0,—
A29US3Ge,"As a sociologist studying assimilation and discrimination, I want to analyze how individuals' identities and experiences change over time, which necessitates linking them across historical records.","User Story:
As a sociologist studying assimilation and discrimination, I want to analyze the evolution of individuals' identities and experiences over time by linking their data across historical records, so that I can identify patterns and trends that inform social policies and interventions.

Acceptance Criteria:
- The system must successfully link at least 90% of individual records across different historical datasets.
- The analysis should reveal at least three significant trends or patterns in identity changes over a specified time frame.
- The findings must be presented in a comprehensive report that includes visualizations and is completed within 4 weeks of data collection.

Test Outline:
- Validate the accuracy of linked records by cross-referencing with a sample of known historical data.
- Review the analysis process to ensure it identifies and documents trends effectively, and assess the clarity and impact of the final report through peer feedback.","The original user story was clear but lacked measurable criteria and specific outcomes. The improved version enhances clarity by specifying the sociologist's goals, providing quantifiable acceptance criteria, and outlining a structured test plan to ensure the analysis is thorough and impactful.","it (ISO 29148)
that (ISO 29148)
significant (ISO 29148)
can (NASA ARM)",2,4,2.0,2,4,2.0,2,5,3.0,2,5,3.0,3,5,2.0,2,5,3.0,2,5,3.0,—
A29US4Ge,"As a demographer studying population trends, I want to track individual migration patterns and family structures across generations, requiring accurate record linkage.","User Story:
As a demographer studying population trends, I want to accurately track individual migration patterns and family structures across generations so that I can produce reliable reports and insights that inform policy decisions.

Acceptance Criteria:
- The system must link records with at least 95% accuracy to ensure reliable tracking of migration and family structures.
- Users should be able to generate reports on migration patterns and family structures within 5 minutes of data retrieval.
- The data visualization tools should allow for the analysis of trends over a minimum of 3 generations.

Test Outline:
- Validate the accuracy of record linkage by comparing linked data against a known dataset to ensure it meets the 95% threshold.
- Measure the time taken to generate reports from the system to confirm it adheres to the 5-minute requirement.
- Test the data visualization tools with sample datasets to ensure they effectively display trends across multiple generations.","The original user story was clear but lacked measurable criteria and specific business relevance. The improved version enhances clarity by specifying the user's role, the capability required, and explicit acceptance criteria that are quantifiable, along with a structured test outline.","reliable (ISO 29148)
it (ISO 29148)
that (ISO 29148)
be able to (NASA ARM)
can (NASA ARM)",4,4,0.0,4,4,0.0,4,5,1.0,4,5,1.0,4,5,1.0,3,5,2.0,4,5,1.0,—
A29US5Ge,"As a data scientist working with historical data, I want a user-friendly and efficient method for linking records across different databases, minimizing errors and biases.","User Story:
As a data scientist working with historical data, I want an intuitive and efficient tool for linking records across multiple databases so that I can reduce errors and biases by at least 30%, ensuring the integrity of my analyses.

Acceptance Criteria:
- The tool must allow for record linking with a success rate of 95% or higher in matching relevant records.
- The average time taken to link records should not exceed 5 minutes for datasets of up to 10,000 records.
- User feedback should reflect a satisfaction rate of 90% or higher regarding the ease of use and effectiveness of the tool.

Test Outline:
- Perform tests on various datasets to measure the accuracy of record linking and track the success rate.
- Time the process of linking records to ensure it meets the 5-minute criterion for the specified dataset size.
- Conduct user surveys to gather feedback on usability and effectiveness.","The original user story was clear but lacked measurable criteria and specific outcomes. The improved version enhances clarity by specifying the user's role, defining measurable acceptance criteria, and providing a structured test outline to ensure the tool's effectiveness and user satisfaction.","efficient (ISO 29148)
intuitive (ISO 29148)
it (ISO 29148)
that (ISO 29148)
can (NASA ARM)",4,4,0.0,4,4,0.0,4,5,1.0,4,5,1.0,4,5,1.0,3,5,2.0,4,5,1.0,—
A29US6Ge,"As a genealogist researching family history, I want to trace the lives of my ancestors across historical records, but I need a reliable way to match records and avoid mistakes.","User Story:
As a genealogist researching family history, I want a robust system to accurately match historical records of my ancestors so that I can trace their lives without errors and build a reliable family history.

Acceptance Criteria:
- The system must achieve a record matching accuracy of at least 95% when comparing historical documents.
- Users should be able to complete a record search and match process within 5 minutes on average.
- The system should provide error alerts for potential mismatches in at least 90% of cases.

Test Outline:
- Conduct tests using a diverse set of historical records to evaluate the accuracy of the matching algorithm.
- Measure the average time taken for users to complete the record matching process.
- Review user feedback on the effectiveness of error alerts during the matching process.","The original user story was clear but lacked measurable criteria and specific details. The improved version enhances clarity by specifying the genealogist's needs, establishing quantifiable acceptance criteria, and outlining a structured test plan to ensure reliability and accuracy.","reliable (ISO 29148)
robust (ISO 29148)
that (ISO 29148)
be able to (NASA ARM)
can (NASA ARM)",4,4,0.0,4,4,0.0,4,5,1.0,3,5,2.0,4,5,1.0,3,5,2.0,4,5,1.0,—
A29US7Ge,"As a policymaker, I want to understand the long-term consequences of social and economic policies, which requires analyzing data on individuals over time, necessitating accurate record linkage.","User Story:
As a policymaker, I want to analyze longitudinal data on individuals to understand the long-term impacts of social and economic policies, ensuring accurate record linkage so that I can make informed decisions that benefit the community.

Acceptance Criteria:
- The system must achieve a record linkage accuracy of at least 95% to ensure reliable data analysis.
- Data analysis should be able to process and generate reports on individual records within 10 seconds.
- User feedback from policymakers should reflect a satisfaction rate of 90% or higher regarding the clarity and usefulness of the insights provided.

Test Outline:
- Validate the accuracy of record linkage by comparing linked records against a known dataset.
- Measure the time taken to generate reports from the analysis to ensure it meets the 10-second requirement.
- Conduct surveys with policymakers to assess the perceived value and clarity of the insights derived from the data.","The original user story was clear but lacked measurable criteria and specific acceptance metrics. The improved version enhances clarity by specifying the capability, business relevance, and measurable acceptance criteria, along with a structured test outline to ensure the effectiveness of the data analysis.","reliable (ISO 29148)
it (ISO 29148)
that (ISO 29148)
be able to (NASA ARM)
can (NASA ARM)",2,4,2.0,2,4,2.0,3,5,2.0,2,5,3.0,3,5,2.0,2,5,3.0,2,5,3.0,—
A29US8Ge,"As a developer of historical data analysis tools, I want to integrate a robust and transparent record linkage technique into my tools to ensure the accuracy and reliability of research findings.","User Story:
As a developer of historical data analysis tools, I want to implement a comprehensive and transparent record linkage technique so that I can enhance the accuracy and reliability of research findings by at least 95%.

Acceptance Criteria:
- The record linkage technique must achieve a matching accuracy of 98% or higher when tested against a benchmark dataset.
- The integration process should not exceed 3 weeks from initiation to deployment.
- User feedback should reflect a satisfaction rate of 90% or higher regarding the clarity and effectiveness of the linkage results.

Test Outline:
- Evaluate the accuracy of the record linkage technique by comparing its results with a known set of linked records.
- Track the timeline of the integration process to ensure it adheres to the 3-week limit.
- Conduct user surveys post-implementation to assess satisfaction with the linkage technique.","The original user story was well-defined but lacked measurable criteria. The improved version specifies clear performance metrics, a timeline for integration, and user satisfaction goals, enhancing clarity and focus on business value.","it (ISO 29148)
that (ISO 29148)
can (NASA ARM)",3,4,1.0,3,4,1.0,4,5,1.0,2,5,3.0,3,5,2.0,2,5,3.0,3,5,2.0,—
A29US9Ge,"As a librarian or archivist working with historical data, I want to provide researchers with tools and guidance on how to accurately link records across different sources.","User Story:
As a librarian or archivist working with historical data, I want to equip researchers with comprehensive tools and clear guidance for accurately linking records across various sources so that they can enhance their research quality and efficiency.

Acceptance Criteria:
- At least 90% of researchers should report improved accuracy in linking records after using the provided tools and guidance.
- The tools must be accessible and user-friendly, with a maximum setup time of 5 minutes for new users.
- A minimum of 3 training sessions should be conducted per quarter to ensure researchers are well-informed about the available resources.

Test Outline:
- Conduct surveys to measure researchers' accuracy in linking records before and after utilizing the tools.
- Track the time taken by new users to set up and start using the tools to ensure it meets the 5-minute requirement.
- Evaluate attendance and feedback from training sessions to assess their effectiveness.","The original user story was clear but lacked measurable criteria and specific outcomes. The improved version enhances clarity by specifying the role, capability, and business relevance while providing quantifiable acceptance criteria and a structured test outline.","it (ISO 29148)
that (ISO 29148)
improved (ISO 29148)
can (NASA ARM)
improved (NASA ARM)",4,4,0.0,4,4,0.0,4,5,1.0,4,5,1.0,4,5,1.0,3,5,2.0,4,5,1.0,—
A29US10Ge,"As a historian interested in the lives of ordinary people, I want to use historical census data to tell more complete and nuanced stories of individuals and communities, which relies on accurate record linkage.","User Story:
As a historian interested in the lives of ordinary people, I want to utilize historical census data for accurate record linkage so that I can create comprehensive and nuanced narratives about individuals and communities, enhancing the understanding of their lives.

Acceptance Criteria:
- The system must achieve a record linkage accuracy of at least 95% when matching census data to individuals.
- Users should be able to access linked records within 3 seconds to facilitate efficient storytelling.
- At least 80% of users should report that the linked data significantly enhances their research quality in feedback surveys.

Test Outline:
- Evaluate the accuracy of record linkage by comparing matched records against a verified dataset.
- Measure the time taken to retrieve linked records during user testing sessions.
- Conduct user surveys to assess the perceived impact of linked data on research quality.","The original user story was well-articulated but lacked measurable criteria and specific acceptance metrics. The improved version clarifies the historian's role, emphasizes the importance of accuracy in record linkage, and provides explicit, quantifiable acceptance criteria and a structured test outline.","efficient (ISO 29148)
that (ISO 29148)
be able to (NASA ARM)
can (NASA ARM)",4,4,0.0,4,4,0.0,4,5,1.0,4,5,1.0,4,5,1.0,3,5,2.0,4,5,1.0,—
A30US1Ge,"As a law enforcement officer, I want to identify individuals who are at high risk of re-offending so that I can prioritize resources and interventions to prevent future crimes.","User Story:
As a law enforcement officer, I want to accurately identify individuals at high risk of re-offending using data analytics so that I can effectively allocate resources and implement targeted interventions to reduce crime rates by at least 20% over the next year.

Acceptance Criteria:
- The identification process must utilize predictive analytics with a minimum accuracy rate of 85% in assessing re-offending risk.
- Officers should receive actionable reports within 5 minutes of data input to facilitate timely decision-making.
- The effectiveness of interventions should be evaluated, aiming for a reduction in re-offending rates by at least 20% within 12 months of implementation.

Test Outline:
- Validate the accuracy of the predictive analytics model by comparing its assessments against actual re-offending cases over a 6-month period.
- Measure the time taken to generate reports after data input to ensure it meets the 5-minute requirement.
- Track re-offending rates before and after implementing targeted interventions to assess the impact on crime reduction.","The original user story was clear but lacked measurable criteria and specific goals. The improved version enhances clarity by specifying the use of data analytics, establishes quantifiable acceptance criteria, and outlines a structured test plan to ensure effectiveness and accountability.","it (ISO 29148)
that (ISO 29148)
timely (NASA ARM)
can (NASA ARM)",4,4,0.0,4,4,0.0,5,5,0.0,4,5,1.0,4,5,1.0,3,5,2.0,4,5,1.0,—
A30US2Ge,"As a parole officer, I want to use data-driven insights to assess the risk of recidivism for each parolee and tailor my supervision and support plans accordingly.","User Story:
As a parole officer, I want to leverage data-driven insights to evaluate the recidivism risk for each parolee so that I can create customized supervision and support plans that effectively reduce the likelihood of reoffending.

Acceptance Criteria:
- The risk assessment tool must analyze at least 10 key factors related to recidivism and provide a risk score with ≥ 85% predictive accuracy.
- Supervision plans should be tailored based on the risk score, with at least 75% of parolees reporting improved compliance with their plans within 6 months.
- The system should generate actionable insights within 5 seconds of inputting the data for timely decision-making.

Test Outline:
- Validate the accuracy of the risk assessment tool by comparing its predictions against actual recidivism rates over a 12-month period.
- Survey parolees to measure compliance and satisfaction with their tailored supervision plans after implementation.","The original user story was clear but lacked measurable criteria and specific outcomes. The improved version enhances clarity by specifying the use of data-driven insights, establishes quantifiable acceptance criteria, and outlines a structured test plan to ensure effectiveness.","that (ISO 29148)
improved (ISO 29148)
timely (NASA ARM)
can (NASA ARM)
improved (NASA ARM)",4,4,0.0,4,4,0.0,4,5,1.0,4,5,1.0,5,5,0.0,4,5,1.0,4,5,1.0,—
A30US3Ge,"As a judge or magistrate, I want to have access to objective and reliable information about a defendant's risk of re-offending to inform sentencing decisions.","User Story:
As a judge or magistrate, I want to access objective and reliable data regarding a defendant's likelihood of re-offending so that I can make informed sentencing decisions that enhance public safety and promote fair justice.

Acceptance Criteria:
- The risk assessment tool must provide a risk score with at least 95% accuracy based on historical data and validated algorithms.
- Judges should receive the risk assessment report within 5 minutes of the request to ensure timely decision-making.
- User feedback from judges should indicate a satisfaction rate of 90% or higher regarding the usefulness and clarity of the information provided.

Test Outline:
- Validate the accuracy of the risk assessment tool by comparing its predictions against actual re-offending rates over a specified period.
- Measure the time taken to generate and deliver the risk assessment report to ensure it meets the 5-minute requirement.","The original user story was clear but lacked measurable criteria and specific benefits. The improved version emphasizes the importance of accuracy and timeliness, providing explicit acceptance criteria and a structured test outline to enhance clarity and focus on the value of the information.","reliable (ISO 29148)
it (ISO 29148)
that (ISO 29148)
timely (NASA ARM)
can (NASA ARM)",4,4,0.0,4,4,0.0,4,5,1.0,4,5,1.0,4,5,1.0,3,5,2.0,4,5,1.0,—
A30US4Ge,"As a social worker or rehabilitation specialist, I want to identify individuals who are most likely to benefit from specific rehabilitation programs and services to reduce their risk of recidivism.","User Story:
As a social worker or rehabilitation specialist, I want to accurately identify individuals who are most likely to benefit from targeted rehabilitation programs and services so that we can reduce their risk of recidivism by at least 30% over the next year.

Acceptance Criteria:
- A predictive model must be developed that identifies at least 80% of individuals who successfully complete rehabilitation programs.
- The implementation of targeted services should lead to a measurable decrease in recidivism rates among participants by 30% within 12 months.
- User feedback from social workers and specialists should indicate a satisfaction rate of 90% or higher regarding the effectiveness of the identification process.

Test Outline:
- Validate the predictive model by comparing its results against actual outcomes of rehabilitation program participants.
- Track recidivism rates for individuals who received targeted services versus those who did not over a 12-month period.","The original user story was clear but lacked measurable criteria and specific goals. The improved version emphasizes quantifiable outcomes, clarifies the capability, and outlines acceptance criteria and a test plan to ensure effectiveness in reducing recidivism.","most (ISO 29148)
that (ISO 29148)
those (ISO 29148)
can (NASA ARM)",4,4,0.0,4,4,0.0,4,5,1.0,4,5,1.0,4,5,1.0,3,5,2.0,4,5,1.0,—
A30US5Ge,"As a researcher studying criminal justice, I want to develop and evaluate new methods for predicting recidivism using machine learning and other advanced technologies.","User Story:
As a researcher studying criminal justice, I want to create and assess innovative machine learning models for predicting recidivism so that I can provide data-driven insights that enhance rehabilitation strategies and reduce reoffending rates.

Acceptance Criteria:
- Develop at least three distinct machine learning models and evaluate their predictive accuracy, aiming for a minimum of 80% accuracy in recidivism predictions.
- Conduct a comparative analysis of the models, presenting findings in a report that includes performance metrics and recommendations for implementation.
- Gather feedback from at least 20 stakeholders in the criminal justice field to assess the practical applicability of the proposed methods.

Test Outline:
- Use historical recidivism data to train and test the machine learning models, measuring their accuracy and reliability.
- Present the findings to a panel of experts for validation and gather qualitative feedback on the models' effectiveness.","The original user story was clear but lacked specific measurable criteria and a structured approach. The improved version clarifies the researcher's role, specifies the capability, and outlines explicit, quantifiable acceptance criteria and a test outline to enhance clarity and focus on business relevance.","that (ISO 29148)
can (NASA ARM)",2,4,2.0,2,5,3.0,3,5,2.0,2,5,3.0,3,5,2.0,2,5,3.0,2,5,3.0,—
A30US6Ge,"As a data scientist, I want to build and improve machine learning models that can accurately predict recidivism while minimizing bias and ensuring fairness.","User Story:
As a data scientist, I want to develop and enhance machine learning models that can predict recidivism with at least 85% accuracy while minimizing bias and ensuring fairness, so that we can make informed decisions that positively impact rehabilitation efforts.

Acceptance Criteria:
- The model must achieve a prediction accuracy of 85% or higher on a validation dataset.
- Bias metrics should indicate a reduction in disparity across demographic groups by at least 20% compared to previous models.
- The model's fairness should be validated through at least three different fairness metrics, with results showing compliance with established fairness thresholds.

Test Outline:
- Evaluate the model's accuracy using a comprehensive validation dataset and report the results.
- Analyze bias metrics before and after model improvements to confirm the reduction in disparity.
- Conduct fairness assessments using multiple metrics to ensure compliance with fairness standards.","The original user story was clear but lacked specific, measurable criteria. The improved version emphasizes the importance of accuracy, bias reduction, and fairness, while providing detailed acceptance criteria and a structured test outline to enhance clarity and focus on business impact.","that (ISO 29148)
can (NASA ARM)",3,4,1.0,3,4,1.0,4,5,1.0,3,5,2.0,4,5,1.0,2,5,3.0,3,5,2.0,—
A30US7Ge,"As a developer of criminal justice software, I want to integrate reliable recidivism prediction tools into my products to support law enforcement and rehabilitation efforts.","User Story:
As a developer of criminal justice software, I want to integrate advanced and reliable recidivism prediction tools into my applications so that law enforcement agencies can make informed decisions and enhance rehabilitation efforts, ultimately reducing repeat offenses by at least 20%.

Acceptance Criteria:
- The integrated prediction tools must demonstrate at least 85% accuracy in forecasting recidivism rates based on historical data.
- The implementation should be completed within 3 months, with a user acceptance testing phase that includes feedback from at least 10 law enforcement agencies.
- The system should provide actionable insights that lead to a measurable reduction in recidivism rates within 6 months of deployment.

Test Outline:
- Validate the accuracy of the prediction tools by comparing their forecasts against actual recidivism outcomes over a defined period.
- Gather feedback from law enforcement users during the acceptance testing phase to ensure the tools meet their operational needs.","The original user story was clear but lacked specific, measurable criteria and a defined impact. The improved version clarifies the capability, emphasizes the business relevance, and includes quantifiable acceptance criteria and a structured test outline to enhance the overall effectiveness of the story.","reliable (ISO 29148)
that (ISO 29148)
can (NASA ARM)",3,4,1.0,3,4,1.0,4,5,1.0,3,5,2.0,4,5,1.0,2,5,3.0,3,5,2.0,—
A30US8Ge,"As a civil liberties advocate, I want to ensure that the use of AI in criminal justice is transparent, accountable, and does not exacerbate existing inequalities.","User Story:
As a civil liberties advocate, I want to ensure that the implementation of AI in the criminal justice system is transparent and accountable so that it does not perpetuate or worsen existing inequalities, ultimately fostering a fairer legal process.

Acceptance Criteria:
- AI systems used in criminal justice must provide clear documentation of their algorithms and decision-making processes, accessible to the public.
- At least 90% of AI-driven decisions should be subject to human review to ensure accountability.
- Regular audits must be conducted every six months to assess the impact of AI on different demographic groups, with findings published publicly.

Test Outline:
- Review the documentation provided for AI systems to verify transparency and accessibility.
- Track the percentage of AI decisions that undergo human review over a specified period.
- Analyze audit reports to evaluate the effects of AI on various demographic groups and ensure compliance with the established criteria.","The original user story was clear but lacked measurable criteria and specific actions. The improved version enhances clarity by specifying the desired outcomes, measurable acceptance criteria, and a structured test outline to ensure accountability and transparency in AI use.","it (ISO 29148)
that (ISO 29148)
every (ISO 29148)",2,4,2.0,2,4,2.0,3,5,2.0,2,5,3.0,3,5,2.0,2,5,3.0,2,5,3.0,—
A30US9Ge,"As a policymaker, I want to use data-driven insights to inform policies and programs aimed at reducing recidivism and promoting public safety.","User Story:
As a policymaker, I want to leverage data-driven insights to shape effective policies and programs that reduce recidivism rates by at least 20% over the next three years, thereby enhancing public safety.

Acceptance Criteria:
- Data analysis must identify at least three key factors contributing to recidivism within the first quarter.
- Implemented policies should demonstrate a measurable reduction in recidivism rates by 20% within three years of execution.
- Public safety metrics, such as crime rates in targeted areas, should show a decrease of at least 15% within the same timeframe.

Test Outline:
- Review data reports to ensure key factors influencing recidivism are identified and documented.
- Track recidivism rates and public safety metrics over the specified period to verify the effectiveness of implemented policies.","The original user story was clear but lacked measurable criteria and specific targets. The improved version emphasizes quantifiable goals, outlines clear acceptance criteria, and provides a structured test plan to ensure accountability and effectiveness.","effective (ISO 29148)
that (ISO 29148)
effective (NASA ARM)",2,4,2.0,2,4,2.0,3,4,1.0,2,5,3.0,3,5,2.0,2,5,3.0,2,4,2.0,—
A30US10Ge,"As a citizen, I want to see a safer society where crime is prevented, and individuals are given the opportunity to successfully reintegrate into the community.","User Story:
As a citizen, I want to experience a safer community where crime rates are reduced by at least 30% over the next year, and individuals reintegrating into society receive support programs that achieve a 75% success rate in preventing recidivism.

Acceptance Criteria:
- Crime statistics must show a reduction of 30% in reported incidents within 12 months.
- At least 75% of individuals participating in reintegration programs should report successful integration and stable employment within 6 months of completion.
- Community surveys should reflect a satisfaction rate of 80% or higher regarding perceived safety and support for reintegration efforts.

Test Outline:
- Analyze crime data quarterly to track progress towards the 30% reduction goal.
- Evaluate the success rates of reintegration programs through follow-up surveys and employment records.
- Conduct community surveys to assess perceptions of safety and support services.","The original user story was broad and lacked measurable criteria. The improved version specifies clear goals for crime reduction and reintegration success, along with quantifiable acceptance criteria and a structured test outline to ensure accountability and track progress.",that (ISO 29148),2,4,2.0,1,4,3.0,1,4,3.0,1,5,4.0,2,5,3.0,1,5,4.0,1,4,3.0,—
A31US1Ge,"As a web developer, I want to build a browser extension that can highlight and block advertisements on websites, improving the user experience and reducing distractions.","User Story:
As a web developer, I want to create a browser extension that effectively highlights and blocks advertisements on websites so that users can enjoy a distraction-free browsing experience, leading to a 30% increase in user satisfaction.

Acceptance Criteria:
- The extension must successfully block at least 95% of advertisements on popular websites.
- Users should experience a reduction in page load times by at least 20% when using the extension.
- User feedback should reflect a satisfaction rate of 90% or higher regarding the effectiveness of the ad-blocking feature.

Test Outline:
- Conduct tests on various websites to measure the percentage of ads blocked by the extension.
- Analyze page load times with and without the extension to confirm the 20% improvement.
- Gather user feedback through surveys to assess satisfaction levels with the extension's performance.","The original user story was clear but lacked measurable criteria and specific benefits. The improved version enhances clarity by specifying quantifiable acceptance criteria and a structured test outline, emphasizing the value of the extension to users.","that (ISO 29148)
can (NASA ARM)",4,4,0.0,4,4,0.0,4,5,1.0,3,5,2.0,4,5,1.0,3,5,2.0,4,5,1.0,—
A31US2Ge,"As a content creator, I want to be able to identify and differentiate advertisements on my website to ensure transparency and avoid misleading my audience.","User Story:
As a content creator, I want to clearly identify and differentiate advertisements on my website so that I can maintain transparency with my audience and prevent any potential misunderstandings regarding sponsored content.

Acceptance Criteria:
- All advertisements must be labeled distinctly with a minimum font size of 14px and a contrasting color to ensure visibility.
- At least 95% of users should be able to recognize and differentiate advertisements from regular content based on user testing.
- The implementation should not increase the page load time by more than 1 second.

Test Outline:
- Conduct A/B testing to measure user recognition of advertisements versus regular content.
- Monitor page load times before and after implementing the advertisement differentiation to ensure compliance with the specified criteria.","The original user story was clear but lacked measurable criteria and specific details. The improved version enhances clarity by specifying the requirements for advertisement differentiation, includes quantifiable acceptance criteria, and outlines a structured testing approach.","that (ISO 29148)
all (ISO 29148)
be able to (NASA ARM)
can (NASA ARM)
more (NASA ARM)",4,4,0.0,4,4,0.0,4,5,1.0,3,5,2.0,4,5,1.0,3,5,2.0,4,5,1.0,—
A31US3Ge,"As a cybersecurity researcher, I want to analyze the features of online advertisements to develop tools for detecting malicious or misleading ads that could be used for phishing or other attacks.","User Story:
As a cybersecurity researcher, I want to systematically analyze the characteristics of online advertisements so that I can create effective tools that detect and mitigate malicious or misleading ads, thereby reducing the risk of phishing and other cyber attacks.

Acceptance Criteria:
- The analysis must identify at least 10 distinct features commonly associated with malicious ads within a 4-week timeframe.
- The detection tools developed should achieve a minimum accuracy rate of 95% in identifying harmful advertisements during testing.
- User feedback from at least 50 cybersecurity professionals should indicate a satisfaction rate of 90% or higher regarding the effectiveness of the tools.

Test Outline:
- Conduct a feature analysis of a sample set of online ads to document the identified characteristics.
- Test the detection tools against a diverse dataset of ads to measure accuracy and gather user feedback through surveys.","The original user story was clear but lacked measurable criteria and specificity. The improved version enhances clarity by specifying the research goals, measurable acceptance criteria, and a structured test outline to ensure the effectiveness of the developed tools.","effective (ISO 29148)
that (ISO 29148)
effective (NASA ARM)
can (NASA ARM)",4,4,0.0,4,4,0.0,4,5,1.0,3,5,2.0,4,5,1.0,3,5,2.0,4,5,1.0,—
A31US4Ge,"As a parent, I want to use tools to control the type of advertisements my children see online, protecting them from inappropriate content and promoting responsible internet use.","User Story:
As a parent, I want to utilize advanced tools to filter and control the advertisements displayed to my children online so that I can safeguard them from inappropriate content and encourage responsible internet usage.

Acceptance Criteria:
- The tool must block at least 95% of advertisements deemed inappropriate based on predefined criteria.
- Parents should be able to customize settings to allow or disallow specific categories of ads, with changes applied in real-time.
- User satisfaction regarding the effectiveness of the ad control feature should reach at least 90% in post-implementation surveys.

Test Outline:
- Conduct tests to evaluate the percentage of inappropriate ads successfully blocked by the tool.
- Measure the time taken for changes in settings to take effect and confirm real-time application.
- Gather user feedback through surveys to assess satisfaction levels with the ad control functionality.","The original user story was clear but lacked measurable criteria and specific acceptance standards. The improved version enhances clarity by specifying the capability, business relevance, and measurable acceptance criteria, along with a structured test outline.","that (ISO 29148)
be able to (NASA ARM)
can (NASA ARM)",4,4,0.0,4,4,0.0,4,5,1.0,4,5,1.0,4,5,1.0,3,5,2.0,4,5,1.0,—
A31US5Ge,"As a search engine developer, I want to improve the accuracy of search results by identifying and filtering out advertisements, ensuring that users find the information they are looking for more easily.","User Story:
As a search engine developer, I want to enhance the accuracy of search results by effectively identifying and filtering out advertisements so that users can find relevant information with at least 95% accuracy, improving their overall search experience.

Acceptance Criteria:
- The system must filter out advertisements from search results with a success rate of 95% or higher.
- The accuracy of the search results should be validated through user testing, achieving a satisfaction rate of 90% or more.
- The average time taken to retrieve and display filtered results should not exceed 1.5 seconds.

Test Outline:
- Conduct tests to measure the percentage of advertisements successfully filtered from the search results.
- Gather user feedback on the relevance of the search results post-implementation to ensure satisfaction levels meet the criteria.
- Measure the response time for displaying filtered search results to confirm it adheres to the specified limit.","The original user story was clear but lacked measurable criteria and specific acceptance metrics. The improved version strengthens the focus on accuracy and user experience, providing quantifiable acceptance criteria and a structured test outline.","it (ISO 29148)
that (ISO 29148)
can (NASA ARM)
more (NASA ARM)",4,4,0.0,4,4,0.0,4,5,1.0,4,5,1.0,4,5,1.0,3,5,2.0,4,5,1.0,—
A31US6Ge,"As a web accessibility advocate, I want to ensure that online advertisements are accessible to users with disabilities, providing a more inclusive browsing experience for everyone.","User Story:
As a web accessibility advocate, I want to guarantee that all online advertisements comply with accessibility standards so that users with disabilities can engage with content effectively, fostering an inclusive browsing experience for all.

Acceptance Criteria:
- 100% of online advertisements must meet WCAG 2.1 Level AA accessibility standards.
- User testing should show that at least 90% of users with disabilities can interact with advertisements without barriers.
- Accessibility audits should be conducted quarterly, with reports indicating compliance and areas for improvement.

Test Outline:
- Perform automated and manual accessibility tests on a sample of advertisements to ensure compliance with WCAG standards.
- Gather feedback from users with disabilities to assess their ability to interact with the advertisements.","The original user story was clear but lacked measurable criteria and specific acceptance standards. The improved version emphasizes compliance with established guidelines, provides quantifiable acceptance criteria, and outlines a structured testing approach to ensure effectiveness.","that (ISO 29148)
all (ISO 29148)
can (NASA ARM)",4,5,1.0,4,4,0.0,4,5,1.0,3,5,2.0,4,5,1.0,3,5,2.0,4,5,1.0,—
A31US7Ge,"As a marketing professional, I want to analyze the effectiveness of online advertising campaigns by tracking user interactions with identified advertisements.","User Story:
As a marketing professional, I want to evaluate the effectiveness of online advertising campaigns by tracking user interactions with specific advertisements so that I can optimize future campaigns and increase conversion rates.

Acceptance Criteria:
- The system must track user interactions (clicks, views, and engagement) for at least 95% of identified advertisements.
- Reports on campaign effectiveness should be generated within 24 hours of data collection, providing insights on user behavior.
- The analysis should show a minimum of 20% increase in conversion rates for optimized campaigns based on tracked data.

Test Outline:
- Verify the accuracy of interaction tracking by comparing recorded data against actual user behavior over a defined period.
- Assess the timeliness and comprehensiveness of the reports generated to ensure they meet the 24-hour requirement.","The original user story was clear but lacked measurable criteria and specific business outcomes. The improved version enhances clarity by specifying the desired outcomes, measurable acceptance criteria, and a structured test outline to ensure effectiveness.","that (ISO 29148)
can (NASA ARM)",4,4,0.0,4,4,0.0,4,5,1.0,3,5,2.0,4,5,1.0,3,5,2.0,4,5,1.0,—
A31US8Ge,"As a privacy advocate, I want to understand how online advertisements track user behavior and be able to control the data collected about me for advertising purposes.","User Story:
As a privacy advocate, I want to gain a comprehensive understanding of how online advertisements track user behavior so that I can effectively manage and control the data collected about me for advertising purposes, ensuring my privacy is respected.

Acceptance Criteria:
- Users should have access to a detailed report outlining the tracking methods used by at least 90% of online advertisements they encounter.
- The system must provide options for users to opt-out of data collection for advertising purposes, with a success rate of 95% in processing these requests.
- User satisfaction regarding control over their data should reach at least 85% in post-implementation surveys.

Test Outline:
- Review the tracking report generated for users to ensure it covers the required methods and is accessible.
- Test the opt-out functionality by simulating user requests and verifying that the system processes them correctly.
- Conduct user surveys to assess satisfaction levels regarding data control features.","The original user story was clear but lacked measurable criteria and specific outcomes. The improved version enhances clarity by specifying the user's needs, establishing quantifiable acceptance criteria, and providing a structured test outline to ensure the functionality meets user expectations.","it (ISO 29148)
that (ISO 29148)
these (ISO 29148)
can (NASA ARM)",3,4,1.0,3,4,1.0,4,5,1.0,2,5,3.0,4,5,1.0,2,5,3.0,3,5,2.0,—
A31US9Ge,"As a consumer, I want to be able to make informed decisions about the products and services advertised online by readily identifying them and understanding their purpose.","User Story:
As a consumer, I want to easily identify and comprehend the purpose of products and services advertised online so that I can make informed purchasing decisions that align with my needs.

Acceptance Criteria:
- At least 90% of product advertisements must include clear descriptions and key features that are easily understandable.
- Users should be able to access detailed information about each product or service within 3 clicks from the advertisement.
- Consumer feedback should reflect a satisfaction rate of 80% or higher regarding the clarity and usefulness of the information provided.

Test Outline:
- Review a sample of advertisements to ensure they meet the criteria for clarity and comprehensiveness.
- Track user navigation paths to confirm that detailed information is accessible within the specified number of clicks.
- Conduct surveys to gather consumer feedback on the clarity and usefulness of the product information.","The original user story was somewhat clear but lacked specificity and measurable criteria. The improved version enhances clarity by explicitly stating the user's needs, providing quantifiable acceptance criteria, and outlining a structured test plan to ensure the effectiveness of the advertisements.","that (ISO 29148)
be able to (NASA ARM)
can (NASA ARM)",2,4,2.0,2,4,2.0,3,5,2.0,2,5,3.0,4,5,1.0,2,5,3.0,3,5,2.0,—
A31US10Ge,"As a web user, I want to have a clean and clutter-free browsing experience where I can focus on the content I am interested in without being bombarded by intrusive advertisements.","User Story:
As a web user, I want to enjoy a streamlined and distraction-free browsing experience so that I can concentrate on the content that matters to me without interruptions from intrusive advertisements.

Acceptance Criteria:
- The browsing interface must reduce visible advertisements by at least 80% compared to the current layout.
- Users should report a 90% satisfaction rate regarding the cleanliness and focus of the browsing experience in post-implementation surveys.
- The average time spent on content pages should increase by at least 25% after the implementation of the new design.

Test Outline:
- Analyze the number of advertisements displayed before and after the redesign to ensure an 80% reduction.
- Conduct user satisfaction surveys to measure the perceived cleanliness of the browsing experience.
- Track user engagement metrics to assess the increase in time spent on content pages.",The original user story was clear but lacked measurable criteria and specific acceptance metrics. The improved version enhances clarity by specifying quantifiable goals and a structured test outline to ensure the desired browsing experience is achieved.,"that (ISO 29148)
can (NASA ARM)",3,4,1.0,3,4,1.0,4,5,1.0,2,5,3.0,3,5,2.0,2,5,3.0,3,5,2.0,—
A32US1Ge,"As a social media researcher, I want to analyze large datasets of social media posts to understand public opinion on current events or political issues.","User Story:
As a social media researcher, I want to efficiently analyze extensive datasets of social media posts so that I can derive actionable insights on public opinion regarding current events and political issues, ultimately enhancing the quality of my research.

Acceptance Criteria:
- The analysis tool must process datasets of at least 100,000 posts within 10 minutes.
- The tool should provide sentiment analysis with an accuracy rate of 85% or higher.
- Users should be able to generate comprehensive reports summarizing findings within 5 minutes of completing the analysis.

Test Outline:
- Measure the time taken to analyze datasets of varying sizes to ensure it meets the 10-minute requirement.
- Validate the accuracy of sentiment analysis by comparing results against a manually coded sample of posts.
- Test the report generation feature to confirm it produces summaries within the specified timeframe.","The original user story was clear but lacked measurable criteria and specific outcomes. The improved version enhances clarity by specifying the capability, business relevance, and includes quantifiable acceptance criteria and a structured test outline.","it (ISO 29148)
that (ISO 29148)
be able to (NASA ARM)
can (NASA ARM)",4,4,0.0,4,4,0.0,4,5,1.0,4,5,1.0,4,5,1.0,3,5,2.0,4,5,1.0,—
A32US2Ge,"As a brand manager, I want to use the system to identify user comments expressing positive, negative, or neutral stances towards my brand.","User Story:
As a brand manager, I want to utilize the system to analyze user comments and categorize them as positive, negative, or neutral regarding my brand so that I can effectively gauge public sentiment and adjust marketing strategies accordingly.

Acceptance Criteria:
- The system must accurately classify at least 85% of user comments into the correct sentiment category (positive, negative, neutral).
- The analysis should be completed within 5 seconds for each comment to ensure timely insights.
- A report summarizing sentiment trends should be generated weekly, highlighting changes in user perception.

Test Outline:
- Validate the accuracy of sentiment classification by comparing system outputs against a manually categorized sample of comments.
- Measure the processing time for comment analysis to ensure it meets the 5-second requirement.
- Review the generated reports for completeness and relevance to assess the effectiveness of sentiment tracking.","The original user story was clear but lacked measurable criteria and specific outcomes. The improved version enhances clarity by specifying the capability, business relevance, and includes quantifiable acceptance criteria and a structured test outline.","it (ISO 29148)
that (ISO 29148)
timely (NASA ARM)
can (NASA ARM)",4,4,0.0,4,4,0.0,4,5,1.0,4,5,1.0,4,5,1.0,3,5,2.0,4,5,1.0,—
A32US3Ge,"As a journalist, I want the system to help me verify the credibility of sources and identify potential bias in news articles and online content.","User Story:
As a journalist, I want the system to assist me in verifying the credibility of sources and detecting potential bias in news articles and online content so that I can produce accurate and trustworthy reporting.

Acceptance Criteria:
- The system must evaluate the credibility of sources with at least 90% accuracy based on established criteria.
- It should identify potential bias in articles with a detection rate of 85% or higher.
- Users should be able to access detailed reports on source credibility and bias analysis within 5 seconds of a query.

Test Outline:
- Conduct tests using a diverse set of articles to measure the accuracy of source credibility evaluations.
- Analyze the system's bias detection capabilities by comparing its findings with expert assessments.","The original user story was clear but lacked measurable criteria and specific outcomes. The improved version enhances clarity by specifying the journalist's needs, providing quantifiable acceptance criteria, and outlining a structured test plan to ensure the system's effectiveness.","it (ISO 29148)
that (ISO 29148)
be able to (NASA ARM)
can (NASA ARM)",2,4,2.0,2,4,2.0,3,5,2.0,2,5,3.0,3,5,2.0,2,5,3.0,2,5,3.0,—
A32US4Ge,"As a fact-checker, I want the system to flag social media posts containing misinformation or disinformation based on the stance taken towards a particular claim.","User Story:
As a fact-checker, I want the system to automatically flag social media posts that contain misinformation or disinformation based on the claims made, so that I can efficiently identify and address false narratives and improve the overall quality of information available to users.

Acceptance Criteria:
- The system must flag at least 90% of posts containing misinformation or disinformation within 5 seconds of being published.
- The accuracy of the flagging mechanism should be at least 85%, ensuring that legitimate posts are not incorrectly flagged.
- Users should report a satisfaction rate of 80% or higher regarding the effectiveness of the flagging system in identifying false information.

Test Outline:
- Analyze a sample of social media posts to evaluate the system's ability to flag misinformation and disinformation accurately.
- Measure the time taken for the system to flag posts after publication to ensure it meets the 5-second requirement.
- Conduct user surveys to assess satisfaction with the flagging system's performance.","The original user story was clear but lacked measurable criteria and specific performance metrics. The improved version enhances clarity by specifying the user's role, the capability of the system, and explicit, quantifiable acceptance criteria along with a structured test outline.","it (ISO 29148)
that (ISO 29148)
can (NASA ARM)",4,4,0.0,4,4,0.0,4,5,1.0,4,5,1.0,4,5,1.0,3,5,2.0,4,5,1.0,—
A32US5Ge,"As a social media moderator, I want to prioritize content for review based on the intensity of a user's stance (e.g., strongly against vs. mildly disagreeing).","User Story:
As a social media moderator, I want to prioritize content for review based on the intensity of a user's stance, categorizing it as strongly against, mildly disagreeing, or neutral, so that I can efficiently manage and address potentially harmful content.

Acceptance Criteria:
- The system must categorize user stances with at least 85% accuracy based on sentiment analysis algorithms.
- Moderators should be able to review prioritized content within 5 minutes of it being flagged.
- User feedback should indicate a satisfaction rate of 90% or higher regarding the effectiveness of the content prioritization.

Test Outline:
- Evaluate the accuracy of stance categorization by comparing algorithm results against a manually reviewed sample of flagged content.
- Measure the time taken for moderators to review prioritized content to ensure it meets the 5-minute requirement.","The original user story was clear but lacked measurable criteria and specific outcomes. The improved version enhances clarity by defining the capability and business relevance, while also providing quantifiable acceptance criteria and a structured test outline.","it (ISO 29148)
that (ISO 29148)
be able to (NASA ARM)
can (NASA ARM)",4,4,0.0,4,4,0.0,4,5,1.0,4,5,1.0,4,5,1.0,3,5,2.0,4,5,1.0,—
A32US6Ge,"As a platform developer, I want the system to integrate with social media platforms to automatically detect and label the stance of user comments on specific topics.","User Story:
As a platform developer, I want the system to seamlessly integrate with major social media platforms so that it can automatically analyze and label the sentiment of user comments on specific topics, enhancing content moderation and user engagement.

Acceptance Criteria:
- The integration must successfully connect with at least 3 major social media platforms (e.g., Twitter, Facebook, Instagram) within 1 month of development.
- The system should achieve a sentiment analysis accuracy of at least 85% for user comments.
- The labeling process should complete within 3 seconds for each comment analyzed.

Test Outline:
- Verify the successful integration by testing connections with the selected social media platforms and ensuring data retrieval.
- Conduct a series of sentiment analysis tests to measure accuracy against a benchmark dataset.
- Measure the time taken for the system to label comments to ensure it meets the 3-second requirement.","The original user story was clear but lacked measurable criteria and specific details about the integration process. The improved version clarifies the developer's goals, specifies measurable acceptance criteria, and outlines a structured test plan to ensure the functionality meets business needs.","it (ISO 29148)
that (ISO 29148)
can (NASA ARM)",4,4,0.0,4,4,0.0,4,5,1.0,4,5,1.0,4,5,1.0,3,5,2.0,4,5,1.0,—
A32US7Ge,"As a data scientist, I want the system to provide not just the overall stance, but also detailed information like confidence scores and sentiment analysis for a more nuanced understanding.","User Story:
As a data scientist, I want the system to deliver comprehensive insights that include overall stance, confidence scores, and detailed sentiment analysis so that I can gain a nuanced understanding of the data and make informed decisions.

Acceptance Criteria:
- The system must provide confidence scores for each analysis with a minimum accuracy of 85%.
- Sentiment analysis should categorize results into at least three distinct sentiment levels (positive, neutral, negative) with a precision of 90%.
- Users should be able to access detailed reports that summarize findings within 5 seconds of request.

Test Outline:
- Validate the accuracy of confidence scores by comparing them against a benchmark dataset.
- Test the sentiment analysis functionality with a diverse set of inputs to ensure it meets the precision criteria.
- Measure the response time for generating detailed reports to confirm it adheres to the 5-second requirement.","The original user story was clear but lacked measurable criteria and specific acceptance metrics. The improved version enhances clarity by specifying the desired outputs, establishing quantifiable acceptance criteria, and providing a structured test outline to ensure the functionality meets user needs.","it (ISO 29148)
that (ISO 29148)
be able to (NASA ARM)
can (NASA ARM)",4,4,0.0,4,4,0.0,4,5,1.0,4,5,1.0,4,5,1.0,3,5,2.0,4,5,1.0,—
A32US8Ge,"As a linguist, I want the system to be customizable to analyze stances in different languages and cultural contexts, accounting for sarcasm and humor.","User Story:
As a linguist, I want the system to be highly customizable for analyzing stances across various languages and cultural contexts, including the ability to detect sarcasm and humor, so that I can produce more accurate and contextually relevant analyses.

Acceptance Criteria:
- The system must support at least 5 different languages for stance analysis, with a minimum accuracy rate of 85% in detecting sentiment nuances.
- Customization options should allow users to define cultural parameters, with at least 3 predefined cultural contexts available for selection.
- The system should successfully identify sarcasm and humor in at least 70% of relevant test cases based on user-defined criteria.

Test Outline:
- Evaluate the system's performance in analyzing stances in multiple languages by comparing results against a benchmark dataset.
- Test the customization features by assessing user-defined cultural parameters and their impact on analysis accuracy.
- Conduct specific tests to measure the system's ability to detect sarcasm and humor in various contexts.","The original user story was clear but lacked measurable criteria and specificity. The improved version enhances clarity by detailing the capabilities required, establishing quantifiable acceptance criteria, and providing a structured test outline to ensure the system meets the user's needs.","that (ISO 29148)
can (NASA ARM)
more (NASA ARM)",2,4,2.0,2,4,2.0,3,5,2.0,2,5,3.0,3,5,2.0,2,5,3.0,2,5,3.0,—
A32US9Ge,"As a user privacy advocate, I want the system to be transparent about how user data is used for stance detection and ensure user privacy is protected.","User Story:
As a user privacy advocate, I want the system to clearly disclose how user data is utilized for stance detection so that users can make informed decisions about their data and feel confident that their privacy is safeguarded.

Acceptance Criteria:
- The system must provide a detailed privacy policy that outlines data usage for stance detection, accessible within 2 clicks from the homepage.
- At least 90% of users should report understanding how their data is used after reviewing the privacy policy.
- The system should implement data protection measures that ensure user data is anonymized and encrypted, with a compliance rate of 100% with relevant privacy regulations.

Test Outline:
- Review the privacy policy for clarity and accessibility, ensuring it meets the 2-click requirement.
- Conduct user surveys to assess understanding of data usage and privacy measures.
- Audit the system's data protection practices to confirm compliance with privacy regulations.","The original user story was clear but lacked measurable criteria and specific acceptance standards. The improved version enhances clarity, specifies measurable acceptance criteria, and outlines a structured test plan to ensure transparency and user privacy.","it (ISO 29148)
that (ISO 29148)
can (NASA ARM)",3,4,1.0,3,4,1.0,4,5,1.0,3,5,2.0,4,5,1.0,2,5,3.0,3,5,2.0,—
A32US10Ge,"As a system developer, I want the system to be scalable and efficient to handle large volumes of social media data in real-time.","User Story:
As a system developer, I want the system to be highly scalable and efficient so that it can process and analyze at least 10,000 social media data entries per second in real-time, ensuring optimal performance under heavy loads.

Acceptance Criteria:
- The system must maintain a response time of less than 100 milliseconds for data processing during peak loads.
- Scalability tests should demonstrate the ability to handle a 200% increase in data volume without degradation in performance.
- Resource utilization (CPU and memory) should remain below 75% during peak processing to ensure reliability.

Test Outline:
- Conduct load testing to measure the system's performance against the specified data entry rate and response time.
- Simulate increased data volumes to verify that the system can scale effectively while monitoring resource utilization.","The original user story was clear but lacked specific, measurable criteria. The improved version enhances clarity by specifying performance metrics, scalability requirements, and a structured testing approach to ensure the system meets the demands of real-time data processing.","efficient (ISO 29148)
it (ISO 29148)
that (ISO 29148)
can (NASA ARM)
less (NASA ARM)",2,4,2.0,2,4,2.0,2,5,3.0,2,5,3.0,3,5,2.0,2,5,3.0,2,5,3.0,—
A33US1Ge,"As a journalist, I want to quickly access and analyze relevant information from past news articles to inform my reporting and provide context for current events.","User Story:
As a journalist, I want to efficiently retrieve and analyze pertinent information from historical news articles so that I can enhance my reporting and provide comprehensive context for current events.

Acceptance Criteria:
- The system must allow journalists to access past articles within 3 seconds for at least 90% of queries.
- Users should be able to filter search results by date, relevance, and topic, achieving a satisfaction rate of 85% or higher in usability surveys.
- The analysis tool should provide insights or summaries for at least 80% of the retrieved articles to aid in quick comprehension.

Test Outline:
- Measure the average time taken to retrieve articles and ensure it meets the 3-second requirement.
- Conduct user surveys to evaluate the effectiveness of the filtering options and overall satisfaction with the search functionality.
- Test the analysis tool by checking the accuracy and relevance of insights generated from a sample of retrieved articles.","The original user story was clear but lacked measurable criteria and specific acceptance tests. The improved version enhances clarity by specifying the journalist's needs, providing quantifiable acceptance criteria, and outlining a structured test plan to ensure the functionality meets user expectations.","it (ISO 29148)
that (ISO 29148)
be able to (NASA ARM)
can (NASA ARM)",4,4,0.0,4,4,0.0,4,5,1.0,3,5,2.0,4,5,1.0,3,5,2.0,4,5,1.0,—
A33US2Ge,"As a researcher studying current events, I want to use a powerful search engine to find specific details and relationships between entities mentioned in news articles.","User Story:
As a researcher studying current events, I want to utilize an advanced search engine that can efficiently identify specific details and relationships between entities in news articles so that I can enhance my analysis and produce more insightful reports.

Acceptance Criteria:
- The search engine must return relevant results with at least 95% accuracy in identifying entities and their relationships.
- The average response time for search queries should not exceed 1.5 seconds to ensure a smooth research process.
- Users should be able to filter results by date, relevance, and source, with at least 80% of users finding the filtering options effective.

Test Outline:
- Evaluate the accuracy of search results by comparing them against a curated list of expected entities and relationships.
- Measure the response time for various search queries to ensure it meets the 1.5-second requirement.
- Conduct user surveys to assess the effectiveness of the filtering options provided by the search engine.","The original user story was clear but lacked measurable criteria and specific acceptance standards. The improved version enhances clarity by specifying the researcher's needs, establishing quantifiable acceptance criteria, and providing a structured test outline to ensure the search engine meets the desired functionality.","effective (ISO 29148)
it (ISO 29148)
that (ISO 29148)
be able to (NASA ARM)
effective (NASA ARM)
can (NASA ARM)
more (NASA ARM)",4,4,0.0,4,4,0.0,4,5,1.0,4,5,1.0,4,5,1.0,3,5,2.0,4,5,1.0,—
A33US3Ge,"As a news consumer, I want to be able to search for news articles based on specific events, locations, and people involved, rather than just relying on keywords.","User Story:
As a news consumer, I want to search for news articles using filters for specific events, locations, and individuals involved so that I can quickly find relevant information tailored to my interests.

Acceptance Criteria:
- The search functionality must allow users to filter results by at least three criteria: event type, location, and person, with a success rate of 90% in returning relevant articles.
- The average time taken to perform a filtered search should not exceed 3 seconds.
- User satisfaction regarding the filtering options should reach at least 80% based on feedback collected after implementation.

Test Outline:
- Test the filtering feature by conducting searches with various combinations of criteria and measuring the relevance of the returned articles.
- Monitor the response time for filtered searches to ensure it meets the 3-second requirement.","The original user story was clear but lacked measurable criteria and specificity. The improved version enhances clarity by detailing the filtering capabilities, establishing quantifiable acceptance criteria, and providing a structured test outline to ensure functionality.","it (ISO 29148)
that (ISO 29148)
can (NASA ARM)",4,4,0.0,4,4,0.0,4,5,1.0,4,5,1.0,4,5,1.0,3,5,2.0,4,5,1.0,—
A33US4Ge,"As a librarian or archivist, I want to organize and catalog news articles in a way that makes them easily searchable and accessible to researchers and the public.","User Story:
As a librarian or archivist, I want to systematically organize and catalog news articles so that they are easily searchable and accessible to researchers and the public, enhancing the efficiency of information retrieval.

Acceptance Criteria:
- All news articles must be categorized using a standardized taxonomy, with at least 95% of articles correctly tagged within 2 weeks of the cataloging process.
- The search functionality should return relevant articles within 3 seconds for at least 90% of user queries.
- User satisfaction regarding the accessibility of articles should reach a minimum of 85% based on feedback surveys conducted after implementation.

Test Outline:
- Review a sample of cataloged articles to ensure they are tagged correctly according to the established taxonomy.
- Measure the response time of the search function using a set of predefined queries to confirm it meets the 3-second requirement.
- Conduct user surveys to assess satisfaction levels with the searchability and accessibility of the articles.","The original user story was clear but lacked measurable criteria and specific outcomes. The improved version enhances clarity by specifying the organization process, measurable acceptance criteria, and a structured test outline to ensure the effectiveness of the cataloging system.","it (ISO 29148)
that (ISO 29148)
all (ISO 29148)",3,4,1.0,3,4,1.0,4,5,1.0,3,5,2.0,4,5,1.0,2,5,3.0,3,5,2.0,—
A33US5Ge,"As a developer of news aggregators or search engines, I want to integrate semantic annotations into my platform to provide users with a more comprehensive and nuanced understanding of news content.","User Story:
As a developer of news aggregators or search engines, I want to implement semantic annotations in my system so that users can gain a deeper and more nuanced understanding of news articles, enhancing their engagement and information retention.

Acceptance Criteria:
- Semantic annotations must be applied to at least 80% of the news articles within the platform.
- User engagement metrics, such as time spent on articles, should increase by at least 25% after the integration of semantic annotations.
- User feedback should reflect a satisfaction rate of 90% or higher regarding the clarity and usefulness of the annotated content.

Test Outline:
- Analyze the percentage of articles with semantic annotations applied to ensure it meets the 80% target.
- Measure user engagement metrics before and after the implementation to confirm a 25% increase.
- Conduct user surveys to assess satisfaction with the semantic annotations.","The original user story was well-structured but lacked measurable criteria and specific outcomes. The improved version clarifies the developer's role, specifies the capability, and outlines explicit, quantifiable acceptance criteria and a test outline to enhance clarity and focus on business value.","it (ISO 29148)
that (ISO 29148)
can (NASA ARM)
more (NASA ARM)",4,4,0.0,4,4,0.0,4,5,1.0,4,5,1.0,4,5,1.0,3,5,2.0,4,5,1.0,—
A33US6Ge,"As a data scientist, I want to explore the potential of using Wikidata and other knowledge bases to improve the accuracy and efficiency of semantic annotation and search for news articles.","User Story:
As a data scientist, I want to leverage Wikidata and other knowledge bases to enhance the accuracy and efficiency of semantic annotation and search for news articles, enabling more relevant content discovery and improved data insights.

Acceptance Criteria:
- The integration of Wikidata should increase the accuracy of semantic annotations by at least 30% compared to the current method.
- The time taken to perform semantic searches should be reduced by 40%, ensuring results are returned within 3 seconds.
- User satisfaction with the relevance of search results should reach a minimum of 90% based on feedback from at least 50 users.

Test Outline:
- Compare the accuracy of semantic annotations before and after integrating Wikidata using a controlled dataset.
- Measure the average response time for semantic searches before and after the implementation to confirm the 40% reduction.
- Conduct user surveys to assess satisfaction levels regarding the relevance of search results post-implementation.","The original user story was clear but lacked measurable criteria and specific outcomes. The improved version enhances clarity by specifying the expected improvements in accuracy and efficiency, along with quantifiable acceptance criteria and a structured test outline.","improved (ISO 29148)
improved (NASA ARM)
more (NASA ARM)",3,4,1.0,3,5,2.0,4,4,0.0,3,5,2.0,3,5,2.0,2,5,3.0,3,5,2.0,—
A33US7Ge,"As a fact-checker or verification journalist, I want to use semantic annotations to cross-reference information in news articles with other sources and verify its accuracy.","User Story:
As a fact-checker or verification journalist, I want to utilize semantic annotations to cross-reference information in news articles with at least three credible sources so that I can ensure the accuracy of the information and enhance the reliability of my reporting.

Acceptance Criteria:
- The system must allow users to annotate at least 95% of the key facts in an article with semantic tags.
- Cross-referencing should yield verification results within 5 seconds for 90% of the queries.
- User feedback should reflect a satisfaction rate of 90% or higher regarding the effectiveness of the semantic annotation tool in improving accuracy.

Test Outline:
- Test the annotation feature by measuring the percentage of key facts that can be successfully tagged.
- Monitor the response time for cross-referencing queries to ensure it meets the 5-second requirement.
- Conduct user surveys to assess satisfaction with the tool's effectiveness in verifying information.","The original user story was clear but lacked measurable criteria and specific goals. The improved version enhances clarity by specifying the number of sources for cross-referencing, includes quantifiable acceptance criteria, and outlines a structured test plan to verify the functionality.","it (ISO 29148)
that (ISO 29148)
can (NASA ARM)",4,4,0.0,4,4,0.0,4,5,1.0,4,5,1.0,4,5,1.0,3,5,2.0,4,5,1.0,—
A33US8Ge,"As a teacher or educator, I want to use semantically annotated news articles to create engaging and informative lesson plans for students.","User Story:
As a teacher or educator, I want to utilize semantically annotated news articles to develop engaging and informative lesson plans so that my students can enhance their critical thinking skills and stay informed about current events.

Acceptance Criteria:
- At least 80% of lesson plans created using these articles should receive positive feedback from students regarding engagement and relevance.
- The lesson plans must incorporate at least 3 different articles to ensure diverse perspectives and topics.
- Educators should be able to create and finalize lesson plans within 30 minutes using the annotated articles.

Test Outline:
- Collect student feedback on lesson plans to measure engagement and relevance ratings.
- Review the variety of articles used in lesson plans to ensure compliance with the diversity criterion.
- Time the process of creating lesson plans to verify that it meets the 30-minute requirement.","The original user story was clear but lacked measurable criteria and specific outcomes. The improved version enhances clarity by specifying the educator's goals, providing quantifiable acceptance criteria, and outlining a structured test plan to assess the effectiveness of the lesson plans.","it (ISO 29148)
that (ISO 29148)
these (ISO 29148)
be able to (NASA ARM)
can (NASA ARM)",4,4,0.0,4,4,0.0,4,5,1.0,4,5,1.0,4,5,1.0,3,5,2.0,4,5,1.0,—
A33US9Ge,"As a citizen concerned about misinformation and disinformation, I want to be able to access and analyze news articles critically using semantic search to identify potential biases and inconsistencies.","User Story:
As a citizen concerned about misinformation and disinformation, I want to utilize a semantic search tool to access and critically analyze news articles so that I can identify potential biases and inconsistencies, thereby making informed decisions based on reliable information.

Acceptance Criteria:
- The semantic search tool must return relevant articles with at least 85% accuracy in identifying biases and inconsistencies.
- Users should be able to analyze at least 10 articles simultaneously within a 5-second response time.
- User feedback should reflect a satisfaction rate of 90% or higher regarding the effectiveness of the tool in identifying misinformation.

Test Outline:
- Conduct accuracy tests by comparing the search results against a curated list of articles known for bias and inconsistencies.
- Measure the response time for retrieving and displaying multiple articles to ensure it meets the 5-second requirement.","The original user story was well-articulated but lacked measurable criteria. The improved version clarifies the user's intent, specifies measurable acceptance criteria, and outlines a structured test plan to ensure the functionality meets user needs.","reliable (ISO 29148)
it (ISO 29148)
that (ISO 29148)
be able to (NASA ARM)
can (NASA ARM)",4,4,0.0,4,4,0.0,4,5,1.0,4,5,1.0,4,5,1.0,3,5,2.0,4,5,1.0,—
A33US10Ge,"As a global citizen, I want to see a more informed and engaged public discourse where people can easily access and understand the complex information presented in news articles.","User Story:
As a global citizen, I want to access simplified and well-explained news articles so that I can engage in informed public discourse and understand complex information easily.

Acceptance Criteria:
- At least 80% of news articles should include summaries that distill complex information into key points within 150 words.
- User engagement metrics should show a 30% increase in comments and discussions on articles that provide simplified content.
- Feedback surveys should indicate that 90% of readers find the articles easier to understand compared to previous versions.

Test Outline:
- Analyze a sample of news articles to verify that they include concise summaries and measure the word count.
- Track user engagement metrics before and after implementing simplified articles to assess the increase in discussions.
- Conduct user surveys to gather feedback on the clarity and accessibility of the information presented.","The original user story was broad and lacked measurable criteria. The improved version specifies clear capabilities and business-relevant benefits, along with quantifiable acceptance criteria and a structured test outline to enhance clarity and focus on user engagement.","that (ISO 29148)
can (NASA ARM)",2,4,2.0,2,5,3.0,3,5,2.0,2,5,3.0,3,5,2.0,2,5,3.0,2,5,3.0,—
A34US1Ge,"As a cybersecurity analyst, I want to utilize a DNN-based IDS that can detect and classify new and unpredictable cyberattacks automatically, ensuring our network remains secure against evolving threats.","User Story:
As a cybersecurity analyst, I want to implement a Deep Neural Network (DNN)-based Intrusion Detection System (IDS) that can autonomously detect and classify at least 95% of new and unpredictable cyberattacks in real-time, ensuring our network maintains a security posture against evolving threats.

Acceptance Criteria:
- The DNN-based IDS must achieve a detection accuracy of 95% or higher for new cyberattack patterns within the first month of deployment.
- The system should classify detected threats with a false positive rate of less than 5%.
- The IDS must provide alerts within 1 second of detecting a potential threat to enable immediate response.

Test Outline:
- Evaluate the detection accuracy by testing the IDS against a comprehensive dataset of known and emerging cyberattack patterns.
- Measure the false positive rate by analyzing the alerts generated over a defined period.
- Monitor the response time for alerts to ensure they are generated within the specified 1-second timeframe.","The original user story was well-defined but lacked measurable criteria and specific performance metrics. The improved version clarifies the capability, emphasizes the importance of measurable outcomes, and provides a structured test outline to ensure the effectiveness of the DNN-based IDS.","that (ISO 29148)
can (NASA ARM)
less (NASA ARM)",4,4,0.0,4,4,0.0,4,4,0.0,4,5,1.0,4,5,1.0,3,5,2.0,4,4,0.0,—
A34US2Ge,"As a machine learning engineer, I need to experiment with various DNN architectures and hyperparameters to determine the most effective network topology and parameters for detecting cyberattacks, using datasets like KDDCup 99.","User Story:
As a machine learning engineer, I want to experiment with different deep neural network (DNN) architectures and hyperparameters so that I can identify the most effective network topology and parameters for accurately detecting cyberattacks using datasets such as KDDCup 99.

Acceptance Criteria:
- The experimentation process must evaluate at least 5 different DNN architectures and 10 distinct hyperparameter configurations.
- The model's accuracy in detecting cyberattacks should reach at least 95% on the validation dataset.
- The experimentation should be completed within 2 weeks, with a comprehensive report detailing the findings and recommendations.

Test Outline:
- Track the performance metrics of each DNN architecture and hyperparameter configuration during training and validation phases.
- Review the final report to ensure it includes all required analyses and meets the specified timeline.","The original user story was clear but lacked measurable criteria and specific timelines. The improved version enhances clarity by specifying the number of architectures and configurations to test, sets a target accuracy, and establishes a completion timeframe, thereby strengthening the overall structure.","most (ISO 29148)
effective (ISO 29148)
it (ISO 29148)
that (ISO 29148)
all (ISO 29148)
effective (NASA ARM)
can (NASA ARM)",4,4,0.0,4,4,0.0,4,5,1.0,4,5,1.0,5,5,0.0,4,5,1.0,4,5,1.0,—
A34US3Ge,"As a data scientist, I want to benchmark the performance of our DNN model against other classical machine learning classifiers across multiple publicly available malware datasets, to ensure we are using the best approach.","User Story:
As a data scientist, I want to systematically benchmark the performance of our Deep Neural Network (DNN) model against various classical machine learning classifiers using at least three publicly available malware datasets, so that I can validate our model's effectiveness and ensure we are employing the most optimal approach.

Acceptance Criteria:
- The benchmarking process must include at least three different classical classifiers (e.g., SVM, Random Forest, and Logistic Regression) for comparison.
- Performance metrics such as accuracy, precision, and recall must be calculated and reported for each model on all datasets, with a minimum of 80% accuracy required for the DNN model to be considered competitive.
- A comprehensive report summarizing the findings and recommendations must be delivered within two weeks of completing the benchmarking.

Test Outline:
- Execute the benchmarking process by training and evaluating each model on the selected datasets, recording performance metrics for analysis.
- Review the final report with stakeholders to ensure clarity and actionable insights based on the benchmarking results.","The original user story was clear but lacked specific measurable criteria and a structured approach. The improved version enhances clarity by specifying the number of datasets and classifiers, defining performance metrics, and establishing a timeline for deliverables.","most (ISO 29148)
that (ISO 29148)
all (ISO 29148)
can (NASA ARM)",5,4,-1.0,4,4,0.0,4,5,1.0,4,5,1.0,5,5,0.0,4,5,1.0,4,5,1.0,—
A34US4Ge,"As a software developer, I need to implement a scalable IDS that can handle large volumes of network traffic and rapidly evolving attack methods without degradation in performance.","User Story:
As a software developer, I need to design and implement a scalable Intrusion Detection System (IDS) that can efficiently process at least 10 Gbps of network traffic and adapt to new attack vectors within 5 minutes of detection, ensuring optimal performance and security.

Acceptance Criteria:
- The IDS must maintain a detection accuracy of 95% or higher for known and unknown threats.
- The system should be capable of scaling to handle a 50% increase in traffic without performance degradation.
- The response time for adapting to new attack methods should not exceed 5 minutes from the moment of detection.

Test Outline:
- Simulate network traffic to measure the IDS's performance under various loads and verify it can handle at least 10 Gbps.
- Conduct tests to evaluate the accuracy of threat detection against a comprehensive set of attack scenarios.
- Monitor the system's response time to new attack methods to ensure it meets the 5-minute adaptation requirement.","The original user story was clear but lacked specific, measurable criteria. The improved version enhances clarity by specifying performance metrics, scalability requirements, and a structured testing approach, making it more actionable and aligned with business goals.","it (ISO 29148)
that (ISO 29148)
be capable of (NASA ARM)
can (NASA ARM)",4,4,0.0,4,4,0.0,4,4,0.0,4,5,1.0,5,5,0.0,4,5,1.0,4,4,0.0,—
A34US5Ge,"As a project manager in cybersecurity, I aim to oversee a research project that systematically updates and benchmarks malware datasets, ensuring that our IDS remains effective against the latest threats.","User Story:
As a project manager in cybersecurity, I want to lead a research initiative that regularly updates and benchmarks malware datasets so that our Intrusion Detection System (IDS) can maintain a detection accuracy of at least 95% against emerging threats.

Acceptance Criteria:
- The malware datasets must be updated at least quarterly to reflect the latest threat intelligence.
- Benchmarking tests should demonstrate that the IDS can identify 90% of new malware samples within 5 seconds of detection.
- A comprehensive report on the effectiveness of the IDS against the updated datasets should be generated and reviewed every six months.

Test Outline:
- Schedule and document quarterly updates of the malware datasets to ensure compliance with the timeline.
- Conduct regular benchmarking tests to measure the IDS's detection accuracy and response time against new malware samples.
- Review and analyze the effectiveness report to assess improvements and identify areas for further enhancement.","The original user story was clear but lacked measurable criteria and specific timelines. The improved version enhances clarity by specifying quantifiable acceptance criteria, including accuracy rates and update frequencies, while maintaining the original intent.","that (ISO 29148)
every (ISO 29148)
can (NASA ARM)",4,4,0.0,4,4,0.0,4,5,1.0,4,5,1.0,4,5,1.0,3,5,2.0,4,5,1.0,—
A34US6Ge,"As an IDS user, I want the system to continuously learn and adapt to changes in network behavior and new types of cyberattacks, ensuring robust protection over time.","User Story:
As an IDS user, I want the system to continuously learn and adapt to evolving network behaviors and emerging cyberattack patterns so that I can maintain a high level of security and minimize potential threats over time.

Acceptance Criteria:
- The system must update its detection algorithms at least once every 24 hours based on new data inputs and threat intelligence.
- The accuracy of threat detection should improve by at least 15% within the first three months of implementation.
- User reports of false positives should decrease by at least 30% after the system has adapted to new behaviors.

Test Outline:
- Monitor the frequency of algorithm updates and ensure they occur within the 24-hour timeframe.
- Analyze detection accuracy through a series of controlled tests comparing pre- and post-implementation results.
- Collect user feedback on false positives to evaluate the effectiveness of the system's adaptations.","The original user story was clear but lacked measurable criteria and specific acceptance metrics. The improved version enhances clarity by specifying the user's role, detailing the capability, and providing explicit, quantifiable acceptance criteria and a structured test outline.","that (ISO 29148)
every (ISO 29148)
can (NASA ARM)",2,4,2.0,2,4,2.0,3,4,1.0,2,5,3.0,3,5,2.0,2,5,3.0,2,4,2.0,—
A34US7Ge,"As a quality assurance engineer, I need to conduct comprehensive testing on the IDS to validate its effectiveness in real-world scenarios and across different datasets, including NSL-KDD and CICIDS 2017.","User Story:
As a quality assurance engineer, I need to perform thorough testing on the Intrusion Detection System (IDS) to ensure its effectiveness in real-world applications and across diverse datasets, such as NSL-KDD and CICIDS 2017, so that we can confidently deploy it in production environments.

Acceptance Criteria:
- The IDS must achieve a detection accuracy of at least 95% when tested against the NSL-KDD dataset.
- The system should demonstrate a false positive rate of no more than 5% during testing with the CICIDS 2017 dataset.
- Comprehensive test reports must be generated, detailing the performance metrics and any identified vulnerabilities, within 48 hours of testing completion.

Test Outline:
- Execute a series of test cases using both NSL-KDD and CICIDS 2017 datasets to evaluate detection accuracy and false positive rates.
- Review the generated test reports to ensure they meet the specified criteria and include all necessary performance metrics.","The original user story was clear but lacked measurable criteria and specific outcomes. The improved version enhances clarity by specifying the effectiveness metrics, acceptance criteria, and a structured testing approach, ensuring a focus on business relevance and measurable outcomes.","it (ISO 29148)
that (ISO 29148)
all (ISO 29148)
can (NASA ARM)
more (NASA ARM)",4,4,0.0,4,4,0.0,4,5,1.0,4,5,1.0,5,5,0.0,4,5,1.0,4,5,1.0,—
A34US8Ge,"As a regulatory compliance officer, I want to ensure that our IDS meets all cybersecurity standards and regulations, providing dependable security without compromising compliance.","User Story:
As a regulatory compliance officer, I want to verify that our Intrusion Detection System (IDS) adheres to all relevant cybersecurity standards and regulations so that we can maintain robust security while ensuring full compliance with industry requirements.

Acceptance Criteria:
- The IDS must pass all compliance audits with a score of 95% or higher on cybersecurity standards.
- All regulatory requirements should be documented and reviewed quarterly to ensure ongoing compliance.
- The system should demonstrate a reduction in security incidents by at least 30% within six months of implementation.

Test Outline:
- Conduct regular compliance audits and track the scores to ensure they meet the 95% threshold.
- Review documentation and compliance checklists quarterly to confirm all regulations are being met.
- Analyze security incident reports to measure the reduction in incidents post-implementation.","The original user story was clear but lacked specific, measurable criteria. The improved version enhances clarity by specifying the capability and business relevance, while also providing quantifiable acceptance criteria and a structured test outline to ensure compliance and security effectiveness.","robust (ISO 29148)
that (ISO 29148)
all (ISO 29148)
can (NASA ARM)",3,4,1.0,3,4,1.0,4,5,1.0,3,5,2.0,4,5,1.0,2,5,3.0,3,5,2.0,—
A34US9Ge,"As a researcher, I am interested in publishing the findings from our evaluations of various machine learning techniques on IDS, contributing to the cybersecurity community's understanding of effective defenses against malware.","User Story:
As a researcher, I want to publish our evaluation findings on various machine learning techniques applied to Intrusion Detection Systems (IDS) so that I can enhance the cybersecurity community's knowledge of effective malware defenses and promote best practices.

Acceptance Criteria:
- The research paper must be submitted to a peer-reviewed journal within 6 months of completing the evaluations.
- The findings should include at least 3 distinct machine learning techniques, with performance metrics demonstrating at least a 20% improvement in detection rates compared to traditional methods.
- The publication should receive at least 50 citations within the first year of release to validate its impact on the field.

Test Outline:
- Track the submission timeline to ensure the paper is submitted within the 6-month window.
- Analyze the performance metrics of the machine learning techniques used in the evaluations to confirm the stated improvements.
- Monitor citation counts through academic databases to assess the paper's influence in the cybersecurity community.","The original user story was clear but lacked measurable criteria and specific goals. The improved version clarifies the researcher's role, specifies the capability, and outlines explicit, quantifiable acceptance criteria and a structured test outline to enhance clarity and focus on business relevance.","best (ISO 29148)
effective (ISO 29148)
that (ISO 29148)
effective (NASA ARM)
can (NASA ARM)
best (NASA ARM)",3,4,1.0,2,4,2.0,3,5,2.0,2,5,3.0,2,5,3.0,2,5,3.0,2,5,3.0,—
A34US10Ge,"As a system administrator, I want to easily integrate the DNN-based IDS into our existing network infrastructure, ensuring minimal disruption and maximum protection.","User Story:
As a system administrator, I want to seamlessly integrate the DNN-based Intrusion Detection System (IDS) into our existing network infrastructure so that we can enhance security with minimal downtime and ensure at least 99% threat detection accuracy.

Acceptance Criteria:
- The integration process must be completed within 4 hours to minimize disruption to network operations.
- The IDS should achieve a threat detection accuracy of 99% or higher during the first month of operation.
- System performance should not degrade by more than 5% post-integration, as measured by network speed and response times.

Test Outline:
- Monitor the integration timeline to ensure it is completed within the 4-hour window.
- Conduct a series of security tests to evaluate the IDS's threat detection accuracy against known vulnerabilities.
- Measure network performance metrics before and after integration to confirm that degradation remains within the 5% threshold.","The original user story was clear but lacked specific, measurable criteria. The improved version enhances clarity by specifying the desired outcomes, measurable acceptance criteria, and a structured test outline to ensure the integration's effectiveness and minimal disruption.","it (ISO 29148)
that (ISO 29148)
minimal (ISO 29148)
can (NASA ARM)
more (NASA ARM)",3,4,1.0,3,4,1.0,4,5,1.0,3,5,2.0,4,5,1.0,2,5,3.0,3,5,2.0,—
A35US1Ge,"As a sales manager in a wholesale company, I want to accurately predict future sales for each product, customer, and market to optimize inventory levels and sales strategies.","User Story:
As a sales manager in a wholesale company, I want to generate precise sales forecasts for each product, customer, and market segment so that I can optimize inventory levels and tailor sales strategies effectively.

Acceptance Criteria:
- Sales forecasts must achieve an accuracy rate of at least 90% when compared to actual sales data over the previous quarter.
- The forecasting model should be able to process and analyze data from at least 5 different sources, including historical sales, market trends, and customer behavior.
- Inventory levels should be optimized to reduce stockouts by 30% and excess inventory by 20% within the next six months.

Test Outline:
- Compare forecasted sales against actual sales data to evaluate the accuracy of predictions.
- Analyze the data sources used in the forecasting model to ensure comprehensive coverage.
- Monitor inventory levels before and after implementing the new forecasting strategy to assess improvements in stock management.","The original user story was clear but lacked measurable criteria and specific outcomes. The improved version enhances clarity by specifying the desired accuracy of forecasts, the number of data sources to be utilized, and quantifiable goals for inventory optimization, thus strengthening the overall business relevance.","that (ISO 29148)
be able to (NASA ARM)
can (NASA ARM)",4,4,0.0,4,4,0.0,4,5,1.0,4,5,1.0,5,5,0.0,4,5,1.0,4,5,1.0,—
A35US2Ge,"As a logistics manager in a wholesale company, I want to receive accurate sales forecasts to plan transportation and warehousing resources efficiently, minimizing costs and delays.","User Story:
As a logistics manager in a wholesale company, I want to obtain precise sales forecasts so that I can effectively allocate transportation and warehousing resources, thereby reducing operational costs by at least 15% and minimizing delays by 20%.

Acceptance Criteria:
- Sales forecasts must achieve an accuracy rate of 90% or higher based on historical data analysis.
- The forecasting system should provide updates at least once a week to ensure timely planning.
- User satisfaction regarding the accuracy and usability of the forecasts should reach at least 85% in feedback surveys.

Test Outline:
- Analyze the accuracy of sales forecasts by comparing them to actual sales data over a three-month period.
- Monitor the frequency of forecast updates to ensure compliance with the weekly requirement.
- Conduct user surveys to assess satisfaction levels with the forecasting tool.","The original user story was clear but lacked measurable criteria and specific targets. The improved version enhances clarity by specifying quantifiable goals for cost reduction, accuracy, and user satisfaction, along with a structured test outline.","that (ISO 29148)
timely (NASA ARM)
can (NASA ARM)",4,4,0.0,4,4,0.0,4,5,1.0,4,5,1.0,5,5,0.0,4,5,1.0,4,5,1.0,—
A35US3Ge,"As a financial analyst in a wholesale company, I want to use sales predictions to create accurate financial forecasts and budget allocations for future operations.","User Story:
As a financial analyst in a wholesale company, I want to leverage sales predictions to generate precise financial forecasts and allocate budgets effectively for upcoming operations, ensuring optimal resource utilization.

Acceptance Criteria:
- Sales predictions must achieve an accuracy rate of at least 85% when compared to actual sales data over the past 12 months.
- Financial forecasts should be updated quarterly, with a variance of no more than 5% from actual expenditures.
- Budget allocations must be based on the forecasts and should reflect a minimum of 90% alignment with departmental needs as reported by department heads.

Test Outline:
- Analyze historical sales data to validate the accuracy of sales predictions against actual results.
- Review quarterly financial reports to assess the variance between forecasts and actual spending.
- Conduct surveys with department heads to evaluate the alignment of budget allocations with their operational requirements.","The original user story was clear but lacked measurable criteria and specificity. The improved version enhances clarity by defining explicit acceptance criteria and a structured test outline, ensuring that the story is actionable and focused on business outcomes.",more (NASA ARM),4,4,0.0,4,4,0.0,4,4,0.0,4,5,1.0,4,5,1.0,3,5,2.0,4,4,0.0,—
A35US4Ge,"As a product manager in a wholesale company, I want to use sales data to identify trends and patterns in customer demand, informing product development and marketing decisions.","User Story:
As a product manager in a wholesale company, I want to analyze sales data to uncover trends and patterns in customer demand so that I can make informed decisions regarding product development and marketing strategies that align with market needs.

Acceptance Criteria:
- The analysis should identify at least 3 significant trends in customer demand within the last quarter.
- Insights derived from the data must be presented in a report that is completed within 5 business days of data collection.
- The implementation of data-driven decisions should lead to a minimum 10% increase in product sales within the next quarter.

Test Outline:
- Review the sales data analysis report to ensure it highlights the identified trends and patterns.
- Track sales performance metrics before and after implementing the changes to measure the impact of the decisions made.","The original user story was clear but lacked measurable criteria and specific outcomes. The improved version enhances clarity by specifying the expected trends, timelines for reporting, and quantifiable business impacts, thus strengthening the overall INVEST dimensions.","it (ISO 29148)
that (ISO 29148)
significant (ISO 29148)
can (NASA ARM)",4,4,0.0,4,4,0.0,4,5,1.0,4,5,1.0,4,5,1.0,3,5,2.0,4,5,1.0,—
A35US5Ge,"As a data scientist in a wholesale company, I want to build and maintain a data mart and ARIMA models for sales prediction, ensuring data quality and model accuracy.","User Story:
As a data scientist in a wholesale company, I want to develop and sustain a data mart along with ARIMA models for sales forecasting so that I can provide accurate predictions that enhance inventory management and optimize sales strategies.

Acceptance Criteria:
- The data mart must be updated with new sales data at least once a day to ensure data freshness.
- The ARIMA models should achieve a prediction accuracy of at least 90% when validated against historical sales data.
- Data quality checks must be implemented to ensure that at least 95% of the data entries are complete and error-free.

Test Outline:
- Monitor the daily updates of the data mart to confirm compliance with the one-day update requirement.
- Validate the accuracy of the ARIMA models by comparing predicted sales against actual sales over a three-month period.
- Conduct data quality audits to assess the completeness and accuracy of the data entries in the data mart.","The original user story was clear but lacked measurable criteria and specific business relevance. The improved version clarifies the goals, emphasizes the importance of data quality and model accuracy, and provides explicit acceptance criteria and a structured test outline.","that (ISO 29148)
can (NASA ARM)",4,4,0.0,4,4,0.0,4,5,1.0,4,5,1.0,4,5,1.0,3,5,2.0,4,5,1.0,—
A35US6Ge,"As a business intelligence analyst in a wholesale company, I want to visualize and analyze sales predictions to identify opportunities for growth and areas for improvement.","User Story:
As a business intelligence analyst in a wholesale company, I want to create visualizations of sales predictions so that I can identify growth opportunities and areas needing improvement, ultimately driving strategic decision-making.

Acceptance Criteria:
- The visualization tool must generate sales prediction charts within 5 seconds for at least 95% of the data sets analyzed.
- Analysts should be able to identify at least 3 actionable insights from the visualizations in 80% of the analysis sessions.
- User satisfaction with the visualization clarity and usefulness should reach a minimum of 90% based on feedback surveys.

Test Outline:
- Measure the time taken to generate visualizations for various data sets to ensure it meets the 5-second requirement.
- Review analysis sessions to confirm the identification of actionable insights and gather user feedback on the visualizations.","The original user story was clear but lacked measurable criteria and specific outcomes. The improved version enhances clarity by specifying the capability, business relevance, and includes quantifiable acceptance criteria and a structured test outline.","it (ISO 29148)
that (ISO 29148)
be able to (NASA ARM)
can (NASA ARM)",4,4,0.0,4,4,0.0,4,5,1.0,4,5,1.0,4,5,1.0,3,5,2.0,4,5,1.0,—
A35US7Ge,"As a customer service representative in a wholesale company, I want to use sales predictions to anticipate customer needs and provide more proactive and personalized service.","User Story:
As a customer service representative in a wholesale company, I want to leverage sales predictions to proactively anticipate customer needs so that I can deliver personalized service that increases customer satisfaction and drives sales growth.

Acceptance Criteria:
- Sales predictions must achieve at least 85% accuracy in forecasting customer purchasing behavior.
- Customer service representatives should be able to access and utilize these predictions within 3 clicks in the system.
- Customer satisfaction scores should improve by at least 10% within three months of implementing the sales prediction tool.

Test Outline:
- Validate the accuracy of sales predictions by comparing them against actual sales data over a defined period.
- Measure the number of clicks required to access the sales predictions and ensure it meets the 3-click requirement.
- Conduct customer satisfaction surveys before and after implementation to assess the impact of personalized service.","The original user story was clear but lacked measurable criteria and specific business outcomes. The improved version enhances clarity by specifying the role, capability, and explicit benefits, while also providing measurable acceptance criteria and a structured test outline.","it (ISO 29148)
that (ISO 29148)
these (ISO 29148)
be able to (NASA ARM)
can (NASA ARM)",4,4,0.0,4,4,0.0,4,5,1.0,4,5,1.0,4,5,1.0,3,5,2.0,4,5,1.0,—
A35US8Ge,"As a marketing manager in a wholesale company, I want to use sales predictions to target marketing campaigns more effectively and maximize return on investment.","User Story:
As a marketing manager in a wholesale company, I want to leverage sales predictions to optimize our marketing campaigns so that we can increase our return on investment (ROI) by at least 20% over the next quarter.

Acceptance Criteria:
- Sales predictions must be generated with a minimum accuracy of 85% based on historical data.
- Marketing campaigns informed by these predictions should achieve a conversion rate of at least 15%.
- The overall ROI from targeted campaigns should be tracked and reported, aiming for a minimum increase of 20% compared to the previous quarter.

Test Outline:
- Validate the accuracy of sales predictions by comparing them against actual sales data over a defined period.
- Analyze the conversion rates of campaigns that utilized sales predictions versus those that did not.
- Measure and report the ROI from targeted campaigns to ensure it meets the 20% increase goal.","The original user story was clear but lacked specific, measurable criteria. The improved version enhances clarity by specifying quantifiable goals for accuracy, conversion rates, and ROI, making it more actionable and aligned with business objectives.","it (ISO 29148)
that (ISO 29148)
these (ISO 29148)
those (ISO 29148)
can (NASA ARM)",4,5,1.0,4,4,0.0,4,5,1.0,4,5,1.0,4,5,1.0,3,5,2.0,4,5,1.0,—
A35US9Ge,"As a CEO of a wholesale company, I want to use sales predictions to make informed strategic decisions about resource allocation, expansion, and new product development.","User Story:
As the CEO of a wholesale company, I want to leverage accurate sales predictions so that I can strategically allocate resources, identify opportunities for expansion, and guide new product development, ultimately increasing revenue by at least 15% over the next fiscal year.

Acceptance Criteria:
- Sales predictions must achieve a minimum accuracy rate of 90% based on historical data analysis.
- Resource allocation decisions should be supported by predictive analytics, resulting in a 20% improvement in operational efficiency.
- The impact of new product development initiatives should be measurable, with at least 10% of new products generating revenue within the first quarter of launch.

Test Outline:
- Validate the accuracy of sales predictions by comparing predicted sales against actual sales over a defined period.
- Analyze resource allocation outcomes to assess improvements in operational efficiency.
- Track the performance of newly launched products to evaluate their revenue generation within the specified timeframe.","The original user story was comprehensive but lacked specific, measurable criteria. The improved version clarifies the CEO's goals, emphasizes the business impact, and provides detailed acceptance criteria and a test outline to ensure accountability and track success.","that (ISO 29148)
can (NASA ARM)",4,4,0.0,4,4,0.0,4,4,0.0,4,5,1.0,5,5,0.0,4,5,1.0,4,4,0.0,—
A35US10Ge,"As a shareholder of a wholesale company, I want to have access to accurate and reliable sales predictions to assess the financial health and future prospects of the company.","User Story:
As a shareholder of a wholesale company, I want to access precise and dependable sales predictions so that I can evaluate the company's financial health and make informed investment decisions.

Acceptance Criteria:
- Sales predictions must achieve an accuracy rate of at least 90% when compared to actual sales data over the past 12 months.
- Predictions should be updated quarterly to reflect the most current market trends and conditions.
- A user-friendly dashboard must be available for shareholders to view sales predictions, with a satisfaction rating of 85% or higher from users.

Test Outline:
- Analyze the accuracy of sales predictions by comparing them to actual sales figures on a quarterly basis.
- Gather feedback from shareholders regarding the usability and effectiveness of the dashboard for viewing predictions.","The original user story was clear but lacked measurable criteria and specific details. The improved version enhances clarity by specifying accuracy rates, update frequency, and user satisfaction metrics, making it more actionable and aligned with business objectives.","most (ISO 29148)
that (ISO 29148)
can (NASA ARM)",4,4,0.0,4,4,0.0,4,5,1.0,4,5,1.0,5,5,0.0,4,5,1.0,4,5,1.0,—
A36US1Ge,"As a traffic engineer, I want to use a wireless sensor network to monitor traffic patterns and classify moving vehicles in real-time, allowing me to optimize traffic flow and improve safety.","User Story:
As a traffic engineer, I want to implement a wireless sensor network to monitor traffic patterns and classify vehicles in real-time so that I can optimize traffic flow by at least 20% and enhance road safety metrics.

Acceptance Criteria:
- The sensor network must accurately classify at least 95% of moving vehicles within a 100-meter range.
- Traffic flow optimization should result in a reduction of congestion by 20% during peak hours within 3 months of implementation.
- The system should provide real-time data updates every 5 seconds to ensure timely decision-making.

Test Outline:
- Validate the accuracy of vehicle classification by comparing sensor data against manual counts over a defined period.
- Measure traffic flow before and after the implementation to assess the percentage reduction in congestion.
- Monitor the frequency of data updates to ensure compliance with the 5-second requirement.","The original user story was well-defined but lacked measurable criteria and specific targets. The improved version clarifies the expected outcomes, provides quantifiable acceptance criteria, and outlines a structured testing approach to ensure the effectiveness of the solution.","that (ISO 29148)
every (ISO 29148)
timely (NASA ARM)
can (NASA ARM)",4,4,0.0,4,4,0.0,4,5,1.0,4,5,1.0,5,5,0.0,4,5,1.0,4,5,1.0,—
A36US2Ge,"As a city planner, I want to use vehicle classification data from a sensor network to understand how different types of vehicles use the city's infrastructure, informing future planning decisions.","User Story:
As a city planner, I want to analyze vehicle classification data collected from a sensor network so that I can gain insights into the usage patterns of various vehicle types on the city's infrastructure, ultimately guiding data-driven planning decisions for future developments.

Acceptance Criteria:
- The vehicle classification data must be collected with at least 95% accuracy from the sensor network.
- Reports generated from the data analysis should be available within 24 hours of data collection.
- The insights derived from the data should lead to at least 3 actionable recommendations for infrastructure improvements within the next planning cycle.

Test Outline:
- Validate the accuracy of the vehicle classification data by cross-referencing with manual counts at key locations.
- Measure the time taken to generate reports after data collection to ensure it meets the 24-hour requirement.
- Review the recommendations made based on the data analysis to confirm they are actionable and relevant.","The original user story was clear but lacked measurable criteria and specific outcomes. The improved version enhances clarity by specifying the accuracy of data collection, the timeliness of reporting, and the expected actionable outcomes, thus strengthening the overall INVEST dimensions.","it (ISO 29148)
that (ISO 29148)
can (NASA ARM)",5,5,0.0,4,4,0.0,4,5,1.0,4,5,1.0,5,5,0.0,4,5,1.0,4,5,1.0,—
A36US3Ge,"As a law enforcement officer, I want to use vehicle classification data to identify suspicious vehicles and track their movements, enhancing public safety and security.","User Story:
As a law enforcement officer, I want to access and utilize vehicle classification data to identify and monitor suspicious vehicles, thereby improving public safety and security across the community.

Acceptance Criteria:
- The system must classify vehicles with at least 95% accuracy based on predefined criteria.
- Officers should be able to track the movements of identified vehicles in real-time with updates every 5 seconds.
- A report summarizing suspicious vehicle activities should be generated automatically at least once every hour.

Test Outline:
- Validate the accuracy of vehicle classification by comparing system outputs against a sample of known vehicle data.
- Monitor the real-time tracking feature to ensure updates occur within the specified 5-second interval.
- Review the generated reports for completeness and accuracy to confirm they meet the hourly requirement.","The original user story was clear but lacked measurable criteria and specific acceptance standards. The improved version enhances clarity by specifying the accuracy of vehicle classification, the frequency of tracking updates, and the reporting requirements, thus strengthening the overall INVEST dimensions.","every (ISO 29148)
be able to (NASA ARM)",4,4,0.0,4,4,0.0,4,4,0.0,4,5,1.0,4,5,1.0,3,5,2.0,4,4,0.0,—
A36US4Ge,"As a transportation researcher, I want to analyze vehicle classification data from a sensor network to study the behavior of different vehicle types and develop new models for traffic management.","User Story:
As a transportation researcher, I want to analyze vehicle classification data collected from a sensor network so that I can understand the behavior patterns of various vehicle types and create predictive models for traffic management that improve efficiency by at least 20%.

Acceptance Criteria:
- The analysis must include data from at least 1,000 vehicles to ensure statistical significance.
- The developed models should demonstrate a minimum accuracy of 85% in predicting traffic flow based on vehicle classifications.
- The research findings should be presented in a report that includes actionable insights and recommendations for traffic management improvements.

Test Outline:
- Validate the data analysis process by comparing the results against known benchmarks for vehicle behavior.
- Test the predictive models using a separate dataset to confirm their accuracy and effectiveness in real-world scenarios.","The original user story was clear but lacked measurable criteria and specific outcomes. The improved version enhances clarity by specifying the research goals, measurable acceptance criteria, and a structured test outline to ensure the effectiveness of the analysis and models.","that (ISO 29148)
can (NASA ARM)",4,4,0.0,4,4,0.0,4,5,1.0,4,5,1.0,4,5,1.0,3,5,2.0,4,5,1.0,—
A36US5Ge,"As a developer of sensor network applications, I want to build a robust and efficient system for classifying moving vehicles in real-time, using the provided data set as a benchmark for performance.","User Story:
As a developer of sensor network applications, I want to create a high-performance system for real-time classification of moving vehicles, utilizing the provided data set to achieve at least 95% accuracy and process data within 100 milliseconds per vehicle.

Acceptance Criteria:
- The classification system must achieve a minimum accuracy of 95% when tested against the benchmark data set.
- The system should process each vehicle's data in real-time, with a maximum latency of 100 milliseconds.
- The solution must handle at least 500 vehicle classifications per minute without degradation in performance.

Test Outline:
- Evaluate the system's accuracy by comparing the classification results against the benchmark data set.
- Measure the processing time for each vehicle to ensure it meets the 100-millisecond requirement.
- Conduct stress tests to confirm the system can handle the target classification rate of 500 vehicles per minute.","The original user story was clear but lacked specific, measurable criteria for success. The improved version enhances clarity by defining explicit performance metrics, acceptance criteria, and a structured testing approach to ensure the system meets business needs.","it (ISO 29148)
can (NASA ARM)",4,4,0.0,4,4,0.0,4,4,0.0,4,5,1.0,4,5,1.0,3,5,2.0,4,4,0.0,—
A36US6Ge,"As a data scientist, I want to explore the use of machine learning and signal processing techniques to extract meaningful features from sensor data and improve the accuracy of vehicle classification.","User Story:
As a data scientist, I want to leverage advanced machine learning and signal processing techniques to extract significant features from sensor data so that I can enhance the accuracy of vehicle classification by at least 15%.

Acceptance Criteria:
- The feature extraction process must identify at least 10 new relevant features from the sensor data.
- The accuracy of vehicle classification should improve from the current baseline by a minimum of 15% after implementing the new techniques.
- The model's performance should be validated using a dataset of at least 1,000 samples to ensure reliability.

Test Outline:
- Analyze the extracted features using statistical methods to confirm their relevance and impact on classification accuracy.
- Compare the classification accuracy before and after implementing the new techniques using the validation dataset.","The original user story was clear but lacked measurable criteria and specific goals. The improved version emphasizes quantifiable outcomes, such as the percentage improvement in accuracy and the number of features to be extracted, while maintaining the original intent.","that (ISO 29148)
significant (ISO 29148)
can (NASA ARM)",3,4,1.0,3,4,1.0,4,5,1.0,3,5,2.0,3,5,2.0,2,5,3.0,3,5,2.0,—
A36US7Ge,"As a network security specialist, I want to ensure the security and reliability of the wireless sensor network used for vehicle classification, protecting it from potential attacks and data breaches.","User Story:
As a network security specialist, I want to implement robust security measures for the wireless sensor network utilized for vehicle classification so that I can safeguard it against potential attacks and data breaches, ensuring data integrity and system reliability.

Acceptance Criteria:
- The network must achieve a security compliance score of at least 95% based on industry standards.
- Intrusion detection systems should identify and respond to 99% of unauthorized access attempts within 1 minute.
- Regular security audits should be conducted quarterly, with a report detailing vulnerabilities and remediation actions taken.

Test Outline:
- Perform a security assessment to evaluate compliance with established standards and measure the security score.
- Simulate unauthorized access attempts to test the effectiveness of the intrusion detection system and response time.
- Review audit reports to ensure vulnerabilities are identified and addressed within the specified timeframe.","The original user story was clear but lacked measurable criteria and specific actions. The improved version enhances clarity by specifying security measures, quantifiable acceptance criteria, and a structured test outline to ensure accountability and effectiveness.","robust (ISO 29148)
it (ISO 29148)
that (ISO 29148)
can (NASA ARM)",2,4,2.0,2,4,2.0,3,5,2.0,2,5,3.0,3,5,2.0,2,5,3.0,2,5,3.0,—
A36US8Ge,"As a citizen concerned about traffic congestion and emissions, I want to see technology used to improve traffic management and reduce the environmental impact of transportation.","User Story:
As a citizen concerned about traffic congestion and emissions, I want to see advanced technology implemented in traffic management systems so that traffic congestion is reduced by at least 30% and transportation-related emissions are decreased by 20% within the next year.

Acceptance Criteria:
- Traffic management solutions must demonstrate a reduction in average travel times by 30% during peak hours.
- The implementation of smart traffic signals should lead to a 20% decrease in vehicle emissions as measured by environmental monitoring systems.
- Public surveys should reflect a 75% satisfaction rate among citizens regarding improvements in traffic flow and environmental impact.

Test Outline:
- Analyze traffic data before and after the implementation of new technologies to measure changes in travel times and congestion levels.
- Monitor emissions data from vehicles in the area to confirm the reduction in environmental impact.
- Conduct public surveys to gather feedback on perceived improvements in traffic management.","The original user story was broad and lacked specific, measurable criteria. The improved version clarifies the user's concerns, sets explicit goals for traffic and emissions reduction, and provides structured acceptance criteria and testing methods to ensure accountability.",that (ISO 29148),2,4,2.0,2,4,2.0,3,5,2.0,2,5,3.0,3,5,2.0,2,5,3.0,2,5,3.0,—
A36US9Ge,"As a privacy advocate, I want to ensure that the data collected by the sensor network for vehicle classification is used responsibly and does not violate individual privacy rights.","User Story:
As a privacy advocate, I want to ensure that the data collected by the sensor network for vehicle classification is utilized in a responsible manner so that individual privacy rights are upheld and protected from misuse.

Acceptance Criteria:
- Data collection processes must comply with relevant privacy regulations, achieving 100% compliance during audits.
- The system should implement data anonymization techniques, ensuring that at least 95% of collected data cannot be traced back to individual users.
- Regular privacy impact assessments should be conducted every 6 months to evaluate and report on data usage practices.

Test Outline:
- Review compliance documentation and audit results to verify adherence to privacy regulations.
- Analyze a sample of collected data to confirm the effectiveness of anonymization techniques.
- Schedule and conduct privacy impact assessments, documenting findings and improvements.","The original user story was clear but lacked measurable criteria and specific actions. The improved version emphasizes compliance, quantifiable metrics for data anonymization, and a structured approach to privacy assessments, enhancing clarity and accountability.","that (ISO 29148)
every (ISO 29148)",2,4,2.0,2,4,2.0,3,5,2.0,2,5,3.0,3,5,2.0,2,5,3.0,2,5,3.0,—
A36US10Ge,"As a global citizen, I want to see smart cities adopt innovative technologies like wireless sensor networks to improve traffic flow, safety, and sustainability for all.","User Story:
As a global citizen, I want to witness the implementation of innovative technologies, such as wireless sensor networks, in smart cities so that traffic flow can be optimized, safety can be enhanced, and sustainability can be significantly improved for all residents.

Acceptance Criteria:
- At least 75% of urban areas should report a measurable improvement in traffic flow within 6 months of implementing wireless sensor networks.
- The adoption of these technologies should lead to a 20% reduction in traffic-related accidents within the first year.
- Sustainability metrics, such as reduced emissions, should show a 15% improvement in the same timeframe.

Test Outline:
- Analyze traffic data before and after the implementation of wireless sensor networks to assess changes in flow and congestion.
- Review accident reports to evaluate the impact on safety and compare statistics pre- and post-implementation.
- Measure emissions data to confirm improvements in sustainability metrics.","The original user story was broad and lacked specific, measurable criteria. The improved version clarifies the user's intent, emphasizes the benefits of technology adoption, and provides explicit acceptance criteria and a structured test outline to ensure accountability and track progress.","that (ISO 29148)
these (ISO 29148)
improved (ISO 29148)
all (ISO 29148)
can (NASA ARM)
improved (NASA ARM)",2,4,2.0,2,4,2.0,3,5,2.0,2,5,3.0,3,5,2.0,2,5,3.0,2,5,3.0,—
A37US1Ge,"As a casual sports fan, I want to participate in fantasy sports but feel overwhelmed by the amount of information and player choices. I want a platform that uses data and analytics to help me make informed decisions about which players to select for my team.","User Story:
As a casual sports fan, I want a user-friendly fantasy sports platform that leverages data analytics to simplify player selection so that I can confidently build a competitive team without feeling overwhelmed.

Acceptance Criteria:
- The platform must provide personalized player recommendations based on user preferences and performance data, achieving at least an 80% satisfaction rate among users.
- Users should be able to access a simplified interface that reduces the time spent on player selection by 50% compared to traditional methods.
- The platform should offer real-time analytics and updates, ensuring that at least 90% of users receive timely information on player performance.

Test Outline:
- Conduct user surveys to measure satisfaction with the player recommendation system and interface usability.
- Track the average time users spend on player selection before and after implementing the new platform features.
- Monitor the accuracy and timeliness of the analytics provided to users during the fantasy sports season.","The original user story was clear but lacked measurable criteria and specific acceptance metrics. The improved version enhances clarity by defining the user's needs, specifying measurable outcomes, and providing a structured test outline to ensure the platform meets user expectations.","that (ISO 29148)
be able to (NASA ARM)
timely (NASA ARM)
can (NASA ARM)",4,5,1.0,4,4,0.0,4,5,1.0,4,5,1.0,4,5,1.0,3,5,2.0,4,5,1.0,—
A37US2Ge,"As a seasoned fantasy sports player, I want to go beyond basic statistics and gain deeper insights into player performance and potential. I want a platform that uses advanced analytics to identify undervalued players and make strategic team decisions.","User Story:
As a seasoned fantasy sports player, I want to access advanced analytics on player performance and potential so that I can identify undervalued players and make informed strategic decisions for my team.

Acceptance Criteria:
- The platform must provide at least 5 advanced metrics (e.g., player efficiency ratings, injury risk assessments) to evaluate player performance.
- Users should be able to filter and sort players based on these metrics within 3 seconds.
- At least 80% of users should report improved decision-making in their fantasy leagues after utilizing the analytics features.

Test Outline:
- Analyze the range of advanced metrics available on the platform to ensure they meet the specified criteria.
- Measure the response time for filtering and sorting players to confirm it adheres to the 3-second requirement.
- Conduct user surveys to assess the perceived impact of the analytics on their decision-making process.","The original user story was well-articulated but lacked measurable criteria and specific acceptance metrics. The improved version clarifies the user's needs, specifies quantifiable acceptance criteria, and outlines a structured test plan to ensure the functionality meets user expectations.","it (ISO 29148)
that (ISO 29148)
these (ISO 29148)
improved (ISO 29148)
be able to (NASA ARM)
can (NASA ARM)
improved (NASA ARM)",4,4,0.0,4,4,0.0,4,5,1.0,4,5,1.0,4,5,1.0,3,5,2.0,4,5,1.0,—
A37US3Ge,"As a fantasy sports enthusiast, I want to avoid making decisions based solely on team loyalty and instead focus on players with the highest potential for points and success. I want a platform that helps me overcome favoritism bias and choose players based on objective data.","User Story:
As a fantasy sports enthusiast, I want a data-driven platform that enables me to make informed player selections based on their potential for points and success, rather than being influenced by team loyalty, so that I can maximize my team's performance and overall success in the league.

Acceptance Criteria:
- The platform must provide player rankings based on objective metrics, with at least 80% accuracy in predicting performance outcomes.
- Users should be able to filter players by various performance indicators, such as average points per game and injury status, with updates occurring in real-time.
- User satisfaction regarding the ability to make unbiased decisions should reach at least 90% in post-usage surveys.

Test Outline:
- Analyze the accuracy of player performance predictions by comparing them against actual game results over a season.
- Conduct usability testing to ensure that filtering options are intuitive and that users can easily access the data they need.","The original user story was well-articulated but lacked measurable criteria and specific acceptance metrics. The improved version clarifies the user's needs, emphasizes the importance of objective data, and provides clear, quantifiable acceptance criteria and a structured test outline.","intuitive (ISO 29148)
that (ISO 29148)
be able to (NASA ARM)
can (NASA ARM)",4,4,0.0,4,4,0.0,4,5,1.0,4,5,1.0,4,5,1.0,3,5,2.0,4,5,1.0,—
A37US4Ge,"As a busy fantasy sports player, I want to access all the relevant player data and analytics in one place, without having to spend hours researching and analyzing information from different sources.","User Story:
As a busy fantasy sports player, I want to have a centralized dashboard that consolidates all relevant player data and analytics so that I can make informed decisions quickly, saving me at least 3 hours of research each week.

Acceptance Criteria:
- The dashboard must aggregate data from at least 5 different sources to provide comprehensive player insights.
- Users should be able to access updated player statistics and analytics within 1 second of loading the dashboard.
- At least 90% of users should report that the dashboard significantly reduces their research time.

Test Outline:
- Evaluate the dashboard's data aggregation capabilities by comparing the number of sources integrated before and after implementation.
- Measure the loading time of the dashboard to ensure it meets the 1-second requirement.
- Conduct user surveys to assess the perceived reduction in research time after using the dashboard.","The original user story was clear but lacked measurable criteria and specific benefits. The improved version emphasizes the user's role, clarifies the capability, and includes explicit, quantifiable acceptance criteria and a structured test outline to enhance clarity and focus on business value.","it (ISO 29148)
that (ISO 29148)
all (ISO 29148)
be able to (NASA ARM)
can (NASA ARM)",4,4,0.0,4,4,0.0,4,5,1.0,4,5,1.0,4,5,1.0,3,5,2.0,4,5,1.0,—
A37US5Ge,"As a fantasy sports league manager, I want to use data-driven insights to create a more balanced and competitive league experience for all participants.","User Story:
As a fantasy sports league manager, I want to leverage data-driven insights to optimize team compositions and player selections so that I can enhance the competitiveness of the league and ensure a more engaging experience for all participants.

Acceptance Criteria:
- The system must provide analytics on player performance trends with at least 95% accuracy to inform decision-making.
- League balance should improve, measured by a reduction in the average point differential between teams to less than 10% over the season.
- At least 80% of league participants should report increased satisfaction with the competitive balance in post-season surveys.

Test Outline:
- Analyze player performance data to verify the accuracy of insights provided by the system.
- Track point differentials between teams throughout the season to assess improvements in league balance.
- Conduct participant surveys at the end of the season to measure satisfaction levels regarding competitiveness.","The original user story was clear but lacked measurable criteria and specific outcomes. The improved version enhances clarity by specifying the capability, business relevance, and includes quantifiable acceptance criteria and a structured test outline to ensure the effectiveness of the insights.","that (ISO 29148)
all (ISO 29148)
can (NASA ARM)
more (NASA ARM)
less (NASA ARM)",2,4,2.0,2,4,2.0,3,5,2.0,2,5,3.0,4,5,1.0,2,5,3.0,3,5,2.0,—
A37US6Ge,"As a fantasy sports platform developer, I want to leverage data science and statistical analysis to provide users with the most accurate and valuable player projections and recommendations.","User Story:
As a fantasy sports platform developer, I want to utilize advanced data science techniques and statistical analysis to deliver precise player projections and tailored recommendations so that users can make informed decisions and enhance their competitive edge in fantasy leagues.

Acceptance Criteria:
- Player projections must achieve an accuracy rate of at least 85% based on historical performance data.
- Recommendations should be updated in real-time, with a refresh rate of no longer than 5 minutes during live events.
- User engagement metrics should show a 20% increase in interaction with projections and recommendations after implementation.

Test Outline:
- Analyze the accuracy of player projections by comparing them against actual performance data over a defined period.
- Monitor the system's refresh rate during live events to ensure it meets the 5-minute requirement.
- Conduct user surveys to measure engagement levels before and after the implementation of the new features.","The original user story was well-defined but lacked measurable criteria and specific outcomes. The improved version clarifies the developer's goals, emphasizes the business value, and includes quantifiable acceptance criteria and a structured test outline to ensure effectiveness.","it (ISO 29148)
that (ISO 29148)
can (NASA ARM)",4,4,0.0,4,4,0.0,4,5,1.0,4,5,1.0,4,5,1.0,3,5,2.0,4,5,1.0,—
A37US7Ge,"As a sports data analyst, I want to explore the use of advanced statistical models and machine learning techniques to further improve the accuracy and effectiveness of fantasy sports predictions.","User Story:
As a sports data analyst, I want to implement advanced statistical models and machine learning techniques to enhance the accuracy of fantasy sports predictions so that I can increase prediction reliability by at least 20% and provide actionable insights for users.

Acceptance Criteria:
- The new models must demonstrate a minimum 20% improvement in prediction accuracy compared to previous methods, validated through historical data analysis.
- The implementation should reduce prediction error margins to less than 5% for at least 80% of predictions made.
- User engagement with the predictions should increase by at least 30% within three months of deploying the new models.

Test Outline:
- Analyze historical data to compare the accuracy of predictions before and after implementing the new models.
- Monitor the prediction error margins and user engagement metrics post-implementation to ensure they meet the specified criteria.","The original user story was well-defined but lacked measurable criteria and specific business outcomes. The improved version clarifies the expected improvements, sets quantifiable acceptance criteria, and outlines a structured testing approach to ensure the effectiveness of the implemented techniques.","that (ISO 29148)
can (NASA ARM)
less (NASA ARM)",2,4,2.0,2,4,2.0,3,5,2.0,2,5,3.0,3,5,2.0,2,5,3.0,2,5,3.0,—
A37US8Ge,"As a sports journalist or content creator, I want to use fantasy sports analytics to generate engaging and informative content for fans, such as player profiles, team analysis, and fantasy advice.","User Story:
As a sports journalist or content creator, I want to leverage fantasy sports analytics to produce compelling and insightful content for fans, including detailed player profiles, comprehensive team analyses, and actionable fantasy advice, so that I can enhance audience engagement and drive traffic to my platform.

Acceptance Criteria:
- At least 80% of the content generated must incorporate relevant analytics and insights from fantasy sports data.
- Engagement metrics, such as shares and comments, should increase by 30% within three months of implementing the analytics-driven content.
- The content should achieve a minimum of 500 views per article within the first week of publication.

Test Outline:
- Analyze the content produced to ensure it includes the required analytics and insights.
- Track engagement metrics over three months to measure the increase in audience interaction.
- Monitor view counts for each article published to verify they meet the specified threshold.","The original user story was clear but lacked measurable criteria and specific outcomes. The improved version enhances clarity by specifying the use of analytics, outlines explicit business benefits, and provides measurable acceptance criteria and a structured test outline.","it (ISO 29148)
that (ISO 29148)
can (NASA ARM)",3,4,1.0,3,4,1.0,4,5,1.0,3,5,2.0,3,5,2.0,2,5,3.0,3,5,2.0,—
A37US9Ge,"As a fantasy sports player concerned about responsible gaming, I want a platform that promotes healthy competition and discourages excessive spending or unhealthy obsession with the game.","User Story:
As a fantasy sports player concerned about responsible gaming, I want a platform that fosters healthy competition and implements features to limit excessive spending and gaming obsession so that I can enjoy the game without compromising my financial well-being or personal life.

Acceptance Criteria:
- The platform must include spending limits that users can set, with at least 80% of users utilizing this feature.
- Notifications should be sent to users when they approach their spending limits, achieving a 90% delivery success rate.
- The platform should provide resources and tips on responsible gaming, with at least 75% of users reporting increased awareness of healthy gaming practices.

Test Outline:
- Analyze user engagement with the spending limit feature to ensure at least 80% adoption.
- Track the effectiveness of notification delivery and user responses to spending alerts.
- Conduct surveys to measure user awareness and perception of responsible gaming resources provided by the platform.","The original user story was clear but lacked measurable criteria and specific acceptance metrics. The improved version emphasizes the user's concerns, clarifies the desired capabilities, and includes quantifiable acceptance criteria and a structured test outline to ensure accountability and effectiveness.","this (ISO 29148)
that (ISO 29148)
can (NASA ARM)",2,4,2.0,2,4,2.0,2,5,3.0,2,5,3.0,3,5,2.0,2,5,3.0,2,5,3.0,—
A37US10Ge,"As a global citizen, I want to see technology used to enhance the enjoyment and engagement of fantasy sports for all participants, regardless of their level of expertise or experience.","User Story:
As a global citizen, I want technology to be leveraged to enhance the enjoyment and engagement of fantasy sports for all participants, ensuring accessibility and inclusivity for users of all skill levels.

Acceptance Criteria:
- The platform must provide user-friendly tutorials and resources that increase engagement by at least 30% among new users.
- At least 80% of users should report an improved experience through surveys after implementing new technology features.
- The system should support real-time updates and notifications, with a response time of less than 1 second for all user interactions.

Test Outline:
- Analyze user engagement metrics before and after the introduction of tutorials to measure the 30% increase.
- Conduct user satisfaction surveys to assess the perceived improvement in experience, aiming for an 80% positive response rate.
- Test the system's response time during peak usage to ensure it meets the 1-second requirement.","The original user story was broad and lacked specific, measurable criteria. The improved version clarifies the user's intent, emphasizes inclusivity, and provides detailed acceptance criteria and a structured test outline to ensure the technology's effectiveness.","it (ISO 29148)
that (ISO 29148)
improved (ISO 29148)
all (ISO 29148)
improved (NASA ARM)
less (NASA ARM)",2,4,2.0,2,4,2.0,3,4,1.0,2,5,3.0,3,5,2.0,2,5,3.0,2,4,2.0,—
A38US1Ge,"As a job seeker, I want to apply for jobs easily and efficiently, without having to submit my resume multiple times.","User Story:
As a job seeker, I want to apply for multiple job listings with a single submission of my resume so that I can streamline my application process and increase my chances of securing interviews.

Acceptance Criteria:
- Users must be able to apply to at least 5 job listings simultaneously with one resume submission.
- The application process should take no longer than 3 minutes to complete for multiple job applications.
- At least 90% of job applications submitted should be successfully received by employers without errors.

Test Outline:
- Test the multi-application feature by measuring the time taken to apply for multiple jobs and ensuring it meets the 3-minute requirement.
- Track the success rate of applications submitted to confirm that 90% or more are received correctly by employers.","The original user story was clear but lacked specific, measurable criteria. The improved version enhances clarity by specifying the capability, business relevance, and includes quantifiable acceptance criteria and a structured test outline.","it (ISO 29148)
that (ISO 29148)
be able to (NASA ARM)
can (NASA ARM)
more (NASA ARM)",4,4,0.0,4,4,0.0,4,5,1.0,4,5,1.0,4,5,1.0,3,5,2.0,4,5,1.0,—
A38US2Ge,"As a recruiter, I want to save time and effort by using a system that automatically screens resumes and assesses candidates' personalities.","User Story:
As a recruiter, I want to utilize an automated system that screens resumes and evaluates candidates' personalities so that I can reduce the time spent on initial assessments by at least 50% and focus on high-potential candidates.

Acceptance Criteria:
- The system must accurately screen resumes with a success rate of 90% in identifying qualified candidates based on predefined criteria.
- The personality assessment should provide insights for at least 80% of candidates, allowing for better cultural fit evaluations.
- The overall time taken for the initial screening process should be reduced to under 30 minutes for a batch of 100 resumes.

Test Outline:
- Analyze the accuracy of the resume screening by comparing the system's selections against a panel of human recruiters.
- Evaluate the effectiveness of the personality assessments through feedback from hiring managers on candidate fit.
- Measure the time taken for the screening process before and after implementing the automated system.","The original user story was clear but lacked measurable criteria and specific outcomes. The improved version enhances clarity by specifying quantifiable benefits, acceptance criteria, and a structured test outline to ensure the system's effectiveness.","that (ISO 29148)
better (ISO 29148)
can (NASA ARM)
better (NASA ARM)",4,4,0.0,4,4,0.0,4,5,1.0,4,5,1.0,4,5,1.0,3,5,2.0,4,5,1.0,—
A38US3Ge,"As a hiring manager, I want to receive a pool of qualified candidates who are not only technically skilled but also possess the desired personality traits for the role.","User Story:
As a hiring manager, I want to receive a curated pool of at least 10 qualified candidates who not only demonstrate the required technical skills but also exhibit key personality traits aligned with our company culture, so that I can make informed hiring decisions that enhance team dynamics.

Acceptance Criteria:
- The candidate pool must include at least 80% of applicants who meet the technical skill requirements as defined in the job description.
- At least 70% of candidates should be evaluated positively on personality traits through structured assessments.
- The time taken to present the candidate pool should not exceed 14 days from the job posting date.

Test Outline:
- Review the qualifications of candidates against the job description to ensure at least 80% meet the technical criteria.
- Analyze assessment results to confirm that 70% of candidates demonstrate the desired personality traits.
- Track the timeline from job posting to candidate presentation to verify compliance with the 14-day requirement.","The original user story was clear but lacked measurable criteria and specific outcomes. The improved version enhances clarity by specifying the number of candidates, the percentage of required skills and traits, and a timeline for delivery, making it more actionable and aligned with business goals.","that (ISO 29148)
can (NASA ARM)",3,5,2.0,2,4,2.0,3,5,2.0,2,5,3.0,3,5,2.0,2,5,3.0,3,5,2.0,—
A38US4Ge,"As a human resources professional, I want to ensure that the recruitment process is fair and unbiased, considering both skills and personality.","User Story:
As a human resources professional, I want to implement a recruitment process that is both fair and unbiased, evaluating candidates based on their skills and personality traits, so that we can enhance team diversity and improve overall employee satisfaction.

Acceptance Criteria:
- The recruitment process must include standardized assessment tools that evaluate skills and personality, achieving at least 90% compliance in usage across all hiring managers.
- Candidate feedback on the recruitment experience should reflect a satisfaction rate of 80% or higher.
- The diversity of new hires should increase by at least 25% within the next hiring cycle compared to the previous cycle.

Test Outline:
- Review the implementation of standardized assessment tools through hiring manager reports to ensure compliance.
- Conduct surveys with candidates post-interview to gauge their satisfaction with the recruitment process.
- Analyze the demographic data of new hires to measure improvements in diversity.",The original user story was clear but lacked measurable criteria and specific outcomes. The improved version emphasizes the importance of fairness and bias reduction while providing quantifiable acceptance criteria and a structured test outline to ensure accountability and track progress.,"that (ISO 29148)
all (ISO 29148)
can (NASA ARM)",2,4,2.0,2,4,2.0,3,5,2.0,2,5,3.0,3,5,2.0,2,5,3.0,2,5,3.0,—
A38US5Ge,"As a data scientist, I want to develop and improve machine learning models for personality assessment, ensuring their accuracy and fairness.","User Story:
As a data scientist, I want to create and enhance machine learning models for personality assessment so that I can achieve at least 95% accuracy and ensure fairness across diverse demographic groups.

Acceptance Criteria:
- The models must demonstrate an accuracy rate of 95% or higher when tested against a validation dataset.
- Fairness metrics should indicate that the model's performance is consistent across at least 90% of demographic groups.
- The model development process should include at least three iterations of testing and refinement based on user feedback and performance metrics.

Test Outline:
- Evaluate the accuracy of the models using a comprehensive validation dataset and report the results.
- Analyze the model's performance across different demographic groups to ensure fairness and document any disparities.
- Gather user feedback on the model's effectiveness and make adjustments based on the insights received.","The original user story was clear but lacked specific, measurable criteria. The improved version emphasizes accuracy and fairness with quantifiable acceptance criteria and a structured testing approach, enhancing clarity and focus on business value.","that (ISO 29148)
can (NASA ARM)",4,4,0.0,4,4,0.0,4,5,1.0,4,5,1.0,4,5,1.0,3,5,2.0,4,5,1.0,—
A38US6Ge,"As a technology developer, I want to integrate this system with existing recruiting platforms, creating a seamless and efficient hiring experience.","User Story:
As a technology developer, I want to integrate our system with existing recruiting platforms so that we can streamline the hiring process, reducing the time to fill positions by at least 30% and improving candidate experience.

Acceptance Criteria:
- The integration must successfully connect with at least 3 major recruiting platforms (e.g., LinkedIn, Indeed, and Workday) within 4 weeks.
- The time to fill positions should decrease by 30% within 3 months of integration.
- User satisfaction with the hiring process should increase by at least 20% as measured by post-hire surveys.

Test Outline:
- Verify the successful integration with each recruiting platform by conducting test data transfers and ensuring compatibility.
- Measure the average time to fill positions before and after integration to confirm the 30% reduction.
- Collect and analyze user feedback through surveys to assess improvements in candidate experience.","The original user story was clear but lacked measurable criteria and specific outcomes. The improved version enhances clarity by specifying quantifiable acceptance criteria and a structured test outline, ensuring a focus on business impact and user satisfaction.","that (ISO 29148)
can (NASA ARM)",3,4,1.0,3,4,1.0,4,5,1.0,3,5,2.0,4,5,1.0,2,5,3.0,3,5,2.0,—
A38US7Ge,"As a psychologist or personality expert, I want to provide input on the development and validation of the personality assessment tools used in the system.","User Story:
As a psychologist or personality expert, I want to contribute my expertise to the development and validation of the personality assessment tools used in the system so that the tools are scientifically robust and provide accurate insights into user personalities.

Acceptance Criteria:
- At least 3 expert reviews must be conducted on the assessment tools to ensure they meet established psychological standards.
- The validation process should demonstrate a reliability coefficient of 0.85 or higher for the assessment tools.
- User feedback should indicate that 90% of participants find the assessments relevant and useful for their personal development.

Test Outline:
- Review the assessment tools against psychological standards and document expert feedback.
- Conduct statistical analysis on the assessment results to verify the reliability coefficient.
- Gather user feedback through surveys to evaluate the perceived relevance and utility of the assessments.","The original user story was clear but lacked measurable criteria and specific outcomes. The improved version enhances clarity by specifying the expert's role, the expected contributions, and includes quantifiable acceptance criteria and a structured test outline to ensure the tools' effectiveness.","robust (ISO 29148)
that (ISO 29148)",3,4,1.0,3,4,1.0,4,5,1.0,3,5,2.0,4,5,1.0,2,5,3.0,3,5,2.0,—
A38US8Ge,"As a legal professional, I want to ensure that the system complies with data privacy regulations and avoids any discriminatory practices.","User Story:
As a legal professional, I want to ensure that the system adheres to data privacy regulations and implements measures to prevent discriminatory practices so that we maintain compliance and foster an inclusive environment.

Acceptance Criteria:
- The system must pass a compliance audit with 100% adherence to relevant data privacy regulations, such as GDPR or CCPA, by the next review cycle.
- At least 95% of users should report confidence in the system's ability to protect their data and prevent discrimination through user surveys.
- Regular training sessions on data privacy and anti-discrimination practices must be conducted quarterly, with at least 90% participation from relevant staff.

Test Outline:
- Conduct a compliance audit to verify adherence to data privacy regulations and document findings.
- Implement user surveys to measure confidence levels regarding data protection and discrimination prevention.
- Track attendance and feedback from training sessions to ensure effectiveness and engagement.","The original user story was clear but lacked measurable criteria and specific actions. The improved version enhances clarity by specifying compliance requirements, user confidence metrics, and training initiatives, along with measurable acceptance criteria and a structured test outline.",that (ISO 29148),2,4,2.0,2,4,2.0,2,5,3.0,2,5,3.0,3,5,2.0,2,5,3.0,2,5,3.0,—
A38US9Ge,"As a researcher studying recruitment and personality, I want to analyze the effectiveness of this system and its impact on hiring decisions.","User Story:
As a researcher studying recruitment and personality, I want to evaluate the effectiveness of the hiring system so that I can determine its influence on hiring decisions and provide actionable insights for improvement.

Acceptance Criteria:
- The analysis must include at least 100 hiring cases to ensure statistical significance.
- The effectiveness of the system should be measured by a minimum 20% improvement in candidate fit scores compared to previous methods.
- A comprehensive report detailing findings and recommendations should be delivered within 4 weeks of data collection.

Test Outline:
- Collect and analyze data from the specified number of hiring cases to assess the system's impact on candidate fit.
- Review the final report for clarity, relevance, and actionable insights based on the analysis.","The original user story was clear but lacked specific measurable criteria and a structured approach. The improved version enhances clarity by defining the research scope, establishing quantifiable acceptance criteria, and outlining a test plan to validate the findings.","that (ISO 29148)
can (NASA ARM)",2,4,2.0,2,4,2.0,2,5,3.0,2,5,3.0,3,5,2.0,2,5,3.0,2,5,3.0,—
A38US10Ge,"As a global citizen, I want to see technology used to create a more efficient and inclusive recruitment process, where candidates are evaluated based on their skills and personality, regardless of their background or personal characteristics.","User Story:
As a global citizen, I want to leverage technology to develop a recruitment process that is both efficient and inclusive, ensuring candidates are assessed based on their skills and personality traits, irrespective of their backgrounds or personal characteristics.

Acceptance Criteria:
- The recruitment platform must utilize AI-driven algorithms to evaluate candidates, achieving at least 85% accuracy in matching skills to job requirements.
- The process should reduce the average time to hire by 30% compared to traditional methods.
- Feedback from candidates should reflect a satisfaction rate of 90% or higher regarding the fairness and inclusivity of the evaluation process.

Test Outline:
- Analyze the effectiveness of the AI algorithms by comparing the accuracy of candidate evaluations against successful hires over a 6-month period.
- Measure the time taken from job posting to hire and compare it with historical data to confirm a 30% reduction.
- Conduct surveys with candidates to gather feedback on their experience with the recruitment process.","The original user story was well-intentioned but lacked specificity and measurable criteria. The improved version clarifies the user's intent, establishes clear acceptance criteria, and outlines a structured test plan to ensure the recruitment process meets the desired goals of efficiency and inclusivity.","efficient (ISO 29148)
it (ISO 29148)
that (ISO 29148)",2,4,2.0,2,4,2.0,3,4,1.0,2,5,3.0,2,5,3.0,2,5,3.0,2,4,2.0,—
A39US1Ge,"As a music enthusiast, I want to create playlists that resonate with a wider audience and gain popularity. I want a tool that can predict the success of my playlists based on musical characteristics, allowing me to refine my curation and increase engagement.","User Story:
As a music enthusiast, I want a predictive tool that analyzes musical characteristics of my playlists so that I can curate them to resonate with a broader audience and increase their popularity by at least 30%.

Acceptance Criteria:
- The tool must provide success predictions with at least 85% accuracy based on historical data of similar playlists.
- Users should be able to see engagement metrics, such as plays and shares, increase by a minimum of 20% after implementing the tool's recommendations.
- The tool should allow users to refine their playlists in real-time, with updates reflecting within 5 seconds.

Test Outline:
- Validate the accuracy of the success predictions by comparing them against actual engagement metrics of playlists over a 3-month period.
- Measure the increase in plays and shares before and after using the tool to ensure it meets the 20% improvement criterion.","The original user story was well-articulated but lacked specific, measurable criteria. The improved version clarifies the user's needs, emphasizes measurable outcomes, and provides a structured approach to testing the tool's effectiveness.","it (ISO 29148)
that (ISO 29148)
be able to (NASA ARM)
can (NASA ARM)",4,4,0.0,4,4,0.0,4,5,1.0,4,5,1.0,4,5,1.0,3,5,2.0,4,5,1.0,—
A39US2Ge,"As a musician or artist, I want to understand what factors contribute to the success of playlists featuring my music. I want to use this knowledge to collaborate with curators and platforms to increase the visibility and reach of my work.","User Story:
As a musician or artist, I want to analyze the key factors that drive the success of playlists that include my music so that I can strategically collaborate with curators and platforms to enhance the visibility and reach of my work by at least 30%.

Acceptance Criteria:
- Identify and document at least 5 critical factors that influence playlist success, such as genre compatibility, listener engagement metrics, and playlist follower counts.
- Achieve a minimum of 3 successful collaborations with curators or platforms within 6 months based on the insights gained.
- Increase the streaming numbers of my tracks by at least 20% after implementing strategies derived from the analysis.

Test Outline:
- Conduct surveys or interviews with playlist curators to gather insights on successful factors and validate findings.
- Track streaming metrics before and after collaborations to measure the impact of the strategies implemented.","The original user story was clear but lacked measurable criteria and specific goals. The improved version enhances clarity by specifying quantifiable acceptance criteria and a structured test outline, making it more actionable and focused on business outcomes.","that (ISO 29148)
can (NASA ARM)",4,4,0.0,4,4,0.0,4,5,1.0,4,5,1.0,4,5,1.0,3,5,2.0,4,5,1.0,—
A39US3Ge,"As a music streaming platform, I want to leverage machine learning to recommend personalized playlists to users based on their preferences and predicted success of the playlists. This will enhance user experience and satisfaction, leading to increased engagement and platform loyalty.","User Story:
As a music streaming platform, I want to implement machine learning algorithms to generate personalized playlists for users based on their listening history and preferences so that we can improve user satisfaction by at least 20%, leading to a 15% increase in engagement and a 10% boost in platform loyalty over the next quarter.

Acceptance Criteria:
- The recommendation system must achieve a minimum accuracy of 85% in predicting user preferences based on historical data.
- At least 70% of users should engage with the recommended playlists within the first week of implementation.
- User satisfaction ratings for the personalized playlists should increase by at least 20% compared to the previous method of playlist generation.

Test Outline:
- Analyze user interaction data to measure the accuracy of the recommendations against actual user behavior.
- Conduct surveys to assess user engagement with the playlists and satisfaction levels before and after the implementation.","The original user story was well-structured but lacked specific measurable criteria and clear business outcomes. The improved version enhances clarity by specifying quantifiable goals for user satisfaction, engagement, and loyalty, along with detailed acceptance criteria and a test outline.","that (ISO 29148)
can (NASA ARM)",4,4,0.0,4,4,0.0,4,5,1.0,4,5,1.0,5,5,0.0,4,5,1.0,4,5,1.0,—
A39US4Ge,"As a music curator, I want to use data-driven insights to optimize my playlist creation process. I want to identify the most effective combinations of musical characteristics and genres to create playlists that are more likely to resonate with specific audiences.","User Story:
As a music curator, I want to leverage data-driven insights to enhance my playlist creation process so that I can identify optimal combinations of musical characteristics and genres that resonate with targeted audiences, ultimately increasing listener engagement by at least 20%.

Acceptance Criteria:
- The system must analyze historical data to identify the top 5 musical characteristics that correlate with audience preferences for each genre.
- Playlists created using these insights should achieve a minimum of 15% higher play counts compared to those created without data-driven analysis.
- User feedback should reflect a satisfaction rate of 90% or higher regarding the relevance of the playlists to their listening preferences.

Test Outline:
- Evaluate the effectiveness of the data analysis by comparing the performance of playlists created with and without insights over a 4-week period.
- Conduct surveys with listeners to assess their satisfaction with the playlists and gather qualitative feedback on their preferences.","The original user story was clear but lacked measurable criteria and specific outcomes. The improved version emphasizes quantifiable goals, clarifies the capability, and provides structured acceptance criteria and a test outline to ensure the effectiveness of the playlist optimization process.","that (ISO 29148)
these (ISO 29148)
those (ISO 29148)
can (NASA ARM)",4,4,0.0,4,4,0.0,4,5,1.0,4,5,1.0,4,5,1.0,3,5,2.0,4,5,1.0,—
A39US5Ge,"As a music label or record company, I want to use machine learning-based playlist success prediction to inform marketing and promotional strategies. I want to identify playlists with high potential and target them for artist placement, ultimately increasing artist exposure and driving music consumption.","User Story:
As a music label or record company, I want to leverage machine learning algorithms to predict the success of playlists so that I can strategically target high-potential playlists for artist placements, ultimately increasing artist visibility by at least 30% and boosting music consumption by 20%.

Acceptance Criteria:
- The machine learning model must achieve a prediction accuracy of at least 85% when identifying successful playlists.
- At least 75% of targeted playlists should result in increased streams for the featured artists within 30 days of placement.
- A measurable increase in artist exposure should be tracked, aiming for a minimum of 30% growth in social media engagement and streaming numbers.

Test Outline:
- Validate the accuracy of the machine learning model by comparing its predictions against actual playlist performance over a defined period.
- Monitor the streaming and engagement metrics of artists placed in targeted playlists to assess the effectiveness of the strategy.","The original user story was well-defined but lacked specific measurable criteria and clear business outcomes. The improved version enhances clarity by specifying quantifiable goals, acceptance criteria, and a structured test outline to ensure the effectiveness of the machine learning application.","that (ISO 29148)
can (NASA ARM)",4,4,0.0,4,4,0.0,4,5,1.0,4,5,1.0,5,5,0.0,4,5,1.0,4,5,1.0,—
A39US6Ge,"As a music researcher, I want to explore the use of machine learning to understand the complex factors that influence playlist popularity. This can provide valuable insights into music listening trends and user preferences, informing future research and development in the music industry.","User Story:
As a music researcher, I want to utilize machine learning algorithms to analyze the multifaceted factors affecting playlist popularity so that I can derive actionable insights into music listening trends and user preferences, ultimately guiding future innovations in the music industry.

Acceptance Criteria:
- The analysis should identify at least 5 key factors that significantly influence playlist popularity with a confidence level of 95% or higher.
- The machine learning model must achieve an accuracy rate of at least 85% when predicting playlist success based on historical data.
- Insights generated from the research should be documented in a report that is at least 20 pages long and shared with stakeholders within 4 weeks of project initiation.

Test Outline:
- Validate the model's predictions against a test dataset to ensure it meets the 85% accuracy requirement.
- Review the final report for comprehensiveness and clarity, ensuring it covers all identified factors and insights.","The original user story was well-articulated but lacked measurable criteria and specific outcomes. The improved version clarifies the research goals, specifies quantifiable acceptance criteria, and outlines a structured test plan to enhance clarity and focus on business relevance.","it (ISO 29148)
that (ISO 29148)
all (ISO 29148)
can (NASA ARM)",3,4,1.0,3,4,1.0,4,5,1.0,2,5,3.0,3,5,2.0,2,5,3.0,3,5,2.0,—
A39US7Ge,"As a technology developer, I want to build user-friendly tools that integrate machine learning models for playlist success prediction. This can empower music creators and curators to make data-driven decisions and optimize their playlists for wider reach and impact.","User Story:
As a technology developer, I want to create intuitive tools that seamlessly integrate machine learning models for predicting playlist success so that music creators and curators can leverage data-driven insights to enhance their playlists, ultimately increasing their audience reach by at least 30%.

Acceptance Criteria:
- The tool must provide success predictions with an accuracy rate of 85% or higher based on historical data.
- Users should be able to generate actionable insights within 5 seconds of inputting their playlist data.
- At least 70% of users should report improved engagement metrics (e.g., plays, shares) after utilizing the tool for playlist optimization.

Test Outline:
- Validate the accuracy of the success predictions by comparing them against actual performance metrics of playlists over a defined period.
- Measure the time taken to generate insights from user input to ensure it meets the 5-second requirement.
- Conduct user surveys to assess the perceived impact on engagement metrics after using the tool.","The original user story was well-structured but lacked specific measurable criteria and clear business outcomes. The improved version enhances clarity by specifying measurable acceptance criteria and a test outline, ensuring a focus on tangible benefits for users.","intuitive (ISO 29148)
it (ISO 29148)
that (ISO 29148)
improved (ISO 29148)
be able to (NASA ARM)
can (NASA ARM)
improved (NASA ARM)",4,4,0.0,4,4,0.0,4,5,1.0,4,5,1.0,4,5,1.0,3,5,2.0,4,5,1.0,—
A39US8Ge,"As a music industry analyst, I want to use machine learning to analyze and forecast trends in playlist popularity across different genres and demographics. This can provide valuable insights for music platforms, curators, and artists to adapt their strategies and cater to evolving listener preferences.","User Story:
As a music industry analyst, I want to leverage machine learning algorithms to analyze and predict trends in playlist popularity across various genres and demographics so that music platforms, curators, and artists can make data-driven decisions and effectively adapt their strategies to meet changing listener preferences.

Acceptance Criteria:
- The machine learning model must achieve at least 85% accuracy in forecasting playlist popularity based on historical data.
- The analysis should cover a minimum of 10 different genres and at least 5 demographic segments to ensure comprehensive insights.
- Reports generated from the analysis should be delivered within 24 hours of data collection to facilitate timely decision-making.

Test Outline:
- Validate the accuracy of the machine learning model by comparing its predictions against actual playlist performance over a 3-month period.
- Review the diversity of genres and demographics included in the analysis to ensure all specified categories are represented.
- Assess the timeliness of report generation by tracking the time taken from data collection to report delivery.","The original user story was well-articulated but lacked measurable criteria and specific acceptance metrics. The improved version clarifies the capability, emphasizes the business relevance, and introduces quantifiable acceptance criteria and a structured test outline to enhance clarity and focus on actionable insights.","that (ISO 29148)
all (ISO 29148)
timely (NASA ARM)
can (NASA ARM)",4,4,0.0,4,4,0.0,4,5,1.0,4,5,1.0,5,5,0.0,4,5,1.0,4,5,1.0,—
A39US9Ge,"As a data scientist, I want to explore and compare different machine learning algorithms and features for predicting playlist success. This can lead to the development of more accurate and robust models, further enhancing the effectiveness of playlist creation and recommendation strategies.","User Story:
As a data scientist, I want to analyze and compare various machine learning algorithms and feature sets for predicting playlist success so that I can develop models that improve prediction accuracy by at least 20%, thereby enhancing the effectiveness of playlist creation and recommendation strategies.

Acceptance Criteria:
- The analysis must include at least 5 different machine learning algorithms and 10 distinct features.
- The predictive models should achieve a minimum accuracy of 85% on validation datasets.
- The time taken to compare algorithms and features should not exceed 1 hour for initial results.

Test Outline:
- Evaluate the performance of each algorithm using a standardized dataset and measure accuracy against the defined threshold.
- Track the time taken for the analysis process to ensure it meets the specified duration.","The original user story was well-intentioned but lacked specificity and measurable criteria. The improved version clarifies the user's role, specifies the capability, and outlines explicit, quantifiable acceptance criteria and a structured test outline to enhance clarity and focus on business value.","it (ISO 29148)
that (ISO 29148)
can (NASA ARM)",4,4,0.0,4,4,0.0,4,5,1.0,4,5,1.0,5,5,0.0,4,5,1.0,4,5,1.0,—
A39US10Ge,"As a global citizen, I want to see technology used to improve the overall music listening experience for everyone. By predicting playlist success and delivering personalized recommendations, we can create a more engaging and enriching music ecosystem for all music lovers.","User Story:
As a global citizen, I want technology to enhance the music listening experience for all users by predicting playlist success and providing tailored recommendations, so that we can foster a more engaging and enriching music ecosystem for everyone.

Acceptance Criteria:
- The system must accurately predict the success of playlists with at least 85% accuracy based on user engagement metrics.
- Personalized recommendations should increase user interaction with suggested tracks by a minimum of 30%.
- User satisfaction with the personalized experience should reach at least 90% as measured through feedback surveys.

Test Outline:
- Analyze historical data to evaluate the accuracy of playlist success predictions against actual user engagement.
- Track user interaction rates with personalized recommendations to measure the increase in engagement.
- Conduct user satisfaction surveys to assess the perceived value of the personalized music experience.","The original user story was well-intentioned but lacked specificity and measurable criteria. The improved version clarifies the user's role, enhances the capability description, and establishes explicit, quantifiable acceptance criteria and a structured test outline to ensure the desired outcomes are achievable.","that (ISO 29148)
all (ISO 29148)
can (NASA ARM)
more (NASA ARM)",2,4,2.0,2,4,2.0,3,5,2.0,2,5,3.0,2,5,3.0,2,5,3.0,2,5,3.0,—
A40US1Ge,"As a social network user, I want to be protected from cyber-criminals that try to compromise my account, ensuring my personal information and online interactions remain secure.","User Story:
As a social network user, I want robust security measures in place to protect my account from cyber-criminals so that my personal information and online interactions remain secure and confidential.

Acceptance Criteria:
- The system must implement multi-factor authentication (MFA) for at least 90% of user accounts to enhance security.
- Security alerts should be triggered for suspicious login attempts, with notifications sent to users within 1 minute.
- User data breaches should be reduced by at least 75% within the first year of implementing enhanced security measures.

Test Outline:
- Test the effectiveness of multi-factor authentication by measuring the percentage of users who successfully enable it.
- Simulate unauthorized access attempts to verify that security alerts are generated and sent within the specified timeframe.
- Monitor and report the number of data breaches before and after implementing security enhancements.","The original user story was clear but lacked measurable criteria and specific acceptance metrics. The improved version strengthens the focus on security capabilities, provides explicit, quantifiable acceptance criteria, and outlines a structured test plan to ensure effectiveness.","robust (ISO 29148)
secure (ISO 29148)
it (ISO 29148)
that (ISO 29148)",3,4,1.0,3,4,1.0,4,5,1.0,3,5,2.0,4,5,1.0,2,5,3.0,3,5,2.0,—
A40US2Ge,"As a security analyst at Pokec, I need to utilize the anomaly model trained on historical login data to effectively identify compromised accounts, enhancing the safety and trustworthiness of the network.","User Story:
As a security analyst at Pokec, I want to leverage the anomaly detection model trained on historical login data so that I can accurately identify compromised accounts, thereby increasing the network's safety and user trust.

Acceptance Criteria:
- The anomaly detection model must achieve at least 95% accuracy in identifying compromised accounts based on historical data.
- The system should process login data and flag potential compromises within 5 seconds of detection.
- User trust metrics should improve by at least 20% within three months of implementing the anomaly detection system.

Test Outline:
- Validate the model's accuracy by comparing its predictions against a labeled dataset of known compromised accounts.
- Measure the time taken for the system to flag anomalies during peak login hours to ensure it meets the 5-second requirement.
- Conduct user surveys to assess changes in trust levels before and after the implementation.","The original user story was clear but lacked measurable criteria and specific outcomes. The improved version enhances clarity by specifying the role, capability, and business-relevant benefits, along with detailed acceptance criteria and a structured test outline.","it (ISO 29148)
that (ISO 29148)
can (NASA ARM)",4,4,0.0,4,4,0.0,4,5,1.0,4,5,1.0,5,5,0.0,4,5,1.0,4,5,1.0,—
A40US3Ge,"As a data scientist, I want to evaluate the effectiveness of the anomaly model by analyzing its sensitivity, specificity, and overall accuracy, ensuring it meets the high standards required for cybersecurity applications.","User Story:
As a data scientist, I want to assess the performance of the anomaly detection model by analyzing its sensitivity, specificity, and overall accuracy so that I can ensure it meets or exceeds 95% effectiveness for cybersecurity applications.

Acceptance Criteria:
- The model's sensitivity must be at least 90%, correctly identifying true positives in the dataset.
- The specificity should be no less than 92%, accurately identifying true negatives.
- The overall accuracy of the model must reach a minimum of 95% when tested on a validation dataset.

Test Outline:
- Conduct a series of tests on the anomaly detection model using a labeled dataset to calculate sensitivity, specificity, and overall accuracy.
- Compare the model's performance metrics against industry benchmarks to validate its effectiveness for cybersecurity applications.","The original user story was clear but lacked specific measurable criteria. The improved version strengthens the acceptance criteria with explicit performance thresholds and clarifies the business relevance of the analysis, ensuring it aligns with high standards for cybersecurity.","it (ISO 29148)
that (ISO 29148)
can (NASA ARM)
less (NASA ARM)",4,4,0.0,4,4,0.0,4,5,1.0,4,5,1.0,5,5,0.0,4,5,1.0,4,5,1.0,—
A40US4Ge,"As a member of the Pokec social network community, I want confidence that proactive measures are in place to protect my account from cybercriminals, preserving my personal information and the integrity of my online interactions.","User Story:
As a member of the Pokec social network community, I want assurance that robust security measures are implemented to safeguard my account from cybercriminals, ensuring the protection of my personal information and the integrity of my online interactions.

Acceptance Criteria:
- Security measures must include multi-factor authentication, with at least 90% of users enabled within 3 months of implementation.
- The system should detect and prevent unauthorized access attempts with a success rate of 95% or higher.
- Users should receive security alerts for suspicious activities, with a response time of under 5 minutes for notifications.

Test Outline:
- Evaluate the adoption rate of multi-factor authentication among users after implementation.
- Conduct penetration testing to assess the effectiveness of unauthorized access prevention measures.
- Monitor the response time for security alerts and gather user feedback on the clarity and usefulness of notifications.","The original user story was well-articulated but lacked measurable criteria and specific acceptance tests. The improved version clarifies the user's needs, specifies quantifiable acceptance criteria, and outlines a structured test plan to ensure the effectiveness of security measures.","robust (ISO 29148)
that (ISO 29148)",4,4,0.0,4,4,0.0,4,4,0.0,4,5,1.0,4,5,1.0,3,5,2.0,4,4,0.0,—
A40US5Ge,"As a software developer working on social networking platforms, I need to understand the techniques and data used to train the anomaly model so that I can implement similar security measures in other online environments.","User Story:
As a software developer working on social networking platforms, I want to gain a comprehensive understanding of the techniques and datasets utilized to train the anomaly detection model so that I can effectively implement comparable security measures in various online environments, enhancing overall system integrity.

Acceptance Criteria:
- Documentation must detail at least 3 specific techniques used in training the anomaly model.
- A summary of the datasets, including their size and diversity, should be provided to ensure applicability in different contexts.
- A practical example of implementing these techniques in a different online environment must be presented, demonstrating a measurable improvement in security metrics by at least 20%.

Test Outline:
- Review the provided documentation to verify the inclusion of the required techniques and dataset information.
- Analyze the practical example to assess the effectiveness of the implemented security measures and their impact on security metrics.","The original user story was clear but lacked specificity and measurable criteria. The improved version enhances clarity by specifying the developer's role, detailing the desired knowledge, and providing explicit acceptance criteria and a test outline to ensure the implementation's effectiveness.","that (ISO 29148)
these (ISO 29148)
can (NASA ARM)",4,4,0.0,4,4,0.0,5,5,0.0,4,5,1.0,4,5,1.0,3,5,2.0,4,5,1.0,—
A40US6Ge,"As a regulatory compliance officer, I want to ensure that the anomaly detection methods comply with data protection laws, safeguarding user privacy while enhancing account security.","User Story:
As a regulatory compliance officer, I want to verify that the anomaly detection methods adhere to data protection regulations so that user privacy is protected while improving account security measures.

Acceptance Criteria:
- Anomaly detection methods must comply with at least 100% of applicable data protection laws, including GDPR and CCPA.
- A privacy impact assessment should be completed and documented, with findings reviewed by compliance teams within 30 days of implementation.
- User privacy incidents related to anomaly detection should be reduced by at least 75% within the first year of deployment.

Test Outline:
- Review compliance documentation to ensure all data protection laws are addressed in the anomaly detection methods.
- Conduct a privacy impact assessment and present findings to the compliance team for approval.
- Monitor and report the number of user privacy incidents related to anomaly detection over the first year.","The original user story was clear but lacked measurable criteria and specific outcomes. The improved version emphasizes compliance with regulations, provides quantifiable acceptance criteria, and outlines a structured test plan to ensure accountability and effectiveness.","that (ISO 29148)
all (ISO 29148)",4,5,1.0,4,4,0.0,4,5,1.0,4,5,1.0,4,5,1.0,3,5,2.0,4,5,1.0,—
A40US7Ge,"As a cybersecurity consultant, I want to advise social networking sites on implementing and optimizing anomaly models to detect unusual login patterns, helping to prevent account compromises and enhance user trust.","User Story:
As a cybersecurity consultant, I want to provide strategic guidance to social networking platforms on the implementation and optimization of anomaly detection models for unusual login patterns so that they can reduce account compromise incidents by at least 30% and enhance user trust significantly.

Acceptance Criteria:
- Anomaly detection models must identify at least 95% of unusual login attempts based on historical user behavior.
- The implementation should result in a reduction of account compromise cases by 30% within the first six months.
- User trust metrics, measured through surveys, should show an increase of at least 20% in user confidence regarding account security post-implementation.

Test Outline:
- Evaluate the effectiveness of the anomaly detection models by analyzing the percentage of unusual logins successfully flagged.
- Track the number of reported account compromises before and after the implementation to confirm the 30% reduction.
- Conduct user surveys to assess changes in trust levels regarding account security.","The original user story was well-structured but lacked specific measurable criteria. The improved version clarifies the consultant's role, emphasizes the capability to implement effective solutions, and provides explicit, quantifiable acceptance criteria and a test outline to ensure accountability and track success.","that (ISO 29148)
can (NASA ARM)",4,4,0.0,4,4,0.0,4,5,1.0,4,5,1.0,4,5,1.0,3,5,2.0,4,5,1.0,—
A40US8Ge,"As a machine learning engineer, I want to collaborate on refining the anomaly model to adapt dynamically to new cyber threats and user behavior patterns, improving its efficacy in real-time threat detection.","User Story:
As a machine learning engineer, I want to collaborate on enhancing the anomaly detection model so that it can dynamically adapt to emerging cyber threats and evolving user behavior patterns, thereby increasing its effectiveness in real-time threat detection by at least 30%.

Acceptance Criteria:
- The model must demonstrate a minimum 30% improvement in detection accuracy against a baseline established from previous performance metrics.
- The adaptation process should occur within 5 minutes of identifying new patterns or threats.
- User feedback from security analysts should reflect a satisfaction rate of 90% or higher regarding the model's responsiveness and accuracy.

Test Outline:
- Evaluate the model's performance by comparing detection accuracy before and after implementing the enhancements.
- Monitor the time taken for the model to adapt to new threats and patterns to ensure it meets the 5-minute requirement.
- Conduct surveys with security analysts to gather feedback on the model's performance and reliability.","The original user story was well-structured but lacked specific measurable criteria. The improved version clarifies the capability and business relevance while providing explicit, quantifiable acceptance criteria and a structured test outline to enhance clarity and focus on measurable outcomes.","it (ISO 29148)
that (ISO 29148)
can (NASA ARM)",4,4,0.0,4,4,0.0,4,5,1.0,4,5,1.0,5,5,0.0,4,5,1.0,4,5,1.0,—
A40US9Ge,"As an IT project manager, I aim to oversee the deployment and continuous improvement of the anomaly detection system, ensuring it integrates seamlessly with existing security protocols and contributes to overall network security.","User Story:
As an IT project manager, I want to effectively manage the deployment and ongoing enhancement of the anomaly detection system so that it integrates flawlessly with current security protocols and enhances overall network security by reducing incident response time by at least 30%.

Acceptance Criteria:
- The anomaly detection system must be fully deployed within 3 months, with integration testing completed successfully.
- The system should demonstrate a 30% reduction in false positives compared to the previous security measures within the first 6 months of operation.
- User feedback from the security team should reflect a satisfaction rate of 90% or higher regarding the system's effectiveness and integration.

Test Outline:
- Track the deployment timeline and document the completion of integration testing phases.
- Analyze incident reports to measure the reduction in false positives and response times post-implementation.
- Conduct surveys with the security team to gather feedback on the system's performance and integration.","The original user story was well-defined but lacked measurable criteria and specific outcomes. The improved version clarifies the project manager's goals, emphasizes measurable benefits, and provides structured acceptance criteria and a test outline to ensure accountability and effectiveness.","it (ISO 29148)
that (ISO 29148)",4,4,0.0,4,4,0.0,4,4,0.0,4,5,1.0,4,5,1.0,3,5,2.0,4,4,0.0,—
A40US10Ge,"As a user experience designer for online social networks, I want to ensure that security measures like the anomaly model operate transparently and do not disrupt the user experience, maintaining ease of access while protecting accounts.","User Story:
As a user experience designer for online social networks, I want the security measures, such as the anomaly detection model, to function seamlessly in the background so that users can access their accounts easily while ensuring their data is protected without any interruptions.

Acceptance Criteria:
- The anomaly detection system must identify and respond to suspicious activities with a false positive rate of less than 5%.
- User access should remain uninterrupted 95% of the time during security checks.
- User satisfaction regarding the perceived security and ease of access should be at least 90% based on post-implementation surveys.

Test Outline:
- Analyze the performance of the anomaly detection model to ensure it meets the false positive rate requirement.
- Monitor user access logs to confirm that interruptions occur in less than 5% of sessions.
- Conduct user surveys to gather feedback on their experience with security measures post-implementation.","The original user story was well-articulated but lacked measurable criteria and specific acceptance metrics. The improved version clarifies the user's intent, emphasizes the balance between security and user experience, and provides explicit, quantifiable acceptance criteria and a structured test outline.","it (ISO 29148)
that (ISO 29148)
can (NASA ARM)
less (NASA ARM)",4,5,1.0,4,4,0.0,4,5,1.0,4,5,1.0,4,5,1.0,3,5,2.0,4,5,1.0,—
A41US1Ge,"As a researcher in food computing, I want access to a large and diverse dataset of food images to train and evaluate new food recognition algorithms.","User Story:
As a researcher in food computing, I want to access a comprehensive and diverse dataset of at least 10,000 food images so that I can effectively train and evaluate new food recognition algorithms, improving their accuracy and performance.

Acceptance Criteria:
- The dataset must contain a minimum of 10,000 images, covering at least 100 different food categories.
- At least 90% of the images should be labeled accurately to ensure reliable training data.
- The dataset should be accessible for download within 5 minutes to facilitate quick experimentation.

Test Outline:
- Verify the total number of images and categories in the dataset to ensure it meets the specified criteria.
- Conduct a random sampling of images to check the accuracy of labels against known standards.
- Measure the download time of the dataset to confirm it meets the 5-minute requirement.","The original user story was clear but lacked specific measurable criteria. The improved version enhances clarity by specifying the dataset size, accuracy requirements, and access time, making it more actionable and aligned with business goals.","reliable (ISO 29148)
it (ISO 29148)
that (ISO 29148)
can (NASA ARM)",4,4,0.0,4,4,0.0,4,5,1.0,4,5,1.0,5,5,0.0,4,5,1.0,4,5,1.0,—
A41US2Ge,"As a developer of a diet management app, I want a dataset that accurately reflects the diversity of foods people consume so that my app can accurately identify and analyze meals.","User Story:
As a developer of a diet management app, I want to obtain a comprehensive dataset that accurately represents the variety of foods consumed by users so that my app can effectively identify, analyze, and provide nutritional insights for meals.

Acceptance Criteria:
- The dataset must include at least 5,000 unique food items covering various cuisines and dietary preferences.
- At least 90% of the food items in the dataset should have complete nutritional information, including calories, macronutrients, and micronutrients.
- The dataset should be updated quarterly to reflect new food trends and changes in dietary habits.

Test Outline:
- Review the dataset to ensure it contains the required number of unique food items and diversity.
- Validate the completeness of nutritional information for a sample of food items to confirm the 90% accuracy criterion.
- Monitor updates to the dataset to ensure they occur on a quarterly basis.","The original user story was clear but lacked specificity and measurable criteria. The improved version enhances clarity by detailing the requirements for the dataset, including quantifiable acceptance criteria and a structured test outline to ensure the dataset meets the app's needs.","it (ISO 29148)
that (ISO 29148)
can (NASA ARM)",4,4,0.0,4,4,0.0,5,5,0.0,4,5,1.0,4,5,1.0,3,5,2.0,4,5,1.0,—
A41US3Ge,"As an academic, I want a well-documented and publicly available benchmark dataset to compare my research results with others in the field.","User Story:
As an academic, I want access to a comprehensive and publicly available benchmark dataset so that I can effectively compare my research findings with those of my peers in the field, ensuring transparency and reproducibility.

Acceptance Criteria:
- The benchmark dataset must include at least 1,000 samples with detailed documentation on data collection methods and variables.
- The dataset should be accessible online and downloadable in multiple formats (e.g., CSV, JSON) within 1 click.
- At least 90% of users should report that the dataset meets their research needs based on a user satisfaction survey conducted within 3 months of release.

Test Outline:
- Verify the completeness and documentation of the dataset by cross-referencing it with established standards in the field.
- Measure the accessibility and download process to ensure it meets the one-click requirement.
- Conduct a user satisfaction survey to assess the dataset's effectiveness in meeting research needs.","The original user story was clear but lacked specific measurable criteria and a structured approach. The improved version enhances clarity by specifying the dataset's requirements, providing measurable acceptance criteria, and outlining a test plan to ensure the dataset's utility and accessibility.","it (ISO 29148)
that (ISO 29148)
those (ISO 29148)
can (NASA ARM)",4,4,0.0,4,4,0.0,4,4,0.0,3,5,2.0,4,5,1.0,3,5,2.0,4,4,0.0,—
A41US4Ge,"As a user of a self-service restaurant kiosk, I want the system to accurately identify the food items on my tray.","User Story:
As a user of a self-service restaurant kiosk, I want the system to accurately recognize the food items on my tray so that I can receive the correct order summary and pricing without errors.

Acceptance Criteria:
- The system must identify at least 95% of food items on the tray correctly within 3 seconds of scanning.
- The accuracy of the pricing displayed must match the identified items with a discrepancy of no more than 2%.
- User feedback should reflect a satisfaction rate of 90% or higher regarding the accuracy of item identification.

Test Outline:
- Conduct multiple trials with various food combinations to measure the identification accuracy and response time.
- Compare the displayed prices against a known list to ensure discrepancies remain within the specified limit.","The original user story was clear but lacked measurable criteria and specific performance metrics. The improved version enhances clarity by specifying the user's role, detailing the capability, and providing explicit, quantifiable acceptance criteria and a structured test outline.","that (ISO 29148)
can (NASA ARM)
more (NASA ARM)",4,4,0.0,4,4,0.0,4,5,1.0,4,5,1.0,4,5,1.0,3,5,2.0,4,5,1.0,—
A41US5Ge,"As a chef developing a recipe app, I want the app to be able to recognize ingredients in a photo to suggest relevant recipes.","User Story:
As a chef developing a recipe app, I want the app to accurately identify ingredients from photos so that it can suggest at least 5 relevant recipes based on the recognized items, enhancing user engagement and cooking efficiency.

Acceptance Criteria:
- The ingredient recognition feature must achieve at least 90% accuracy in identifying ingredients from images.
- The app should suggest a minimum of 5 recipes within 3 seconds of processing the photo.
- User feedback should reflect a satisfaction rate of 80% or higher regarding the relevance of the suggested recipes.

Test Outline:
- Test the ingredient recognition accuracy using a diverse set of ingredient images and compare results against a known database.
- Measure the time taken to generate recipe suggestions after an image is uploaded to ensure it meets the 3-second requirement.","The original user story was clear but lacked measurable criteria and specific outcomes. The improved version enhances clarity by specifying the expected accuracy, response time, and user satisfaction, making it more actionable and aligned with business goals.","it (ISO 29148)
that (ISO 29148)
can (NASA ARM)",4,4,0.0,4,4,0.0,4,5,1.0,4,5,1.0,4,5,1.0,3,5,2.0,4,5,1.0,—
A41US6Ge,"As a person with dietary restrictions, I want my food tracking app to accurately identify the ingredients in my meals to avoid allergens and adhere to my diet.","User Story:
As a person with dietary restrictions, I want my food tracking app to accurately identify and display the ingredients in my meals so that I can avoid allergens and strictly adhere to my dietary requirements.

Acceptance Criteria:
- The app must correctly identify and list ingredients for at least 95% of the meals logged by users.
- Users should receive alerts for any allergens present in their meals with a response time of less than 3 seconds.
- User satisfaction regarding ingredient accuracy should reach at least 90% based on feedback surveys.

Test Outline:
- Conduct a series of tests by logging various meals and verifying the accuracy of the ingredient identification against a trusted database.
- Measure the response time for allergen alerts to ensure it meets the 3-second requirement.
- Distribute user surveys to assess satisfaction levels regarding the accuracy of ingredient information.","The original user story was clear but lacked measurable criteria and specific acceptance standards. The improved version enhances clarity by specifying the user's needs, establishing quantifiable acceptance criteria, and providing a structured test outline to ensure the app meets its goals.","it (ISO 29148)
that (ISO 29148)
can (NASA ARM)
less (NASA ARM)",4,4,0.0,4,4,0.0,4,5,1.0,4,5,1.0,5,5,0.0,4,5,1.0,4,5,1.0,—
A41US7Ge,"As a user, I want the food recognition system to be fast and efficient.","User Story:
As a user, I want the food recognition system to process images quickly and accurately so that I can receive instant feedback on my food choices, enhancing my meal planning experience.

Acceptance Criteria:
- The system must recognize food items within 3 seconds for at least 90% of submitted images.
- The accuracy of food recognition should be at least 95%, ensuring reliable identification of various food types.
- Users should report a satisfaction rate of 90% or higher regarding the speed and efficiency of the recognition process.

Test Outline:
- Measure the time taken for the system to process and return results for a sample set of images.
- Validate the accuracy of the recognition by comparing results against a verified database of food items.
- Conduct user surveys to assess satisfaction with the speed and efficiency of the system.","The original user story was too general and lacked specific, measurable criteria. The improved version clarifies the user's intent, specifies measurable acceptance criteria, and provides a structured test outline to ensure the system meets user expectations.","reliable (ISO 29148)
that (ISO 29148)
can (NASA ARM)",2,4,2.0,1,4,3.0,1,5,4.0,1,5,4.0,2,5,3.0,1,5,4.0,1,5,4.0,—
A41US8Ge,"As a developer, I want the model to be explainable so that I can understand its predictions and improve its accuracy.","User Story:
As a developer, I want the machine learning model to provide clear explanations for its predictions so that I can identify areas for improvement and enhance its accuracy by at least 15% over the next quarter.

Acceptance Criteria:
- The model must generate explanations for at least 90% of its predictions within 1 second.
- Explanations should be understandable to users with a technical background, achieving a clarity rating of 4 out of 5 in user feedback surveys.
- The model's accuracy should improve by a minimum of 15% based on the adjustments made from the insights gained through the explanations.

Test Outline:
- Evaluate the explanation generation time for a sample of predictions to ensure it meets the 1-second requirement.
- Conduct user surveys to assess the clarity of the explanations provided.
- Measure the model's accuracy before and after implementing changes based on the explanations to confirm the targeted improvement.","The original user story was clear but lacked measurable criteria and specific goals. The improved version enhances clarity by specifying the developer's role, the desired capability, and explicit, quantifiable acceptance criteria and test outlines to ensure the story is actionable and focused on business value.","it (ISO 29148)
that (ISO 29148)
can (NASA ARM)",4,4,0.0,4,4,0.0,5,5,0.0,4,5,1.0,4,5,1.0,3,5,2.0,4,5,1.0,—
A41US9Ge,"As a researcher, I want to understand how the model's attention mechanism works to gain insights into the visual features that are important for food recognition.","User Story:
As a researcher, I want to analyze the model's attention mechanism so that I can identify and quantify the visual features that significantly contribute to food recognition accuracy.

Acceptance Criteria:
- The analysis must reveal at least 5 key visual features that the model prioritizes during food recognition tasks.
- The insights gained should improve the model's accuracy by at least 10% in identifying food items in a validation dataset.
- A comprehensive report detailing the attention mechanism's findings should be completed within 4 weeks.

Test Outline:
- Use visualization techniques to map the attention weights and identify the top visual features during food recognition.
- Evaluate the model's performance on a test set before and after implementing changes based on the insights gained.","The original user story was clear but lacked measurable criteria and specific outcomes. The improved version enhances clarity by specifying the research context, quantifiable acceptance criteria, and a structured test outline to ensure the insights lead to tangible improvements.","that (ISO 29148)
can (NASA ARM)",4,4,0.0,4,4,0.0,4,5,1.0,3,5,2.0,4,5,1.0,3,5,2.0,4,5,1.0,—
A41US10Ge,"As a user, I want the food recognition system to be reliable and accurate across a variety of different food types and images.","User Story:
As a user, I want the food recognition system to accurately identify a wide range of food types and images so that I can trust the information provided for dietary tracking and meal planning.

Acceptance Criteria:
- The system must achieve at least 95% accuracy in recognizing food items across a diverse dataset of 1,000 different food types.
- The recognition process should complete within 3 seconds for each image to ensure a smooth user experience.
- User feedback should reflect a satisfaction rate of 90% or higher regarding the accuracy and reliability of the food recognition results.

Test Outline:
- Evaluate the accuracy of the food recognition system by testing it against a comprehensive set of food images and measuring the correct identification rate.
- Measure the time taken for the system to process and recognize each food image to ensure it meets the 3-second requirement.","The original user story was clear but lacked measurable criteria and specific details. The improved version enhances clarity by specifying accuracy rates, response times, and user satisfaction metrics, making it more actionable and focused on business value.","it (ISO 29148)
that (ISO 29148)
can (NASA ARM)",2,4,2.0,2,4,2.0,3,5,2.0,2,5,3.0,3,5,2.0,2,5,3.0,2,5,3.0,—
A42US1Ge,"As a public health official in Virginia, I want to use a data-driven model to identify the best locations for mobile vaccination clinics, ensuring that under-vaccinated populations have convenient access to vaccines.","User Story:
As a public health official in Virginia, I want to implement a data-driven model to strategically identify optimal locations for mobile vaccination clinics so that at least 80% of under-vaccinated populations can access vaccines within a 10-minute travel radius.

Acceptance Criteria:
- The model must analyze demographic and vaccination data to pinpoint at least 10 high-need areas for mobile clinics.
- The implementation should result in a 25% increase in vaccination rates in targeted communities within 6 months.
- User feedback from community surveys should indicate a satisfaction rate of 90% or higher regarding the accessibility of vaccination services.

Test Outline:
- Validate the model's effectiveness by comparing vaccination rates before and after the deployment of mobile clinics in identified areas.
- Conduct surveys to gather community feedback on the accessibility and convenience of the vaccination clinics.","The original user story was clear but lacked measurable criteria and specific targets. The improved version enhances clarity by specifying quantifiable goals, such as vaccination rates and travel distances, while maintaining the original intent.","that (ISO 29148)
can (NASA ARM)",5,5,0.0,4,4,0.0,4,5,1.0,4,5,1.0,5,5,0.0,4,5,1.0,4,5,1.0,—
A42US2Ge,"As a community leader in a rural area with low vaccination rates, I want to advocate for mobile vaccination clinics to be placed in areas where they are most likely to be used by residents.","User Story:
As a community leader in a rural area with low vaccination rates, I want to implement mobile vaccination clinics in high-need locations so that at least 70% of residents can access vaccinations within a 5-mile radius, ultimately increasing vaccination rates by 30% within the next year.

Acceptance Criteria:
- Mobile clinics must be operational in at least 5 targeted locations identified through community surveys within 3 months.
- At least 200 vaccinations should be administered at each clinic over a 2-week period.
- Post-vaccination surveys should indicate a satisfaction rate of 90% or higher among residents who utilized the clinics.

Test Outline:
- Analyze community survey data to identify the most effective locations for mobile clinics.
- Track the number of vaccinations administered at each clinic and gather feedback from participants to assess satisfaction.","The original user story was clear but lacked measurable criteria and specific goals. The improved version enhances clarity by specifying quantifiable targets, timelines, and a structured approach to testing the effectiveness of the mobile vaccination clinics.","most (ISO 29148)
effective (ISO 29148)
that (ISO 29148)
effective (NASA ARM)
can (NASA ARM)",4,5,1.0,4,4,0.0,4,5,1.0,3,5,2.0,4,5,1.0,2,5,3.0,4,5,1.0,—
A42US3Ge,"As a researcher studying vaccine hesitancy, I want to use the model's ability to tailor recommendations for different demographic groups to understand the factors influencing vaccine uptake in specific communities.","User Story:
As a researcher studying vaccine hesitancy, I want to leverage the model's capability to customize recommendations for various demographic groups so that I can analyze the specific factors affecting vaccine uptake in targeted communities and develop effective intervention strategies.

Acceptance Criteria:
- The model must provide tailored recommendations for at least 5 distinct demographic groups based on user input.
- The accuracy of the recommendations should be validated with a success rate of 90% in identifying relevant factors influencing vaccine uptake.
- The system should allow researchers to generate reports on demographic insights within 3 seconds of request.

Test Outline:
- Test the model by inputting data from different demographic groups and measuring the relevance of the recommendations provided.
- Validate the accuracy of the recommendations through peer review and feedback from at least 10 researchers in the field.","The original user story was clear but lacked specificity and measurable criteria. The improved version enhances clarity by specifying the researcher's role, the capability of the model, and includes explicit, quantifiable acceptance criteria and a structured test outline.","effective (ISO 29148)
that (ISO 29148)
capability to (NASA ARM)
effective (NASA ARM)
can (NASA ARM)",4,4,0.0,4,4,0.0,4,5,1.0,4,5,1.0,4,5,1.0,3,5,2.0,4,5,1.0,—
A42US4Ge,"As a policymaker concerned with healthcare equity, I want to use the model to ensure that vaccine distribution strategies address the needs of underserved and marginalized communities.","User Story:
As a policymaker concerned with healthcare equity, I want to utilize the model to develop vaccine distribution strategies that specifically target the needs of underserved and marginalized communities, ensuring equitable access to vaccines for at least 90% of these populations.

Acceptance Criteria:
- The model must identify and prioritize at least 5 key underserved communities based on demographic data and health disparities.
- Vaccine distribution plans should be implemented in a way that achieves a minimum of 80% vaccination coverage in these communities within the first 6 months.
- Feedback from community stakeholders should reflect a satisfaction rate of 85% or higher regarding the accessibility and effectiveness of the distribution strategies.

Test Outline:
- Analyze demographic data to verify the identification of prioritized communities and assess the model's effectiveness.
- Monitor vaccination rates in targeted communities over the first 6 months to ensure coverage meets the 80% goal.
- Conduct surveys with community stakeholders to gather feedback on the distribution strategies and their perceived effectiveness.","The original user story was clear but lacked measurable criteria and specific targets. The improved version enhances clarity by specifying the role, capability, and explicit benefits while providing quantifiable acceptance criteria and a structured test outline to ensure accountability and effectiveness.","that (ISO 29148)
these (ISO 29148)",3,4,1.0,3,4,1.0,4,4,0.0,3,5,2.0,4,5,1.0,2,5,3.0,3,4,1.0,—
A42US5Ge,"As a data scientist, I want to explore the use of real-time mobility data and other heterogeneous data sources to develop more sophisticated models for optimizing mobile vaccination site placement.","User Story:
As a data scientist, I want to leverage real-time mobility data alongside diverse data sources to create advanced predictive models that optimize the placement of mobile vaccination sites, ensuring efficient resource allocation and increased vaccination coverage.

Acceptance Criteria:
- The model must utilize at least 3 different data sources, including real-time mobility data, to enhance predictive accuracy by at least 20%.
- The optimized site placement should demonstrate a 15% increase in vaccination rates within the first month of implementation.
- The model's performance should be validated with a minimum of 100 test scenarios to ensure reliability and robustness.

Test Outline:
- Analyze the model's predictive accuracy by comparing its recommendations against actual vaccination site performance metrics.
- Conduct a pilot study to measure the increase in vaccination rates post-implementation and gather user feedback on the model's effectiveness.","The original user story was clear but lacked measurable criteria and specific outcomes. The improved version enhances clarity by specifying the use of multiple data sources, quantifying expected improvements, and providing a structured test outline to validate the model's effectiveness.","efficient (ISO 29148)
that (ISO 29148)",4,4,0.0,4,4,0.0,4,4,0.0,4,5,1.0,4,5,1.0,2,5,3.0,4,4,0.0,—
A42US6Ge,"As a public health communications specialist, I want to use the model's insights to develop targeted outreach campaigns that encourage vaccination among hesitant groups in specific locations.","User Story:
As a public health communications specialist, I want to leverage the model's insights to create targeted outreach campaigns that increase vaccination rates by at least 20% among hesitant groups in identified high-need locations.

Acceptance Criteria:
- Campaigns must be developed and launched within 4 weeks of receiving insights from the model.
- At least 75% of the targeted groups should report increased awareness of vaccination benefits through pre- and post-campaign surveys.
- The vaccination rate in the targeted locations should show a measurable increase of 20% within 3 months following the campaign launch.

Test Outline:
- Track the timeline of campaign development and launch to ensure it meets the 4-week deadline.
- Conduct surveys before and after the campaign to assess awareness levels among the targeted groups.
- Analyze vaccination data from health records to confirm the 20% increase in vaccination rates.","The original user story was clear but lacked specific, measurable criteria for success. The improved version clarifies the desired outcome, sets quantifiable acceptance criteria, and outlines a structured test plan to ensure the effectiveness of the outreach campaigns.","it (ISO 29148)
that (ISO 29148)",4,4,0.0,4,4,0.0,4,4,0.0,4,5,1.0,4,5,1.0,3,5,2.0,4,4,0.0,—
A42US7Ge,"As a technology developer, I want to build a user-friendly platform that integrates the model's recommendations with other relevant information, such as vaccine availability and clinic hours, to improve accessibility and convenience for the public.","User Story:
As a technology developer, I want to create an intuitive platform that seamlessly integrates the model's recommendations with critical information, such as vaccine availability and clinic hours, so that the public can easily access essential health services and make informed decisions.

Acceptance Criteria:
- The platform must display vaccine availability and clinic hours within 3 seconds of a user query for at least 95% of interactions.
- User satisfaction with the platform's usability should reach at least 90% based on post-launch surveys.
- The integration should reduce the time users spend searching for relevant information by at least 40% compared to previous methods.

Test Outline:
- Measure the response time for displaying information after a user query to ensure it meets the 3-second requirement.
- Conduct user satisfaction surveys to evaluate the platform's usability and gather feedback on the integration of information.
- Analyze user behavior data to assess the reduction in time spent searching for information.","The original user story was clear but lacked measurable criteria and specific acceptance metrics. The improved version enhances clarity by specifying the desired outcomes, measurable acceptance criteria, and a structured test outline to ensure the platform meets user needs effectively.","intuitive (ISO 29148)
it (ISO 29148)
that (ISO 29148)
can (NASA ARM)",3,4,1.0,4,4,0.0,4,5,1.0,3,5,2.0,3,5,2.0,2,5,3.0,3,5,2.0,—
A42US8Ge,"As a journalist reporting on the pandemic, I want to use the model's findings to inform the public about the challenges and successes of vaccine distribution efforts in different regions.","User Story:
As a journalist reporting on the pandemic, I want to leverage the model's findings to provide accurate and insightful reports on the challenges and successes of vaccine distribution across various regions so that the public can stay informed and understand the impact of these efforts on community health.

Acceptance Criteria:
- The model's findings must include data on vaccine distribution rates, with at least 80% accuracy in reflecting real-world statistics.
- Reports should highlight at least three key challenges and three successes in vaccine distribution for each region covered.
- The information must be updated weekly to ensure the public receives the most current insights.

Test Outline:
- Validate the accuracy of the model's data by cross-referencing with official health department statistics.
- Review published reports to ensure they include the required challenges and successes, and assess the frequency of updates.","The original user story was clear but lacked measurable criteria and specificity. The improved version enhances clarity by defining the journalist's role, specifying the capability, and providing explicit, quantifiable acceptance criteria and a structured test outline.","most (ISO 29148)
that (ISO 29148)
these (ISO 29148)
can (NASA ARM)",4,4,0.0,4,4,0.0,4,5,1.0,4,5,1.0,4,5,1.0,3,5,2.0,4,5,1.0,—
A42US9Ge,"As a citizen concerned about public health, I want to see data-driven approaches used to improve vaccine access and overcome vaccine hesitancy, ultimately contributing to a safer and healthier community.","User Story:
As a citizen concerned about public health, I want to implement data-driven strategies to enhance vaccine accessibility and address vaccine hesitancy so that we can achieve a 20% increase in vaccination rates within the next year, fostering a safer and healthier community.

Acceptance Criteria:
- Data analysis must identify at least three key barriers to vaccine access and propose actionable solutions within 3 months.
- Community outreach programs should be established to reach at least 1,000 residents, aiming for a 30% engagement rate in discussions about vaccine benefits.
- Surveys conducted post-implementation should show a reduction in vaccine hesitancy by at least 25% among participants.

Test Outline:
- Review the data analysis report to ensure it identifies barriers and suggests solutions within the specified timeframe.
- Track participation in community outreach programs and measure engagement rates through follow-up surveys.
- Analyze survey results to confirm the reduction in vaccine hesitancy aligns with the acceptance criteria.","The original user story was well-intentioned but lacked specificity and measurable criteria. The improved version clarifies the user's role, outlines explicit goals, and provides quantifiable acceptance criteria and a structured test outline to ensure accountability and track progress.","it (ISO 29148)
that (ISO 29148)
can (NASA ARM)",3,4,1.0,3,4,1.0,4,5,1.0,3,5,2.0,3,5,2.0,2,5,3.0,3,5,2.0,—
A42US10Ge,"As a global citizen, I want to see this model adapted and implemented in other regions facing similar challenges with vaccine distribution, promoting equitable access to vaccines and mitigating the impact of the pandemic worldwide.","User Story:
As a global citizen, I want to see this vaccine distribution model adapted and implemented in regions facing similar challenges so that equitable access to vaccines is promoted, ultimately reducing the pandemic's impact on a global scale.

Acceptance Criteria:
- The model must be successfully implemented in at least 3 new regions within the next 12 months.
- A minimum of 80% of the targeted population in these regions should receive vaccines within 6 months of implementation.
- Regular impact assessments should show a reduction in vaccine inequity by at least 30% in the adapted regions.

Test Outline:
- Track the implementation progress in the selected regions and report on the timeline and milestones achieved.
- Measure vaccination rates in the targeted populations to ensure they meet the 80% threshold.
- Conduct surveys and data analysis to evaluate the reduction in vaccine inequity post-implementation.","The original user story was well-intentioned but lacked specificity and measurable criteria. The improved version clarifies the user's intent, outlines explicit benefits, and provides quantifiable acceptance criteria and a structured test outline to ensure accountability and track progress.","this (ISO 29148)
that (ISO 29148)
these (ISO 29148)",2,4,2.0,2,4,2.0,3,5,2.0,2,5,3.0,2,5,3.0,2,5,3.0,2,5,3.0,—
