ID,Original User Story,Rewritten User Story,Correction Reason,Fuzzy Terms (with source),I_before,I_after,delta_I,N_before,N_after,delta_N,V_before,V_after,delta_V,E_before,E_after,delta_E,S_before,S_after,delta_S,T_before,T_after,delta_T,overall_before,overall_after,delta_overall,Low-score Explanation (<2)
A1US1Ll,"As a researcher, I want to explore the possibilities of Artificial Intelligence (AI) in enabling the smart industrial revolution, so that I can contribute to the development of innovative solutions for industry 4.0.","User Story:
As a researcher, I want to investigate the applications of Artificial Intelligence (AI) in driving the smart industrial revolution so that I can develop innovative solutions that enhance efficiency and productivity in Industry 4.0.

Acceptance Criteria:
- Conduct at least 5 comprehensive case studies on AI applications in smart industries within the next 6 months.
- Identify and document a minimum of 3 key AI technologies that can be integrated into existing industrial processes.
- Present findings at 2 industry conferences to share insights and gather feedback from peers.

Test Outline:
- Review the case studies for depth and relevance to ensure they meet the research objectives.
- Evaluate the identified AI technologies for their potential impact on efficiency and productivity metrics.
- Collect feedback from conference presentations to assess the reception and applicability of the research findings.","The original user story was well-intentioned but lacked specificity and measurable criteria. The improved version clarifies the researcher's role, outlines explicit capabilities, and provides quantifiable acceptance criteria and a structured test outline to enhance clarity and focus on business relevance.","that (ISO 29148)
can (NASA ARM)",3,4,1.0,2,5,3.0,4,5,1.0,2,5,3.0,2,5,3.0,2,5,3.0,3,5,2.0,—
A1US2Ll,"As an engineer, I want to design and develop Internet of Things (IoT) infrastructure that can collect and process data from various sources, including storage, actuation, sensing, advanced services, and communication technologies, so that I can enable the transformation towards fully smart Autonomous Vehicles (AVs).","User Story:
As an engineer, I want to design and implement a robust Internet of Things (IoT) infrastructure that can efficiently collect and process data from diverse sources, including storage, actuation, sensing, advanced services, and communication technologies, so that I can facilitate the transition to fully smart Autonomous Vehicles (AVs) with enhanced performance and safety.

Acceptance Criteria:
- The IoT infrastructure must be capable of processing data from at least 10 different sources simultaneously with a latency of no more than 100 milliseconds.
- The system should achieve a data accuracy rate of 95% or higher in real-time processing.
- User feedback from testing should indicate a satisfaction rate of 90% or above regarding the functionality and reliability of the IoT infrastructure.

Test Outline:
- Conduct performance tests to measure the data processing capabilities and latency under various load conditions.
- Validate the accuracy of the data collected from each source through controlled experiments.
- Gather user feedback through surveys and interviews to assess satisfaction with the infrastructure's performance.","The original user story was comprehensive but lacked measurable criteria and specific acceptance metrics. The improved version clarifies the engineering role, emphasizes the capability, and provides explicit, quantifiable acceptance criteria and a structured test outline to enhance clarity and focus on business value.","robust (ISO 29148)
that (ISO 29148)
be capable of (NASA ARM)
can (NASA ARM)
more (NASA ARM)",2,4,2.0,2,4,2.0,4,4,0.0,2,5,3.0,2,5,3.0,2,5,3.0,2,4,2.0,—
A1US3Ll,"As a safety expert, I want to utilize AI and IoT to reduce the risk of accidents and improve vehicle safety, so that I can minimize the likelihood of human error and ensure a safer driving experience.","User Story:
As a safety expert, I want to leverage AI and IoT technologies to enhance vehicle safety and significantly reduce the risk of accidents, so that I can decrease human error incidents by at least 30% and provide a safer driving experience for all users.

Acceptance Criteria:
- The implementation of AI and IoT solutions must lead to a measurable reduction in accident rates by at least 30% within the first year of deployment.
- The system should provide real-time alerts for potential hazards with a response accuracy of 95% or higher.
- User feedback should reflect a satisfaction rate of 90% or more regarding the perceived safety improvements after the technology is integrated.

Test Outline:
- Analyze accident data before and after the implementation to confirm the 30% reduction in incidents.
- Conduct tests to evaluate the accuracy of real-time alerts generated by the system.
- Gather user feedback through surveys to assess their perception of safety improvements.","The original user story was well-intentioned but lacked specificity and measurable criteria. The improved version clarifies the safety expert's goals, provides explicit metrics for success, and outlines a structured approach to testing the effectiveness of the proposed solutions.","that (ISO 29148)
all (ISO 29148)
can (NASA ARM)
more (NASA ARM)",2,4,2.0,2,4,2.0,4,5,1.0,2,5,3.0,2,5,3.0,2,5,3.0,2,5,3.0,—
A1US4Ll,"As a driver, I want to benefit from the increased safety and reduced accidents that Autonomous Vehicles (AVs) can provide, so that I can feel more confident and secure on the road.","User Story:
As a driver, I want to experience enhanced safety and a significant reduction in accidents through the use of Autonomous Vehicles (AVs) so that I can feel more confident and secure while driving.

Acceptance Criteria:
- The implementation of AV technology should lead to a minimum 30% reduction in accident rates within the first year of deployment.
- User surveys should reflect at least an 80% increase in driver confidence regarding road safety after using AVs.
- The system must demonstrate compliance with safety standards, achieving a safety rating of 4 stars or higher in independent evaluations.

Test Outline:
- Analyze accident data before and after AV deployment to measure the reduction in accident rates.
- Conduct user surveys to assess changes in driver confidence levels pre- and post-AV usage.
- Review safety ratings from independent testing organizations to ensure compliance with established safety standards.","The original user story was clear but lacked measurable criteria and specific acceptance metrics. The improved version strengthens the focus on safety and confidence, providing quantifiable acceptance criteria and a structured test outline to ensure the value of AVs is clearly articulated.","secure (ISO 29148)
that (ISO 29148)
significant (ISO 29148)
can (NASA ARM)
more (NASA ARM)",4,4,0.0,4,4,0.0,5,5,0.0,4,5,1.0,4,5,1.0,2,5,3.0,4,5,1.0,—
A1US5Ll,"As a business owner, I want to explore the new market opportunities and revenue streams that Autonomous Vehicles (AVs) can offer, so that I can expand my business and stay competitive in the industry.","User Story:
As a business owner, I want to identify and evaluate new market opportunities and revenue streams presented by Autonomous Vehicles (AVs) so that I can strategically expand my business and maintain a competitive edge in the industry.

Acceptance Criteria:
- Conduct a market analysis that identifies at least 3 viable revenue streams related to AVs within 6 months.
- Develop a strategic plan that outlines potential partnerships or investments in AV technology, with a projected ROI of at least 20% within 2 years.
- Gather feedback from at least 50 industry stakeholders to assess the perceived value and feasibility of the identified opportunities.

Test Outline:
- Review the market analysis report to ensure it includes the required number of revenue streams and is completed within the specified timeframe.
- Evaluate the strategic plan for clarity and potential ROI calculations.
- Conduct surveys or interviews with industry stakeholders to collect and analyze their feedback on the proposed opportunities.","The original user story was clear but lacked measurable criteria and specificity. The improved version enhances clarity by specifying the evaluation process, measurable acceptance criteria, and a structured test outline to ensure the business objectives are met.","it (ISO 29148)
that (ISO 29148)
can (NASA ARM)",2,4,2.0,2,5,3.0,4,5,1.0,2,5,3.0,2,5,3.0,2,5,3.0,2,5,3.0,—
A1US6Ll,"As a fleet manager, I want to reduce fuel consumption and emissions by using Autonomous Vehicles (AVs), so that I can minimize my organization's environmental footprint and save on fuel costs.","User Story:
As a fleet manager, I want to implement Autonomous Vehicles (AVs) to decrease fuel consumption and emissions by at least 20% within the next year, so that I can significantly reduce my organization's environmental impact and achieve annual fuel savings of $50,000.

Acceptance Criteria:
- Fuel consumption must be reduced by a minimum of 20% compared to the current fleet within 12 months of AV deployment.
- Emissions should decrease by at least 25% as measured by standard environmental metrics.
- The total fuel cost savings should reach $50,000 annually post-implementation.

Test Outline:
- Analyze fuel consumption data before and after AV implementation to verify the 20% reduction.
- Measure emissions levels using standard testing protocols to confirm a 25% decrease.
- Calculate the total fuel costs over the year to ensure savings meet or exceed $50,000.","The original user story was clear but lacked specific, measurable criteria. The improved version enhances clarity by specifying quantifiable goals for fuel consumption and emissions reductions, as well as financial savings, making it more actionable and aligned with business objectives.","that (ISO 29148)
can (NASA ARM)",4,4,0.0,4,4,0.0,5,5,0.0,4,5,1.0,5,5,0.0,4,5,1.0,4,5,1.0,—
A1US7Ll,"As a passenger, I want to enjoy the increased comfort and convenience of Autonomous Vehicles (AVs), including the release of driver time and business opportunities, so that I can be more productive and relaxed during my journey.","User Story:
As a passenger, I want to experience enhanced comfort and convenience in Autonomous Vehicles (AVs) so that I can utilize my travel time for productive activities and arrive at my destination feeling relaxed.

Acceptance Criteria:
- The AV must provide a comfortable seating arrangement that meets at least 90% of user satisfaction ratings in post-ride surveys.
- Passengers should be able to access productivity tools (e.g., Wi-Fi, charging ports) during the journey, with at least 95% of users reporting satisfaction with these features.
- The AV should demonstrate a reduction in travel-related stress, with at least 80% of passengers indicating they feel more relaxed compared to traditional vehicles.

Test Outline:
- Conduct user satisfaction surveys after AV rides to evaluate comfort and convenience features.
- Monitor the usage of productivity tools during rides to assess their effectiveness and user satisfaction.","The original user story was well-articulated but needed clearer, measurable criteria to enhance its effectiveness. The improved version specifies explicit benefits, measurable acceptance criteria, and a structured test outline to ensure the value of the AV experience is clearly defined.","that (ISO 29148)
these (ISO 29148)
be able to (NASA ARM)
can (NASA ARM)
more (NASA ARM)",4,4,0.0,4,4,0.0,5,5,0.0,4,5,1.0,4,5,1.0,3,5,2.0,4,5,1.0,—
A1US8Ll,"As a developer, I want to design and develop AI-powered Autonomous Vehicles (AVs) that can process large-scale data from sensors and devices, so that I can create a more efficient and reliable transportation system.","User Story:
As a developer, I want to design and implement AI-driven Autonomous Vehicles (AVs) that can analyze and process data from multiple sensors and devices in real-time, so that I can enhance the efficiency and reliability of the transportation system by reducing response times by at least 30% and improving safety metrics by 25%.

Acceptance Criteria:
- The AV system must process data from at least 10 different sensor types simultaneously with a latency of no more than 100 milliseconds.
- The system should demonstrate a 30% reduction in response time for navigation decisions compared to current models.
- Safety metrics, including incident rates, should improve by at least 25% during testing phases.

Test Outline:
- Conduct performance tests to measure data processing speed and latency under various conditions.
- Analyze the response times of the AV system in simulated environments to ensure a 30% improvement.
- Monitor and evaluate safety metrics during pilot testing to confirm a 25% reduction in incidents.","The original user story was well-defined but lacked specific measurable criteria and clear business impact. The improved version enhances clarity by specifying the developer's role, detailing the capabilities, and providing quantifiable acceptance criteria and a structured test outline to ensure the project's success.","that (ISO 29148)
can (NASA ARM)
more (NASA ARM)",2,4,2.0,2,4,2.0,3,5,2.0,2,5,3.0,2,5,3.0,1,5,4.0,2,5,3.0,—
A1US9Ll,"As a regulator, I want to ensure that Autonomous Vehicles (AVs) meet the highest safety standards and are tested rigorously to minimize risk, so that I can protect the public and ensure a safe and reliable transportation system.","User Story:
As a regulator, I want to ensure that Autonomous Vehicles (AVs) comply with stringent safety standards and undergo comprehensive testing so that I can safeguard public welfare and maintain a trustworthy transportation system.

Acceptance Criteria:
- AVs must pass at least 95% of safety tests before being approved for public use.
- Testing protocols should cover a minimum of 10,000 miles of varied driving conditions to assess performance and safety.
- Regular audits should be conducted every 6 months to ensure ongoing compliance with safety regulations.

Test Outline:
- Review test results and compliance reports to verify that AVs meet the 95% pass rate.
- Analyze data from the testing phase to confirm that the required mileage and conditions were met.
- Schedule and perform audits to ensure adherence to safety standards and regulations.","The original user story was well-articulated but could benefit from more specificity and measurable criteria. The improved version clarifies the role of the regulator, emphasizes the importance of rigorous testing, and includes quantifiable acceptance criteria and a structured test outline to enhance clarity and focus on public safety.","that (ISO 29148)
every (ISO 29148)
can (NASA ARM)",4,4,0.0,4,4,0.0,5,5,0.0,4,5,1.0,4,5,1.0,4,5,1.0,4,5,1.0,—
A1US10Ll,"As a commuter, I want to benefit from the reduced traffic congestion and parking needs that Autonomous Vehicles (AVs) can provide, so that I can save time and reduce stress during my daily commute.","User Story:
As a commuter, I want to leverage the advantages of Autonomous Vehicles (AVs) to minimize traffic congestion and eliminate parking challenges, so that I can save at least 30 minutes on my commute and experience a 40% reduction in stress levels.

Acceptance Criteria:
- The implementation of AVs should lead to a measurable decrease in traffic congestion by at least 20% during peak hours.
- Commuters should report a time savings of 30 minutes or more on average compared to traditional commuting methods.
- Surveys should indicate a 40% improvement in commuter stress levels after using AVs for a month.

Test Outline:
- Analyze traffic data before and after the introduction of AVs to quantify changes in congestion levels.
- Conduct user surveys to assess time savings and stress reduction experienced by commuters using AVs.","The original user story was well-intentioned but lacked specificity and measurable criteria. The improved version clarifies the commuter's role, quantifies the expected benefits, and provides clear acceptance criteria and a test outline to ensure the value of AVs is effectively communicated.","that (ISO 29148)
can (NASA ARM)
more (NASA ARM)",4,4,0.0,4,4,0.0,5,5,0.0,4,5,1.0,4,5,1.0,3,5,2.0,4,5,1.0,—
A2US1Ll,"As a researcher, I want to develop an objective method to track physical-aggressive incidents in children, so that I can identify early warning signs and provide timely interventions.","User Story:
As a researcher, I want to create a standardized and objective method for tracking physical-aggressive incidents in children so that I can identify early warning signs with at least 80% accuracy and implement timely interventions to improve child well-being.

Acceptance Criteria:
- The tracking method must be able to categorize incidents with a minimum of 90% reliability based on predefined criteria.
- Data collection should allow for real-time input and analysis, with reports generated within 24 hours of incident recording.
- At least 75% of caregivers and educators should report increased awareness of aggressive behaviors after the method is implemented.

Test Outline:
- Validate the reliability of the tracking method by comparing incident reports against independent observations for accuracy.
- Monitor the time taken to generate reports after data entry to ensure it meets the 24-hour requirement.
- Conduct surveys with caregivers and educators to assess their awareness and understanding of aggressive behaviors before and after implementation.","The original user story was clear but lacked measurable criteria and specificity. The improved version enhances clarity by defining the researcher's role, specifying measurable acceptance criteria, and providing a structured test outline to ensure the method's effectiveness.","it (ISO 29148)
that (ISO 29148)
be able to (NASA ARM)
timely (NASA ARM)
can (NASA ARM)",4,4,0.0,4,4,0.0,5,5,0.0,4,5,1.0,5,5,0.0,4,5,1.0,4,5,1.0,—
A2US2Ll,"As a parent, I want to know if my child is experiencing aggressive episodes, so that I can provide support and guidance to help them manage their emotions and behaviors.","User Story:
As a parent, I want to receive timely notifications if my child exhibits aggressive behavior so that I can intervene promptly and provide the necessary support to help them manage their emotions effectively.

Acceptance Criteria:
- The system must detect and notify parents of aggressive episodes with at least 90% accuracy.
- Notifications should be sent within 5 minutes of the behavior being identified.
- Parents should report a satisfaction rate of 80% or higher regarding the usefulness of the notifications in managing their child's behavior.

Test Outline:
- Analyze the accuracy of the detection system by comparing its alerts against recorded instances of aggressive behavior.
- Measure the time taken from detection to notification to ensure it meets the 5-minute requirement.
- Conduct surveys with parents to assess their satisfaction with the notification system.","The original user story was clear but lacked measurable criteria and specificity. The improved version enhances clarity by specifying the type of notifications, includes quantifiable acceptance criteria, and outlines a structured test plan to ensure effectiveness.","it (ISO 29148)
that (ISO 29148)
timely (NASA ARM)
can (NASA ARM)",4,4,0.0,4,4,0.0,5,5,0.0,4,5,1.0,4,5,1.0,3,5,2.0,4,5,1.0,—
A2US3Ll,"As a clinician, I want to use wearable-sensor-derived physical activity data to identify patterns that distinguish physical-aggressive incidents in children, so that I can develop targeted treatments and interventions.","User Story:
As a clinician, I want to analyze wearable sensor data on physical activity to identify distinct patterns associated with physical aggression in children, so that I can create targeted treatment plans and interventions that improve behavioral outcomes.

Acceptance Criteria:
- The analysis must identify at least 3 significant patterns that correlate with physical-aggressive incidents in a sample size of 100 children.
- The targeted interventions developed should show a measurable reduction in aggressive incidents by at least 30% within 3 months of implementation.
- Clinician feedback on the usability of the data analysis tools should achieve a satisfaction rate of 90% or higher.

Test Outline:
- Conduct a study to analyze the wearable sensor data and document the identified patterns, ensuring statistical significance.
- Implement the targeted interventions and track the frequency of physical-aggressive incidents over a 3-month period to measure effectiveness.
- Survey clinicians using the data analysis tools to gather feedback on their experience and satisfaction.","The original user story was well-defined but could benefit from clearer, measurable criteria. The improved version specifies the expected outcomes, quantifies the success metrics, and outlines a structured approach to testing the effectiveness of the interventions.","that (ISO 29148)
significant (ISO 29148)
can (NASA ARM)",4,4,0.0,4,4,0.0,5,5,0.0,4,5,1.0,5,5,0.0,4,5,1.0,4,5,1.0,—
A2US4Ll,"As a data analyst, I want to apply machine learning techniques (e.g., random forest) to analyze physical activity data and identify physical-aggressive incidents with high precision and accuracy, so that I can contribute to the development of an objective detection method.","User Story:
As a data analyst, I want to implement machine learning techniques, such as random forest algorithms, to analyze physical activity data and accurately identify physical-aggressive incidents so that I can enhance the development of a reliable and objective detection method.

Acceptance Criteria:
- The machine learning model must achieve at least 95% precision and 90% accuracy in identifying physical-aggressive incidents based on a validation dataset.
- The analysis should process and analyze data from a minimum of 1,000 recorded incidents to ensure robustness.
- The model's performance should be evaluated and reported quarterly, with improvements documented in a performance report.

Test Outline:
- Validate the model's performance by comparing its predictions against a labeled dataset to confirm precision and accuracy metrics.
- Analyze the processing time for the model to ensure it can handle the dataset size within a 5-minute window.","The original user story was clear but lacked specific measurable criteria and a structured approach. The improved version enhances clarity by specifying the machine learning techniques, establishes quantifiable acceptance criteria, and outlines a test plan to ensure the effectiveness of the analysis.","reliable (ISO 29148)
it (ISO 29148)
that (ISO 29148)
can (NASA ARM)",4,4,0.0,4,4,0.0,5,5,0.0,4,5,1.0,5,5,0.0,4,5,1.0,4,5,1.0,—
A2US5Ll,"As a researcher, I want to collect demographic, anthropometric, and clinical data from participants to better understand the context and contributing factors of physical-aggressive incidents in children, so that I can develop a more comprehensive understanding of the phenomenon.","User Story:
As a researcher, I want to gather demographic, anthropometric, and clinical data from participants so that I can analyze the contextual and contributing factors of physical aggression in children, ultimately leading to a more thorough understanding of this phenomenon.

Acceptance Criteria:
- Collect data from at least 200 participants to ensure a robust sample size for analysis.
- Achieve a response rate of 85% or higher for the data collection process to ensure reliability.
- Data should be compiled and analyzed within 4 weeks of collection to facilitate timely insights.

Test Outline:
- Verify the sample size by tracking the number of participants who complete the data collection.
- Monitor the response rate and document any follow-up efforts to achieve the target.
- Review the timeline for data compilation and analysis to ensure it aligns with the 4-week goal.","The original user story was clear but could benefit from more specificity and measurable criteria. The improved version clarifies the research goals, specifies quantifiable acceptance criteria, and outlines a structured test plan to enhance clarity and focus on the research's impact.","robust (ISO 29148)
it (ISO 29148)
this (ISO 29148)
that (ISO 29148)
timely (NASA ARM)
can (NASA ARM)
more (NASA ARM)",4,4,0.0,4,4,0.0,5,5,0.0,4,5,1.0,4,5,1.0,3,5,2.0,4,5,1.0,—
A2US6Ll,"As a developer, I want to design a wearable device (e.g., waist-worn activity monitor) that can track physical activity data in children and transmit it to a remote server for analysis, so that I can enable remote monitoring and detection of physical-aggressive incidents.","User Story:
As a developer, I want to create a waist-worn wearable device that accurately tracks physical activity data in children and transmits this information to a remote server for analysis, so that I can facilitate real-time monitoring and early detection of physical-aggressive incidents.

Acceptance Criteria:
- The device must track at least 95% of physical activities accurately, including steps, running, and jumping.
- Data transmission to the remote server should occur within 5 seconds of activity detection, ensuring timely analysis.
- The system should generate alerts for physical-aggressive incidents with a response accuracy of 90% or higher.

Test Outline:
- Validate the accuracy of activity tracking by comparing device data against a controlled set of activities performed by children.
- Measure the time taken for data transmission to the server during various conditions to ensure it meets the 5-second requirement.
- Conduct simulations of physical-aggressive incidents to assess the system's alert accuracy.","The original user story was clear but lacked measurable criteria and specificity. The improved version enhances clarity by defining precise metrics for accuracy, response time, and alert generation, while also providing a structured test outline to verify functionality.","it (ISO 29148)
this (ISO 29148)
that (ISO 29148)
timely (NASA ARM)
can (NASA ARM)",4,4,0.0,4,4,0.0,5,5,0.0,4,5,1.0,4,5,1.0,3,5,2.0,4,5,1.0,—
A2US7Ll,"As a parent, I want to receive alerts and notifications when my child experiences a physical-aggressive incident, so that I can provide immediate support and guidance.","User Story:
As a parent, I want to receive real-time alerts and notifications when my child is involved in a physical-aggressive incident so that I can promptly provide support and guidance, ensuring their safety and well-being.

Acceptance Criteria:
- Notifications must be sent to the parent’s device within 1 minute of the incident being reported.
- At least 95% of alerts should accurately reflect the nature of the incident based on predefined criteria.
- Parents should have the option to customize notification settings, with at least 80% of users reporting satisfaction with the customization options.

Test Outline:
- Simulate various incident scenarios to measure the time taken for notifications to be sent and received.
- Review the accuracy of notifications against incident reports to ensure they meet the 95% accuracy requirement.
- Conduct user surveys to assess satisfaction with the notification customization features.","The original user story was clear but lacked measurable criteria and specificity. The improved version enhances clarity by specifying the urgency of notifications, measurable acceptance criteria, and a structured test outline to ensure the functionality meets user needs.","that (ISO 29148)
provide support (ISO 29148)
can (NASA ARM)",4,4,0.0,4,4,0.0,5,5,0.0,4,5,1.0,5,5,0.0,4,5,1.0,4,5,1.0,—
A2US8Ll,"As a researcher, I want to investigate the effectiveness of the machine learning model in distinguishing physical aggression epochs from non-aggression epochs, so that I can refine and improve the detection algorithm.","User Story:
As a researcher, I want to analyze the performance of the machine learning model in accurately differentiating between physical aggression epochs and non-aggression epochs so that I can enhance the detection algorithm's precision and reliability.

Acceptance Criteria:
- The model must achieve at least 85% accuracy in classifying aggression and non-aggression epochs during testing.
- The false positive rate should be reduced to less than 10% to minimize incorrect classifications.
- The model's performance should be evaluated using a dataset of at least 1,000 labeled epochs to ensure statistical significance.

Test Outline:
- Conduct a series of tests using the labeled dataset to measure the model's accuracy and false positive rate.
- Analyze the results to identify areas for improvement in the detection algorithm.","The original user story was clear but lacked specific, measurable criteria. The improved version enhances clarity by specifying performance metrics, ensuring the story is actionable and focused on business relevance, while also providing a structured test outline.","that (ISO 29148)
can (NASA ARM)
less (NASA ARM)",4,4,0.0,4,4,0.0,5,5,0.0,4,5,1.0,4,5,1.0,3,5,2.0,4,5,1.0,—
A2US9Ll,"As a clinician, I want to use the sensor-derived feature of vector magnitude (faster triaxial acceleration) to identify early warning signs of physical-aggressive incidents in children, so that I can develop targeted interventions and prevention strategies.","User Story:
As a clinician, I want to utilize the sensor-derived feature of vector magnitude from faster triaxial acceleration to detect early warning signs of physical aggression in children, so that I can implement targeted interventions and prevention strategies effectively.

Acceptance Criteria:
- The system must analyze sensor data and identify potential aggressive incidents with at least 85% accuracy.
- Alerts for early warning signs should be generated within 3 seconds of detecting relevant sensor patterns.
- Clinicians should report a 75% improvement in intervention effectiveness based on the insights derived from the sensor data.

Test Outline:
- Validate the accuracy of the incident detection by comparing system alerts against actual observed behaviors in a controlled environment.
- Measure the response time for the system to generate alerts after detecting relevant patterns in the sensor data.
- Collect clinician feedback on the effectiveness of interventions based on the insights provided by the system.",The original user story was well-defined but could benefit from clearer measurable criteria. The improved version maintains the intent while specifying quantifiable acceptance criteria and a structured test outline to enhance clarity and focus on the business impact.,"that (ISO 29148)
faster (ISO 29148)
can (NASA ARM)",4,4,0.0,4,4,0.0,5,5,0.0,4,5,1.0,5,5,0.0,4,5,1.0,4,5,1.0,—
A2US10Ll,"As a system designer, I want to design a scalable and efficient system for remotely detecting and managing aggressive incidents in children, so that I can enable widespread adoption and improve the lives of children and their families.","User Story:
As a system designer, I want to create a scalable and efficient system for the remote detection and management of aggressive incidents in children so that I can facilitate widespread adoption and significantly enhance the well-being of children and their families.

Acceptance Criteria:
- The system must support at least 1,000 concurrent users without performance degradation.
- Detection accuracy of aggressive incidents should be ≥ 90%, validated through real-world testing.
- User adoption rate should reach at least 75% within the first year of deployment.

Test Outline:
- Conduct load testing to ensure the system can handle the specified number of concurrent users.
- Implement a pilot program to assess the accuracy of incident detection and gather user feedback.
- Track user adoption metrics over the first year to evaluate the success of the deployment.","The original user story was well-structured but lacked specific measurable criteria. The improved version clarifies the goals, emphasizes measurable outcomes, and provides a structured approach to testing and validation, enhancing the overall clarity and focus on business impact.","efficient (ISO 29148)
that (ISO 29148)
can (NASA ARM)",2,4,2.0,2,4,2.0,4,5,1.0,2,5,3.0,2,5,3.0,2,5,3.0,2,5,3.0,—
A3US1Ll,"As a social media platform administrator, I want to detect aggressive behavior on Twitter in real-time, so that I can prevent online harassment and maintain a safe online environment.","User Story:
As a social media platform administrator, I want to implement a real-time detection system for aggressive behavior on Twitter so that I can proactively prevent online harassment and ensure a safe environment for all users.

Acceptance Criteria:
- The detection system must identify and flag at least 90% of aggressive posts within 5 seconds of being published.
- The system should reduce the incidence of reported harassment cases by at least 30% within the first three months of implementation.
- Administrators should receive alerts for flagged content with a response accuracy of 85% or higher.

Test Outline:
- Monitor the system's performance by analyzing the percentage of aggressive posts accurately detected and flagged in real-time.
- Track the number of harassment reports before and after the implementation to measure the reduction in incidents.","The original user story was clear but lacked specific, measurable criteria. The improved version enhances clarity by specifying the capability, business relevance, and measurable acceptance criteria, along with a structured test outline to verify effectiveness.","that (ISO 29148)
all (ISO 29148)
can (NASA ARM)",4,4,0.0,4,4,0.0,5,5,0.0,4,5,1.0,4,5,1.0,3,5,2.0,4,5,1.0,—
A3US2Ll,"As a data scientist, I want to develop a machine learning framework that can adapt to new annotated examples and evolve with changing aggressive behavior on social media, so that I can maintain high detection accuracy.","User Story:
As a data scientist, I want to create a dynamic machine learning framework that can incorporate new annotated examples and adapt to evolving aggressive behavior on social media, so that I can achieve and maintain a detection accuracy of at least 95%.

Acceptance Criteria:
- The framework must successfully integrate new annotated examples within 24 hours of availability.
- The detection accuracy should remain above 95% after each update, verified through performance metrics.
- The system should demonstrate adaptability by correctly identifying at least 90% of new aggressive behavior patterns within one week of their emergence.

Test Outline:
- Monitor the integration process of new examples to ensure it meets the 24-hour requirement.
- Evaluate detection accuracy through regular testing against a benchmark dataset to confirm it stays above 95%.
- Analyze the framework's performance on newly identified aggressive behavior patterns to ensure it meets the 90% identification rate.","The original user story was well-defined but lacked specific measurable criteria. The improved version clarifies the capability and business relevance while providing explicit, quantifiable acceptance criteria and a structured test outline to enhance clarity and focus on the project's goals.","it (ISO 29148)
that (ISO 29148)
can (NASA ARM)",4,4,0.0,4,4,0.0,5,5,0.0,4,5,1.0,4,5,1.0,3,5,2.0,4,5,1.0,—
A3US3Ll,"As a researcher, I want to compare the performance of our real-time framework with traditional batch-based machine learning models, so that I can demonstrate the effectiveness of our approach.","User Story:
As a researcher, I want to conduct a comparative analysis of our real-time framework against traditional batch-based machine learning models so that I can quantitatively demonstrate the superior performance and efficiency of our approach.

Acceptance Criteria:
- The analysis must include at least 5 different datasets to ensure comprehensive evaluation.
- Performance metrics such as accuracy, processing time, and resource utilization should be measured, with the real-time framework outperforming batch models by at least 20% in at least two of these metrics.
- The findings should be documented in a report that is peer-reviewed and accepted for publication in a relevant conference or journal.

Test Outline:
- Execute experiments using both frameworks on the same datasets and record the performance metrics for comparison.
- Prepare the report and submit it to a peer-reviewed journal, tracking the acceptance status to confirm publication.","The original user story was clear but lacked measurable criteria and specificity. The improved version enhances clarity by specifying the analysis scope, measurable acceptance criteria, and a structured test outline to demonstrate the effectiveness of the real-time framework.","it (ISO 29148)
that (ISO 29148)
these (ISO 29148)
can (NASA ARM)",4,4,0.0,4,4,0.0,5,5,0.0,4,5,1.0,4,5,1.0,3,5,2.0,4,5,1.0,—
A3US4Ll,"As a system administrator, I want to deploy our framework on a minimal number of commodity machines, so that I can process the entire Twitter Firehose (778 million tweets per day) without excessive resource requirements.","User Story:
As a system administrator, I want to deploy our framework on a limited number of cost-effective commodity machines so that I can efficiently process the entire Twitter Firehose, which consists of approximately 778 million tweets per day, while minimizing resource consumption and operational costs.

Acceptance Criteria:
- The framework must be capable of processing at least 95% of the Twitter Firehose in real-time without exceeding 70% CPU utilization on any machine.
- The deployment should not require more than 10 commodity machines to handle the full load of 778 million tweets daily.
- System performance should be monitored to ensure that the average processing time per tweet does not exceed 100 milliseconds.

Test Outline:
- Conduct load testing to verify that the framework can handle the specified volume of tweets within the defined CPU utilization limits.
- Measure the number of machines used during peak processing times to confirm it does not exceed the set limit.
- Analyze the processing time for a sample of tweets to ensure it meets the 100-millisecond criterion.","The original user story was clear but could be enhanced with more specific measurable criteria. The improved version emphasizes the efficiency of resource usage, provides quantifiable acceptance criteria, and outlines a structured testing approach to ensure the deployment meets operational goals.","effective (ISO 29148)
it (ISO 29148)
that (ISO 29148)
be capable of (NASA ARM)
effective (NASA ARM)
can (NASA ARM)
more (NASA ARM)",5,4,-1.0,4,4,0.0,5,5,0.0,4,5,1.0,5,5,0.0,4,5,1.0,5,5,0.0,—
A3US5Ll,"As a social media user, I want to feel safe online and know that aggressive behavior is being detected and addressed in real-time, so that I can engage in online conversations without fear of harassment.","User Story:
As a social media user, I want to have real-time detection and intervention for aggressive behavior so that I can participate in online discussions confidently, free from the threat of harassment.

Acceptance Criteria:
- The system must identify and flag at least 95% of aggressive interactions within 5 seconds of occurrence.
- Users should receive notifications about detected aggressive behavior in real-time, with a response rate of 90% or higher from moderation teams.
- User surveys should reflect a satisfaction rate of 80% or more regarding their sense of safety while using the platform.

Test Outline:
- Analyze the system's performance by tracking the accuracy and speed of aggressive behavior detection over a one-month period.
- Conduct user feedback sessions to evaluate the effectiveness of notifications and overall user safety perception.","The original user story was clear but lacked measurable criteria and specificity. The improved version enhances clarity by defining explicit capabilities, measurable acceptance criteria, and a structured test outline to ensure the effectiveness of the safety measures.","that (ISO 29148)
can (NASA ARM)
more (NASA ARM)",4,4,0.0,4,4,0.0,5,5,0.0,4,5,1.0,4,5,1.0,3,5,2.0,4,5,1.0,—
A3US6Ll,"As a content moderator, I want to receive alerts and notifications about detected aggressive behavior, sarcasm, racism, and sexism on Twitter, so that I can take prompt action to remove harmful content.","User Story:
As a content moderator, I want to receive real-time alerts and notifications for detected instances of aggressive behavior, sarcasm, racism, and sexism on Twitter so that I can take immediate action to remove harmful content and maintain a safe environment for users.

Acceptance Criteria:
- Alerts must be generated within 5 seconds of detecting harmful content, ensuring timely intervention.
- The system should achieve at least 90% accuracy in identifying aggressive behavior and discriminatory language.
- Moderators should be able to review flagged content within 2 minutes of receiving an alert.

Test Outline:
- Monitor the time taken from detection to alert generation to ensure it meets the 5-second requirement.
- Evaluate the accuracy of the detection system by comparing flagged content against a sample of known harmful posts.
- Track the time taken for moderators to review flagged content to confirm it aligns with the 2-minute criterion.","The original user story was clear but lacked measurable criteria and specificity. The improved version enhances clarity by specifying the urgency of alerts, accuracy requirements, and review times, making it more actionable and focused on business impact.","it (ISO 29148)
that (ISO 29148)
be able to (NASA ARM)
timely (NASA ARM)
can (NASA ARM)",4,4,0.0,4,4,0.0,5,5,0.0,4,5,1.0,4,5,1.0,3,5,2.0,4,5,1.0,—
A3US7Ll,"As a developer, I want to integrate our real-time framework with existing social media platforms, so that I can provide a seamless user experience and detect aggressive behavior across different platforms.","User Story:
As a developer, I want to integrate our real-time framework with major social media platforms so that I can deliver a seamless user experience and effectively identify aggressive behavior across these platforms.

Acceptance Criteria:
- The integration must support at least 3 major social media platforms (e.g., Facebook, Twitter, Instagram) within 4 weeks of development.
- The system should detect and flag aggressive behavior with a minimum accuracy rate of 85% across all integrated platforms.
- User experience metrics should show a 20% increase in user engagement after the integration is completed.

Test Outline:
- Verify the integration by testing the framework's functionality with each social media platform to ensure compatibility and performance.
- Conduct a series of tests to measure the accuracy of aggressive behavior detection and gather user feedback on the overall experience.","The original user story was clear but lacked measurable criteria and specific timelines. The improved version enhances clarity by specifying the number of platforms, accuracy rates, and expected user engagement improvements, along with a structured test outline.","that (ISO 29148)
these (ISO 29148)
all (ISO 29148)
can (NASA ARM)",4,4,0.0,4,4,0.0,5,5,0.0,4,5,1.0,4,5,1.0,3,5,2.0,4,5,1.0,—
A3US8Ll,"As a researcher, I want to analyze the performance of our framework on detecting related behaviors such as sarcasm, racism, and sexism, so that I can refine our approach and improve detection accuracy.","User Story:
As a researcher, I want to evaluate the effectiveness of our framework in identifying behaviors such as sarcasm, racism, and sexism so that I can enhance our detection methods and achieve an accuracy improvement of at least 15%.

Acceptance Criteria:
- The framework must demonstrate a detection accuracy of 85% or higher for sarcasm, racism, and sexism in a test dataset.
- The analysis should include at least 1,000 samples to ensure statistical significance.
- A report summarizing the findings and proposed refinements must be completed within 4 weeks of the analysis.

Test Outline:
- Conduct a series of tests using the framework on the specified behaviors and measure the accuracy against a labeled dataset.
- Review the report for clarity and actionable insights, ensuring it meets the 4-week deadline.","The original user story was clear but lacked measurable criteria and specific goals. The improved version emphasizes quantifiable acceptance criteria, a defined timeline, and a focus on enhancing detection accuracy, making it more actionable and aligned with business objectives.","it (ISO 29148)
that (ISO 29148)
can (NASA ARM)",4,4,0.0,4,4,0.0,5,5,0.0,4,5,1.0,4,5,1.0,3,5,2.0,4,5,1.0,—
A3US9Ll,"As a social media platform administrator, I want to use our framework to identify trends and patterns of aggressive behavior on Twitter, so that I can develop targeted interventions and prevention strategies.","User Story:
As a social media platform administrator, I want to leverage our analytical framework to detect trends and patterns of aggressive behavior on Twitter so that I can implement targeted interventions and prevention strategies that reduce such behavior by at least 30% over the next quarter.

Acceptance Criteria:
- The framework must identify at least 95% of aggressive behavior instances based on predefined criteria.
- Reports on trends and patterns should be generated weekly, with actionable insights provided within 24 hours of detection.
- User engagement metrics should show a 20% increase in positive interactions following the implementation of interventions.

Test Outline:
- Validate the accuracy of the framework by comparing identified instances of aggressive behavior against a manually reviewed sample.
- Track the time taken to generate reports and ensure they meet the 24-hour requirement.
- Measure user engagement metrics before and after the implementation of interventions to assess the impact.","The original user story was clear but lacked measurable criteria and specific goals. The improved version enhances clarity by specifying quantifiable acceptance criteria and a structured test outline, focusing on the effectiveness of interventions.","that (ISO 29148)
can (NASA ARM)",4,4,0.0,4,4,0.0,5,5,0.0,4,5,1.0,4,5,1.0,3,5,2.0,4,5,1.0,—
A3US10Ll,"As a system designer, I want to design a scalable and flexible architecture for our real-time framework, so that it can easily integrate with new social media platforms and accommodate increasing volumes of user-generated content.","User Story:
As a system designer, I want to create a scalable and adaptable architecture for our real-time framework so that it can seamlessly integrate with at least three new social media platforms annually and handle a 200% increase in user-generated content without performance degradation.

Acceptance Criteria:
- The architecture must support integration with new platforms within 4 weeks of their release.
- The system should maintain performance levels with a minimum of 95% uptime during peak usage periods.
- The framework must be able to process at least 10,000 concurrent user interactions without latency exceeding 1 second.

Test Outline:
- Evaluate the integration process by measuring the time taken to connect with new social media platforms.
- Monitor system performance metrics during peak usage to ensure uptime and response time criteria are met.
- Conduct stress tests to verify the framework's ability to handle the specified number of concurrent interactions.","The original user story was well-structured but lacked specific measurable criteria. The improved version clarifies the goals, emphasizes scalability and flexibility, and provides explicit acceptance criteria and a test outline to ensure the architecture meets business needs.","it (ISO 29148)
that (ISO 29148)
be able to (NASA ARM)
can (NASA ARM)",4,4,0.0,4,4,0.0,5,5,0.0,4,5,1.0,4,5,1.0,2,5,3.0,4,5,1.0,—
A4US1Ll,"As a military strategist, I want to understand the transformative impact of AI on international security, so that I can develop effective responses to emerging threats and opportunities.","User Story:
As a military strategist, I want to analyze the transformative effects of artificial intelligence on international security so that I can formulate strategic responses to at least three emerging threats and identify two new opportunities for defense innovation.

Acceptance Criteria:
- Conduct a comprehensive analysis that identifies a minimum of three specific threats posed by AI advancements within the next 5 years.
- Present at least two actionable opportunities for leveraging AI in defense strategies by the end of the quarter.
- Gather feedback from at least five key stakeholders to validate the findings and proposed strategies.

Test Outline:
- Review the analysis report to ensure it includes the identified threats and opportunities with supporting data.
- Organize a stakeholder meeting to present findings and collect feedback, ensuring all voices are heard and documented.","The original user story was well-articulated but lacked measurable criteria and specific outcomes. The improved version clarifies the strategic goals, sets quantifiable acceptance criteria, and outlines a structured approach for validation and feedback.","it (ISO 29148)
that (ISO 29148)
all (ISO 29148)
can (NASA ARM)",3,4,1.0,3,5,2.0,4,5,1.0,3,5,2.0,4,5,1.0,2,5,3.0,3,5,2.0,—
A4US2Ll,"As a security expert, I want to identify the potential risks and challenges associated with AI in the security environment, so that I can mitigate them through cooperation and collaboration.","User Story:
As a security expert, I want to systematically identify and assess the potential risks and challenges posed by AI technologies in the security landscape so that I can develop effective mitigation strategies through collaboration with stakeholders.

Acceptance Criteria:
- A comprehensive risk assessment report must be generated that identifies at least 10 key AI-related security risks within 4 weeks.
- Collaborate with at least 3 different departments or external partners to gather diverse insights and perspectives on AI risks.
- Implement at least 2 actionable mitigation strategies based on the findings, with a follow-up review scheduled within 2 months to evaluate their effectiveness.

Test Outline:
- Review the risk assessment report for completeness and accuracy against industry standards.
- Conduct meetings with collaborating departments to ensure their input is reflected in the final strategies.
- Monitor the implementation of mitigation strategies and gather feedback to assess their impact on reducing identified risks.","The original user story was clear but lacked measurable criteria and specificity. The improved version enhances clarity by detailing the process, establishing quantifiable acceptance criteria, and providing a structured test outline to ensure effective risk management.","effective (ISO 29148)
that (ISO 29148)
effective (NASA ARM)
can (NASA ARM)",2,4,2.0,2,4,2.0,4,5,1.0,2,5,3.0,3,5,2.0,2,5,3.0,3,5,2.0,—
A4US3Ll,"As a technologist, I want to design and develop drones that can learn and operate autonomously, using AI and GIS, so that I can enhance military capabilities and decision-making.","User Story:
As a technologist, I want to design and develop autonomous drones that utilize AI and GIS technologies so that I can significantly enhance military operational capabilities and improve decision-making processes.

Acceptance Criteria:
- The drones must demonstrate the ability to operate autonomously in at least 90% of test scenarios without human intervention.
- The integration of AI should result in a 30% increase in mission efficiency compared to traditional methods.
- User feedback from military personnel should reflect a satisfaction rate of 85% or higher regarding the drones' performance and reliability.

Test Outline:
- Conduct field tests to evaluate the drones' autonomous operation in various scenarios and measure the percentage of successful missions.
- Analyze mission efficiency metrics before and after AI integration to confirm the 30% improvement.
- Gather and assess feedback from military users to determine satisfaction levels with the drones' capabilities.","The original user story was clear but lacked measurable criteria and specific acceptance metrics. The improved version enhances clarity by specifying the expected performance outcomes, quantifiable acceptance criteria, and a structured test outline to ensure the objectives are met.","that (ISO 29148)
can (NASA ARM)",2,4,2.0,2,4,2.0,4,5,1.0,2,5,3.0,3,5,2.0,2,5,3.0,3,5,2.0,—
A4US4Ll,"As a military commander, I want to leverage AI-powered drones for combat and non-combat operations, so that I can gain a tactical advantage on the ground and improve mission success.","User Story:
As a military commander, I want to utilize AI-powered drones for both combat and non-combat operations so that I can enhance situational awareness, increase operational efficiency, and achieve a mission success rate of at least 90%.

Acceptance Criteria:
- AI-powered drones must provide real-time data analysis with a latency of no more than 1 second during operations.
- The drones should successfully complete at least 95% of assigned missions without critical failures.
- User training programs for drone operation should result in a 90% proficiency rate among operators within the first month of training.

Test Outline:
- Measure the latency of data transmission during live operations to ensure it meets the 1-second requirement.
- Track mission success rates over a series of operations to confirm the 95% success criterion.
- Evaluate operator proficiency through assessments after training to verify the 90% proficiency target.","The original user story was clear but lacked specific, measurable criteria. The improved version enhances clarity by defining explicit performance metrics, operational goals, and a structured testing approach to ensure the effectiveness of the AI-powered drones.","it (ISO 29148)
that (ISO 29148)
can (NASA ARM)
more (NASA ARM)",4,4,0.0,4,4,0.0,5,5,0.0,4,5,1.0,4,5,1.0,3,5,2.0,4,5,1.0,—
A4US5Ll,"As a developer, I want to integrate AI, C5IRS, and GIS systems to create a seamless and interoperable platform for drone operations, so that I can enhance situational awareness and decision-making.","User Story:
As a developer, I want to integrate AI, C5IRS, and GIS systems into a unified platform for drone operations so that I can significantly improve situational awareness and facilitate data-driven decision-making in real-time.

Acceptance Criteria:
- The integrated platform must achieve a data processing speed of at least 100 data points per second to ensure timely insights.
- The interoperability between systems should be validated with a success rate of 95% or higher during testing.
- User feedback should reflect a satisfaction rate of 90% or more regarding the enhanced situational awareness and decision-making capabilities.

Test Outline:
- Measure the data processing speed during integration tests to confirm it meets the 100 data points per second requirement.
- Conduct interoperability tests to track the success rate of system communications and data exchanges.
- Gather user feedback through surveys to assess the perceived improvements in situational awareness and decision-making.","The original user story was well-structured but needed clearer, measurable criteria to enhance its effectiveness. The improved version specifies quantifiable acceptance criteria and a structured test outline, ensuring a focus on business value and user satisfaction.","it (ISO 29148)
that (ISO 29148)
timely (NASA ARM)
can (NASA ARM)
more (NASA ARM)",2,4,2.0,2,4,2.0,4,5,1.0,2,5,3.0,2,5,3.0,2,5,3.0,2,5,3.0,—
A4US6Ll,"As a researcher, I want to investigate the potential of AI-powered drones to transform enterprise functions, mission support, and operations, so that I can identify new opportunities for military advantage.","User Story:
As a researcher, I want to explore the capabilities of AI-powered drones in enhancing enterprise functions, mission support, and operational efficiency so that I can uncover at least three new strategic opportunities for military advantage within the next six months.

Acceptance Criteria:
- The research must identify a minimum of three distinct applications of AI-powered drones that can improve operational effectiveness by at least 20%.
- A comprehensive report detailing findings and recommendations should be completed and presented to stakeholders within six months.
- At least 80% of stakeholders should express interest in pursuing the identified opportunities based on the research findings.

Test Outline:
- Review the research report to ensure it includes at least three viable applications with measurable benefits.
- Conduct a survey of stakeholders to assess their interest level in the proposed opportunities.","The original user story was clear but lacked measurable criteria and specific timelines. The improved version enhances clarity by specifying the role, capability, and business relevance while providing quantifiable acceptance criteria and a structured test outline.","it (ISO 29148)
that (ISO 29148)
can (NASA ARM)",2,4,2.0,2,4,2.0,4,5,1.0,2,5,3.0,2,5,3.0,2,5,3.0,2,5,3.0,—
A4US7Ll,"As a policy-maker, I want to develop cooperative frameworks and guidelines for the responsible development and use of AI-powered drones, so that I can minimize risks and promote ethical behavior.","User Story:
As a policy-maker, I want to establish comprehensive frameworks and guidelines for the ethical development and deployment of AI-powered drones so that I can effectively mitigate risks and foster responsible usage across various sectors.

Acceptance Criteria:
- The frameworks must be developed and published within 6 months, incorporating feedback from at least 3 stakeholder groups.
- The guidelines should include measurable standards for safety and ethical considerations, with at least 5 key metrics defined.
- A review process must be established to assess compliance with the guidelines, with evaluations conducted at least annually.

Test Outline:
- Track the timeline of framework development to ensure it meets the 6-month deadline.
- Gather feedback from stakeholder groups to confirm their input was integrated into the final guidelines.
- Implement a compliance review process and document the outcomes of the first annual evaluation.","The original user story was clear but lacked specificity and measurable criteria. The improved version enhances clarity by specifying the timeline, stakeholder involvement, and compliance metrics, making it more actionable and aligned with the INVEST principles.","it (ISO 29148)
that (ISO 29148)
can (NASA ARM)",3,4,1.0,3,4,1.0,4,5,1.0,3,5,2.0,3,5,2.0,2,5,3.0,3,5,2.0,—
A4US8Ll,"As a military planner, I want to design scenarios and exercises that incorporate AI-powered drones, so that I can test and evaluate their effectiveness in various operational contexts.","User Story:
As a military planner, I want to create detailed scenarios and exercises that integrate AI-powered drones so that I can rigorously assess their performance and effectiveness across at least three different operational contexts.

Acceptance Criteria:
- Each scenario must include a minimum of 5 distinct operational variables to evaluate the drones' adaptability.
- The effectiveness of the AI-powered drones should be measured with at least 80% accuracy in achieving mission objectives during the exercises.
- A comprehensive report on the outcomes of each exercise should be generated within 48 hours of completion, detailing performance metrics and areas for improvement.

Test Outline:
- Review the scenarios and exercises to ensure they incorporate the required operational variables.
- Analyze the performance data collected during the exercises to verify the accuracy of the effectiveness measurements.
- Evaluate the timeliness and thoroughness of the reports generated post-exercise.","The original user story was clear but lacked measurable criteria and specificity. The improved version enhances clarity by defining explicit performance metrics, operational contexts, and a structured testing approach to ensure comprehensive evaluation.","that (ISO 29148)
can (NASA ARM)",4,4,0.0,4,4,0.0,5,5,0.0,4,5,1.0,4,5,1.0,4,5,1.0,4,5,1.0,—
A4US9Ll,"As a trainer, I want to develop training programs that prepare military personnel to work effectively with AI-powered drones, so that I can ensure seamless human-machine collaboration.","User Story:
As a trainer, I want to create comprehensive training programs that equip personnel with the skills to operate AI-powered drones effectively, so that I can enhance operational efficiency and ensure seamless human-machine collaboration in the field.

Acceptance Criteria:
- Training programs must cover at least 5 key operational scenarios involving AI-powered drones.
- At least 90% of trainees should demonstrate proficiency in drone operation through practical assessments.
- Training completion should result in a 30% reduction in operational errors during drone missions compared to previous training methods.

Test Outline:
- Evaluate the training curriculum to ensure it includes the required operational scenarios.
- Conduct assessments to measure trainee proficiency and track error rates during drone operations before and after training.","The original user story was clear but lacked measurable criteria and specificity. The improved version enhances clarity by specifying the trainer's role, detailing the training program's objectives, and providing quantifiable acceptance criteria and a structured test outline.","it (ISO 29148)
that (ISO 29148)
can (NASA ARM)",4,4,0.0,3,4,1.0,4,5,1.0,3,5,2.0,4,5,1.0,2,5,3.0,3,5,2.0,—
A4US10Ll,"As a system architect, I want to design and implement an AI-powered drone system that can adapt to changing circumstances and learn from experience, so that I can create a truly autonomous and effective military capability.","User Story:
As a system architect, I want to design and implement an AI-driven drone system that can autonomously adapt to dynamic environments and learn from operational experiences, so that I can establish a highly effective military capability that enhances mission success rates.

Acceptance Criteria:
- The drone system must demonstrate the ability to adapt to at least 5 different environmental scenarios without human intervention.
- The AI should improve its decision-making accuracy by at least 20% after each operational cycle based on learned experiences.
- The system must achieve a mission success rate of 90% or higher in simulated military operations.

Test Outline:
- Conduct simulations to evaluate the drone's adaptability across various environmental conditions and document its performance.
- Analyze the AI's decision-making improvements by comparing pre- and post-operation accuracy metrics.
- Track the success rate of missions during testing to ensure it meets the 90% threshold.","The original user story was clear but lacked measurable criteria and specific outcomes. The improved version enhances clarity by specifying the capabilities, measurable acceptance criteria, and a structured test outline to ensure the effectiveness of the AI-powered drone system.","effective (ISO 29148)
it (ISO 29148)
that (ISO 29148)
effective (NASA ARM)
can (NASA ARM)",2,4,2.0,2,4,2.0,3,5,2.0,2,5,3.0,2,5,3.0,1,5,4.0,2,5,3.0,—
A5US1Ll,"As a Pathology Laboratory Staff Member, I want to easily and efficiently deliver blood and urine samples using the GoCart robot so that I can reduce my workload and focus on other tasks.","User Story:
As a Pathology Laboratory Staff Member, I want to utilize the GoCart robot for the delivery of blood and urine samples so that I can decrease my manual workload by at least 30% and allocate more time to critical laboratory tasks.

Acceptance Criteria:
- The GoCart robot must successfully deliver samples with a 95% success rate without delays.
- The average time taken for sample delivery should be reduced to 5 minutes or less.
- Staff should report a 90% satisfaction rate regarding the efficiency of the sample delivery process after implementation.

Test Outline:
- Track the success rate of sample deliveries over a month to ensure it meets the 95% threshold.
- Measure the time taken for each delivery to confirm it averages 5 minutes or less.
- Conduct surveys with laboratory staff to assess their satisfaction with the new delivery system.","The original user story was clear but lacked measurable criteria and specific benefits. The improved version emphasizes quantifiable goals, clarifies the capability of the GoCart robot, and outlines acceptance criteria and testing methods to enhance clarity and focus on business value.","it (ISO 29148)
that (ISO 29148)
can (NASA ARM)
more (NASA ARM)
less (NASA ARM)",4,4,0.0,4,4,0.0,5,5,0.0,4,5,1.0,4,5,1.0,3,5,2.0,4,5,1.0,—
A5US2Ll,"As a Residential Care Facility Staff Member, I want to use the GoCart robot to deliver meals to residents quickly and accurately so that I can improve the quality of care and resident satisfaction.","User Story:
As a Residential Care Facility Staff Member, I want to utilize the GoCart robot for meal delivery to residents with a delivery time of under 5 minutes and an accuracy rate of 98% so that I can enhance the quality of care and increase resident satisfaction by at least 20%.

Acceptance Criteria:
- The GoCart robot must deliver meals to residents within 5 minutes for at least 90% of orders.
- The accuracy of meal delivery should be maintained at 98% or higher, ensuring residents receive the correct meals.
- Post-delivery surveys should reflect a 20% increase in resident satisfaction regarding meal service.

Test Outline:
- Track the delivery times of the GoCart robot over a week to ensure compliance with the 5-minute requirement.
- Monitor the accuracy of meal deliveries by cross-referencing orders with what residents receive.
- Conduct resident satisfaction surveys before and after implementing the GoCart robot to measure the increase in satisfaction.","The original user story was clear but lacked specific measurable criteria and a structured approach. The improved version enhances clarity by specifying measurable goals for delivery time and accuracy, as well as a quantifiable target for resident satisfaction, along with a detailed test outline.","that (ISO 29148)
can (NASA ARM)",4,4,0.0,4,4,0.0,5,5,0.0,4,5,1.0,5,5,0.0,4,5,1.0,4,5,1.0,—
A5US3Ll,"As a facility manager, I want to monitor the GoCart robot's activity and receive notifications when it encounters any issues or errors so that I can ensure smooth operations and minimize disruptions.","User Story:
As a facility manager, I want to track the operational status of the GoCart robot and receive real-time notifications for any issues or errors so that I can maintain seamless operations and reduce downtime by at least 30%.

Acceptance Criteria:
- The monitoring system must provide updates on the GoCart robot's activity every 5 minutes.
- Notifications for issues or errors should be sent within 1 minute of detection, achieving a response rate of 95% or higher.
- The system should log all incidents, allowing for a review of at least 90% of issues within a 24-hour period.

Test Outline:
- Verify the frequency of activity updates to ensure they occur every 5 minutes.
- Test the notification system by simulating errors and measuring the time taken to send alerts.
- Review the incident logs to confirm that at least 90% of issues are documented and accessible within the specified timeframe.","The original user story was clear but lacked measurable criteria and specific performance goals. The improved version enhances clarity by specifying quantifiable acceptance criteria and a structured test outline, focusing on operational efficiency and reliability.","that (ISO 29148)
all (ISO 29148)
every (ISO 29148)
can (NASA ARM)",4,4,0.0,4,4,0.0,5,5,0.0,4,5,1.0,5,5,0.0,4,5,1.0,4,5,1.0,—
A5US4Ll,"As a Healthcare Worker, I want the GoCart robot to be designed with a user-friendly interface and clear instructions so that I can easily use it without extensive training.","User Story:
As a Healthcare Worker, I want the GoCart robot to feature an intuitive user interface and comprehensive instructions so that I can operate it effectively with minimal training, enhancing my workflow efficiency.

Acceptance Criteria:
- The user interface must be navigable within 3 clicks for 90% of common tasks.
- Clear instructions should be accessible within 2 seconds of initiating the robot, with at least 95% of users reporting they understand how to use the robot after a single demonstration.
- User satisfaction regarding the ease of use should reach at least 85% in post-training surveys.

Test Outline:
- Conduct usability testing with healthcare workers to measure the number of clicks required to complete common tasks.
- Evaluate the accessibility and clarity of instructions through user feedback sessions after initial demonstrations.","The original user story was clear but lacked measurable criteria and specific acceptance metrics. The improved version enhances clarity by specifying quantifiable acceptance criteria and a structured test outline, ensuring the story is actionable and focused on user experience.","intuitive (ISO 29148)
it (ISO 29148)
that (ISO 29148)
minimal (ISO 29148)
can (NASA ARM)",4,4,0.0,4,4,0.0,5,5,0.0,4,5,1.0,4,5,1.0,3,5,2.0,4,5,1.0,—
A5US5Ll,"As a Patient or Resident, I want the GoCart robot to deliver my meals or samples in a timely and efficient manner so that I can receive the care I need without delay.","User Story:
As a Patient or Resident, I want the GoCart robot to deliver my meals or samples within 15 minutes of the scheduled time so that I can receive the necessary care and nourishment without unnecessary delays.

Acceptance Criteria:
- The GoCart robot must successfully complete at least 95% of deliveries within the 15-minute timeframe.
- Delivery accuracy should be maintained at 100%, ensuring that the correct meals or samples are delivered to the right patients.
- User satisfaction regarding the delivery service should reach a minimum of 90% based on post-delivery feedback surveys.

Test Outline:
- Track the delivery times of the GoCart robot over a week to ensure compliance with the 15-minute requirement.
- Conduct audits to verify the accuracy of deliveries and gather user feedback to assess satisfaction levels.","The original user story was clear but lacked specific, measurable criteria. The improved version enhances clarity by specifying a precise delivery timeframe, acceptance criteria, and a structured test outline to ensure accountability and effectiveness.","that (ISO 29148)
can (NASA ARM)",4,4,0.0,4,4,0.0,5,5,0.0,4,5,1.0,4,5,1.0,3,5,2.0,4,5,1.0,—
A5US6Ll,"As a Safety and Security Officer, I want the GoCart robot to be equipped with safety features such as collision detection and emergency shutdown so that I can ensure the safety of staff, patients, and residents.","User Story:
As a Safety and Security Officer, I want the GoCart robot to be integrated with advanced safety features, including collision detection and an emergency shutdown mechanism, so that I can guarantee the safety of staff, patients, and residents in all operational environments.

Acceptance Criteria:
- The collision detection system must identify and respond to obstacles within 1 meter with a 95% success rate.
- The emergency shutdown feature should activate within 0.5 seconds of detection of a critical safety issue.
- User training sessions should report a 90% understanding of the safety features among staff after implementation.

Test Outline:
- Conduct tests to measure the effectiveness of the collision detection system in various scenarios to ensure it meets the 95% accuracy requirement.
- Simulate emergency situations to verify the response time of the shutdown mechanism.
- Administer a survey to staff post-training to assess their understanding of the safety features.","The original user story was clear but lacked measurable criteria and specificity. The improved version enhances clarity by detailing the safety features, establishing quantifiable acceptance criteria, and providing a structured test outline to ensure the features meet safety standards.","it (ISO 29148)
that (ISO 29148)
all (ISO 29148)
can (NASA ARM)",4,4,0.0,4,4,0.0,5,5,0.0,4,5,1.0,5,5,0.0,4,5,1.0,4,5,1.0,—
A5US7Ll,"As a IT Support Specialist, I want the GoCart robot to be integrated with our existing systems and infrastructure so that I can easily troubleshoot and maintain the robot.","User Story:
As a IT Support Specialist, I want the GoCart robot to be seamlessly integrated with our existing systems and infrastructure so that I can efficiently troubleshoot and maintain the robot, minimizing downtime and enhancing operational efficiency.

Acceptance Criteria:
- The integration must allow for real-time monitoring of the GoCart robot's performance with a response time of less than 1 second for system alerts.
- At least 90% of troubleshooting tasks should be completed without requiring additional manual intervention.
- Documentation for the integration process must be provided, achieving a user satisfaction rate of 95% or higher among IT staff.

Test Outline:
- Monitor the response time of system alerts during integration to ensure it meets the 1-second requirement.
- Track the percentage of troubleshooting tasks resolved automatically versus those requiring manual intervention over a month.
- Conduct a survey among IT staff to evaluate the clarity and usefulness of the provided documentation.","The original user story was clear but lacked measurable criteria and specific benefits. The improved version enhances clarity by specifying measurable acceptance criteria and a structured test outline, ensuring a focus on operational efficiency and user satisfaction.","it (ISO 29148)
that (ISO 29148)
those (ISO 29148)
can (NASA ARM)
less (NASA ARM)",4,4,0.0,4,4,0.0,4,5,1.0,4,5,1.0,4,5,1.0,3,5,2.0,4,5,1.0,—
A5US8Ll,"As a Quality Improvement Specialist, I want to analyze data and metrics on the GoCart robot's performance and efficiency so that I can identify areas for improvement and optimize its use.","User Story:
As a Quality Improvement Specialist, I want to conduct a comprehensive analysis of data and performance metrics related to the GoCart robot so that I can pinpoint specific areas for enhancement and maximize its operational efficiency.

Acceptance Criteria:
- The analysis must include at least 10 key performance indicators (KPIs) related to the robot's efficiency and effectiveness.
- Recommendations for improvement should be generated within 5 business days of data collection.
- The implemented changes should lead to a measurable increase in efficiency by at least 15% within the next quarter.

Test Outline:
- Review the collected data to ensure all 10 KPIs are included in the analysis.
- Track the timeline from data collection to the delivery of recommendations to confirm it meets the 5-day requirement.
- Measure the efficiency improvements post-implementation to verify the 15% increase.","The original user story was clear but lacked specificity and measurable criteria. The improved version enhances clarity by detailing the analysis process, specifying quantifiable acceptance criteria, and providing a structured test outline to ensure accountability and focus on business outcomes.","it (ISO 29148)
that (ISO 29148)
all (ISO 29148)
can (NASA ARM)",4,4,0.0,4,4,0.0,5,5,0.0,4,5,1.0,4,5,1.0,3,5,2.0,4,5,1.0,—
A5US9Ll,"As a Robot Maintenance Technician, I want to easily access and update the GoCart robot's software and firmware so that I can ensure it remains functional and efficient.","User Story:
As a Robot Maintenance Technician, I want to efficiently access and update the GoCart robot's software and firmware so that I can maintain its operational efficiency and minimize downtime.

Acceptance Criteria:
- The system must allow updates to the software and firmware to be completed within 5 minutes for at least 90% of updates.
- The update process should include a verification step that confirms successful installation with a success rate of 95% or higher.
- Technicians should be able to access the update interface with a maximum of 3 clicks from the main dashboard.

Test Outline:
- Measure the time taken to complete software and firmware updates across multiple devices to ensure compliance with the 5-minute requirement.
- Track the success rate of updates and verify the accuracy of the confirmation messages post-update.
- Evaluate the user interface to confirm that the update access requires no more than 3 clicks.","The original user story was clear but lacked measurable criteria and specific details. The improved version enhances clarity by specifying the technician's role, outlining explicit capabilities, and providing measurable acceptance criteria and a structured test outline to ensure functionality and efficiency.","that (ISO 29148)
be able to (NASA ARM)
can (NASA ARM)
more (NASA ARM)",4,4,0.0,4,4,0.0,5,5,0.0,4,5,1.0,4,5,1.0,3,5,2.0,4,5,1.0,—
A5US10Ll,"As a Healthcare Administrator, I want to evaluate the cost-benefit analysis of implementing GoCart robots in our facilities so that I can make informed decisions about resource allocation and investments in new technology.","User Story:
As a Healthcare Administrator, I want to conduct a comprehensive cost-benefit analysis of deploying GoCart robots in our facilities so that I can make data-driven decisions regarding resource allocation and investments in innovative technology.

Acceptance Criteria:
- The analysis must include a detailed breakdown of implementation costs, projected savings, and efficiency gains, with a minimum ROI of 20% within the first year.
- At least 3 case studies from similar healthcare facilities should be reviewed to support the findings.
- The final report should be completed and presented to the management team within 4 weeks of project initiation.

Test Outline:
- Review the cost-benefit analysis report for completeness and accuracy against the defined criteria.
- Schedule a presentation with the management team to evaluate the clarity and persuasiveness of the findings.","The original user story was clear but could be enhanced with more specific measurable criteria and a structured approach. The improved version clarifies the analysis scope, sets quantifiable goals for ROI, and outlines a timeline for completion, thereby strengthening the overall INVEST dimensions.","that (ISO 29148)
can (NASA ARM)",4,4,0.0,4,4,0.0,5,5,0.0,4,5,1.0,5,5,0.0,4,5,1.0,4,5,1.0,—
A6US1Ll,"As an automotive engineer, I want to design advanced driver assistance systems (ADAS) that take into account driver intention and behavior to improve system performance and acceptance.","User Story:
As an automotive engineer, I want to develop advanced driver assistance systems (ADAS) that accurately interpret driver intentions and behaviors so that we can enhance system performance by at least 30% and increase user acceptance rates to 90% or higher.

Acceptance Criteria:
- The ADAS must demonstrate a 30% improvement in response accuracy to driver actions during testing scenarios.
- User acceptance testing should achieve a satisfaction score of 90% or above from participants regarding the system's responsiveness to their intentions.
- The system should reduce false positives in driver behavior interpretation by at least 25% compared to previous models.

Test Outline:
- Conduct controlled driving tests to measure the accuracy of the ADAS in interpreting driver intentions and behaviors.
- Administer surveys to users post-testing to evaluate their satisfaction and acceptance of the system.","The original user story was clear but lacked measurable criteria and specific goals. The improved version emphasizes quantifiable performance improvements, user acceptance metrics, and a structured testing approach to enhance clarity and focus on business value.","that (ISO 29148)
can (NASA ARM)",4,4,0.0,4,4,0.0,4,4,0.0,4,5,1.0,4,5,1.0,3,5,2.0,4,4,0.0,—
A6US2Ll,"As a researcher, I want to develop a method to recognize driver intention and behavior using Gaussian Mixture Model (GMM) to make ADAS more human-like and personalized.","User Story:
As a researcher, I want to create a robust method for recognizing driver intention and behavior using a Gaussian Mixture Model (GMM) so that Advanced Driver Assistance Systems (ADAS) can operate in a more human-like and personalized manner, enhancing safety and user experience.

Acceptance Criteria:
- The GMM-based method must achieve at least 85% accuracy in predicting driver intentions during various driving scenarios.
- The system should process and analyze driver behavior data in real-time, with a latency of no more than 100 milliseconds.
- User testing should demonstrate a 90% satisfaction rate among participants regarding the personalization of the ADAS based on the recognized behaviors.

Test Outline:
- Validate the accuracy of the GMM method by comparing its predictions against a labeled dataset of driver behaviors.
- Measure the system's response time during real-time analysis to ensure it meets the 100-millisecond requirement.
- Conduct user surveys to assess satisfaction with the personalized features of the ADAS.","The original user story was clear but lacked measurable criteria and specific outcomes. The improved version enhances clarity by specifying the desired accuracy, response time, and user satisfaction metrics, making it more actionable and aligned with business goals.","robust (ISO 29148)
it (ISO 29148)
that (ISO 29148)
can (NASA ARM)
more (NASA ARM)",2,4,2.0,2,4,2.0,3,5,2.0,2,5,3.0,3,5,2.0,2,5,3.0,2,5,3.0,—
A6US3Ll,"As a driver, I want ADAS to be able to understand my intentions and behaviors, such as braking habits, to provide personalized support and improve my safety on the road.","User Story:
As a driver, I want the Advanced Driver Assistance System (ADAS) to accurately interpret my driving intentions and behaviors, such as my braking patterns, so that it can offer tailored support and enhance my safety on the road.

Acceptance Criteria:
- The ADAS must analyze and adapt to my braking habits with at least 95% accuracy during driving sessions.
- The system should provide personalized feedback or alerts based on my driving behavior within 3 seconds of detecting a relevant action.
- User satisfaction regarding the effectiveness of the personalized support should reach at least 90% in post-drive surveys.

Test Outline:
- Monitor the system's ability to recognize and respond to braking habits during test drives to ensure it meets the 95% accuracy requirement.
- Measure the response time of the system in providing feedback after detecting driving behaviors.
- Conduct user surveys after driving sessions to evaluate satisfaction with the personalized support provided by the ADAS.","The original user story was clear but lacked measurable criteria and specificity. The improved version enhances clarity by explicitly defining the system's capabilities, setting quantifiable acceptance criteria, and outlining a structured test plan to ensure the effectiveness of the ADAS.","it (ISO 29148)
that (ISO 29148)
can (NASA ARM)",4,4,0.0,4,4,0.0,4,5,1.0,4,5,1.0,4,5,1.0,3,5,2.0,4,5,1.0,—
A6US4Ll,"As a testing engineer, I want to create realistic testing scenarios using a real-time driving simulator to collect data on driver behavior and validate the performance of ADAS.","User Story:
As a testing engineer, I want to develop realistic testing scenarios utilizing a real-time driving simulator so that I can gather comprehensive data on driver behavior and effectively validate the performance of Advanced Driver Assistance Systems (ADAS).

Acceptance Criteria:
- The simulator must support at least 10 different driving scenarios that reflect real-world conditions, such as urban, highway, and adverse weather situations.
- Data collection should capture a minimum of 1,000 driver interactions per scenario to ensure statistical significance.
- The performance of ADAS must be validated with at least 95% accuracy in detecting and responding to simulated driver behaviors.

Test Outline:
- Create and execute each driving scenario in the simulator, documenting the data collected for analysis.
- Analyze the accuracy of ADAS responses by comparing them against expected outcomes based on driver behavior data.","The original user story was clear but lacked measurable criteria and specificity. The improved version enhances clarity by detailing the scenarios, data requirements, and performance validation metrics, making it more actionable and aligned with business objectives.","that (ISO 29148)
can (NASA ARM)",4,4,0.0,4,4,0.0,4,5,1.0,4,5,1.0,5,5,0.0,4,5,1.0,4,5,1.0,—
A6US5Ll,"As a data analyst, I want to collect and analyze driving data from multiple drivers to train and optimize the Gaussian Mixture Model for driver behavior recognition.","User Story:
As a data analyst, I want to gather and analyze driving data from at least 100 drivers to effectively train and optimize the Gaussian Mixture Model for recognizing driver behavior patterns, thereby improving predictive accuracy.

Acceptance Criteria:
- The dataset must include driving data from a minimum of 100 unique drivers to ensure diversity in behavior.
- The Gaussian Mixture Model should achieve an accuracy rate of at least 85% in recognizing driver behaviors after training.
- The analysis process should be completed within 4 weeks to align with project timelines.

Test Outline:
- Verify the diversity and size of the collected dataset by checking the number of unique drivers and the variety of driving scenarios.
- Evaluate the model's performance by testing its accuracy against a validation set of driving data.","The original user story was clear but lacked measurable criteria and specific goals. The improved version specifies the number of drivers, sets a target accuracy for the model, and includes a timeline for completion, enhancing clarity and focus on business value.",—,4,4,0.0,4,4,0.0,4,4,0.0,4,5,1.0,5,5,0.0,4,5,1.0,4,4,0.0,—
A6US6Ll,"As a control systems engineer, I want to use the recognized driver behavior and intention to optimize the control design of forward collision avoidance (FCA) systems for improved performance.","User Story:
As a control systems engineer, I want to leverage recognized driver behavior and intentions to enhance the design of forward collision avoidance (FCA) systems so that we can achieve a 30% reduction in false positives and improve overall system responsiveness by 25%.

Acceptance Criteria:
- The optimized FCA system must demonstrate a 30% decrease in false positive alerts during testing scenarios.
- The system's response time to potential collisions should be improved by at least 25% compared to the current design.
- User testing should show a satisfaction rate of 90% or higher regarding the effectiveness of the FCA system in real-world driving conditions.

Test Outline:
- Analyze the performance of the FCA system in controlled environments to measure false positive rates and response times.
- Conduct user feedback sessions to evaluate the perceived effectiveness and reliability of the optimized system.","The original user story was clear but lacked measurable criteria and specific performance goals. The improved version emphasizes quantifiable improvements, clarifies the business relevance, and provides a structured approach for testing the enhancements.","that (ISO 29148)
improved (ISO 29148)
can (NASA ARM)
improved (NASA ARM)",4,4,0.0,4,4,0.0,4,5,1.0,4,5,1.0,4,5,1.0,3,5,2.0,4,5,1.0,—
A6US7Ll,"As a safety expert, I want to evaluate the performance of personalized ADAS in reducing accidents and improving safety outcomes compared to traditional FCA systems.","User Story:
As a safety expert, I want to assess the effectiveness of personalized Advanced Driver Assistance Systems (ADAS) in decreasing accident rates and enhancing safety outcomes compared to conventional Forward Collision Avoidance (FCA) systems so that I can provide data-driven recommendations for improving road safety.

Acceptance Criteria:
- The evaluation must demonstrate a reduction in accident rates by at least 30% when using personalized ADAS compared to traditional FCA systems over a 6-month period.
- Safety outcome metrics, such as near-miss incidents and driver response times, should show at least a 25% improvement with personalized ADAS.
- A comprehensive report must be generated within 2 weeks of data collection, detailing findings and recommendations.

Test Outline:
- Analyze accident data from both personalized ADAS and traditional FCA systems over the specified period to calculate the percentage reduction in accidents.
- Conduct user surveys and performance tests to measure improvements in safety outcomes and compile the results into a report.","The original user story was clear but lacked specific, measurable criteria for evaluating the performance of the systems. The improved version clarifies the safety expert's goals, provides explicit metrics for success, and outlines a structured testing approach to ensure the evaluation is comprehensive and actionable.","that (ISO 29148)
can (NASA ARM)",4,4,0.0,4,4,0.0,4,5,1.0,4,5,1.0,5,5,0.0,4,5,1.0,4,5,1.0,—
A6US8Ll,"As a driver, I want to benefit from personalized ADAS that can adapt to my driving style and habits, providing a more comfortable and safe driving experience.","User Story:
As a driver, I want an adaptive Advanced Driver Assistance System (ADAS) that customizes its features based on my driving style and habits so that I can enjoy a safer and more comfortable driving experience.

Acceptance Criteria:
- The ADAS must analyze my driving behavior and adjust its settings within 5 minutes of initial use to enhance comfort and safety.
- At least 90% of users should report an improvement in driving comfort and safety after using the personalized ADAS for one month.
- The system should reduce the number of driving-related alerts by 30% by adapting to my driving habits.

Test Outline:
- Monitor the time taken for the ADAS to adjust its settings based on driving behavior during initial use.
- Conduct user surveys after one month of use to measure perceived improvements in comfort and safety.
- Analyze the frequency of driving-related alerts before and after the implementation of the personalized ADAS.","The original user story was well-intentioned but lacked specificity and measurable criteria. The improved version clarifies the capability of the ADAS, outlines explicit benefits, and provides measurable acceptance criteria and a structured test outline to ensure effectiveness.","that (ISO 29148)
can (NASA ARM)
more (NASA ARM)",4,4,0.0,4,4,0.0,4,5,1.0,4,5,1.0,4,5,1.0,3,5,2.0,4,5,1.0,—
A6US9Ll,"As an OEM, I want to integrate personalized ADAS into my vehicles to improve customer satisfaction and differentiate my brand from competitors.","User Story:
As an OEM, I want to integrate personalized Advanced Driver Assistance Systems (ADAS) into my vehicles so that I can enhance customer satisfaction by at least 20% and create a distinct competitive advantage in the automotive market.

Acceptance Criteria:
- The personalized ADAS features must be fully operational in at least 90% of the vehicles produced within the next model year.
- Customer satisfaction ratings for vehicles equipped with personalized ADAS should increase by a minimum of 20% based on post-purchase surveys.
- The integration process should be completed within 6 months, ensuring timely delivery for the next production cycle.

Test Outline:
- Evaluate the functionality of the ADAS in a sample of vehicles to ensure it meets the 90% operational requirement.
- Conduct customer satisfaction surveys before and after the implementation of personalized ADAS to measure the increase in satisfaction.
- Monitor the timeline of the integration process to confirm it adheres to the 6-month deadline.","The original user story was clear but lacked measurable criteria and specific timelines. The improved version enhances clarity by specifying quantifiable acceptance criteria, a clear business benefit, and a structured test outline to ensure successful implementation.","it (ISO 29148)
that (ISO 29148)
timely (NASA ARM)
can (NASA ARM)",4,4,0.0,4,4,0.0,4,4,0.0,4,5,1.0,4,5,1.0,3,5,2.0,4,4,0.0,—
A6US10Ll,"As a regulatory body, I want to establish standards and guidelines for the development and testing of personalized ADAS to ensure their safety and effectiveness on public roads.","User Story:
As a regulatory body, I want to create comprehensive standards and guidelines for the development and testing of personalized Advanced Driver Assistance Systems (ADAS) so that we can ensure their safety and effectiveness on public roads, ultimately reducing accidents by at least 30% over the next five years.

Acceptance Criteria:
- The standards must be developed and published within 12 months, incorporating input from at least 80% of industry stakeholders.
- Testing protocols should demonstrate a minimum of 95% reliability in identifying potential hazards during simulated driving scenarios.
- Compliance with the established guidelines should be verified through audits of at least 10% of ADAS manufacturers annually.

Test Outline:
- Review the timeline and stakeholder engagement process to ensure the standards are developed within the specified timeframe.
- Conduct simulations to validate the reliability of the testing protocols against the 95% accuracy requirement.
- Implement an audit process to assess compliance rates among manufacturers and report findings.","The original user story was clear but lacked measurable criteria and specific outcomes. The improved version enhances clarity by specifying the desired impact on safety, establishing quantifiable acceptance criteria, and outlining a structured test plan to ensure accountability and effectiveness.","that (ISO 29148)
can (NASA ARM)",2,4,2.0,2,4,2.0,2,5,3.0,2,5,3.0,3,5,2.0,2,5,3.0,2,5,3.0,—
A7US1Ll,"As a mental health professional, I want to use machine learning algorithms to predict the onset of mental illness in individuals to provide early intervention and support.","User Story:
As a mental health professional, I want to implement machine learning algorithms to accurately predict the onset of mental illness in individuals so that I can provide timely interventions and support, ultimately improving patient outcomes.

Acceptance Criteria:
- The predictive model must achieve at least 85% accuracy in identifying individuals at risk of mental illness based on historical data.
- The system should generate predictions within 5 seconds to facilitate real-time decision-making during consultations.
- At least 70% of users (mental health professionals) should report increased confidence in their intervention strategies after utilizing the predictive tool.

Test Outline:
- Validate the accuracy of the machine learning model by comparing its predictions against actual patient outcomes over a defined period.
- Measure the response time of the prediction system during simulated consultations to ensure it meets the 5-second requirement.
- Conduct surveys with mental health professionals to assess their confidence levels before and after using the predictive tool.","The original user story was clear but lacked measurable criteria and specific outcomes. The improved version enhances clarity by specifying the desired accuracy, response time, and user satisfaction metrics, along with a structured test outline to verify the implementation.","it (ISO 29148)
that (ISO 29148)
timely (NASA ARM)
can (NASA ARM)",4,4,0.0,4,4,0.0,4,5,1.0,4,5,1.0,4,5,1.0,2,5,3.0,4,5,1.0,—
A7US2Ll,"As a researcher, I want to apply various machine learning algorithms, such as support vector machines and decision trees, to identify the state of mental health in a target group to improve mental health outcomes.","User Story:
As a researcher, I want to implement multiple machine learning algorithms, including support vector machines and decision trees, to analyze mental health indicators in a target group so that I can enhance mental health outcomes by at least 20% over the next year.

Acceptance Criteria:
- The algorithms must achieve a minimum accuracy of 85% in classifying mental health states based on the dataset.
- The analysis should be completed within 4 weeks, allowing for timely intervention strategies.
- At least 75% of the target group should report improved mental health outcomes as measured by standardized assessments after the implementation of findings.

Test Outline:
- Validate the accuracy of the machine learning models using a separate test dataset to ensure they meet the 85% accuracy requirement.
- Track the timeline of the analysis process to confirm it is completed within the 4-week timeframe.
- Conduct follow-up assessments with the target group to measure the percentage of individuals reporting improved mental health outcomes.","The original user story was clear but lacked measurable criteria and specific outcomes. The improved version enhances clarity by specifying quantifiable goals, timelines, and a structured testing approach to ensure the effectiveness of the research.","it (ISO 29148)
that (ISO 29148)
improved (ISO 29148)
timely (NASA ARM)
can (NASA ARM)
improved (NASA ARM)",4,4,0.0,4,4,0.0,4,5,1.0,4,5,1.0,4,5,1.0,3,5,2.0,4,5,1.0,—
A7US3Ll,"As a developer, I want to create a monitoring tool that uses machine learning algorithms to detect deviant behavior in individuals, enabling early intervention and support.","User Story:
As a developer, I want to build a monitoring tool that leverages machine learning algorithms to identify anomalous behavior in individuals so that we can implement early intervention strategies and provide timely support.

Acceptance Criteria:
- The tool must achieve at least 95% accuracy in detecting deviant behavior based on historical data.
- The system should process and analyze data in real-time, with a response time of no more than 3 seconds for alerts.
- User feedback from intervention outcomes should indicate a success rate of 80% or higher in effectively addressing identified behaviors.

Test Outline:
- Validate the accuracy of the machine learning model by comparing its predictions against a labeled dataset of known behaviors.
- Measure the response time of the monitoring tool during peak usage to ensure it meets the 3-second requirement.
- Collect and analyze user feedback on intervention effectiveness to assess the success rate.","The original user story was clear but lacked measurable criteria and specific outcomes. The improved version enhances clarity by specifying the developer's role, the capability of the tool, and explicit, quantifiable acceptance criteria and test outlines to ensure the project's success.","it (ISO 29148)
that (ISO 29148)
timely (NASA ARM)
can (NASA ARM)
more (NASA ARM)",4,4,0.0,4,4,0.0,4,5,1.0,4,5,1.0,4,5,1.0,3,5,2.0,4,5,1.0,—
A7US4Ll,"As a healthcare provider, I want to use unsupervised learning techniques to analyze questionnaire responses from target groups, such as high school students and working professionals, to identify patterns and trends in mental health.","User Story:
As a healthcare provider, I want to implement unsupervised learning techniques to analyze questionnaire responses from specific target groups, including high school students and working professionals, so that I can identify actionable patterns and trends in mental health that inform intervention strategies.

Acceptance Criteria:
- The analysis must process at least 1,000 questionnaire responses from each target group within 24 hours.
- The unsupervised learning model should achieve a clustering accuracy of at least 85% when identifying distinct mental health trends.
- Insights derived from the analysis should lead to at least 3 actionable recommendations for mental health interventions.

Test Outline:
- Validate the processing time by tracking the duration taken to analyze the dataset of responses.
- Evaluate the clustering accuracy by comparing the model's output against a manually categorized dataset.
- Review the generated insights and recommendations with a panel of mental health experts to assess their relevance and applicability.","The original user story was clear but lacked measurable criteria and specific outcomes. The improved version enhances clarity by specifying the target groups, measurable acceptance criteria, and a structured test outline to ensure the effectiveness of the analysis.","that (ISO 29148)
can (NASA ARM)",4,4,0.0,4,4,0.0,4,5,1.0,4,5,1.0,4,5,1.0,3,5,2.0,4,5,1.0,—
A7US5Ll,"As a data analyst, I want to validate the labels obtained from clustering by computing the Mean Opinion Score to ensure the accuracy of mental health predictions.","User Story:
As a data analyst, I want to validate the clustering labels by calculating the Mean Opinion Score (MOS) so that I can confirm the accuracy of mental health predictions with a confidence level of at least 90%.

Acceptance Criteria:
- The Mean Opinion Score must be computed for at least 100 samples to ensure statistical significance.
- The clustering accuracy should achieve a minimum MOS of 4.0 on a 5-point scale.
- The validation process should be completed within 30 minutes to maintain project timelines.

Test Outline:
- Perform the MOS calculation on a sample dataset and compare the results against established benchmarks.
- Analyze the time taken to complete the validation process to ensure it meets the 30-minute requirement.","The original user story was clear but lacked measurable criteria and specific outcomes. The improved version enhances clarity by specifying the confidence level, sample size, and time constraints, making it more actionable and aligned with business goals.","it (ISO 29148)
that (ISO 29148)
can (NASA ARM)",5,5,0.0,4,4,0.0,4,5,1.0,4,5,1.0,5,5,0.0,4,5,1.0,4,5,1.0,—
A7US6Ll,"As a mental health advocate, I want to use machine learning algorithms to identify factors contributing to mental health problems, such as stress and social anxiety, to develop targeted interventions.","User Story:
As a mental health advocate, I want to leverage machine learning algorithms to analyze data and identify key factors contributing to mental health issues, such as stress and social anxiety, so that I can develop targeted interventions that improve mental well-being.

Acceptance Criteria:
- The machine learning model must achieve at least 85% accuracy in identifying contributing factors based on historical data.
- The analysis should be completed within 24 hours of data collection to ensure timely intervention development.
- At least 3 actionable insights must be generated from the analysis to guide intervention strategies.

Test Outline:
- Validate the accuracy of the machine learning model by comparing its predictions against a labeled dataset.
- Measure the time taken from data collection to analysis completion to ensure it meets the 24-hour requirement.
- Review the generated insights with mental health professionals to confirm their relevance and applicability.","The original user story was clear but lacked measurable criteria and specificity. The improved version enhances clarity by defining explicit capabilities, measurable acceptance criteria, and a structured test outline to ensure the effectiveness of the machine learning application.","it (ISO 29148)
that (ISO 29148)
timely (NASA ARM)
can (NASA ARM)",2,4,2.0,2,4,2.0,3,5,2.0,2,5,3.0,3,5,2.0,1,5,4.0,2,5,3.0,—
A7US7Ll,"As a teacher, I want to use a mental health monitoring tool to identify students who may be at risk of mental health problems, enabling early intervention and support.","User Story:
As a teacher, I want to utilize a mental health monitoring tool to effectively identify students at risk of mental health issues so that I can implement early intervention strategies and provide timely support.

Acceptance Criteria:
- The tool must analyze student data and flag at least 80% of students who exhibit signs of potential mental health concerns.
- Teachers should receive alerts within 24 hours of a student's risk being identified.
- The effectiveness of interventions should be measurable, with at least a 70% improvement in student well-being reported after support is provided.

Test Outline:
- Review the tool's analytics to verify the accuracy of risk identification against a sample of known cases.
- Track the response time for alerts to ensure they are delivered within the 24-hour window.
- Conduct follow-up surveys with students to assess the impact of interventions on their mental health.","The original user story was clear but lacked measurable criteria and specific outcomes. The improved version enhances clarity by specifying the desired capabilities, measurable acceptance criteria, and a structured test outline to ensure effective implementation and evaluation.","that (ISO 29148)
timely (NASA ARM)
can (NASA ARM)",4,4,0.0,4,4,0.0,4,5,1.0,4,5,1.0,4,5,1.0,3,5,2.0,4,5,1.0,—
A7US8Ll,"As a human resources manager, I want to implement a mental health monitoring tool in the workplace to identify employees who may be struggling with mental health issues, enabling early intervention and support.","User Story:
As a human resources manager, I want to deploy a mental health monitoring tool in the workplace so that I can proactively identify employees at risk of mental health issues, facilitating timely intervention and support to enhance overall employee well-being.

Acceptance Criteria:
- The tool must analyze employee data and flag at least 80% of individuals who may be experiencing mental health challenges based on predefined indicators.
- The implementation should be completed within 3 months, with a follow-up assessment to measure its effectiveness.
- At least 75% of employees should report feeling more supported in their mental health needs after the tool's introduction.

Test Outline:
- Review the tool's analytics to verify the accuracy of flagged individuals against follow-up assessments.
- Conduct employee surveys pre- and post-implementation to gauge perceived support and effectiveness of the monitoring tool.","The original user story was clear but lacked measurable criteria and specific timelines. The improved version enhances clarity by specifying the expected outcomes, measurable acceptance criteria, and a structured test outline to ensure the tool's effectiveness.","that (ISO 29148)
timely (NASA ARM)
can (NASA ARM)
may (NASA ARM)
more (NASA ARM)",4,4,0.0,4,4,0.0,4,5,1.0,4,5,1.0,4,5,1.0,3,5,2.0,4,5,1.0,—
A7US9Ll,"As an individual, I want to use a mental health monitoring tool to track my mental health and receive alerts and notifications when I may be at risk of mental health problems.","User Story:
As an individual, I want to utilize a mental health monitoring tool to track my mental health status and receive timely alerts and notifications when I may be at risk of mental health issues, so that I can take proactive steps to seek help and improve my well-being.

Acceptance Criteria:
- The tool must analyze user inputs and provide alerts for potential mental health risks with at least 90% accuracy.
- Users should receive notifications within 5 minutes of the system identifying a risk based on their tracked data.
- The tool should allow users to log their mental health status at least once a day, with a completion rate of 80% or higher among active users.

Test Outline:
- Validate the accuracy of alerts by comparing them against a control group of users with known mental health conditions.
- Measure the time taken from risk identification to notification delivery to ensure it meets the 5-minute requirement.
- Track user engagement metrics to confirm that at least 80% of users log their mental health status daily.","The original user story was somewhat clear but lacked specificity and measurable criteria. The improved version enhances clarity by defining the user's role and needs, while also providing explicit, quantifiable acceptance criteria and a structured test outline to ensure the tool's effectiveness.","it (ISO 29148)
that (ISO 29148)
timely (NASA ARM)
can (NASA ARM)
may (NASA ARM)",4,4,0.0,4,4,0.0,4,4,0.0,3,5,2.0,4,5,1.0,3,5,2.0,4,4,0.0,—
A7US10Ll,"As a policymaker, I want to use the results of machine learning algorithms to inform policy decisions about mental health care, resource allocation, and education to improve mental health outcomes at the population level.","User Story:
As a policymaker, I want to leverage insights from machine learning algorithms to guide policy decisions regarding mental health care, resource allocation, and educational initiatives so that I can enhance mental health outcomes for at least 20% of the population over the next three years.

Acceptance Criteria:
- The machine learning models must demonstrate at least 85% accuracy in predicting mental health trends based on historical data.
- Policy recommendations derived from the algorithms should lead to a measurable improvement in mental health outcomes, as evidenced by a 15% reduction in reported mental health issues within the targeted population.
- Resource allocation strategies should be optimized to ensure that at least 75% of funding is directed towards the most effective programs identified by the analysis.

Test Outline:
- Validate the accuracy of the machine learning models by comparing predictions with actual outcomes over a defined period.
- Conduct surveys and collect data to assess changes in mental health outcomes following the implementation of the recommended policies.
- Review funding distribution reports to ensure compliance with the optimized resource allocation strategy.","The original user story was comprehensive but lacked specific, measurable criteria. The improved version clarifies the policymaker's intent, emphasizes measurable outcomes, and provides structured acceptance criteria and a test outline to ensure accountability and effectiveness.","most (ISO 29148)
effective (ISO 29148)
that (ISO 29148)
effective (NASA ARM)
can (NASA ARM)",4,4,0.0,4,4,0.0,4,5,1.0,3,5,2.0,4,5,1.0,3,5,2.0,4,5,1.0,—
A8US1Ll,"As a cybersecurity expert, I want to use machine learning techniques to detect anomalies in network traffic to identify potential security threats and prevent intrusions.","User Story:
As a cybersecurity expert, I want to implement machine learning algorithms to analyze network traffic for anomalies so that I can proactively identify potential security threats and reduce intrusion incidents by at least 30%.

Acceptance Criteria:
- The anomaly detection system must achieve a detection accuracy of 95% or higher in identifying security threats.
- The system should process and analyze network traffic data in real-time, with a latency of no more than 1 second.
- The implementation should result in a reduction of false positives by at least 40% compared to the current detection methods.

Test Outline:
- Evaluate the accuracy of the machine learning model by comparing its findings against known threat data sets.
- Measure the system's response time during peak traffic conditions to ensure it meets the 1-second latency requirement.
- Analyze the rate of false positives before and after implementing the new system to confirm the reduction target.","The original user story was clear but lacked measurable criteria and specific targets. The improved version enhances clarity by specifying quantifiable goals for accuracy, latency, and false positive reduction, along with a structured test outline.","it (ISO 29148)
that (ISO 29148)
can (NASA ARM)
more (NASA ARM)",4,4,0.0,4,4,0.0,4,5,1.0,4,5,1.0,4,5,1.0,3,5,2.0,4,5,1.0,—
A8US2Ll,"As a ficial analyst, I want to apply anomaly detection techniques to transactional data to identify fraudulent activities and prevent ficial losses.","User Story:
As a ficial analyst, I want to implement advanced anomaly detection techniques on transactional data so that I can accurately identify fraudulent activities and mitigate potential financial losses by at least 30%.

Acceptance Criteria:
- The anomaly detection system must achieve a true positive rate of 90% in identifying fraudulent transactions.
- The system should process and analyze transactional data within 5 minutes for timely alerts.
- Post-implementation, the rate of undetected fraud should decrease by at least 25% within the first quarter.

Test Outline:
- Evaluate the accuracy of the anomaly detection system by comparing flagged transactions against known fraudulent cases.
- Measure the processing time for a standard dataset to ensure it meets the 5-minute requirement.
- Analyze fraud detection rates before and after implementing the system to confirm a reduction in undetected fraud.","The original user story was unclear and lacked measurable criteria. The improved version specifies the role, capability, and business impact while providing clear, quantifiable acceptance criteria and a structured test outline to enhance clarity and focus on value.","it (ISO 29148)
that (ISO 29148)
timely (NASA ARM)
can (NASA ARM)",4,4,0.0,4,4,0.0,4,5,1.0,3,5,2.0,4,5,1.0,3,5,2.0,4,5,1.0,—
A8US3Ll,"As a device maintece engineer, I want to use anomaly detection to identify unusual patterns in device health data to predict and prevent equipment failures.","User Story:
As a device maintece engineer, I want to implement an anomaly detection system to analyze device health data so that I can identify unusual patterns and predict potential equipment failures, thereby reducing downtime and maintenance costs.

Acceptance Criteria:
- The anomaly detection system must achieve at least 95% accuracy in identifying unusual patterns in device health data.
- The system should provide alerts for potential failures at least 48 hours in advance, allowing for proactive maintenance.
- The implementation should result in a 30% reduction in unplanned equipment downtime within the first six months of use.

Test Outline:
- Validate the accuracy of the anomaly detection system by comparing its predictions against historical failure data.
- Monitor the lead time of alerts generated by the system to ensure they meet the 48-hour requirement.
- Analyze maintenance records to measure the reduction in unplanned downtime after the system's implementation.","The original user story was clear but lacked measurable criteria and specific business outcomes. The improved version enhances clarity by specifying the expected accuracy, lead time for alerts, and quantifiable reduction in downtime, along with a structured test outline.","that (ISO 29148)
can (NASA ARM)",4,4,0.0,4,4,0.0,4,5,1.0,4,5,1.0,5,5,0.0,4,5,1.0,4,5,1.0,—
A8US4Ll,"As a data quality manager, I want to detect anomalies in data to identify and correct errors, ensuring that the data is accurate and reliable.","User Story:
As a data quality manager, I want to implement an anomaly detection system that identifies data inconsistencies so that I can correct errors and maintain a data accuracy rate of at least 98%.

Acceptance Criteria:
- The system must detect anomalies in real-time with a detection accuracy of 95% or higher.
- Anomalies should be flagged within 5 minutes of occurrence to allow for timely corrections.
- A monthly report should show a reduction in data errors by at least 30% after implementing the anomaly detection system.

Test Outline:
- Test the anomaly detection system by inputting known data anomalies and measuring the detection accuracy.
- Monitor the time taken to flag anomalies and ensure it meets the 5-minute requirement.
- Analyze monthly reports to verify the percentage reduction in data errors.","The original user story was clear but lacked measurable criteria and specific outcomes. The improved version enhances clarity by specifying the implementation of a system, quantifying accuracy and response times, and providing a structured test outline to ensure accountability and effectiveness.","it (ISO 29148)
that (ISO 29148)
timely (NASA ARM)
can (NASA ARM)",4,4,0.0,4,4,0.0,4,5,1.0,3,5,2.0,4,5,1.0,3,5,2.0,4,5,1.0,—
A8US5Ll,"As a researcher, I want to develop an anomaly detection system using unsupervised clustering techniques, such as K-means and K-medoids partitioning, to identify unusual patterns in data.","User Story:
As a researcher, I want to create an anomaly detection system utilizing unsupervised clustering methods, including K-means and K-medoids, so that I can accurately identify unusual patterns in large datasets and enhance data-driven decision-making.

Acceptance Criteria:
- The system must achieve at least 85% accuracy in detecting anomalies compared to a labeled dataset.
- The clustering algorithms should process datasets of up to 10,000 records within 5 minutes.
- User feedback should reflect a satisfaction rate of 90% or higher regarding the effectiveness of the anomaly detection results.

Test Outline:
- Validate the accuracy of the anomaly detection system by comparing its results against a known labeled dataset.
- Measure the processing time for various dataset sizes to ensure it meets the 5-minute requirement.
- Conduct user surveys to assess satisfaction with the system's performance and accuracy.","The original user story was clear but lacked measurable criteria and specific performance metrics. The improved version enhances clarity by specifying the researcher's role, detailing the capability, and providing explicit, quantifiable acceptance criteria and a structured test outline.","it (ISO 29148)
that (ISO 29148)
can (NASA ARM)",3,4,1.0,3,4,1.0,4,5,1.0,3,5,2.0,4,5,1.0,2,5,3.0,3,5,2.0,—
A8US6Ll,"As a healthcare provider, I want to use wearable devices with embedded sensors to continuously monitor patients' health and detect anomalies in real-time, enabling early intervention and improved health outcomes.","User Story:
As a healthcare provider, I want to utilize wearable devices equipped with advanced sensors to continuously monitor patients' health metrics in real-time so that I can detect anomalies promptly, facilitating early intervention and enhancing patient health outcomes.

Acceptance Criteria:
- The wearable devices must monitor at least 5 key health metrics (e.g., heart rate, blood pressure, oxygen saturation) with a data accuracy of 95% or higher.
- Anomalies must be detected and reported to healthcare providers within 1 minute of occurrence for timely intervention.
- Patient health outcomes should show a 20% improvement in management of chronic conditions within 6 months of implementing the monitoring system.

Test Outline:
- Validate the accuracy of the health metrics collected by the wearable devices through clinical trials.
- Simulate anomaly detection scenarios to ensure alerts are generated within the 1-minute timeframe.
- Track patient health outcomes over a 6-month period to assess the effectiveness of the intervention.","The original user story was well-structured but needed clearer, measurable acceptance criteria and a test outline. The improved version specifies quantifiable metrics, timeframes, and expected outcomes to enhance clarity and focus on business value.","that (ISO 29148)
timely (NASA ARM)
can (NASA ARM)",4,4,0.0,4,4,0.0,4,5,1.0,4,5,1.0,5,5,0.0,4,5,1.0,4,5,1.0,—
A8US7Ll,"As a caregiver, I want to receive alerts and notifications when anomalies are detected in a patient's health data, enabling me to provide timely and targeted care.","User Story:
As a caregiver, I want to receive real-time alerts and notifications when anomalies are detected in a patient's health data so that I can respond promptly and deliver targeted care, improving patient outcomes.

Acceptance Criteria:
- Alerts must be generated within 1 minute of detecting an anomaly in the patient's health data.
- At least 95% of alerts should accurately reflect significant changes in the patient's condition.
- Caregivers should report a satisfaction rate of 90% or higher regarding the usefulness of the alerts in their care decisions.

Test Outline:
- Monitor the time taken to generate alerts after an anomaly is detected to ensure it meets the 1-minute requirement.
- Review a sample of alerts to verify their accuracy against actual patient data changes.
- Conduct surveys with caregivers to assess their satisfaction with the alert system.","The original user story was clear but lacked measurable criteria and specific acceptance metrics. The improved version enhances clarity by specifying response times, accuracy rates, and caregiver satisfaction, making it more actionable and focused on business value.","it (ISO 29148)
that (ISO 29148)
significant (ISO 29148)
can (NASA ARM)",4,4,0.0,4,4,0.0,4,5,1.0,4,5,1.0,5,5,0.0,4,5,1.0,4,5,1.0,—
A8US8Ll,"As a data scientist, I want to evaluate and compare the performance of different clustering algorithms, including K-means and K-medoids partitioning, to determine the most effective approach for anomaly detection.","User Story:
As a data scientist, I want to systematically evaluate and compare the performance of various clustering algorithms, such as K-means and K-medoids, so that I can identify the most effective method for anomaly detection with at least 95% accuracy.

Acceptance Criteria:
- Each clustering algorithm must be tested on the same dataset, with performance metrics including precision, recall, and F1 score calculated for each method.
- The evaluation should be completed within 2 weeks, providing a comprehensive report on the findings.
- The selected algorithm should demonstrate a minimum improvement of 10% in anomaly detection accuracy compared to the baseline method.

Test Outline:
- Implement each clustering algorithm on a standardized dataset and record the performance metrics.
- Analyze the results to compare the effectiveness of each algorithm and ensure the findings are documented in a report.","The original user story was clear but lacked measurable criteria and specific timelines. The improved version enhances clarity by specifying performance metrics, a completion timeline, and a quantifiable improvement goal, thus strengthening the overall structure.","most (ISO 29148)
effective (ISO 29148)
that (ISO 29148)
effective (NASA ARM)
can (NASA ARM)",4,4,0.0,4,4,0.0,4,5,1.0,4,5,1.0,5,5,0.0,4,5,1.0,4,5,1.0,—
A8US9Ll,"As a developer, I want to integrate anomaly detection capabilities into smart healthcare systems to enable early-stage detection and improve the efficiency of health services.","User Story:
As a developer, I want to implement advanced anomaly detection features in smart healthcare systems so that we can identify potential health issues at an early stage, ultimately enhancing patient outcomes and optimizing healthcare service efficiency.

Acceptance Criteria:
- The anomaly detection system must achieve a detection accuracy of at least 95% for identifying health anomalies.
- The system should provide alerts within 1 minute of detecting an anomaly to ensure timely intervention.
- User feedback from healthcare professionals should reflect a satisfaction rate of 90% or higher regarding the effectiveness of the anomaly detection capabilities.

Test Outline:
- Validate the accuracy of the anomaly detection system by comparing its alerts against a dataset of known health anomalies.
- Measure the response time for alerts generated by the system to ensure it meets the 1-minute requirement.
- Conduct surveys with healthcare professionals to gather feedback on the usability and effectiveness of the feature.","The original user story was clear but lacked measurable criteria and specific details. The improved version enhances clarity by specifying the role, capability, and business benefits while providing quantifiable acceptance criteria and a structured test outline.","it (ISO 29148)
that (ISO 29148)
timely (NASA ARM)
can (NASA ARM)",4,4,0.0,4,4,0.0,4,5,1.0,4,5,1.0,4,5,1.0,3,5,2.0,4,5,1.0,—
A8US10Ll,"As a patient, I want to benefit from wearable devices that can detect anomalies in my health data, enabling early detection and prevention of health problems, and improving my overall well-being.","User Story:
As a patient, I want to utilize wearable devices that can accurately detect anomalies in my health data so that I can achieve early detection and prevention of potential health issues, ultimately enhancing my overall well-being.

Acceptance Criteria:
- The wearable device must identify at least 95% of significant health anomalies within a 24-hour monitoring period.
- Users should receive alerts for detected anomalies within 5 minutes of identification.
- At least 90% of users should report improved confidence in managing their health after using the device for 3 months.

Test Outline:
- Analyze the device's performance data to verify the accuracy of anomaly detection against clinical benchmarks.
- Measure the time taken for alerts to be sent to users after an anomaly is detected.
- Conduct user surveys to assess their confidence levels in health management before and after using the device.","The original user story was well-articulated but lacked specific, measurable criteria. The improved version clarifies the capability and business relevance while providing explicit acceptance criteria and a structured test outline to enhance clarity and focus on measurable outcomes.","that (ISO 29148)
significant (ISO 29148)
improved (ISO 29148)
can (NASA ARM)
improved (NASA ARM)",4,4,0.0,4,4,0.0,4,5,1.0,4,5,1.0,5,5,0.0,4,5,1.0,4,5,1.0,—
A9US1Ll,"As a clinician, I want a clinical decision support system that balances computation time and predictive accuracy to support timely and accurate disease diagnosis.","User Story:
As a clinician, I want a clinical decision support system that optimizes computation time while achieving at least 85% predictive accuracy so that I can make timely and accurate diagnoses for my patients.

Acceptance Criteria:
- The system must provide diagnostic recommendations within 5 seconds for 90% of cases.
- The predictive accuracy of the system should be validated against clinical outcomes, achieving a minimum of 85% accuracy.
- User satisfaction with the system's recommendations should reach at least 90% based on clinician feedback.

Test Outline:
- Measure the response time of the system during diagnostic queries to ensure it meets the 5-second requirement.
- Compare the system's predictions with actual clinical outcomes to verify the 85% accuracy threshold.
- Conduct surveys with clinicians to assess their satisfaction with the recommendations provided by the system.","The original user story was clear but lacked specific measurable criteria. The improved version emphasizes the balance between computation time and predictive accuracy, providing explicit acceptance criteria and a structured test outline to enhance clarity and focus on business value.","it (ISO 29148)
that (ISO 29148)
timely (NASA ARM)
can (NASA ARM)",4,4,0.0,4,4,0.0,4,5,1.0,4,5,1.0,4,5,1.0,3,5,2.0,4,5,1.0,—
A9US2Ll,"As a data scientist, I want to use machine learning techniques with incremental updates to analyze large collections of medical datasets for disease diagnosis, reducing the computation time and improving predictive accuracy.","User Story:
As a data scientist, I want to implement machine learning techniques with incremental updates to analyze extensive medical datasets for disease diagnosis so that I can reduce computation time by at least 30% and enhance predictive accuracy by a minimum of 15%.

Acceptance Criteria:
- The system must process and analyze large datasets with incremental updates, achieving a computation time reduction of 30% compared to the current baseline.
- Predictive models should demonstrate an improvement in accuracy of at least 15% when validated against historical data.
- The solution should handle datasets of up to 1 million records without performance degradation.

Test Outline:
- Benchmark the current computation time against the new implementation to verify the 30% reduction.
- Validate the predictive accuracy of the models using a test dataset to ensure the 15% improvement is achieved.
- Stress test the system with datasets of varying sizes to confirm it can efficiently process up to 1 million records.","The original user story was well-defined but lacked measurable criteria and specific performance goals. The improved version clarifies the desired outcomes, establishes quantifiable acceptance criteria, and provides a structured test outline to ensure the implementation meets the specified objectives.","it (ISO 29148)
that (ISO 29148)
can (NASA ARM)",4,4,0.0,4,4,0.0,4,5,1.0,4,5,1.0,5,5,0.0,4,5,1.0,4,5,1.0,—
A9US3Ll,"As a researcher, I want to develop a predictive method for heart disease diagnosis using a combination of unsupervised and supervised learning techniques, including Principal Component Analysis (PCA) and Self-Organizing Map.","User Story:
As a researcher, I want to create a robust predictive model for diagnosing heart disease by integrating unsupervised and supervised learning techniques, specifically utilizing Principal Component Analysis (PCA) and Self-Organizing Maps (SOM), so that I can enhance diagnostic accuracy and improve patient outcomes.

Acceptance Criteria:
- The predictive model must achieve at least 85% accuracy in diagnosing heart disease when tested on a validation dataset.
- The model should reduce dimensionality using PCA, resulting in a minimum 30% decrease in feature space without significant loss of information.
- The implementation should be completed within a 3-month timeframe, with interim progress reports every 2 weeks.

Test Outline:
- Evaluate the model's accuracy by comparing predictions against a labeled dataset to ensure it meets the 85% accuracy requirement.
- Analyze the dimensionality reduction results to confirm a 30% reduction in features while maintaining data integrity.
- Review project timelines and deliverables during bi-weekly meetings to ensure adherence to the 3-month completion goal.","The original user story was clear but lacked measurable criteria and specific timelines. The improved version enhances clarity by specifying the integration of techniques, defining explicit acceptance criteria, and establishing a structured test outline to ensure accountability and track progress.","robust (ISO 29148)
it (ISO 29148)
that (ISO 29148)
significant (ISO 29148)
every (ISO 29148)
can (NASA ARM)",2,4,2.0,2,4,2.0,3,5,2.0,2,5,3.0,2,5,3.0,2,5,3.0,2,5,3.0,—
A9US4Ll,"As a developer, I want to implement Fuzzy Support Vector Machine (Fuzzy SVM) to improve the accuracy of heart disease classification and reduce the impact of missing values in medical datasets.","User Story:
As a developer, I want to implement a Fuzzy Support Vector Machine (Fuzzy SVM) algorithm to enhance the accuracy of heart disease classification so that I can achieve at least a 10% improvement in classification accuracy while effectively managing the impact of missing values in medical datasets.

Acceptance Criteria:
- The Fuzzy SVM model must demonstrate an accuracy rate of 85% or higher on the validation dataset.
- The model should handle missing values, reducing their impact by at least 30% compared to traditional classification methods.
- Performance metrics, including precision and recall, should be reported, with at least 80% for both metrics.

Test Outline:
- Evaluate the Fuzzy SVM model against a benchmark dataset to measure accuracy and compare it with existing models.
- Analyze the model's performance on datasets with varying levels of missing values to confirm the reduction in impact.","The original user story was clear but lacked measurable criteria and specific goals. The improved version clarifies the role, specifies quantifiable acceptance criteria, and outlines a structured test plan to ensure the implementation's effectiveness and business relevance.","it (ISO 29148)
that (ISO 29148)
can (NASA ARM)",4,5,1.0,4,4,0.0,4,5,1.0,3,5,2.0,4,5,1.0,3,5,2.0,4,5,1.0,—
A9US5Ll,"As a data analyst, I want to use imputation techniques to handle missing values in medical datasets, ensuring that the data is complete and accurate for analysis.","User Story:
As a data analyst, I want to apply advanced imputation techniques to address missing values in medical datasets so that I can ensure the data is complete and accurate, leading to more reliable analysis outcomes.

Acceptance Criteria:
- At least 95% of missing values in the dataset must be successfully imputed using selected techniques.
- The imputed dataset should maintain a correlation coefficient of ≥0.85 with the original dataset to ensure data integrity.
- The analysis results derived from the imputed data should show a minimum improvement of 20% in predictive accuracy compared to analyses conducted on datasets with missing values.

Test Outline:
- Evaluate the percentage of missing values successfully imputed and document the techniques used.
- Compare correlation coefficients between the original and imputed datasets to verify data integrity.
- Conduct predictive modeling on both the imputed and original datasets to measure improvements in accuracy.","The original user story was clear but lacked measurable criteria and specific outcomes. The improved version enhances clarity by specifying the techniques, measurable acceptance criteria, and a structured test outline to ensure the effectiveness of the imputation process.","reliable (ISO 29148)
that (ISO 29148)
can (NASA ARM)
more (NASA ARM)",4,4,0.0,4,4,0.0,4,5,1.0,3,5,2.0,4,5,1.0,3,5,2.0,4,5,1.0,—
A9US9Ll,"As a patient, I want to benefit from a clinical decision support system that can provide timely and accurate diagnoses, reducing the risk of misdiagnosis and improving health outcomes.","User Story:
As a patient, I want to utilize a clinical decision support system that delivers timely and precise diagnoses so that I can minimize the risk of misdiagnosis and enhance my overall health outcomes.

Acceptance Criteria:
- The system must provide diagnostic recommendations with at least 95% accuracy based on patient data.
- Diagnostic results should be delivered within 5 minutes of data entry for 90% of cases.
- Patient satisfaction regarding the accuracy and timeliness of diagnoses should reach at least 90% in follow-up surveys.

Test Outline:
- Evaluate the accuracy of the system's diagnostic recommendations by comparing them against expert evaluations.
- Measure the time taken from data entry to diagnosis delivery to ensure it meets the 5-minute requirement.
- Conduct patient surveys to assess satisfaction levels with the diagnostic process.","The original user story was well-intentioned but lacked specificity and measurable criteria. The improved version clarifies the user's role and needs while providing explicit, quantifiable acceptance criteria and a structured test outline to ensure the system's effectiveness.","it (ISO 29148)
that (ISO 29148)
timely (NASA ARM)
can (NASA ARM)",4,4,0.0,4,4,0.0,4,5,1.0,4,5,1.0,5,5,0.0,4,5,1.0,4,5,1.0,—
A9US7Ll,"As a clinician, I want to use a clinical decision support system that can learn from new data incrementally, improving its predictive accuracy over time without requiring retraining from scratch.","User Story:
As a clinician, I want to utilize a clinical decision support system that incrementally learns from new patient data so that its predictive accuracy improves by at least 15% over time without the need for complete retraining, enhancing my decision-making capabilities.

Acceptance Criteria:
- The system must demonstrate a minimum of 15% improvement in predictive accuracy after processing 1,000 new data entries.
- The incremental learning process should not exceed 5 minutes for each update cycle.
- User feedback should reflect a satisfaction rate of 90% or higher regarding the system's reliability and accuracy.

Test Outline:
- Evaluate the predictive accuracy of the system before and after the introduction of new data to confirm the 15% improvement.
- Measure the time taken for the system to update its learning with new data to ensure it meets the 5-minute requirement.
- Conduct user surveys to assess satisfaction with the system's performance and accuracy.","The original user story was clear but lacked measurable criteria and specific benefits. The improved version emphasizes the clinician's needs, provides quantifiable acceptance criteria, and outlines a structured test plan to ensure the system's effectiveness and reliability.","it (ISO 29148)
that (ISO 29148)",4,5,1.0,4,4,0.0,4,5,1.0,4,5,1.0,4,5,1.0,3,5,2.0,4,5,1.0,—
A9US8Ll,"As a researcher, I want to evaluate the effectiveness of the proposed method using real-world datasets, such as Cleveland and Statlog, to demonstrate its feasibility and accuracy in heart disease diagnosis.","User Story:
As a researcher, I want to assess the effectiveness of the proposed diagnostic method using real-world datasets, including the Cleveland and Statlog datasets, so that I can provide empirical evidence of its feasibility and accuracy in diagnosing heart disease.

Acceptance Criteria:
- The method must achieve an accuracy rate of at least 85% when evaluated against the Cleveland and Statlog datasets.
- The evaluation should be completed within 4 weeks, including data preprocessing and analysis.
- A comprehensive report detailing the findings, including statistical significance and potential limitations, must be submitted for peer review.

Test Outline:
- Analyze the performance of the method on both datasets and compare the results to established benchmarks in heart disease diagnosis.
- Review the final report for completeness and adherence to academic standards before submission.","The original user story was clear but lacked measurable criteria and specific timelines. The improved version enhances clarity by specifying the datasets, establishing quantifiable acceptance criteria, and outlining a structured test plan to validate the method's effectiveness.","that (ISO 29148)
can (NASA ARM)",4,4,0.0,4,4,0.0,4,5,1.0,4,5,1.0,5,5,0.0,4,5,1.0,4,5,1.0,—
A9US9Ll,"As a patient, I want to benefit from a clinical decision support system that can provide timely and accurate diagnoses, reducing the risk of misdiagnosis and improving health outcomes.","User Story:
As a patient, I want to utilize a clinical decision support system that delivers timely and precise diagnoses so that I can minimize the risk of misdiagnosis and enhance my overall health outcomes.

Acceptance Criteria:
- The system must provide diagnostic recommendations with at least 95% accuracy based on patient data.
- Diagnostic results should be delivered within 5 minutes of data entry for 90% of cases.
- Patient satisfaction regarding the accuracy and timeliness of diagnoses should reach at least 90% in follow-up surveys.

Test Outline:
- Evaluate the accuracy of the system's diagnostic recommendations by comparing them against expert evaluations.
- Measure the time taken from data entry to diagnosis delivery to ensure it meets the 5-minute requirement.
- Conduct patient surveys to assess satisfaction levels with the diagnostic process.","The original user story was well-intentioned but lacked specificity and measurable criteria. The improved version clarifies the user's role and needs while providing explicit, quantifiable acceptance criteria and a structured test outline to ensure the system's effectiveness.","it (ISO 29148)
that (ISO 29148)
timely (NASA ARM)
can (NASA ARM)",4,4,0.0,4,4,0.0,4,5,1.0,4,5,1.0,5,5,0.0,4,5,1.0,4,5,1.0,—
A9US10Ll,"As a system developer, I want to design and implement a clinical decision support system that can adapt to new data and changing patterns in medical datasets, ensuring that it remains accurate and effective over time.","User Story:
As a system developer, I want to create a clinical decision support system (CDSS) that dynamically adapts to new medical data and evolving patterns, ensuring it maintains at least 95% accuracy and effectiveness over time.

Acceptance Criteria:
- The CDSS must integrate new data sources and update its algorithms within 24 hours of data availability.
- The system should demonstrate a minimum of 90% accuracy in clinical recommendations based on historical data validation.
- User feedback should reflect a satisfaction rate of 85% or higher regarding the system's adaptability and reliability.

Test Outline:
- Test the integration process by measuring the time taken to incorporate new data and assess the accuracy of the updated recommendations.
- Conduct validation studies comparing the CDSS recommendations against expert opinions to ensure the accuracy criteria are met.","The original user story was comprehensive but lacked specific measurable criteria. The improved version clarifies the capability and business relevance while providing explicit, quantifiable acceptance criteria and a structured test outline to enhance clarity and focus on effectiveness.","it (ISO 29148)
that (ISO 29148)",4,4,0.0,4,4,0.0,4,4,0.0,4,5,1.0,4,5,1.0,3,5,2.0,4,4,0.0,—
A10US1Ll,"As a person with diabetes, I want to use an automatic prediction model that can warn me of imminent changes in my blood glucose levels, so that I can take preventive action to avoid serious complications.","User Story:
As a person with diabetes, I want to utilize an automated prediction model that alerts me to potential fluctuations in my blood glucose levels so that I can proactively manage my health and prevent serious complications.

Acceptance Criteria:
- The prediction model must provide alerts for imminent changes in blood glucose levels with at least 90% accuracy.
- Alerts should be delivered within 5 minutes of detecting a potential change to allow timely intervention.
- Users should report a 95% satisfaction rate with the effectiveness of the alerts in preventing complications.

Test Outline:
- Validate the accuracy of the prediction model by comparing its alerts against actual blood glucose level changes over a month.
- Measure the time taken from detection of a potential change to alert delivery to ensure it meets the 5-minute requirement.
- Conduct user surveys to assess satisfaction with the alert system and its impact on health management.","The original user story was clear but lacked measurable criteria and specificity. The improved version enhances clarity by defining the user's role, specifying the capability, and providing explicit, quantifiable acceptance criteria and a structured test outline.","it (ISO 29148)
that (ISO 29148)
timely (NASA ARM)
can (NASA ARM)",5,4,-1.0,4,4,0.0,5,5,0.0,4,5,1.0,5,5,0.0,4,5,1.0,5,5,0.0,—
A10US2Ll,"As a healthcare professional, I want to use a predictive model that can outperform diabetes experts in predicting blood glucose levels, so that I can provide more accurate and effective care to my patients.","User Story:
As a healthcare professional, I want to utilize a predictive model that demonstrates at least a 15% improvement in accuracy over current diabetes expert predictions for blood glucose levels, so that I can deliver more precise and effective care to my patients.

Acceptance Criteria:
- The predictive model must achieve an accuracy rate of 90% or higher in forecasting blood glucose levels during clinical trials.
- The model should be validated against a dataset of at least 1,000 patient records to ensure reliability.
- User feedback from healthcare professionals should indicate a satisfaction rate of 80% or higher regarding the model's usability and effectiveness.

Test Outline:
- Compare the predictive model's accuracy against expert predictions using a controlled dataset to verify the 15% improvement.
- Analyze the model's performance metrics and gather feedback from healthcare professionals during trial implementations.","The original user story was clear but lacked specific, measurable criteria for success. The improved version emphasizes quantifiable goals, such as accuracy rates and validation requirements, enhancing clarity and focus on the business impact.","effective (ISO 29148)
that (ISO 29148)
effective (NASA ARM)
can (NASA ARM)
more (NASA ARM)",4,4,0.0,4,4,0.0,5,5,0.0,4,5,1.0,5,5,0.0,4,5,1.0,4,5,1.0,—
A10US3Ll,"As a researcher, I want to develop a solution that uses a generic physiological model to generate informative features for a Support Vector Regression model, so that I can improve the accuracy of blood glucose level predictions.","User Story:
As a researcher, I want to create a solution that leverages a generic physiological model to extract informative features for a Support Vector Regression (SVR) model, so that I can enhance the accuracy of blood glucose level predictions by at least 15%.

Acceptance Criteria:
- The feature extraction process must identify and generate at least 10 relevant features from the physiological model.
- The SVR model's prediction accuracy should improve by a minimum of 15% compared to the baseline accuracy established prior to implementing the new features.
- The solution should be able to process and analyze data sets of at least 1,000 samples within 5 minutes.

Test Outline:
- Validate the feature extraction process by comparing the generated features against known relevant metrics in a controlled dataset.
- Measure the prediction accuracy of the SVR model before and after the implementation of the new features to confirm the 15% improvement.
- Test the processing time of the solution with a dataset of 1,000 samples to ensure it meets the 5-minute requirement.","The original user story was clear but lacked measurable criteria and specific goals. The improved version emphasizes quantifiable outcomes, such as the percentage improvement in accuracy and the number of features generated, while also providing a structured test outline.","it (ISO 29148)
that (ISO 29148)
be able to (NASA ARM)
can (NASA ARM)",4,5,1.0,4,4,0.0,5,5,0.0,4,5,1.0,4,5,1.0,3,5,2.0,4,5,1.0,—
A10US4Ll,"As a person with diabetes, I want to receive alerts 30 minutes in advance of hypoglycemic events, so that I can take action to prevent them and avoid serious consequences.","User Story:
As a person with diabetes, I want to receive alerts at least 30 minutes before potential hypoglycemic events so that I can take proactive measures to prevent them and mitigate health risks.

Acceptance Criteria:
- The alert system must accurately predict hypoglycemic events with at least 90% reliability based on user data.
- Alerts should be delivered to the user’s device within 1 minute of detection to ensure timely action.
- User feedback should reflect a satisfaction rate of 95% or higher regarding the effectiveness of the alert system in preventing hypoglycemic events.

Test Outline:
- Analyze historical data to evaluate the accuracy of the alert predictions against actual hypoglycemic events.
- Measure the time taken for alerts to be delivered after detection to ensure compliance with the 1-minute requirement.
- Conduct user surveys to assess satisfaction with the alert system's performance.","The original user story was clear but could be enhanced with measurable criteria. The improved version specifies the reliability of the alert system, the timeliness of notifications, and user satisfaction metrics, providing a clearer framework for evaluation.","that (ISO 29148)
timely (NASA ARM)
can (NASA ARM)",4,4,0.0,4,4,0.0,5,5,0.0,4,5,1.0,5,5,0.0,4,5,1.0,4,5,1.0,—
A10US5Ll,"As a healthcare administrator, I want to use a predictive model that can anticipate almost a quarter of hypoglycemic events, so that I can reduce the risk of complications and improve patient outcomes.","User Story:
As a healthcare administrator, I want to implement a predictive model that can accurately forecast at least 25% of hypoglycemic events so that I can proactively reduce the risk of complications and enhance patient outcomes.

Acceptance Criteria:
- The predictive model must achieve a minimum accuracy rate of 80% in identifying potential hypoglycemic events.
- The implementation should lead to a reduction in hypoglycemic incidents by at least 15% within the first six months.
- Patient outcomes should show a measurable improvement, with at least a 10% increase in overall satisfaction scores related to diabetes management.

Test Outline:
- Validate the model's accuracy by comparing its predictions against actual hypoglycemic events over a defined period.
- Analyze incident reports before and after the model's implementation to assess the reduction in hypoglycemic events.
- Conduct patient satisfaction surveys to evaluate improvements in their diabetes management experience.","The original user story was clear but lacked specific, measurable criteria for success. The improved version strengthens the acceptance criteria with quantifiable goals and outlines a structured test plan to ensure the predictive model's effectiveness and its impact on patient outcomes.","that (ISO 29148)
can (NASA ARM)",4,4,0.0,4,4,0.0,5,5,0.0,4,5,1.0,5,5,0.0,4,5,1.0,4,5,1.0,—
A10US6Ll,"As a data analyst, I want to analyze blood glucose-specific data to train a Support Vector Regression model, so that I can improve the accuracy of predictions and reduce false alarms.","User Story:
As a data analyst, I want to analyze blood glucose-specific data to develop a Support Vector Regression (SVR) model so that I can enhance prediction accuracy by at least 15% and decrease false alarm rates by 20%.

Acceptance Criteria:
- The SVR model must achieve a minimum R-squared value of 0.85 when tested on validation data.
- The false alarm rate should be reduced to less than 5% after implementing the model.
- The analysis process should be completed within 4 weeks, including data collection, model training, and validation.

Test Outline:
- Evaluate the model's performance using a test dataset to confirm the R-squared value meets the acceptance criteria.
- Monitor the false alarm rate before and after the model implementation to ensure it falls below the specified threshold.
- Track the timeline of the project to verify that the analysis is completed within the 4-week timeframe.","The original user story was clear but lacked measurable criteria and specific targets. The improved version strengthens the business relevance by providing explicit goals for accuracy and false alarm reduction, along with a structured timeline and testing approach.","it (ISO 29148)
that (ISO 29148)
can (NASA ARM)
less (NASA ARM)",4,4,0.0,4,4,0.0,5,5,0.0,4,5,1.0,5,5,0.0,4,5,1.0,4,5,1.0,—
A10US7Ll,"As a person with diabetes, I want to receive alerts that are accurate and actionable, so that I can trust the system and take appropriate action to manage my blood glucose levels.","User Story:
As a person with diabetes, I want to receive timely and precise alerts regarding my blood glucose levels so that I can confidently take necessary actions to maintain my health and prevent complications.

Acceptance Criteria:
- Alerts must be accurate, with a minimum accuracy rate of 95% in reflecting actual blood glucose levels.
- Users should receive alerts within 1 minute of a significant change in their glucose levels.
- At least 90% of users should report that the alerts are actionable and lead to appropriate responses.

Test Outline:
- Validate the accuracy of alerts by comparing them against actual blood glucose readings over a defined period.
- Measure the time taken to deliver alerts after a glucose level change to ensure it meets the 1-minute requirement.
- Conduct user surveys to assess the perceived actionability of the alerts.","The original user story was clear but lacked measurable criteria and specificity. The improved version enhances clarity by defining the user's role, specifying actionable outcomes, and providing quantifiable acceptance criteria and a structured test outline.","it (ISO 29148)
that (ISO 29148)
significant (ISO 29148)
appropriate (ISO 29148)
timely (NASA ARM)
can (NASA ARM)",4,4,0.0,4,4,0.0,5,5,0.0,4,5,1.0,5,5,0.0,4,5,1.0,4,5,1.0,—
A10US8Ll,"As a healthcare professional, I want to use a predictive model that can identify near-hypoglycemic regions, so that I can provide targeted interventions and reduce the risk of complications.","User Story:
As a healthcare professional, I want to utilize a predictive model that accurately identifies near-hypoglycemic regions in real-time so that I can implement targeted interventions and decrease the risk of complications by at least 30%.

Acceptance Criteria:
- The predictive model must achieve an accuracy rate of 90% or higher in identifying near-hypoglycemic regions.
- The model should provide alerts within 5 minutes of detecting potential hypoglycemic conditions.
- At least 80% of healthcare professionals using the model should report improved patient outcomes within 6 months of implementation.

Test Outline:
- Validate the model's accuracy by comparing its predictions against actual patient data over a defined period.
- Measure the response time of the alert system to ensure it meets the 5-minute requirement.
- Conduct surveys with healthcare professionals to assess perceived improvements in patient outcomes.","The original user story was clear but lacked measurable criteria and specific targets. The improved version enhances clarity by specifying the accuracy, response time, and expected outcomes, making it more actionable and focused on business relevance.","it (ISO 29148)
that (ISO 29148)
improved (ISO 29148)
can (NASA ARM)
improved (NASA ARM)",4,4,0.0,4,4,0.0,5,5,0.0,4,5,1.0,5,5,0.0,4,5,1.0,4,5,1.0,—
A10US9Ll,"As a researcher, I want to improve the precision of the predictive model, so that I can increase the confidence of patients and healthcare professionals in the system.","User Story:
As a researcher, I want to enhance the precision of the predictive model so that I can boost the confidence levels of at least 90% of patients and healthcare professionals in the system's recommendations.

Acceptance Criteria:
- The predictive model's accuracy must improve by at least 15% compared to the current baseline metrics.
- A user satisfaction survey should indicate that 90% of healthcare professionals feel more confident in the model's predictions after the update.
- The model should be validated with a dataset of at least 1,000 cases to ensure reliability and robustness.

Test Outline:
- Compare the predictive accuracy of the model before and after enhancements using statistical analysis.
- Conduct surveys with healthcare professionals and patients to measure confidence levels in the model's predictions.","The original user story was clear but lacked specific, measurable criteria. The improved version emphasizes quantifiable goals for precision improvement, user confidence, and validation, enhancing clarity and focus on business impact.","that (ISO 29148)
can (NASA ARM)
more (NASA ARM)",2,4,2.0,2,4,2.0,4,5,1.0,2,5,3.0,4,5,1.0,2,5,3.0,3,5,2.0,—
A10US10Ll,"As a person with diabetes, I want to use a predictive model that can help me avoid false alarms and unnecessary interventions, so that I can manage my blood glucose levels more effectively and improve my quality of life.","User Story:
As a person with diabetes, I want to utilize a predictive model that minimizes false alarms and unnecessary interventions so that I can maintain stable blood glucose levels and enhance my overall quality of life.

Acceptance Criteria:
- The predictive model must reduce false alarms by at least 70% compared to the current system.
- The model should provide accurate predictions with a sensitivity rate of 90% or higher for detecting significant glucose fluctuations.
- User satisfaction regarding the model's effectiveness should reach at least 85% in post-implementation surveys.

Test Outline:
- Analyze the frequency of false alarms before and after implementing the predictive model to ensure a 70% reduction.
- Conduct clinical trials to evaluate the sensitivity of the model in real-time scenarios.
- Gather user feedback through surveys to assess satisfaction levels with the predictive model's performance.","The original user story was well-articulated but lacked specific, measurable criteria. The improved version clarifies the user's role, emphasizes the capability of the predictive model, and provides explicit acceptance criteria and a structured test outline to enhance clarity and focus on measurable outcomes.","that (ISO 29148)
significant (ISO 29148)
can (NASA ARM)",4,4,0.0,4,4,0.0,5,5,0.0,4,5,1.0,5,5,0.0,4,5,1.0,4,5,1.0,—
A11US1Ll,"As a researcher, I want to be able to train the digital twin model using paired data (digital templates and corresponding printed images) so that I can evaluate its performance in generating and predicting printed CDP.","User Story:
As a researcher, I want to train the digital twin model using paired datasets of digital templates and their corresponding printed images so that I can accurately evaluate its performance in generating and predicting printed CDP outcomes.

Acceptance Criteria:
- The model must successfully train on at least 1,000 paired data samples to ensure robust performance.
- The accuracy of the model's predictions should reach at least 85% when tested against a validation dataset.
- The training process should complete within 30 minutes to facilitate timely evaluations.

Test Outline:
- Verify the model's training process by checking the number of paired samples used and ensuring it meets the 1,000 sample requirement.
- Assess the model's prediction accuracy using a separate validation dataset to confirm it achieves the 85% accuracy threshold.
- Measure the total training time to ensure it does not exceed the 30-minute limit.","The original user story was clear but lacked specific measurable criteria. The improved version enhances clarity by specifying the number of samples, accuracy targets, and time constraints, making it easier to assess the success of the implementation.","robust (ISO 29148)
it (ISO 29148)
that (ISO 29148)
timely (NASA ARM)
can (NASA ARM)",4,4,0.0,4,4,0.0,5,5,0.0,4,5,1.0,4,5,1.0,3,5,2.0,4,5,1.0,—
A11US2Ll,"As a security expert, I want to use the digital twin model to detect counterfeit products by comparing the predicted printed CDP with the actual printed image, so that I can identify potential counterfeits.","User Story:
As a security expert, I want to utilize the digital twin model to accurately detect counterfeit products by comparing the predicted printed CDP (Counterfeit Detection Pattern) with the actual printed image, so that I can identify potential counterfeits with at least 95% accuracy.

Acceptance Criteria:
- The digital twin model must achieve a detection accuracy of 95% or higher when comparing predicted and actual printed images.
- The comparison process should be completed within 3 seconds for each product to ensure timely identification.
- A report should be generated for each detection attempt, detailing the results and any identified counterfeits, with a completion rate of 100%.

Test Outline:
- Validate the accuracy of the digital twin model by testing it against a dataset of known counterfeit and genuine products.
- Measure the time taken for the model to complete the comparison for each product.
- Review the generated reports to ensure they meet the specified criteria and contain accurate information.","The original user story was clear but lacked measurable criteria and specific performance metrics. The improved version enhances clarity by specifying accuracy, response time, and reporting requirements, making it more actionable and aligned with business objectives.","it (ISO 29148)
that (ISO 29148)
timely (NASA ARM)
can (NASA ARM)",5,5,0.0,4,4,0.0,5,5,0.0,4,5,1.0,5,5,0.0,4,5,1.0,5,5,0.0,—
A11US3Ll,"As a developer, I want to be able to modify the architectural design of the digital twin model (e.g., switch from pix2pix to CycleGAN) so that I can experiment with different architectures and evaluate their impact on performance.","User Story:
As a developer, I want the capability to modify the architectural design of the digital twin model, such as transitioning from pix2pix to CycleGAN, so that I can conduct experiments with various architectures and quantitatively assess their impact on performance metrics.

Acceptance Criteria:
- The system must allow for architectural modifications with a deployment time of no more than 5 minutes.
- Performance metrics, including accuracy and processing speed, should be evaluated and compared, with at least a 10% improvement expected from the new architecture.
- Documentation must be updated to reflect changes in architecture, ensuring that 100% of developers can understand and replicate the modifications.

Test Outline:
- Measure the time taken to implement architectural changes and verify that it meets the 5-minute requirement.
- Conduct performance tests to compare the metrics of the original and modified architectures, ensuring the expected improvement is achieved.
- Review the updated documentation with a peer group to confirm clarity and completeness.","The original user story was clear but lacked measurable criteria and specific performance expectations. The improved version enhances clarity by specifying the developer's role, detailing the capability, and providing explicit, quantifiable acceptance criteria and a structured test outline.","it (ISO 29148)
that (ISO 29148)
capability to (NASA ARM)
can (NASA ARM)
more (NASA ARM)",4,4,0.0,4,4,0.0,5,5,0.0,4,5,1.0,4,5,1.0,3,5,2.0,4,5,1.0,—
A11US4Ll,"As a user, I want to be able to provide unpaired data (digital templates and printed images without matching pairs) to the digital twin model so that I can still train and use the model for generating and predicting printed CDP.","User Story:
As a user, I want to input unpaired data, such as digital templates and printed images without matching pairs, into the digital twin model so that I can effectively train the model for generating and predicting printed Customer Data Profiles (CDP) even when complete datasets are unavailable.

Acceptance Criteria:
- The system must accept unpaired data inputs and successfully integrate them into the model with at least 80% accuracy in predictions.
- The model should demonstrate a minimum of 15% improvement in prediction quality when trained with unpaired data compared to using no data at all.
- User feedback should reflect a satisfaction rate of 90% or higher regarding the usability of the unpaired data feature.

Test Outline:
- Validate the integration of unpaired data by measuring the accuracy of the model's predictions against a control group.
- Analyze the improvement in prediction quality through comparative studies before and after incorporating unpaired data.
- Conduct user surveys to assess satisfaction with the unpaired data functionality.","The original user story was somewhat clear but lacked specificity and measurable criteria. The improved version clarifies the user's role, specifies the capability, and outlines explicit, quantifiable acceptance criteria and a structured test outline to enhance clarity and focus on business value.","that (ISO 29148)
all (ISO 29148)
can (NASA ARM)",4,4,0.0,4,4,0.0,5,5,0.0,4,5,1.0,4,5,1.0,3,5,2.0,4,5,1.0,—
A11US5Ll,"As a researcher, I want to evaluate the performance of the digital twin model using various metrics (e.g., PSNR, SSIM, LPIPS) so that I can understand its strengths and weaknesses.","User Story:
As a researcher, I want to assess the performance of the digital twin model using multiple evaluation metrics, including PSNR, SSIM, and LPIPS, so that I can identify its strengths and weaknesses quantitatively.

Acceptance Criteria:
- The evaluation must include at least three different metrics (PSNR, SSIM, LPIPS) to provide a comprehensive performance analysis.
- Each metric should yield results that can be compared against established benchmarks, with a minimum of 80% of the results meeting or exceeding these benchmarks.
- A detailed report summarizing the findings must be generated within 24 hours of the evaluation.

Test Outline:
- Conduct performance evaluations of the digital twin model using the specified metrics and compare the results to industry benchmarks.
- Review the generated report for completeness and clarity, ensuring it accurately reflects the performance analysis.","The original user story was clear but lacked measurable criteria and specificity. The improved version enhances clarity by specifying the metrics, establishing quantifiable acceptance criteria, and providing a structured test outline to ensure thorough evaluation.","it (ISO 29148)
that (ISO 29148)
these (ISO 29148)
can (NASA ARM)",4,4,0.0,4,4,0.0,5,5,0.0,4,5,1.0,5,5,0.0,4,5,1.0,4,5,1.0,—
A11US6Ll,"As a developer, I want to be able to integrate the digital twin model with existing printing and imaging devices so that I can use the model in practical applications.","User Story:
As a developer, I want to seamlessly integrate the digital twin model with current printing and imaging devices so that I can leverage the model for practical applications, enhancing operational efficiency and accuracy.

Acceptance Criteria:
- The integration process must be completed within 4 weeks, ensuring compatibility with at least 90% of existing devices.
- The digital twin model should demonstrate a 30% improvement in operational efficiency when applied to printing and imaging tasks.
- User testing should show that at least 85% of developers find the integration process straightforward and effective.

Test Outline:
- Track the timeline of the integration process to ensure it meets the 4-week deadline.
- Measure the operational efficiency improvements through performance metrics before and after integration.
- Conduct surveys with developers to assess their experience and satisfaction with the integration process.","The original user story was clear but lacked measurable criteria and specific timelines. The improved version enhances clarity by specifying the role, capability, and business benefits while providing quantifiable acceptance criteria and a structured test outline.","effective (ISO 29148)
it (ISO 29148)
that (ISO 29148)
effective (NASA ARM)
can (NASA ARM)",4,4,0.0,4,4,0.0,5,5,0.0,4,5,1.0,4,5,1.0,3,5,2.0,4,5,1.0,—
A11US7Ll,"As a security expert, I want to use the digital twin model to generate digital templates from printed CDP so that I can create reference images for comparison.","User Story:
As a security expert, I want to utilize the digital twin model to create digital templates from printed CDP so that I can generate accurate reference images for comparison, enhancing the efficiency of my security assessments.

Acceptance Criteria:
- The digital twin model must successfully generate digital templates from at least 95% of printed CDP samples.
- The reference images created should have a similarity score of 90% or higher when compared to the original printed CDP.
- The entire process of generating templates should be completed within 5 minutes per sample.

Test Outline:
- Test the digital twin model with a diverse set of printed CDP samples to measure the success rate of template generation.
- Use image comparison software to evaluate the similarity scores of generated reference images against the originals.
- Measure the time taken for the template generation process to ensure it meets the 5-minute requirement.","The original user story was clear but lacked measurable criteria and specific outcomes. The improved version enhances clarity by specifying the expected success rates, similarity scores, and timeframes, making it more actionable and aligned with business objectives.","it (ISO 29148)
that (ISO 29148)
can (NASA ARM)",4,5,1.0,4,4,0.0,5,5,0.0,4,5,1.0,4,5,1.0,3,5,2.0,4,5,1.0,—
A11US8Ll,"As a researcher, I want to compare the performance of the digital twin model with state-of-the-art methods for image-to-image translation so that I can evaluate its competitiveness.","User Story:
As a researcher, I want to systematically compare the performance of the digital twin model against leading image-to-image translation methods so that I can assess its effectiveness and identify areas for improvement.

Acceptance Criteria:
- The comparison must include at least 5 state-of-the-art methods to ensure a comprehensive evaluation.
- Performance metrics such as PSNR (Peak Signal-to-Noise Ratio) and SSIM (Structural Similarity Index) should be calculated, with the digital twin model achieving at least 90% of the best-performing method's scores.
- The evaluation report should be completed and shared within 4 weeks of initiating the comparison.

Test Outline:
- Implement the digital twin model and the selected state-of-the-art methods on a standardized dataset to ensure consistency.
- Analyze and document the performance metrics for each method, comparing them against the digital twin model to validate competitiveness.","The original user story was clear but lacked specific measurable criteria and a structured approach. The improved version enhances clarity by specifying the number of methods for comparison, defining performance metrics, and establishing a timeline for the evaluation report.","best (ISO 29148)
that (ISO 29148)
can (NASA ARM)
best (NASA ARM)",4,4,0.0,4,4,0.0,5,5,0.0,4,5,1.0,4,5,1.0,3,5,2.0,4,5,1.0,—
A11US9Ll,"As a developer, I want to access the simulation code and extended results of the digital twin model so that I can reproduce the experiments and extend the model.","User Story:
As a developer, I want to access the complete simulation code and detailed results of the digital twin model so that I can accurately reproduce experiments and enhance the model's capabilities for future applications.

Acceptance Criteria:
- The simulation code must be accessible within 1 click from the main interface for at least 95% of users.
- The extended results should include comprehensive data sets that cover at least 90% of the model's scenarios.
- Documentation must be provided to guide users in reproducing experiments, achieving a user satisfaction rate of 90% or higher.

Test Outline:
- Verify the accessibility of the simulation code by tracking user interactions to ensure it meets the 1-click requirement.
- Review the completeness of the extended results against the defined scenarios to confirm coverage.
- Conduct user surveys to assess the clarity and usefulness of the provided documentation.","The original user story was clear but lacked measurable criteria and specific details. The improved version enhances clarity by specifying the developer's role, the importance of accessibility, and includes quantifiable acceptance criteria and a structured test outline to ensure the functionality meets user needs.","it (ISO 29148)
that (ISO 29148)
can (NASA ARM)",4,4,0.0,4,4,0.0,5,5,0.0,4,5,1.0,4,5,1.0,3,5,2.0,4,5,1.0,—
A11US10Ll,"As a user, I want to be able to use the digital twin model in a variety of practical setups (e.g., different printing and imaging devices, different types of CDP) so that I can apply the model in various scenarios.","User Story:
As a user, I want to utilize the digital twin model across multiple practical applications, including various printing and imaging devices as well as different types of Customer Data Platforms (CDPs), so that I can effectively implement the model in diverse scenarios and enhance operational efficiency.

Acceptance Criteria:
- The digital twin model must be compatible with at least 95% of the major printing and imaging devices available in the market.
- Users should be able to successfully apply the model in a minimum of 3 different types of CDPs without encountering significant issues.
- User satisfaction regarding the versatility of the model should reach at least 90% based on feedback collected after implementation.

Test Outline:
- Conduct compatibility tests with a range of printing and imaging devices to ensure the model functions correctly.
- Implement the digital twin model in various CDPs and gather user feedback to assess ease of use and effectiveness.","The original user story was somewhat clear but lacked specificity and measurable criteria. The improved version enhances clarity by detailing the user's needs, specifying measurable acceptance criteria, and providing a structured test outline to ensure the model's effectiveness across different scenarios.","that (ISO 29148)
significant (ISO 29148)
be able to (NASA ARM)
can (NASA ARM)",4,4,0.0,4,4,0.0,5,5,0.0,4,5,1.0,4,5,1.0,3,5,2.0,4,5,1.0,—
A12US1Ll,"As a public health official, I want to access accurate firearm assault data to inform prevention strategies and reduce firearm violence in my community.","User Story:
As a public health official, I want to access comprehensive and accurate firearm assault data so that I can develop targeted prevention strategies that aim to reduce firearm violence in my community by at least 20% over the next year.

Acceptance Criteria:
- The data must be updated in real-time and accessible with a maximum latency of 5 seconds.
- The accuracy of the firearm assault data should be verified to be at least 95% based on cross-referencing with law enforcement reports.
- A user-friendly dashboard should be available, allowing for data filtering and visualization, with at least 90% of users reporting ease of use.

Test Outline:
- Monitor the data update frequency and latency to ensure it meets the 5-second requirement.
- Conduct audits comparing the firearm assault data against law enforcement reports to confirm the 95% accuracy rate.
- Gather user feedback through surveys to evaluate the usability of the dashboard.","The original user story was clear but lacked measurable criteria and specific goals. The improved version enhances clarity by specifying quantifiable targets for data accuracy and violence reduction, along with detailed acceptance criteria and a structured test outline.","it (ISO 29148)
that (ISO 29148)
can (NASA ARM)",4,4,0.0,4,4,0.0,4,5,1.0,4,5,1.0,5,5,0.0,4,5,1.0,4,5,1.0,—
A12US2Ll,"As a researcher, I want to develop a novel machine-learning algorithm, the Firearm Violence Vulnerability Index (FVVI), to forecast community risk for shooting incidents and identify at-risk populations.","User Story:
As a researcher, I want to create an innovative machine-learning algorithm called the Firearm Violence Vulnerability Index (FVVI) to accurately predict community risk levels for shooting incidents and identify populations at higher risk, thereby enabling targeted interventions.

Acceptance Criteria:
- The FVVI must achieve at least 85% accuracy in forecasting shooting incidents based on historical data.
- The algorithm should process and analyze data within 5 minutes to ensure timely risk assessments.
- The tool should be able to identify at least 3 distinct at-risk demographic groups based on the analysis.

Test Outline:
- Validate the accuracy of the FVVI by comparing its predictions against actual shooting incidents over a 12-month period.
- Measure the processing time of the algorithm using a standard dataset to ensure it meets the 5-minute requirement.
- Conduct demographic analysis to confirm the identification of at-risk groups and assess the relevance of the findings.","The original user story was clear but lacked measurable criteria and specific outcomes. The improved version enhances clarity by specifying the algorithm's name, its purpose, and measurable acceptance criteria, along with a structured test outline to ensure the effectiveness of the FVVI.","it (ISO 29148)
be able to (NASA ARM)
timely (NASA ARM)",4,4,0.0,4,4,0.0,4,4,0.0,4,5,1.0,4,5,1.0,2,5,3.0,4,4,0.0,—
A12US3Ll,"As a community leader, I want to use the FVVI to predict where rates of firearm violence are highest in my city, so that I can target prevention efforts and allocate resources effectively.","User Story:
As a community leader, I want to utilize the Firearm Violence Visualization Index (FVVI) to accurately predict areas with the highest rates of firearm violence in my city so that I can strategically direct prevention initiatives and allocate resources where they are most needed.

Acceptance Criteria:
- The FVVI must provide predictions with at least 85% accuracy based on historical data.
- The tool should generate actionable insights within 5 seconds of inputting data.
- Community leaders should report a 75% increase in the effectiveness of resource allocation after implementing FVVI insights.

Test Outline:
- Validate the accuracy of FVVI predictions by comparing them against actual firearm violence incidents over a specified period.
- Measure the time taken for the FVVI to process data and deliver insights.
- Conduct surveys with community leaders to assess perceived improvements in resource allocation effectiveness.","The original user story was clear but lacked measurable criteria and specificity. The improved version enhances clarity by explicitly naming the tool, defining measurable acceptance criteria, and providing a structured test outline to ensure the effectiveness of the solution.","most (ISO 29148)
that (ISO 29148)
can (NASA ARM)",4,4,0.0,4,4,0.0,5,5,0.0,4,5,1.0,5,5,0.0,4,5,1.0,4,5,1.0,—
A12US4Ll,"As a data analyst, I want to merge open-access shooting incident data with population characteristics derived from the American Community Survey to create a comprehensive dataset for building the FVVI model.","User Story:
As a data analyst, I want to integrate open-access shooting incident data with population characteristics from the American Community Survey so that I can develop a comprehensive dataset that enhances the accuracy of the FVVI model.

Acceptance Criteria:
- The merged dataset must include at least 95% of shooting incidents matched with corresponding population characteristics.
- The integration process should be completed within 3 days to ensure timely analysis.
- The final dataset should be validated for accuracy, achieving a minimum of 98% correctness in data alignment.

Test Outline:
- Verify the completeness of the merged dataset by comparing the number of matched incidents against the original datasets.
- Conduct a review of the integration process to ensure it adheres to the 3-day timeline.
- Perform data validation checks to confirm the accuracy of the merged information.","The original user story was clear but lacked measurable criteria and specific timelines. The improved version enhances clarity by specifying the integration goals, measurable acceptance criteria, and a structured test outline to ensure the project's success.","it (ISO 29148)
that (ISO 29148)
timely (NASA ARM)
can (NASA ARM)",5,5,0.0,4,4,0.0,4,5,1.0,4,5,1.0,5,5,0.0,4,5,1.0,4,5,1.0,—
A12US5Ll,"As a machine learning engineer, I want to use XGBoost, a decision tree-based machine-learning algorithm, to construct the FVVI model and predict shooting incident rates within urban census tracts.","User Story:
As a machine learning engineer, I want to implement the XGBoost algorithm to develop the FVVI model so that I can accurately predict shooting incident rates in urban census tracts, thereby enhancing public safety measures.

Acceptance Criteria:
- The FVVI model must achieve a prediction accuracy of at least 85% when tested on historical data.
- The model's training time should not exceed 30 minutes on a standard dataset of urban census tract features.
- The model should provide insights into the top 5 factors influencing shooting incident rates, which can be validated through statistical analysis.

Test Outline:
- Evaluate the model's accuracy by comparing predicted rates against actual historical incident data.
- Measure the training time using a benchmark dataset to ensure it meets the specified limit.
- Analyze the model's output to identify and validate the key factors affecting shooting incidents.","The original user story was clear but lacked measurable criteria and explicit business relevance. The improved version enhances clarity by specifying the expected accuracy, training time, and insights, along with a structured test outline to ensure the model's effectiveness.","it (ISO 29148)
that (ISO 29148)
can (NASA ARM)",4,5,1.0,4,4,0.0,4,5,1.0,4,5,1.0,4,5,1.0,3,5,2.0,4,5,1.0,—
A12US6Ll,"As a policy maker, I want to use the FVVI to identify population characteristics that have the greatest impact on firearm violence, such as historical third grade math scores and having a parent jailed during childhood, so that I can develop targeted interventions.","User Story:
As a policy maker, I want to utilize the Firearm Violence Vulnerability Index (FVVI) to analyze population characteristics, such as historical third-grade math scores and parental incarceration during childhood, so that I can design targeted interventions that reduce firearm violence by at least 20% in high-risk communities.

Acceptance Criteria:
- The FVVI analysis must identify at least 5 key population characteristics correlated with firearm violence.
- Interventions developed from the analysis should be implemented in at least 3 high-risk areas within 6 months.
- A follow-up assessment should show a measurable reduction in firearm violence incidents by at least 20% within one year of intervention implementation.

Test Outline:
- Review the FVVI report to ensure it highlights the identified population characteristics and their correlation with firearm violence.
- Track the implementation of interventions in the selected areas and measure the change in firearm violence rates over the specified period.","The original user story was clear but lacked measurable criteria and specific goals. The improved version enhances clarity by specifying the use of the FVVI, defining explicit targets for intervention effectiveness, and providing structured acceptance criteria and testing methods.","it (ISO 29148)
that (ISO 29148)
can (NASA ARM)",4,4,0.0,4,4,0.0,5,5,0.0,4,5,1.0,5,5,0.0,4,5,1.0,4,5,1.0,—
A12US7Ll,"As a researcher, I want to evaluate the predictive power of the FVVI model using a test set of unseen data from Chicago, so that I can validate its accuracy and effectiveness.","User Story:
As a researcher, I want to assess the predictive accuracy of the FVVI model using a test set of previously unseen data from Chicago, so that I can confirm its effectiveness and reliability in real-world applications.

Acceptance Criteria:
- The FVVI model must achieve a predictive accuracy of at least 85% when evaluated against the test set.
- The evaluation should include at least 500 data points from the Chicago dataset to ensure statistical significance.
- A detailed report summarizing the model's performance metrics must be generated within 24 hours of the evaluation.

Test Outline:
- Run the FVVI model on the Chicago test set and calculate the accuracy percentage to verify it meets the 85% threshold.
- Analyze the dataset to ensure it contains a minimum of 500 data points and document the results in the performance report.","The original user story was clear but could benefit from more specificity and measurable criteria. The improved version clarifies the researcher's intent, specifies quantifiable acceptance criteria, and outlines a structured test plan to validate the model's performance.","it (ISO 29148)
that (ISO 29148)
can (NASA ARM)",4,4,0.0,4,4,0.0,5,5,0.0,4,5,1.0,5,5,0.0,4,5,1.0,4,5,1.0,—
A12US8Ll,"As a community leader, I want to use the FVVI to fill gaps in currently available firearm violence data and identify areas of focus for prevention programs, such as social or environmental factors.","User Story:
As a community leader, I want to utilize the Firearm Violence Vulnerability Index (FVVI) to identify and analyze gaps in existing firearm violence data so that I can strategically target prevention programs based on specific social and environmental factors.

Acceptance Criteria:
- The FVVI must provide a comprehensive analysis of at least 5 key social and environmental factors contributing to firearm violence within the community.
- The data analysis should highlight at least 3 specific areas of focus for prevention programs, supported by quantitative evidence.
- The report generated from the FVVI should be completed and shared with stakeholders within 30 days of data collection.

Test Outline:
- Review the FVVI report to ensure it includes the required analysis of social and environmental factors.
- Validate the identification of focus areas by cross-referencing with existing community data and stakeholder feedback.","The original user story was clear but lacked measurable criteria and specificity regarding the use of the FVVI. The improved version clarifies the capability, emphasizes the business relevance, and provides explicit, quantifiable acceptance criteria and a structured test outline.","it (ISO 29148)
that (ISO 29148)
can (NASA ARM)",4,4,0.0,4,4,0.0,4,5,1.0,4,5,1.0,4,5,1.0,3,5,2.0,4,5,1.0,—
A12US9Ll,"As a public health official, I want to disseminate the FVVI as a standardized risk tool to enhance firearm violence research and resource allocation, and to inform evidence-based prevention strategies.","User Story:
As a public health official, I want to implement the Firearm Violence Vulnerability Index (FVVI) as a standardized risk assessment tool so that I can improve firearm violence research, optimize resource allocation by at least 20%, and develop evidence-based prevention strategies that effectively reduce incidents by 15% over the next year.

Acceptance Criteria:
- The FVVI must be integrated into at least 80% of relevant research studies within 6 months of implementation.
- Resource allocation based on FVVI findings should demonstrate a 20% increase in efficiency compared to previous methods.
- Evidence-based prevention strategies developed using FVVI data should lead to a measurable reduction in firearm violence incidents by 15% within one year.

Test Outline:
- Review the number of studies utilizing the FVVI within the specified timeframe to ensure 80% integration.
- Analyze resource allocation reports to confirm a 20% improvement in efficiency.
- Track firearm violence statistics before and after the implementation of prevention strategies to verify a 15% reduction.","The original user story was well-articulated but lacked specific, measurable criteria. The improved version clarifies the tool's name, emphasizes quantifiable goals for resource allocation and incident reduction, and provides structured acceptance criteria and a test outline to enhance clarity and focus on business impact.","that (ISO 29148)
can (NASA ARM)",4,4,0.0,4,4,0.0,4,5,1.0,4,5,1.0,4,5,1.0,3,5,2.0,4,5,1.0,—
A12US10Ll,"As a researcher, I want to use the FVVI to analyze the effectiveness of different prevention programs and interventions, and to identify best practices for reducing firearm violence in urban communities.","User Story:
As a researcher, I want to utilize the Firearm Violence Vulnerability Index (FVVI) to systematically analyze the effectiveness of various prevention programs and interventions so that I can identify best practices that lead to a measurable reduction in firearm violence in urban communities.

Acceptance Criteria:
- The FVVI must provide data that allows for comparative analysis of at least 5 different prevention programs within a 6-month period.
- The analysis should identify at least 3 best practices that demonstrate a reduction in firearm violence by 20% or more in targeted urban areas.
- The findings must be documented in a report that is accessible to stakeholders within 2 weeks of completing the analysis.

Test Outline:
- Review the FVVI data outputs to ensure they support the comparative analysis of the specified prevention programs.
- Validate the identified best practices through follow-up studies or surveys to confirm their impact on reducing firearm violence.","The original user story was clear but lacked measurable criteria and specificity regarding the analysis process. The improved version enhances clarity by specifying the tool (FVVI), the timeframe for analysis, and quantifiable outcomes, making it more actionable and focused on business relevance.","best (ISO 29148)
that (ISO 29148)
can (NASA ARM)
best (NASA ARM)
more (NASA ARM)",4,4,0.0,4,4,0.0,4,5,1.0,3,5,2.0,4,5,1.0,3,5,2.0,4,5,1.0,—
A13US1Ll,"As a researcher, I want to develop a novel prediction framework to identify potential repurposed drug therapies for Alzheimer's disease (AD), so that I can contribute to the discovery of effective treatments for this complex disease.","User Story:
As a researcher, I want to create an innovative prediction framework to identify potential repurposed drug therapies for Alzheimer's disease (AD) so that I can significantly advance the discovery of effective treatments, potentially improving patient outcomes by at least 20% within the next five years.

Acceptance Criteria:
- The prediction framework must analyze at least 500 existing drug compounds and provide a ranked list of at least 10 candidates with a success probability of ≥70%.
- The framework should reduce the time required for initial screening of drug candidates by at least 50% compared to traditional methods.
- A pilot study using the framework should yield results that align with clinical outcomes in at least 80% of cases.

Test Outline:
- Validate the framework by comparing its predictions against historical data of drug efficacy in AD treatment.
- Measure the time taken for the framework to process and analyze the drug compounds to ensure it meets the 50% reduction target.","The original user story was well-articulated but lacked specific, measurable criteria. The improved version clarifies the researcher's role, emphasizes the potential impact on patient outcomes, and includes detailed acceptance criteria and a test outline to enhance clarity and focus on measurable results.","effective (ISO 29148)
it (ISO 29148)
that (ISO 29148)
effective (NASA ARM)
can (NASA ARM)",4,5,1.0,4,4,0.0,5,5,0.0,4,5,1.0,3,5,2.0,2,5,3.0,4,5,1.0,—
A13US2Ll,"As a pharmaceutical company, I want to use a deep learning-based framework to identify potential drug combinations for AD, so that I can accelerate the development of therapeutic efficacy for this disease.","User Story:
As a pharmaceutical company, I want to implement a deep learning framework to analyze and identify promising drug combinations for Alzheimer's Disease (AD) so that we can reduce the time to clinical trials by at least 30%, ultimately accelerating the development of effective therapies.

Acceptance Criteria:
- The framework must analyze at least 1,000 drug combinations and provide a ranked list of potential candidates within 48 hours.
- The accuracy of the predictions should be validated with a success rate of 85% or higher in subsequent laboratory tests.
- The time from initial analysis to identification of viable drug combinations should be reduced by 30% compared to traditional methods.

Test Outline:
- Evaluate the framework's performance by measuring the time taken to analyze drug combinations and generate results.
- Conduct laboratory tests on the top-ranked drug combinations to verify the accuracy of the predictions.","The original user story was clear but lacked measurable criteria and specificity regarding the impact on drug development. The improved version clarifies the role, specifies measurable acceptance criteria, and outlines a test plan to ensure the framework's effectiveness.","effective (ISO 29148)
that (ISO 29148)
effective (NASA ARM)
can (NASA ARM)",4,4,0.0,4,4,0.0,5,5,0.0,4,5,1.0,4,5,1.0,3,5,2.0,4,5,1.0,—
A13US3Ll,"As a neurologist, I want to access a database of drug-target pair networks that incorporate multiple drug features and target features, so that I can better understand the complex mechanisms behind AD and identify potential treatment options.","User Story:
As a neurologist, I want to access a comprehensive database of drug-target pair networks that include at least 10 distinct drug features and 10 target features, so that I can enhance my understanding of the complex mechanisms underlying Alzheimer's Disease (AD) and identify at least 5 potential treatment options.

Acceptance Criteria:
- The database must provide access to a minimum of 1,000 drug-target pairs with detailed feature descriptions.
- Users should be able to filter results based on specific drug and target features, achieving a response time of under 3 seconds for queries.
- At least 90% of users should report that the database significantly aids in their research and treatment identification efforts.

Test Outline:
- Verify the completeness of the database by checking the number of drug-target pairs and the diversity of features included.
- Measure the response time for various filtering queries to ensure it meets the 3-second requirement.
- Conduct user surveys to assess the perceived value of the database in supporting research and treatment identification.","The original user story was well-defined but lacked measurable criteria and specific goals. The improved version clarifies the user's needs, specifies quantifiable acceptance criteria, and outlines a structured test plan to ensure the database meets the neurologist's requirements.","it (ISO 29148)
that (ISO 29148)
be able to (NASA ARM)
can (NASA ARM)",4,4,0.0,4,4,0.0,5,5,0.0,4,5,1.0,5,5,0.0,4,5,1.0,4,5,1.0,—
A13US4Ll,"As a data scientist, I want to generate integrated features for each drug-combination by incorporating drug-target features and relationship information between drug-drug, target-target, and drug-target, so that I can train a robust AI model for drug discovery.","User Story:
As a data scientist, I want to create integrated features for each drug combination by synthesizing drug-target features and relationship data among drug-drug, target-target, and drug-target interactions so that I can develop a highly accurate AI model for drug discovery.

Acceptance Criteria:
- The feature generation process must incorporate at least 95% of relevant drug-target and relationship data to ensure comprehensive coverage.
- The integrated features should improve model accuracy by at least 15% compared to previous models trained without these features.
- The feature generation should be completed within a maximum of 30 minutes for each drug combination to maintain efficiency.

Test Outline:
- Validate the completeness of the integrated features by comparing them against a benchmark dataset to ensure 95% coverage.
- Measure the accuracy of the AI model before and after incorporating the new features to confirm the 15% improvement.
- Track the time taken for feature generation to ensure it meets the 30-minute requirement.","The original user story was well-defined but could benefit from clearer measurable criteria and a structured approach. The improved version specifies the capability, outlines explicit business benefits, and includes quantifiable acceptance criteria and a test outline to enhance clarity and focus on the project's value.","it (ISO 29148)
that (ISO 29148)
these (ISO 29148)
can (NASA ARM)",4,4,0.0,4,4,0.0,5,5,0.0,4,5,1.0,5,5,0.0,4,5,1.0,4,5,1.0,—
A13US5Ll,"As a medical researcher, I want to use an AI-based Drug discovery Network (AI-DrugNet) to identify potential repurposed and combination drug options for AD, so that I can validate their efficacy in clinical trials.","User Story:
As a medical researcher, I want to utilize the AI-DrugNet platform to discover potential repurposed and combination drug options for Alzheimer's Disease (AD) so that I can validate their efficacy in clinical trials, ultimately improving treatment outcomes.

Acceptance Criteria:
- The AI-DrugNet must generate a list of at least 10 viable drug candidates for repurposing or combination therapy within 1 week of input data.
- The platform should provide a confidence score of ≥80% for the predicted efficacy of each drug candidate.
- The system must allow for the integration of new research data, updating the drug candidate list at least once every month.

Test Outline:
- Evaluate the number of drug candidates generated by AI-DrugNet within the specified timeframe to ensure it meets the 10-candidate requirement.
- Review the confidence scores provided for each candidate to confirm they meet the ≥80% threshold.
- Test the integration process with new research data to verify that updates occur as scheduled.","The original user story was clear but lacked measurable criteria and specificity regarding the expected outcomes. The improved version enhances clarity by specifying quantifiable acceptance criteria and a structured test outline, ensuring a focus on the research goals and the value of the AI-DrugNet platform.","it (ISO 29148)
that (ISO 29148)
every (ISO 29148)
can (NASA ARM)",4,4,0.0,4,4,0.0,5,5,0.0,4,5,1.0,5,5,0.0,4,5,1.0,4,5,1.0,—
A13US6Ll,"As a clinician, I want to access a list of predicted potential drug therapies for AD, ranked by their likelihood of success, so that I can discuss treatment options with my patients and their families.","User Story:
As a clinician, I want to access a ranked list of predicted drug therapies for Alzheimer's Disease (AD) based on their likelihood of success so that I can provide informed treatment options to my patients and their families, enhancing shared decision-making.

Acceptance Criteria:
- The system must generate a list of at least 10 potential drug therapies, ranked by their success likelihood with a confidence level of 80% or higher.
- The predicted success rates for each therapy should be displayed alongside the treatment options, allowing for informed discussions.
- Clinicians should be able to retrieve this information within 3 seconds to ensure timely consultations.

Test Outline:
- Validate the accuracy of the predicted success rates by comparing them against clinical trial data.
- Measure the response time for generating the list to ensure it meets the 3-second requirement.","The original user story was clear but could benefit from more specificity and measurable criteria. The improved version clarifies the context, enhances the business relevance, and provides explicit acceptance criteria and a test outline to ensure the functionality meets user needs.","it (ISO 29148)
this (ISO 29148)
that (ISO 29148)
be able to (NASA ARM)
timely (NASA ARM)
can (NASA ARM)",4,4,0.0,4,4,0.0,5,5,0.0,4,5,1.0,5,5,0.0,4,5,1.0,4,5,1.0,—
A13US7Ll,"As a researcher, I want to apply the AI-DrugNet framework to identify potential drug combinations for other diseases beyond AD, so that I can explore its broad applicability and generalizability.","User Story:
As a researcher, I want to utilize the AI-DrugNet framework to identify potential drug combinations for diseases beyond Alzheimer's Disease (AD) so that I can evaluate its applicability and generalizability across at least 3 additional disease models.

Acceptance Criteria:
- The framework must successfully identify at least 5 viable drug combinations for each of the 3 targeted diseases.
- The accuracy of the identified combinations should be validated through in vitro testing with a success rate of 80% or higher.
- A comprehensive report detailing the findings and methodologies should be completed within 3 months of initiating the research.

Test Outline:
- Review the identified drug combinations against existing literature to ensure they are novel and relevant.
- Conduct laboratory tests to confirm the effectiveness of the combinations and track the success rate.
- Evaluate the report for completeness and adherence to the specified timeline.","The original user story was clear but lacked measurable criteria and specificity regarding the scope of research. The improved version clarifies the research goals, specifies quantifiable acceptance criteria, and outlines a structured test plan to ensure thorough evaluation.","that (ISO 29148)
can (NASA ARM)",4,4,0.0,4,4,0.0,5,5,0.0,4,5,1.0,4,5,1.0,3,5,2.0,4,5,1.0,—
A13US8Ll,"As a pharmaceutical company, I want to use the AI-DrugNet framework to identify potential drug candidates that can be repurposed for AD, so that I can reduce the costs and risks associated with drug development.","User Story:
As a pharmaceutical company, I want to leverage the AI-DrugNet framework to identify at least 10 potential drug candidates for repurposing in Alzheimer's Disease (AD) so that I can decrease the costs of drug development by 30% and mitigate associated risks by 40%.

Acceptance Criteria:
- The AI-DrugNet framework must generate a list of at least 10 viable drug candidates within 4 weeks.
- The accuracy of the predictions for drug repurposing should be validated with a success rate of 80% or higher in preliminary trials.
- The overall cost of the drug development process should be reduced by at least 30% compared to traditional methods.

Test Outline:
- Track the number of drug candidates identified by the AI-DrugNet framework and the time taken to generate this list.
- Conduct preliminary trials on the identified candidates to measure the accuracy of the predictions.
- Analyze the cost metrics of the drug development process before and after implementing the AI-DrugNet framework.","The original user story was clear but lacked specific, measurable criteria. The improved version enhances clarity by specifying quantifiable goals, such as the number of candidates, cost reduction percentages, and timelines, which strengthen the business relevance and feasibility of the project.","this (ISO 29148)
that (ISO 29148)
can (NASA ARM)",4,4,0.0,4,4,0.0,5,5,0.0,4,5,1.0,5,5,0.0,4,5,1.0,4,5,1.0,—
A13US9Ll,"As a bioinformatician, I want to analyze the AD disease network and identify the key nodes and edges that are associated with disease progression, so that I can provide insights on the underlying mechanisms of AD.","User Story:
As a bioinformatician, I want to analyze the Alzheimer's disease (AD) network to identify critical nodes and edges associated with disease progression, so that I can deliver actionable insights into the underlying mechanisms of AD and inform potential therapeutic targets.

Acceptance Criteria:
- The analysis must identify at least 10 key nodes and 15 significant edges that correlate with disease progression.
- The findings should be validated through at least 3 independent datasets to ensure robustness.
- A report summarizing the insights and implications of the identified nodes and edges should be completed within 4 weeks of the analysis initiation.

Test Outline:
- Review the analysis results to confirm the identification of the specified number of nodes and edges.
- Cross-reference the findings with independent datasets to verify the validity of the results.
- Evaluate the completeness and clarity of the final report through peer review.","The original user story was clear but lacked measurable criteria and specificity. The improved version enhances clarity by specifying the number of nodes and edges to be identified, the validation process, and a timeline for reporting, thereby strengthening the overall structure and focus on business relevance.","that (ISO 29148)
significant (ISO 29148)
can (NASA ARM)",4,4,0.0,4,4,0.0,5,5,0.0,4,5,1.0,5,5,0.0,4,5,1.0,4,5,1.0,—
A13US10Ll,"As a healthcare policymaker, I want to use the AI-DrugNet framework to inform drug development priorities and resource allocation for AD and other complex diseases, so that I can ensure that patients have access to effective treatments.","User Story:
As a healthcare policymaker, I want to leverage the AI-DrugNet framework to strategically prioritize drug development and allocate resources for Alzheimer's Disease (AD) and other complex diseases, so that I can guarantee that at least 80% of patients have timely access to effective treatments.

Acceptance Criteria:
- The AI-DrugNet framework must provide actionable insights that lead to a 30% increase in the number of drug candidates prioritized for development within the next fiscal year.
- Resource allocation decisions should be based on data-driven recommendations, achieving a minimum of 90% alignment with identified patient needs.
- A stakeholder satisfaction survey should indicate at least 85% approval of the framework's effectiveness in guiding drug development priorities.

Test Outline:
- Analyze the number of drug candidates prioritized before and after implementing the AI-DrugNet framework to measure the increase.
- Review resource allocation decisions against patient need assessments to ensure alignment.
- Conduct a survey among stakeholders to evaluate their satisfaction with the framework's impact on drug development.","The original user story was clear but lacked measurable criteria and specific targets. The improved version enhances clarity by specifying quantifiable goals, ensuring the story is actionable and focused on delivering tangible benefits to patients.","effective (ISO 29148)
that (ISO 29148)
effective (NASA ARM)
timely (NASA ARM)
can (NASA ARM)",4,4,0.0,4,4,0.0,5,5,0.0,4,5,1.0,4,5,1.0,3,5,2.0,4,5,1.0,—
A14US1Ll,"As a city planner, I want to be able to visualize the spatiotemporal distribution of taxi and Uber pick-ups across the five boroughs of NYC, so that I can identify areas of high demand and optimize transportation infrastructure.","User Story:
As a city planner, I want to visualize the spatiotemporal distribution of taxi and Uber pick-ups across the five boroughs of NYC so that I can identify high-demand areas and make data-driven decisions to optimize transportation infrastructure effectively.

Acceptance Criteria:
- The visualization tool must display pick-up data with a resolution of at least 15-minute intervals over a 12-month period.
- Users should be able to filter results by borough, time of day, and day of the week, with changes reflected in under 3 seconds.
- The tool should highlight at least 10 areas of peak demand based on the data analysis.

Test Outline:
- Validate the accuracy of the visualization by comparing it against historical pick-up data for the specified time frame.
- Measure the response time for applying filters to ensure it meets the 3-second requirement.","The original user story was clear but lacked measurable criteria and specific details. The improved version enhances clarity by specifying the resolution of data, response times, and the expected outcomes, making it more actionable and focused on business value.","it (ISO 29148)
that (ISO 29148)
be able to (NASA ARM)
can (NASA ARM)",4,4,0.0,4,4,0.0,5,5,0.0,4,5,1.0,5,5,0.0,4,5,1.0,4,5,1.0,—
A14US2Ll,"As a data analyst, I want to use machine learning algorithms such as XGboost and random forest to predict ridership of taxis and Uber combined in NYC, given a time window of one hour and location within zip-code areas, so that I can provide insights to stakeholders on transportation demand.","User Story:
As a data analyst, I want to implement machine learning algorithms, specifically XGBoost and Random Forest, to predict the combined ridership of taxis and Uber in New York City within a one-hour time window and specific zip code areas, so that I can deliver actionable insights to stakeholders regarding transportation demand trends.

Acceptance Criteria:
- The predictive model must achieve an accuracy of at least 85% when tested against historical ridership data.
- Predictions should be generated within 5 seconds for each query to ensure timely insights.
- The model should be able to handle at least 1,000 simultaneous requests without degradation in performance.

Test Outline:
- Validate the model's accuracy by comparing its predictions against actual ridership data over a defined period.
- Measure the response time for generating predictions under various load conditions to ensure it meets the 5-second requirement.
- Conduct stress tests to confirm the system can manage 1,000 simultaneous requests effectively.","The original user story was detailed but could benefit from clearer measurable criteria and a structured approach. The improved version specifies the algorithms, clarifies the business relevance, and includes quantifiable acceptance criteria and a test outline to enhance clarity and focus on delivering value.","it (ISO 29148)
that (ISO 29148)
be able to (NASA ARM)
timely (NASA ARM)
can (NASA ARM)",4,4,0.0,4,4,0.0,5,5,0.0,4,5,1.0,5,5,0.0,4,5,1.0,4,5,1.0,—
A14US3Ll,"As a taxi company manager, I want to know the percentage of trips taken by each type of taxi (yellow, green, Uber) in each borough, so that I can optimize my fleet's distribution and services.","User Story:
As a taxi company manager, I want to analyze the percentage of trips taken by each taxi type (yellow, green, Uber) in every borough so that I can make data-driven decisions to optimize fleet distribution and enhance service efficiency.

Acceptance Criteria:
- The system must generate a report showing the percentage of trips for each taxi type in each borough, updated in real-time.
- The report should be accessible within 5 seconds of the request to ensure timely decision-making.
- The accuracy of the trip data must be at least 98%, verified through regular audits.

Test Outline:
- Test the reporting feature by generating the trip percentage report and measuring the time taken for the report to be displayed.
- Conduct data audits to confirm the accuracy of the trip percentages reported for each taxi type and borough.","The original user story was clear but lacked measurable criteria and specificity. The improved version enhances clarity by specifying the need for real-time updates, accuracy requirements, and a structured testing approach to ensure the functionality meets business needs.","that (ISO 29148)
every (ISO 29148)
timely (NASA ARM)
can (NASA ARM)",4,4,0.0,4,4,0.0,5,5,0.0,4,5,1.0,5,5,0.0,4,5,1.0,4,5,1.0,—
A14US4Ll,"As a commuter, I want to be able to see the most popular transportation mode in each borough, so that I can plan my trips more effectively.","User Story:
As a commuter, I want to view the most popular transportation mode in each borough so that I can optimize my travel plans and reduce my commute time by at least 20%.

Acceptance Criteria:
- The system must display the most popular transportation mode for each borough based on user data, updated at least once a week.
- Users should be able to access this information within 3 seconds of requesting it.
- At least 80% of users should report that the information helped them make better travel decisions in a post-implementation survey.

Test Outline:
- Analyze user data to ensure the transportation modes are accurately represented and updated weekly.
- Measure the response time for retrieving the transportation mode information to confirm it meets the 3-second requirement.
- Conduct a survey post-implementation to assess user satisfaction and the effectiveness of the information provided.","The original user story was clear but lacked measurable criteria and specific benefits. The improved version enhances clarity by specifying the expected reduction in commute time, measurable acceptance criteria, and a structured test outline to verify the functionality.","most (ISO 29148)
it (ISO 29148)
this (ISO 29148)
that (ISO 29148)
better (ISO 29148)
be able to (NASA ARM)
can (NASA ARM)
better (NASA ARM)",4,4,0.0,4,4,0.0,5,5,0.0,4,5,1.0,4,5,1.0,3,5,2.0,4,5,1.0,—
A14US5Ll,"As a city planner, I want to analyze the trend of Uber's growth in each borough, so that I can anticipate its impact on the transportation landscape and make informed decisions.","User Story:
As a city planner, I want to analyze the growth trends of Uber in each borough so that I can forecast its impact on the local transportation infrastructure and make data-driven decisions for urban planning.

Acceptance Criteria:
- The analysis must include growth data for each borough over the past 12 months, with a minimum of 10% increase in ride requests to be considered significant.
- A report should be generated that highlights key trends and potential impacts on public transportation, to be completed within 4 weeks.
- At least 80% of stakeholders should find the insights actionable and relevant based on a follow-up survey.

Test Outline:
- Collect and analyze Uber ride request data from each borough, ensuring the data covers the specified time frame.
- Review the generated report with stakeholders to gather feedback on its relevance and usefulness.","The original user story was clear but lacked measurable criteria and specificity. The improved version enhances clarity by specifying the time frame for data analysis, defining what constitutes significant growth, and including acceptance criteria that focus on stakeholder feedback and actionable insights.","that (ISO 29148)
significant (ISO 29148)
can (NASA ARM)",4,4,0.0,4,4,0.0,5,5,0.0,4,5,1.0,4,5,1.0,3,5,2.0,4,5,1.0,—
A14US6Ll,"As a data scientist, I want to use the XGboost model to estimate the total number of taxis needed to dispatch to meet demand, given a specific time window and location, so that I can provide actionable insights to taxi companies and city planners.","User Story:
As a data scientist, I want to implement the XGBoost model to accurately predict the total number of taxis required for dispatch within a defined time window and specific location, so that I can deliver actionable insights that enhance operational efficiency for taxi companies and inform city planners.

Acceptance Criteria:
- The model must achieve a prediction accuracy of at least 85% when tested against historical demand data.
- Predictions should be generated within 5 seconds for real-time decision-making.
- The insights provided should lead to a reduction in wait times by at least 20% for users within the next quarter.

Test Outline:
- Validate the model's accuracy by comparing its predictions with actual demand data over a 3-month period.
- Measure the time taken to generate predictions under various load conditions to ensure it meets the 5-second requirement.
- Analyze user feedback and operational metrics to assess the impact of the insights on wait times.","The original user story was well-structured but could benefit from clearer, measurable acceptance criteria and a more detailed test outline. The improved version specifies accuracy, response time, and business impact, enhancing clarity and focus on delivering value.","it (ISO 29148)
that (ISO 29148)
can (NASA ARM)",4,4,0.0,4,4,0.0,5,5,0.0,4,5,1.0,5,5,0.0,4,5,1.0,4,5,1.0,—
A14US7Ll,"As a decision-maker, I want to understand how ridership shifts over time in each borough, so that I can make informed decisions about transportation infrastructure and services.","User Story:
As a decision-maker, I want to analyze ridership trends over time in each borough so that I can make data-driven decisions regarding transportation infrastructure and service improvements.

Acceptance Criteria:
- The analysis must provide monthly ridership data for each borough over the past 12 months, with visualizations to highlight trends.
- The report should identify at least three key factors influencing ridership changes, supported by quantitative data.
- Decision-makers should be able to access the analysis within 5 business days of the request.

Test Outline:
- Verify the accuracy of the monthly ridership data by cross-referencing with existing transportation records.
- Review the analysis report for clarity and comprehensiveness, ensuring it meets the specified criteria.","The original user story was clear but lacked measurable criteria and specificity. The improved version enhances clarity by specifying the role, capability, and business relevance while providing quantifiable acceptance criteria and a structured test outline.","it (ISO 29148)
that (ISO 29148)
be able to (NASA ARM)
can (NASA ARM)",4,4,0.0,4,4,0.0,5,5,0.0,4,5,1.0,5,5,0.0,4,5,1.0,4,5,1.0,—
A14US8Ll,"As a taxi company dispatcher, I want to know the optimal locations to situate taxis in each borough, so that I can minimize wait times and optimize my fleet's utilization.","User Story:
As a taxi company dispatcher, I want to identify the optimal taxi placement locations in each borough so that I can reduce average passenger wait times to under 5 minutes and increase fleet utilization by at least 20%.

Acceptance Criteria:
- The analysis must provide at least 3 recommended locations per borough based on historical demand data.
- Average wait times for passengers should be tracked and reduced to 5 minutes or less for at least 90% of rides.
- Fleet utilization rates should improve by a minimum of 20% within 3 months of implementing the new placement strategy.

Test Outline:
- Analyze historical ride data to determine demand patterns and validate the recommended locations.
- Monitor and report average wait times and fleet utilization rates before and after implementing the new strategy.","The original user story was clear but lacked measurable criteria and specific goals. The improved version enhances clarity by specifying quantifiable acceptance criteria and a structured test outline, focusing on business impact.","that (ISO 29148)
can (NASA ARM)
less (NASA ARM)",4,4,0.0,4,4,0.0,5,5,0.0,4,5,1.0,5,5,0.0,4,5,1.0,4,5,1.0,—
A14US9Ll,"As a researcher, I want to analyze the dataset of over 90 million trips to identify patterns and trends in transportation behavior, so that I can provide insights to stakeholders on how to improve transportation services.","User Story:
As a researcher, I want to analyze a dataset containing over 90 million trips to uncover patterns and trends in transportation behavior so that I can deliver actionable insights to stakeholders aimed at enhancing transportation services.

Acceptance Criteria:
- The analysis must identify at least 5 significant trends in transportation behavior within the dataset.
- Insights should be presented in a report that stakeholders can access within 2 weeks of data analysis completion.
- The accuracy of the identified patterns should be validated with a confidence level of 95% or higher.

Test Outline:
- Review the analysis process to ensure it effectively identifies the required trends and patterns.
- Validate the findings through peer review and feedback from stakeholders to confirm the insights are actionable and relevant.","The original user story was clear but could be enhanced by specifying measurable outcomes and a structured approach. The improved version clarifies the researcher's role, emphasizes the importance of actionable insights, and includes specific acceptance criteria and a test outline to ensure the analysis meets stakeholder needs.","it (ISO 29148)
that (ISO 29148)
significant (ISO 29148)
can (NASA ARM)",4,4,0.0,4,4,0.0,5,5,0.0,4,5,1.0,5,5,0.0,4,5,1.0,4,5,1.0,—
A14US10Ll,"As a city planner, I want to use the XGboost model to predict the impact of external factors (e.g. weather, events, road closures) on taxi and Uber ridership, so that I can develop strategies to mitigate their effects and ensure a smooth transportation system.","User Story:
As a city planner, I want to implement the XGBoost model to accurately predict how external factors such as weather conditions, local events, and road closures influence taxi and Uber ridership, so that I can formulate data-driven strategies to mitigate negative impacts and maintain an efficient transportation system.

Acceptance Criteria:
- The XGBoost model must achieve a prediction accuracy of at least 85% when tested against historical ridership data.
- Predictions should be generated within 5 seconds to allow for timely decision-making.
- A report detailing the model's findings and recommended strategies must be produced within 2 weeks of implementation.

Test Outline:
- Validate the model's accuracy by comparing its predictions with actual ridership data over a 3-month period.
- Measure the time taken to generate predictions for various scenarios to ensure it meets the 5-second requirement.
- Review the comprehensive report for clarity and actionable insights.","The original user story was well-structured but could benefit from clearer, measurable criteria and a more explicit focus on the business impact. The improved version enhances specificity regarding the model's performance, the timeline for deliverables, and the overall goal of maintaining an efficient transportation system.","efficient (ISO 29148)
it (ISO 29148)
that (ISO 29148)
timely (NASA ARM)
can (NASA ARM)",4,4,0.0,4,4,0.0,5,5,0.0,4,5,1.0,5,5,0.0,4,5,1.0,4,5,1.0,—
A15US1Ll,"As a policymaker, I want to use machine learning technology to forecast income levels and identify areas of high poverty, so that I can develop targeted interventions to reduce economic inequality.","User Story:
As a policymaker, I want to leverage machine learning technology to accurately forecast income levels and pinpoint regions with high poverty rates so that I can design and implement targeted interventions aimed at reducing economic inequality effectively.

Acceptance Criteria:
- The machine learning model must achieve at least 85% accuracy in predicting income levels based on historical data.
- The system should identify at least 10 high-poverty areas with a confidence level of 90% or higher.
- The interventions developed should aim to reduce poverty levels by at least 15% within two years of implementation.

Test Outline:
- Validate the accuracy of the machine learning model by comparing its predictions against actual income data over a specified period.
- Analyze the identified high-poverty areas to ensure they meet the confidence criteria and assess the effectiveness of the interventions through follow-up studies.","The original user story was clear but lacked measurable criteria and specificity. The improved version enhances clarity by specifying the accuracy and confidence levels required, as well as defining the expected impact of the interventions, thus strengthening the overall INVEST dimensions.","that (ISO 29148)
can (NASA ARM)",4,4,0.0,4,4,0.0,5,5,0.0,4,5,1.0,5,5,0.0,4,5,1.0,4,5,1.0,—
A15US2Ll,"As a researcher, I want to analyze the relationship between lifestyle factors and income levels using machine learning algorithms, so that I can better understand the root causes of poverty and inequality.","User Story:
As a researcher, I want to utilize machine learning algorithms to analyze the correlation between lifestyle factors and income levels so that I can identify key drivers of poverty and inequality, ultimately informing policy recommendations.

Acceptance Criteria:
- The analysis must include at least 5 lifestyle factors and their impact on income levels, with a dataset of a minimum of 1,000 respondents.
- The machine learning model should achieve an accuracy rate of at least 85% in predicting income levels based on lifestyle factors.
- The findings should be presented in a report that includes visualizations and actionable insights, to be completed within 4 weeks of data collection.

Test Outline:
- Validate the accuracy of the machine learning model by comparing its predictions against actual income data.
- Review the final report for clarity, completeness, and the inclusion of visual aids to ensure it meets the specified criteria.","The original user story was clear but lacked measurable criteria and specific outcomes. The improved version enhances clarity by specifying the number of factors and respondents, setting an accuracy target, and defining a timeline for deliverables, thus strengthening the overall INVEST dimensions.","it (ISO 29148)
that (ISO 29148)
can (NASA ARM)",4,4,0.0,4,4,0.0,5,5,0.0,4,5,1.0,4,5,1.0,3,5,2.0,4,5,1.0,—
A15US3Ll,"As a social worker, I want to use machine learning models to predict income levels and identify individuals who are at risk of poverty, so that I can provide targeted support and services.","User Story:
As a social worker, I want to leverage machine learning models to accurately predict income levels and identify individuals at risk of poverty so that I can deliver targeted support and services effectively.

Acceptance Criteria:
- The machine learning model must achieve at least 85% accuracy in predicting income levels based on historical data.
- The system should identify at least 90% of individuals who are at risk of poverty within the target population.
- The implementation should reduce the time taken to assess risk from 2 weeks to 1 week or less.

Test Outline:
- Validate the accuracy of the machine learning model by comparing its predictions against actual income data from a representative sample.
- Conduct a review of identified individuals to ensure that at least 90% of those flagged as at risk are confirmed through follow-up assessments.","The original user story was clear but lacked measurable criteria and specific outcomes. The improved version enhances clarity by specifying accuracy targets, time reductions, and structured testing methods to ensure the effectiveness of the machine learning application.","that (ISO 29148)
those (ISO 29148)
can (NASA ARM)
less (NASA ARM)",4,4,0.0,4,4,0.0,5,5,0.0,4,5,1.0,5,5,0.0,4,5,1.0,4,5,1.0,—
A15US4Ll,"As a data analyst, I want to develop machine learning models that can accurately predict annual income based on demographic and lifestyle factors, so that I can provide valuable insights to policymakers and researchers.","User Story:
As a data analyst, I want to create machine learning models that can predict annual income with at least 85% accuracy based on demographic and lifestyle factors, so that I can deliver actionable insights to policymakers and researchers.

Acceptance Criteria:
- The model must achieve a minimum accuracy of 85% when tested on a validation dataset.
- Predictions should be generated within 5 seconds for real-time analysis.
- The model's performance should be evaluated using at least 1000 data points to ensure reliability.

Test Outline:
- Validate the model's accuracy by comparing its predictions against actual income data from a separate test dataset.
- Measure the time taken to generate predictions to confirm it meets the 5-second requirement.","The original user story was well-structured but lacked specific measurable criteria. The improved version clarifies the accuracy target, response time, and data volume for testing, enhancing the focus on business relevance and actionable insights.","it (ISO 29148)
that (ISO 29148)
can (NASA ARM)",4,4,0.0,4,4,0.0,5,5,0.0,4,5,1.0,5,5,0.0,4,5,1.0,4,5,1.0,—
A15US5Ll,"As a government official, I want to use machine learning technology to identify areas of high economic inequality and develop policies to address it, so that I can promote sustainable development and financial stability.","User Story:
As a government official, I want to leverage machine learning technology to pinpoint regions with significant economic inequality so that I can formulate targeted policies that promote sustainable development and enhance financial stability.

Acceptance Criteria:
- The machine learning model must accurately identify areas of high economic inequality with at least 85% precision.
- Policy recommendations should be generated within 5 seconds after data input to facilitate timely decision-making.
- A follow-up assessment should show a measurable improvement in economic indicators in targeted areas by at least 10% within one year of policy implementation.

Test Outline:
- Validate the accuracy of the machine learning model by comparing its findings against established economic data.
- Measure the time taken for the model to generate policy recommendations after data input.
- Track economic indicators in identified areas over the year following policy implementation to assess impact.","The original user story was well-intentioned but lacked specificity and measurable criteria. The improved version clarifies the role and capability, establishes explicit acceptance criteria, and outlines a structured test plan to ensure accountability and effectiveness.","that (ISO 29148)
significant (ISO 29148)
timely (NASA ARM)
can (NASA ARM)",3,4,1.0,3,4,1.0,4,5,1.0,3,5,2.0,3,5,2.0,2,5,3.0,3,5,2.0,—
A15US6Ll,"As a non-profit organization, I want to use machine learning models to identify areas of high poverty and develop targeted interventions to reduce poverty and inequality.","User Story:
As a non-profit organization, I want to implement machine learning models to accurately identify regions with high poverty levels so that we can develop and deploy targeted interventions that aim to reduce poverty and inequality by at least 20% over the next three years.

Acceptance Criteria:
- The machine learning models must achieve an accuracy rate of 85% or higher in identifying high-poverty areas based on socioeconomic data.
- The interventions developed should be able to demonstrate a measurable impact, with at least a 20% reduction in poverty levels within the targeted areas within three years.
- User engagement with the interventions should reach at least 75% of the identified population within the first year of implementation.

Test Outline:
- Validate the accuracy of the machine learning models by comparing predictions against actual poverty data from reliable sources.
- Monitor and evaluate the effectiveness of the interventions through pre- and post-implementation surveys to measure changes in poverty levels.
- Track user engagement metrics to ensure that at least 75% of the targeted population is reached.","The original user story was clear but lacked specific, measurable criteria and a defined timeline for success. The improved version clarifies the organization's goals, specifies measurable acceptance criteria, and outlines a structured test plan to ensure accountability and track progress.","reliable (ISO 29148)
that (ISO 29148)
be able to (NASA ARM)
can (NASA ARM)",2,4,2.0,2,4,2.0,3,5,2.0,2,5,3.0,3,5,2.0,2,5,3.0,2,5,3.0,—
A15US7Ll,"As a researcher, I want to explore the use of data mining strategies to analyze large datasets and identify patterns and relationships between variables that can inform income forecasting models.","User Story:
As a researcher, I want to implement data mining strategies to analyze extensive datasets so that I can uncover patterns and relationships between variables that enhance the accuracy of income forecasting models.

Acceptance Criteria:
- The data mining process must analyze datasets of at least 1 million records within 10 minutes.
- The identified patterns should improve the predictive accuracy of income forecasting models by at least 15%.
- The analysis should generate a comprehensive report detailing the relationships between key variables, to be completed within 2 weeks.

Test Outline:
- Measure the time taken to analyze the dataset and ensure it meets the 10-minute requirement.
- Validate the predictive accuracy of the income forecasting models before and after implementing the identified patterns.
- Review the generated report for completeness and clarity in presenting the relationships between variables.","The original user story was clear but lacked measurable criteria and specific outcomes. The improved version enhances clarity by specifying the expected performance metrics, timeframes, and the business relevance of the research, thus strengthening the INVEST dimensions.","it (ISO 29148)
that (ISO 29148)
can (NASA ARM)",3,4,1.0,3,4,1.0,4,5,1.0,3,5,2.0,4,5,1.0,2,5,3.0,3,5,2.0,—
A15US8Ll,"As a policymaker, I want to use machine learning models to evaluate the effectiveness of poverty reduction programs and policies, so that I can make informed decisions about resource allocation.","User Story:
As a policymaker, I want to leverage machine learning models to assess the impact of poverty reduction programs and policies so that I can make data-driven decisions regarding resource allocation and maximize program effectiveness.

Acceptance Criteria:
- The machine learning models must analyze at least 5 years of program data to identify trends and outcomes with a minimum accuracy of 85%.
- The evaluation reports generated should be delivered within 1 week of data submission, ensuring timely insights for decision-making.
- At least 80% of stakeholders should express confidence in the findings of the machine learning evaluations through feedback surveys.

Test Outline:
- Validate the accuracy of the machine learning models by comparing their predictions against actual program outcomes over the past 5 years.
- Track the time taken to generate evaluation reports from data submission to ensure compliance with the 1-week requirement.
- Conduct stakeholder surveys to measure confidence levels in the evaluation findings.","The original user story was clear but lacked specific measurable criteria and a structured approach. The improved version enhances clarity by specifying the use of data, accuracy requirements, and stakeholder feedback, while also providing a detailed test outline to ensure accountability.","that (ISO 29148)
timely (NASA ARM)
can (NASA ARM)",4,4,0.0,4,4,0.0,5,5,0.0,4,5,1.0,4,5,1.0,3,5,2.0,4,5,1.0,—
A15US9Ll,"As a data scientist, I want to develop machine learning models that can handle large and complex datasets to predict income levels and identify areas of high poverty, so that I can provide accurate and reliable insights.","User Story:
As a data scientist, I want to create robust machine learning models capable of processing large and complex datasets to accurately predict income levels and identify high-poverty areas, enabling me to deliver actionable insights that drive effective policy decisions.

Acceptance Criteria:
- The models must achieve a prediction accuracy of at least 85% on validation datasets.
- The system should be able to process datasets with a minimum of 1 million records within 10 minutes.
- Insights generated from the models should be validated by at least 3 independent reviews to ensure reliability.

Test Outline:
- Evaluate the model's accuracy by comparing predictions against actual income levels in a test dataset.
- Measure the processing time for datasets of varying sizes to confirm it meets the 10-minute requirement.
- Conduct peer reviews of the insights generated to assess their validity and applicability.","The original user story was clear but lacked specific, measurable criteria. The improved version enhances clarity by specifying the desired accuracy, processing capabilities, and validation methods, thus strengthening the overall INVEST dimensions.","effective (ISO 29148)
robust (ISO 29148)
it (ISO 29148)
that (ISO 29148)
be able to (NASA ARM)
effective (NASA ARM)",4,4,0.0,4,4,0.0,5,4,-1.0,4,5,1.0,4,5,1.0,3,5,2.0,4,4,0.0,—
A15US10Ll,"As an economist, I want to use machine learning models to analyze the impact of economic policies on income inequality and poverty rates, so that I can inform evidence-based policy decisions.","User Story:
As an economist, I want to leverage advanced machine learning models to quantitatively analyze the effects of economic policies on income inequality and poverty rates, so that I can provide data-driven recommendations for effective policy-making.

Acceptance Criteria:
- The machine learning models must achieve at least 85% accuracy in predicting changes in income inequality and poverty rates based on historical data.
- The analysis should be completed within 5 days of data collection to ensure timely insights for policy discussions.
- The findings must be presented in a report that includes at least 3 actionable recommendations based on the model outputs.

Test Outline:
- Validate the accuracy of the machine learning models by comparing predictions against actual outcomes from a test dataset.
- Track the time taken from data collection to report generation to ensure it meets the 5-day requirement.
- Review the final report for clarity and the presence of actionable recommendations.","The original user story was clear but lacked measurable criteria and specificity. The improved version enhances clarity by specifying the use of advanced models, establishes quantifiable acceptance criteria, and outlines a structured test plan to ensure the effectiveness of the analysis.","effective (ISO 29148)
it (ISO 29148)
that (ISO 29148)
effective (NASA ARM)
timely (NASA ARM)
can (NASA ARM)",4,4,0.0,4,4,0.0,5,4,-1.0,4,5,1.0,3,5,2.0,3,5,2.0,4,4,0.0,—
A16US1Ll,"As a neonatologist, I want to develop a non-invasive newborn cry diagnostic system (NCDS) that uses machine learning techniques to analyze cry audio signals, so that I can identify unhealthy newborns quickly and accurately.","User Story:
As a neonatologist, I want to create a non-invasive Newborn Cry Diagnostic System (NCDS) that leverages machine learning algorithms to analyze cry audio signals, so that I can swiftly and accurately identify unhealthy newborns, improving early intervention outcomes.

Acceptance Criteria:
- The NCDS must achieve at least 95% accuracy in diagnosing health conditions based on cry analysis.
- The system should process and analyze cry audio signals within 3 seconds to facilitate timely decision-making.
- User testing should demonstrate that at least 90% of neonatologists find the system easy to use and effective in clinical settings.

Test Outline:
- Validate the accuracy of the NCDS by comparing its diagnoses against clinical assessments of newborn health.
- Measure the processing time for cry audio signals to ensure it meets the 3-second requirement.
- Conduct user experience surveys with neonatologists to gather feedback on usability and effectiveness.","The original user story was well-defined but could benefit from clearer measurable criteria and a structured approach. The improved version emphasizes specific performance metrics, user satisfaction, and a testing framework to enhance clarity and focus on the business impact.","easy (ISO 29148)
easy to use (ISO 29148)
effective (ISO 29148)
it (ISO 29148)
that (ISO 29148)
effective (NASA ARM)
timely (NASA ARM)
easy to (NASA ARM)
can (NASA ARM)",4,4,0.0,4,4,0.0,5,5,0.0,4,5,1.0,5,5,0.0,4,5,1.0,4,5,1.0,—
A16US2Ll,"As a researcher, I want to extract feature sets from cry audio signals, including Mel frequency cepstral coefficients (MFCC), auditory-inspired amplitude modulation (AAM) features, and prosody features, so that I can develop a comprehensive diagnostic system.","User Story:
As a researcher, I want to extract specific feature sets from cry audio signals, including Mel Frequency Cepstral Coefficients (MFCC), Auditory-Inspired Amplitude Modulation (AAM) features, and prosody features, so that I can create a robust diagnostic system that enhances the accuracy of infant cry analysis.

Acceptance Criteria:
- The feature extraction process must successfully identify and extract MFCC, AAM, and prosody features with at least 95% accuracy.
- The extraction should be completed within 5 seconds per audio sample to ensure efficiency in data processing.
- The diagnostic system should demonstrate an improvement of at least 20% in classification accuracy compared to previous models.

Test Outline:
- Validate the accuracy of the extracted features by comparing them against a benchmark dataset.
- Measure the time taken for feature extraction on a sample set of audio signals to ensure it meets the 5-second requirement.
- Evaluate the performance of the diagnostic system using a controlled test group to confirm the 20% improvement in classification accuracy.","The original user story was clear but lacked measurable criteria and specific performance metrics. The improved version enhances clarity by explicitly stating the desired outcomes, providing quantifiable acceptance criteria, and outlining a structured test plan to verify the effectiveness of the feature extraction process.","robust (ISO 29148)
it (ISO 29148)
that (ISO 29148)
can (NASA ARM)",4,4,0.0,4,4,0.0,5,5,0.0,4,5,1.0,5,5,0.0,4,5,1.0,4,5,1.0,—
A16US3Ll,"As a developer, I want to design a system that can fuse multiple feature sets to improve the performance of the NCDS, so that I can increase the accuracy of unhealthy newborn identification.","User Story:
As a developer, I want to architect a system that integrates multiple feature sets to enhance the performance of the Newborn Condition Detection System (NCDS) so that I can achieve at least a 15% increase in the accuracy of identifying unhealthy newborns.

Acceptance Criteria:
- The system must successfully integrate at least 3 distinct feature sets to improve detection capabilities.
- The accuracy of unhealthy newborn identification should reach a minimum of 90% after implementation.
- Performance metrics should show a reduction in false positives by at least 20% compared to the previous system.

Test Outline:
- Evaluate the system's performance by testing the accuracy of unhealthy newborn identification against a controlled dataset.
- Measure the rate of false positives before and after the integration of the new feature sets to confirm the improvement.","The original user story was clear but lacked measurable criteria and specific performance goals. The improved version clarifies the developer's role, specifies quantifiable acceptance criteria, and outlines a structured test plan to ensure the system meets its objectives.","that (ISO 29148)
can (NASA ARM)",4,5,1.0,3,4,1.0,4,5,1.0,3,5,2.0,3,5,2.0,2,5,3.0,3,5,2.0,—
A16US4Ll,"As a healthcare professional, I want to use a system that can analyze cry audio signals at different levels, including low-level patterns and high-level information, so that I can capture subtle changes in infant cries.","User Story:
As a healthcare professional, I want to utilize a system capable of analyzing cry audio signals at both low-level patterns and high-level information so that I can detect subtle changes in infant cries with a minimum accuracy of 95%, enhancing my ability to assess infant health.

Acceptance Criteria:
- The system must analyze cry audio signals and identify low-level patterns with at least 90% accuracy.
- High-level information extraction should occur within 3 seconds of audio input for timely assessments.
- User feedback should reflect a satisfaction rate of 90% or higher regarding the system's effectiveness in detecting changes in infant cries.

Test Outline:
- Conduct tests comparing the system's analysis results against expert evaluations to measure accuracy for both low-level and high-level information.
- Measure the time taken for the system to process and analyze audio signals to ensure it meets the 3-second requirement.","The original user story was clear but lacked measurable criteria and specific performance metrics. The improved version enhances clarity by specifying accuracy rates, response times, and user satisfaction, making it more actionable and aligned with business goals.","it (ISO 29148)
that (ISO 29148)
timely (NASA ARM)
can (NASA ARM)",4,4,0.0,4,4,0.0,5,5,0.0,4,5,1.0,4,5,1.0,3,5,2.0,4,5,1.0,—
A16US5Ll,"As a researcher, I want to train probabilistic neural networks and support vector machine algorithms to classify cry audio signals, so that I can develop a robust and reliable diagnostic system.","User Story:
As a researcher, I want to train probabilistic neural networks and support vector machine algorithms to classify cry audio signals so that I can create a diagnostic system that achieves at least 95% accuracy in identifying different cry types.

Acceptance Criteria:
- The classification model must demonstrate a minimum accuracy of 95% on a validation dataset of at least 1,000 cry audio samples.
- The training process should complete within 4 hours to ensure timely results for iterative testing.
- The system should provide detailed performance metrics, including precision, recall, and F1 score, for at least 90% of the classifications.

Test Outline:
- Evaluate the model's accuracy using a separate test dataset and compare results against the 95% target.
- Measure the total training time to confirm it does not exceed 4 hours.
- Analyze the performance metrics generated by the model to ensure they meet the specified thresholds.","The original user story was clear but lacked measurable criteria and specific performance goals. The improved version enhances clarity by defining explicit acceptance criteria and a structured test outline, focusing on quantifiable outcomes relevant to the research objectives.","it (ISO 29148)
that (ISO 29148)
timely (NASA ARM)
can (NASA ARM)",4,4,0.0,4,4,0.0,5,5,0.0,4,5,1.0,5,5,0.0,4,5,1.0,4,5,1.0,—
A16US6Ll,"As a developer, I want to design a system that can handle real-world problems by including many pathologies in the unhealthy group, so that I can develop a system that is effective in clinical settings.","User Story:
As a developer, I want to create a robust system that incorporates a comprehensive range of pathologies within the unhealthy group so that I can ensure the system effectively addresses real-world clinical challenges and improves patient outcomes.

Acceptance Criteria:
- The system must include at least 50 distinct pathologies in the unhealthy group to cover a wide spectrum of clinical scenarios.
- The system should demonstrate a 30% improvement in diagnostic accuracy during testing compared to existing solutions.
- User feedback from clinical trials should reflect a satisfaction rate of 90% or higher regarding the system's effectiveness in real-world applications.

Test Outline:
- Validate the inclusion of pathologies by reviewing the system's database against clinical guidelines to ensure all specified pathologies are represented.
- Conduct comparative studies to measure diagnostic accuracy before and after implementing the new system.
- Gather and analyze user feedback from clinical trials to assess satisfaction and effectiveness.","The original user story was too broad and lacked specific, measurable criteria. The improved version clarifies the developer's role, specifies the capability, and outlines explicit, quantifiable acceptance criteria and a structured test outline to enhance clarity and focus on business value.","robust (ISO 29148)
that (ISO 29148)
all (ISO 29148)
can (NASA ARM)",3,4,1.0,2,4,2.0,4,5,1.0,2,5,3.0,2,5,3.0,2,5,3.0,3,5,2.0,—
A16US7Ll,"As a neonatologist, I want to use a system that can identify unhealthy newborns non-invasively, so that I can provide timely interventions and improve patient outcomes.","User Story:
As a neonatologist, I want to utilize a non-invasive system that accurately identifies unhealthy newborns so that I can initiate timely interventions, ultimately improving patient outcomes by at least 20%.

Acceptance Criteria:
- The system must achieve a sensitivity of 95% in detecting health issues in newborns.
- The identification process should take no longer than 5 minutes per patient.
- Post-intervention outcomes should show a 20% improvement in recovery rates compared to historical data.

Test Outline:
- Validate the system's sensitivity by comparing its results against clinical assessments of newborn health.
- Measure the time taken for the system to provide results for each patient.
- Analyze patient recovery data before and after implementing the system to assess improvements in outcomes.","The original user story was clear but lacked specific, measurable criteria. The improved version enhances clarity by specifying quantifiable acceptance criteria and a test outline, emphasizing the impact on patient outcomes.","that (ISO 29148)
timely (NASA ARM)
can (NASA ARM)",4,5,1.0,4,4,0.0,5,5,0.0,4,5,1.0,5,5,0.0,4,5,1.0,4,5,1.0,—
A16US8Ll,"As a researcher, I want to investigate the usefulness of information at different levels within cry audio signals, so that I can develop a deeper understanding of the relationship between cry patterns and infant health.","User Story:
As a researcher, I want to analyze the utility of information at various levels within cry audio signals so that I can enhance my understanding of the correlation between cry patterns and infant health outcomes.

Acceptance Criteria:
- The analysis must identify at least 5 distinct cry patterns and their associated health indicators with a confidence level of 95%.
- The research should include a sample size of at least 100 recorded cry audio signals to ensure statistical significance.
- Findings must be documented in a report that is accessible to peers within 2 months of data collection completion.

Test Outline:
- Review the analysis process to ensure it accurately categorizes cry patterns and correlates them with health indicators.
- Validate the sample size and statistical methods used to confirm the reliability of the findings.","The original user story was clear but could benefit from more specificity and measurable criteria. The improved version clarifies the research focus, establishes quantifiable acceptance criteria, and outlines a structured test plan to enhance clarity and relevance.","it (ISO 29148)
that (ISO 29148)
can (NASA ARM)",4,4,0.0,4,4,0.0,5,5,0.0,4,5,1.0,4,5,1.0,3,5,2.0,4,5,1.0,—
A16US9Ll,"As a developer, I want to design a system that can achieve an F-measure of over 80% in identifying unhealthy newborns, so that I can develop a highly accurate diagnostic system.","User Story:
As a developer, I want to create a diagnostic system that achieves an F-measure of at least 85% in identifying unhealthy newborns so that I can ensure high accuracy and reliability in early detection, ultimately improving health outcomes.

Acceptance Criteria:
- The system must demonstrate an F-measure of 85% or higher during validation tests with a diverse dataset of newborn health indicators.
- The diagnostic system should process and analyze data within 5 seconds to facilitate timely decision-making.
- At least 90% of healthcare professionals using the system should report confidence in its accuracy based on user feedback surveys.

Test Outline:
- Evaluate the system's performance using a comprehensive dataset to calculate the F-measure and confirm it meets the 85% threshold.
- Measure the processing time for data analysis to ensure it does not exceed 5 seconds.
- Conduct user surveys to assess the confidence level of healthcare professionals in the system's diagnostic capabilities.","The original user story was clear but could be enhanced with more specific metrics and a higher target for the F-measure. The improved version clarifies the developer's role, sets a higher measurable goal, and includes detailed acceptance criteria and a structured test outline to ensure the system's effectiveness.","it (ISO 29148)
that (ISO 29148)
timely (NASA ARM)
can (NASA ARM)",5,4,-1.0,4,4,0.0,5,5,0.0,4,5,1.0,5,5,0.0,4,5,1.0,5,5,0.0,—
A16US10Ll,"As a healthcare professional, I want to use a system that can provide accurate and reliable diagnoses, so that I can provide high-quality care to newborns and improve their health outcomes.","User Story:
As a healthcare professional, I want to utilize a diagnostic system that delivers accurate and reliable diagnoses for newborns so that I can enhance the quality of care provided and significantly improve their health outcomes.

Acceptance Criteria:
- The system must achieve a diagnostic accuracy rate of at least 95% based on clinical validation studies.
- The average time to receive a diagnosis should not exceed 3 minutes to ensure timely interventions.
- User satisfaction with the system's reliability should reach at least 90% in post-implementation surveys.

Test Outline:
- Conduct clinical trials to evaluate the accuracy of diagnoses against established medical standards.
- Measure the time taken from input to diagnosis for a sample of cases to ensure compliance with the 3-minute criterion.
- Gather user feedback through surveys to assess satisfaction levels regarding the system's performance.","The original user story was well-structured but needed more specificity in terms of measurable criteria. The improved version clarifies the healthcare professional's role, emphasizes the importance of accuracy and reliability, and provides explicit acceptance criteria and a test outline to ensure the system meets the desired standards.","reliable (ISO 29148)
that (ISO 29148)
timely (NASA ARM)
can (NASA ARM)",4,4,0.0,4,4,0.0,5,5,0.0,4,5,1.0,4,5,1.0,3,5,2.0,4,5,1.0,—
A17US1Ll,"As a researcher, I want to be able to use LAMSTAR artificial neural networks to predict episodes of obstructive apnea and hypopnea in individuals with obstructive sleep apnea syndrome, so that I can evaluate the performance of the system.","User Story:
As a researcher, I want to utilize LAMSTAR artificial neural networks to accurately predict episodes of obstructive apnea and hypopnea in patients diagnosed with obstructive sleep apnea syndrome, so that I can assess the predictive performance of the model with quantifiable metrics.

Acceptance Criteria:
- The model must achieve a prediction accuracy of at least 85% when tested on a dataset of 500 individuals.
- The false positive rate should be less than 10% to ensure reliability in predictions.
- The evaluation of the system's performance should include metrics such as sensitivity and specificity, with both metrics exceeding 80%.

Test Outline:
- Validate the model's predictions against a labeled dataset to measure accuracy and false positive rates.
- Analyze the sensitivity and specificity of the predictions through confusion matrix calculations.","The original user story was clear but lacked specific, measurable criteria for success. The improved version enhances clarity by specifying quantifiable acceptance criteria and a structured test outline, ensuring that the research goals are well-defined and actionable.","that (ISO 29148)
can (NASA ARM)
less (NASA ARM)",4,4,0.0,4,4,0.0,5,5,0.0,4,5,1.0,3,5,2.0,3,5,2.0,4,5,1.0,—
A17US2Ll,"As a clinician, I want to be able to input six physiological signals obtained from polysomnography studies into the prediction system, so that I can get accurate predictions of apnea and hypopnea events.","User Story:
As a clinician, I want to input six specific physiological signals from polysomnography studies into the prediction system so that I can receive accurate predictions of apnea and hypopnea events, enhancing patient care and treatment planning.

Acceptance Criteria:
- The system must accept and process the six physiological signals within 5 seconds of input.
- Predictions of apnea and hypopnea events should achieve at least 90% accuracy based on historical data.
- Clinicians should be able to generate reports on predictions with a satisfaction rate of 85% or higher regarding the clarity and usefulness of the information.

Test Outline:
- Measure the time taken for the system to process the input signals and provide predictions.
- Validate the accuracy of predictions against a set of known outcomes from previous studies.
- Conduct user surveys to assess clinician satisfaction with the generated reports.","The original user story was clear but lacked measurable criteria and specific details. The improved version enhances clarity by specifying the input process, defining measurable acceptance criteria, and outlining a structured test plan to ensure the system meets clinical needs.","that (ISO 29148)
be able to (NASA ARM)
can (NASA ARM)",4,4,0.0,4,4,0.0,5,5,0.0,4,5,1.0,5,5,0.0,4,5,1.0,4,5,1.0,—
A17US3Ll,"As a system developer, I want to apply wavelet transform-based preprocessing to the physiological signals, so that I can improve the accuracy of the predictions made by the LAMSTAR artificial neural networks.","User Story:
As a system developer, I want to implement wavelet transform-based preprocessing on physiological signals so that I can enhance the prediction accuracy of LAMSTAR artificial neural networks by at least 15%.

Acceptance Criteria:
- The preprocessing method must reduce noise in the physiological signals by at least 30% as measured by signal-to-noise ratio (SNR).
- The accuracy of predictions from the LAMSTAR neural networks should improve to a minimum of 85% after applying the preprocessing technique.
- The preprocessing time for each signal should not exceed 1 second to maintain system efficiency.

Test Outline:
- Evaluate the SNR of the signals before and after applying the wavelet transform to confirm a 30% reduction in noise.
- Compare the prediction accuracy of the LAMSTAR neural networks with and without preprocessing to ensure it meets the 85% threshold.
- Measure the time taken for preprocessing each signal to ensure it remains within the 1-second limit.","The original user story was clear but lacked measurable criteria and specific targets. The improved version specifies quantifiable goals for accuracy, noise reduction, and processing time, enhancing clarity and focus on business value.","it (ISO 29148)
that (ISO 29148)
can (NASA ARM)",4,5,1.0,4,4,0.0,5,5,0.0,4,5,1.0,4,5,1.0,3,5,2.0,4,5,1.0,—
A17US4Ll,"As a researcher, I want to be able to test the prediction performance of the system during non-REM and REM sleep, so that I can determine the most effective operating environment for the system.","User Story:
As a researcher, I want to evaluate the prediction performance of the system during both non-REM and REM sleep phases so that I can identify the optimal operating conditions for enhanced accuracy and reliability.

Acceptance Criteria:
- The system must provide prediction performance metrics for both non-REM and REM sleep phases, with at least 95% of tests completed successfully.
- The accuracy of predictions during non-REM sleep should be ≥ 85%, while during REM sleep it should be ≥ 80%.
- A comprehensive report detailing the performance differences between the two sleep phases should be generated within 24 hours of testing.

Test Outline:
- Conduct controlled experiments to gather prediction performance data during both sleep phases and analyze the results against the acceptance criteria.
- Review the generated reports to ensure they accurately reflect the performance metrics and insights.","The original user story was clear but lacked specific, measurable criteria. The improved version enhances clarity by specifying performance metrics, acceptance criteria, and a structured test outline to ensure the research objectives are met effectively.","it (ISO 29148)
that (ISO 29148)
can (NASA ARM)",4,4,0.0,4,4,0.0,5,5,0.0,4,5,1.0,4,5,1.0,4,5,1.0,4,5,1.0,—
A17US5Ll,"As a clinician, I want to be able to adjust the data segment duration and prediction lead time of the system, so that I can optimize the accuracy of the predictions for individual patients.","User Story:
As a clinician, I want to customize the data segment duration and prediction lead time within the system so that I can enhance the accuracy of patient predictions, leading to better treatment outcomes.

Acceptance Criteria:
- Clinicians must be able to adjust the data segment duration and prediction lead time with changes reflected in the system within 3 seconds.
- The accuracy of predictions should improve by at least 15% after adjustments are made, as measured by comparison to baseline metrics.
- User satisfaction regarding the customization feature should reach at least 90% in post-implementation surveys.

Test Outline:
- Measure the time taken for the system to apply changes to the data segment duration and prediction lead time.
- Analyze prediction accuracy before and after adjustments to confirm the 15% improvement.
- Conduct user surveys to gather feedback on the customization feature's effectiveness and ease of use.","The original user story was clear but lacked measurable criteria and specific outcomes. The improved version emphasizes the clinician's role, clarifies the capability, and provides explicit, quantifiable acceptance criteria and a structured test outline to ensure the feature's effectiveness.","that (ISO 29148)
better (ISO 29148)
be able to (NASA ARM)
can (NASA ARM)
better (NASA ARM)",4,4,0.0,4,4,0.0,5,5,0.0,4,5,1.0,4,5,1.0,3,5,2.0,4,5,1.0,—
A17US6Ll,"As a system developer, I want to be able to measure the performance of the system using average sensitivities, specificities, positive predictive values, and negative predictive values, so that I can evaluate the effectiveness of the system.","User Story:
As a system developer, I want to measure the system's performance using metrics such as average sensitivity, specificity, positive predictive value (PPV), and negative predictive value (NPV) so that I can quantitatively assess the system's effectiveness and make data-driven improvements.

Acceptance Criteria:
- The system must calculate and display average sensitivity and specificity with a minimum accuracy of 95%.
- Positive predictive value and negative predictive value should be computed and updated in real-time, with results available within 3 seconds of data input.
- A performance report should be generated that includes these metrics, with at least 90% of users finding the report useful for evaluating system effectiveness.

Test Outline:
- Validate the accuracy of the calculated metrics by comparing them against a known dataset to ensure they meet the 95% accuracy requirement.
- Measure the time taken to generate the performance report after data input to confirm it meets the 3-second criterion.
- Conduct user surveys to assess the perceived usefulness of the performance report.","The original user story was clear but lacked measurable criteria and specific details. The improved version enhances clarity by explicitly stating the metrics to be used, providing quantifiable acceptance criteria, and outlining a structured test plan to evaluate the system's performance.","it (ISO 29148)
that (ISO 29148)
these (ISO 29148)
can (NASA ARM)",4,4,0.0,4,4,0.0,5,5,0.0,4,5,1.0,5,5,0.0,4,5,1.0,4,5,1.0,—
A17US7Ll,"As a researcher, I want to be able to identify the most important physiological signals for making accurate and reliable predictions of apnea and hypopnea events, so that I can refine the system to focus on the most critical data.","User Story:
As a researcher, I want to identify the key physiological signals that contribute to accurate predictions of apnea and hypopnea events so that I can enhance the predictive model's effectiveness and focus on the most critical data points.

Acceptance Criteria:
- At least 5 physiological signals must be identified as significant predictors based on statistical analysis.
- The predictive model should achieve an accuracy rate of 90% or higher when utilizing these identified signals.
- The refinement process should reduce false positive rates by at least 30% compared to the previous model.

Test Outline:
- Conduct statistical analyses to determine the significance of various physiological signals in predicting apnea and hypopnea events.
- Validate the predictive model's accuracy using a test dataset to ensure it meets the 90% accuracy requirement.","The original user story was clear but lacked measurable criteria and specificity. The improved version emphasizes the research goals, provides quantifiable acceptance criteria, and outlines a structured testing approach to enhance clarity and focus on business relevance.","most (ISO 29148)
it (ISO 29148)
that (ISO 29148)
these (ISO 29148)
significant (ISO 29148)
can (NASA ARM)",4,4,0.0,4,4,0.0,5,5,0.0,4,5,1.0,4,5,1.0,3,5,2.0,4,5,1.0,—
A17US8Ll,"As a clinician, I want to be able to use the system to predict apnea events up to 60 seconds into the future, so that I can provide timely interventions to patients.","User Story:
As a clinician, I want the system to accurately predict apnea events up to 60 seconds in advance so that I can implement timely interventions, improving patient outcomes and reducing potential complications.

Acceptance Criteria:
- The prediction model must achieve at least 85% accuracy in forecasting apnea events within the 60-second window.
- The system should provide alerts to clinicians within 5 seconds of detecting a potential apnea event.
- Clinicians should report a satisfaction rate of 90% or higher regarding the usefulness of the predictions in their decision-making process.

Test Outline:
- Validate the prediction model by comparing its forecasts against actual apnea events over a defined testing period.
- Measure the time taken for alerts to be generated and delivered to clinicians after an event is detected.","The original user story was clear but lacked specific measurable criteria. The improved version enhances clarity by specifying accuracy, response time, and user satisfaction metrics, making it more actionable and aligned with business goals.","that (ISO 29148)
timely (NASA ARM)
can (NASA ARM)",5,4,-1.0,4,4,0.0,5,5,0.0,4,5,1.0,5,5,0.0,4,5,1.0,5,5,0.0,—
A17US9Ll,"As a system developer, I want to be able to integrate the prediction system with existing polysomnography equipment, so that I can simplify the data collection process and make the system more accessible to clinicians.","User Story:
As a system developer, I want to seamlessly integrate the prediction system with existing polysomnography equipment so that I can streamline the data collection process, reducing setup time by at least 30% and enhancing accessibility for clinicians.

Acceptance Criteria:
- The integration must allow for data transfer from polysomnography equipment to the prediction system within 5 seconds for at least 95% of data entries.
- Clinicians should report a 90% satisfaction rate regarding the ease of use of the integrated system.
- The integration should reduce the manual data entry errors by at least 50% compared to the previous process.

Test Outline:
- Measure the time taken for data transfer during integration tests to ensure it meets the 5-second requirement.
- Conduct user surveys with clinicians to assess their satisfaction with the integration.
- Analyze error rates in data entry before and after the integration to confirm a reduction of at least 50%.","The original user story was clear but lacked measurable criteria and specific benefits. The improved version emphasizes quantifiable goals, clarifies the integration's impact on efficiency, and provides structured acceptance criteria and testing methods.","it (ISO 29148)
that (ISO 29148)
can (NASA ARM)",4,4,0.0,4,4,0.0,5,5,0.0,4,5,1.0,4,5,1.0,3,5,2.0,4,5,1.0,—
A17US10Ll,"As a researcher, I want to be able to use the prediction system to facilitate improved therapies for obstructive sleep apnea, so that I can improve patient outcomes and quality of life.","User Story:
As a researcher, I want to utilize the prediction system to enhance the development of therapies for obstructive sleep apnea so that I can achieve a 20% improvement in patient outcomes and significantly enhance their quality of life.

Acceptance Criteria:
- The prediction system must provide accurate forecasts with at least 85% reliability in identifying effective therapies.
- Research outcomes should demonstrate a measurable improvement in patient quality of life scores by 20% within 6 months of therapy implementation.
- At least 90% of users should report satisfaction with the prediction system's usability and effectiveness in their research.

Test Outline:
- Validate the accuracy of the prediction system by comparing its forecasts against actual therapy outcomes over a defined period.
- Conduct surveys to assess patient quality of life before and after therapy implementation to measure the 20% improvement.
- Gather user feedback on the prediction system's functionality and ease of use to ensure it meets the 90% satisfaction threshold.","The original user story was clear but lacked specific, measurable criteria. The improved version enhances clarity by specifying the research focus, quantifying expected outcomes, and providing detailed acceptance criteria and testing methods to ensure the story is actionable and aligned with business goals.","effective (ISO 29148)
it (ISO 29148)
that (ISO 29148)
effective (NASA ARM)
can (NASA ARM)",4,4,0.0,4,4,0.0,5,5,0.0,4,5,1.0,4,5,1.0,3,5,2.0,4,5,1.0,—
A18US1Ll,"As a radiologist, I want to use a computer-aided diagnosis system to classify tuberculosis (TB) disease in a chest radiograph, so that I can accurately diagnose and treat patients.","User Story:
As a radiologist, I want to utilize a computer-aided diagnosis (CAD) system to classify tuberculosis (TB) in chest radiographs so that I can enhance diagnostic accuracy and improve patient treatment outcomes.

Acceptance Criteria:
- The CAD system must achieve an accuracy rate of at least 95% in identifying TB cases from chest radiographs.
- The system should provide results within 5 seconds of image input to facilitate timely decision-making.
- At least 90% of users should report increased confidence in their diagnoses after using the CAD system.

Test Outline:
- Validate the accuracy of the CAD system by comparing its classifications against a set of confirmed TB cases.
- Measure the response time of the system for various chest radiograph inputs to ensure it meets the 5-second requirement.
- Conduct user surveys to assess the perceived confidence levels in diagnoses before and after using the CAD system.","The original user story was clear but lacked measurable criteria and specific acceptance metrics. The improved version enhances clarity by specifying the desired accuracy, response time, and user satisfaction, along with a structured test outline to verify the system's effectiveness.","it (ISO 29148)
that (ISO 29148)
timely (NASA ARM)
can (NASA ARM)",4,4,0.0,4,4,0.0,5,5,0.0,4,5,1.0,5,5,0.0,4,5,1.0,4,5,1.0,—
A18US2Ll,"As a researcher, I want to develop a convolutional neural network (CNN) algorithm that can detect and classify TB disease in addition to other diseases, so that I can improve the accuracy of diagnosis.","User Story:
As a researcher, I want to create a convolutional neural network (CNN) algorithm capable of detecting and classifying tuberculosis (TB) alongside other diseases so that I can enhance diagnostic accuracy by at least 15% compared to existing methods.

Acceptance Criteria:
- The CNN algorithm must achieve a classification accuracy of at least 90% on a validation dataset of diverse medical images.
- The algorithm should process images and provide results within 5 seconds to ensure timely diagnosis.
- The system must be able to differentiate between TB and at least 5 other diseases with a precision of 85% or higher.

Test Outline:
- Evaluate the CNN's performance using a standardized dataset to measure classification accuracy and compare it against existing benchmarks.
- Measure the time taken for the algorithm to process and classify images to ensure it meets the 5-second requirement.
- Conduct a series of tests to assess the precision of disease differentiation.","The original user story was clear but lacked measurable criteria and specific goals. The improved version enhances clarity by specifying quantifiable acceptance criteria, emphasizing the expected improvements in diagnostic accuracy, and providing a structured test outline.","it (ISO 29148)
that (ISO 29148)
be able to (NASA ARM)
timely (NASA ARM)
can (NASA ARM)",4,4,0.0,4,4,0.0,5,5,0.0,4,5,1.0,4,5,1.0,3,5,2.0,4,5,1.0,—
A18US3Ll,"As a healthcare professional, I want to use a transfer learning technique that utilizes a pre-trained CNN network to classify TB disease, so that I can reduce the time and resources required for training and validation.","User Story:
As a healthcare professional, I want to implement a transfer learning technique using a pre-trained Convolutional Neural Network (CNN) to classify tuberculosis (TB) cases, so that I can decrease the training time by at least 70% and improve classification accuracy to 95% or higher.

Acceptance Criteria:
- The transfer learning model must achieve a classification accuracy of at least 95% on a validation dataset of 1,000 TB images.
- The training time for the model should be reduced to no more than 5 hours compared to traditional training methods.
- The model should demonstrate a reduction in resource usage (CPU/GPU) by at least 50% during the training phase.

Test Outline:
- Evaluate the model's accuracy on the validation dataset to ensure it meets the 95% threshold.
- Measure the total training time and compare it with previous training methods to confirm the 70% reduction.
- Monitor resource consumption during the training process to verify the 50% reduction in usage.","The original user story was clear but lacked measurable criteria and specific performance goals. The improved version enhances clarity by specifying quantifiable acceptance criteria and a structured test outline, focusing on the impact of the transfer learning technique.","it (ISO 29148)
that (ISO 29148)
can (NASA ARM)
more (NASA ARM)",4,4,0.0,4,4,0.0,5,5,0.0,4,5,1.0,5,5,0.0,4,5,1.0,4,5,1.0,—
A18US4Ll,"As a patient, I want to receive an accurate diagnosis of TB disease or other diseases using a reliable and efficient computer-aided diagnosis system, so that I can receive timely and effective treatment.","User Story:
As a patient, I want to obtain a precise diagnosis for tuberculosis (TB) or other diseases through a dependable and efficient computer-aided diagnosis system so that I can initiate timely and effective treatment, improving my health outcomes.

Acceptance Criteria:
- The diagnosis system must achieve an accuracy rate of at least 95% for TB and other diseases based on clinical validation.
- The average time to receive a diagnosis should not exceed 10 minutes from the moment of testing.
- At least 90% of patients should report satisfaction with the clarity and reliability of the diagnosis process.

Test Outline:
- Validate the accuracy of the diagnosis system by comparing its results with those from expert clinicians on a sample of cases.
- Measure the time taken from testing to diagnosis to ensure it meets the 10-minute requirement.
- Conduct patient surveys to assess satisfaction levels regarding the diagnosis process.","The original user story was clear but lacked specific measurable criteria. The improved version enhances clarity by specifying the disease, establishing quantifiable acceptance criteria, and providing a structured test outline to ensure the system's effectiveness and reliability.","efficient (ISO 29148)
effective (ISO 29148)
it (ISO 29148)
that (ISO 29148)
those (ISO 29148)
effective (NASA ARM)
timely (NASA ARM)
can (NASA ARM)",4,4,0.0,4,4,0.0,5,5,0.0,4,5,1.0,5,5,0.0,4,5,1.0,4,5,1.0,—
A18US5Ll,"As a radiologist, I want to use a comprehensive verification system using TensorFlow to train and validate the proposed technique, so that I can ensure the accuracy and reliability of the diagnosis.","User Story:
As a radiologist, I want to implement a robust verification system utilizing TensorFlow to train and validate the proposed diagnostic technique so that I can achieve at least 95% accuracy and reliability in my diagnoses.

Acceptance Criteria:
- The verification system must demonstrate a training accuracy of 95% or higher on the validation dataset.
- The system should reduce false positives and negatives by at least 30% compared to the current diagnostic methods.
- User feedback from at least 50 radiologists should indicate a satisfaction rate of 90% or higher regarding the system's effectiveness.

Test Outline:
- Evaluate the training accuracy of the model using a comprehensive validation dataset to ensure it meets the 95% threshold.
- Compare the diagnostic outcomes of the new system against existing methods to measure improvements in false positive and negative rates.
- Conduct surveys with radiologists to gather feedback on their experience and satisfaction with the new verification system.","The original user story was clear but lacked measurable criteria and specific performance goals. The improved version enhances clarity by specifying quantifiable acceptance criteria and a structured test outline, ensuring a focus on accuracy and user satisfaction.","robust (ISO 29148)
it (ISO 29148)
that (ISO 29148)
can (NASA ARM)",4,4,0.0,4,4,0.0,5,5,0.0,4,5,1.0,5,5,0.0,4,5,1.0,4,5,1.0,—
A18US6Ll,"As a researcher, I want to compare the area under the curve (AUC) between different CNN models to determine the most accurate method for classifying TB disease, so that I can improve the performance of the system.","As a researcher, I want to compare the area under the curve (AUC) between different CNN models to determine the most accurate method for classifying TB disease, so that I can improve the performance of the system.","Original text, no correction.","most (ISO 29148)
that (ISO 29148)
can (NASA ARM)",5,4,-1.0,4,4,0.0,5,4,-1.0,4,5,1.0,5,5,0.0,4,5,1.0,5,4,-1.0,—
A18US7Ll,"As a healthcare professional, I want to use a method that can classify multiple diseases, including atelectasis, edema, and tuberculosis, with high accuracy, so that I can provide a comprehensive diagnosis and treatment plan.","User Story:
As a healthcare professional, I want to utilize an advanced classification method that can accurately identify multiple diseases, including atelectasis, edema, and tuberculosis, with an accuracy rate of at least 95%, so that I can deliver precise diagnoses and effective treatment plans.

Acceptance Criteria:
- The classification method must achieve a minimum accuracy of 95% when tested against a diverse dataset of patient cases.
- The system should provide results within 5 seconds to ensure timely decision-making.
- User feedback from healthcare professionals should reflect a satisfaction rate of 90% or higher regarding the effectiveness of the classification tool.

Test Outline:
- Evaluate the classification method using a comprehensive dataset to measure its accuracy against known diagnoses.
- Measure the response time for the classification results to ensure it meets the 5-second requirement.
- Conduct surveys with healthcare professionals to gather feedback on the tool's usability and effectiveness.","The original user story was clear but lacked specific measurable criteria. The improved version enhances clarity by specifying accuracy rates, response times, and user satisfaction metrics, making it more actionable and aligned with business goals.","effective (ISO 29148)
it (ISO 29148)
that (ISO 29148)
effective (NASA ARM)
timely (NASA ARM)
can (NASA ARM)",4,4,0.0,4,4,0.0,5,5,0.0,4,5,1.0,5,5,0.0,4,5,1.0,4,5,1.0,—
A18US8Ll,"As a patient, I want to receive a timely and accurate diagnosis of pleural effusion and consolidation diseases, so that I can receive prompt and effective treatment.","User Story:
As a patient, I want to obtain a timely and precise diagnosis for pleural effusion and consolidation diseases so that I can initiate prompt and effective treatment, improving my health outcomes.

Acceptance Criteria:
- The diagnostic process must provide results within 24 hours for at least 90% of cases.
- The accuracy of the diagnosis should be confirmed through follow-up assessments, achieving a minimum of 95% agreement with specialist evaluations.
- Patients should report a satisfaction rate of 90% or higher regarding the timeliness and clarity of the diagnostic communication.

Test Outline:
- Track the time taken from initial consultation to diagnosis and ensure it meets the 24-hour requirement.
- Review diagnostic results against specialist evaluations to measure accuracy.
- Conduct patient surveys to assess satisfaction with the diagnostic process.","The original user story was clear but lacked measurable criteria and specificity. The improved version enhances clarity by defining explicit acceptance criteria and a structured test outline, focusing on measurable outcomes that reflect the patient's needs and the effectiveness of the diagnostic process.","effective (ISO 29148)
it (ISO 29148)
that (ISO 29148)
effective (NASA ARM)
timely (NASA ARM)
can (NASA ARM)",4,4,0.0,4,4,0.0,5,5,0.0,4,5,1.0,4,5,1.0,3,5,2.0,4,5,1.0,—
A18US9Ll,"As a radiologist, I want to use a computer-aided diagnosis system that can achieve excellent performance in classifying diseases, such as TB, atelectasis, and edema, with high AUC values, so that I can trust the accuracy of the diagnosis.","User Story:
As a radiologist, I want to utilize a computer-aided diagnosis system that demonstrates exceptional performance in classifying diseases like tuberculosis (TB), atelectasis, and pulmonary edema, achieving an AUC (Area Under the Curve) value of at least 0.90, so that I can confidently rely on the accuracy of the diagnoses provided.

Acceptance Criteria:
- The system must classify TB, atelectasis, and edema with an AUC value of 0.90 or higher in at least 95% of test cases.
- The diagnostic results should be delivered within 5 seconds to ensure timely decision-making.
- User feedback should reflect a trust level of 90% or higher in the system's accuracy after implementation.

Test Outline:
- Evaluate the AUC values through a series of validation tests using a comprehensive dataset of radiological images.
- Measure the response time for the system to provide diagnostic results for each case.
- Conduct user surveys to assess the radiologists' trust in the system's accuracy post-implementation.","The original user story was clear but lacked specific measurable criteria. The improved version enhances clarity by specifying the required AUC values, response times, and user trust levels, along with structured acceptance criteria and a test outline to ensure the system's effectiveness.","that (ISO 29148)
timely (NASA ARM)
can (NASA ARM)",4,4,0.0,4,4,0.0,5,5,0.0,4,5,1.0,5,5,0.0,4,5,1.0,4,5,1.0,—
A18US10Ll,"As a healthcare administrator, I want to implement a computer-aided diagnosis system that can be used for early diagnosis and treatment of diseases in a clinical environment, so that I can improve patient outcomes and reduce healthcare costs.","User Story:
As a healthcare administrator, I want to deploy a computer-aided diagnosis system in clinical settings so that I can enhance early disease detection and treatment, ultimately improving patient outcomes by at least 20% and reducing healthcare costs by 15%.

Acceptance Criteria:
- The system must achieve a diagnostic accuracy of 90% or higher in identifying diseases based on clinical data.
- The implementation should lead to a reduction in average patient diagnosis time by at least 30%.
- User training sessions must be completed for 100% of clinical staff within 4 weeks of system deployment.

Test Outline:
- Evaluate the diagnostic accuracy of the system through a series of clinical trials comparing its results to traditional methods.
- Measure the time taken for diagnoses before and after the system's implementation to confirm the 30% reduction.
- Track the completion rate of training sessions and gather feedback from clinical staff on their confidence in using the system.","The original user story was well-structured but lacked specific measurable criteria. The improved version clarifies the expected outcomes, provides quantifiable acceptance criteria, and outlines a comprehensive test plan to ensure the system's effectiveness and value.","that (ISO 29148)
can (NASA ARM)",4,4,0.0,4,4,0.0,5,5,0.0,4,5,1.0,4,5,1.0,3,5,2.0,4,5,1.0,—
A19US1Ll,"As a banker, I want to minimize credit risk and optimize lending decisions, so I need a reliable method to predict credit card default rates using data analytics.","User Story:
As a banker, I want to effectively minimize credit risk and enhance lending decisions by utilizing a robust data analytics method to accurately predict credit card default rates, ensuring financial stability and informed decision-making.

Acceptance Criteria:
- The predictive model must achieve at least 85% accuracy in forecasting credit card default rates based on historical data.
- The model should reduce the rate of defaulted loans by at least 20% within the first year of implementation.
- The analytics solution must process and analyze data within 5 minutes to provide timely insights for lending decisions.

Test Outline:
- Validate the accuracy of the predictive model by comparing its forecasts against actual default rates over a 12-month period.
- Measure the reduction in defaulted loans after implementing the model to ensure it meets the 20% target.
- Test the data processing speed to confirm it meets the 5-minute requirement.","The original user story was clear but lacked measurable criteria and specific outcomes. The improved version enhances clarity by specifying the desired accuracy, reduction in defaults, and processing time, along with structured acceptance criteria and a test outline.","robust (ISO 29148)
it (ISO 29148)
timely (NASA ARM)",4,4,0.0,4,4,0.0,4,4,0.0,4,5,1.0,5,5,0.0,4,5,1.0,4,4,0.0,—
A19US2Ll,"As a risk manager, I want to identify the most accurate model for predicting credit card default, so I can use it to inform my credit risk management strategies and reduce losses.","User Story:
As a risk manager, I want to identify the most accurate predictive model for credit card default so that I can enhance my credit risk management strategies and minimize potential losses by at least 20%.

Acceptance Criteria:
- The selected model must achieve an accuracy rate of 85% or higher in predicting defaults based on historical data.
- The model should be validated using at least 1,000 data points to ensure reliability.
- Implementation of the model should result in a measurable reduction in default-related losses by 20% within the first year.

Test Outline:
- Evaluate the accuracy of various predictive models using a test dataset and compare their performance metrics.
- Analyze the financial impact of the implemented model on default losses over a 12-month period.","The original user story was clear but lacked specific measurable criteria and a defined business impact. The improved version emphasizes quantifiable goals, such as accuracy rates and loss reduction percentages, while providing a structured test outline to verify the model's effectiveness.","most (ISO 29148)
that (ISO 29148)
can (NASA ARM)",4,4,0.0,4,4,0.0,4,5,1.0,4,5,1.0,5,5,0.0,4,5,1.0,4,5,1.0,—
A19US3Ll,"As a data analyst, I want to evaluate the performance of different machine learning models, including logistic regression, decision tree, and random forest, to predict credit card default and identify the best approach.","User Story:
As a data analyst, I want to assess the performance of various machine learning models, including logistic regression, decision tree, and random forest, to predict credit card defaults so that I can identify the most effective model for improving prediction accuracy and reducing financial risk.

Acceptance Criteria:
- Each model must be evaluated using a consistent dataset, achieving at least 80% accuracy in predicting credit card defaults.
- The evaluation should include metrics such as precision, recall, and F1 score, with a minimum F1 score of 0.75 for the best-performing model.
- A comparative analysis report must be generated, highlighting the strengths and weaknesses of each model, to be completed within 2 weeks.

Test Outline:
- Implement cross-validation techniques to ensure the accuracy of each model and record the performance metrics.
- Review the comparative analysis report with stakeholders to confirm the findings and recommendations.","The original user story was clear but lacked measurable criteria and specific outcomes. The improved version enhances clarity by specifying performance metrics, a timeline for completion, and a structured approach to testing and reporting.","best (ISO 29148)
most (ISO 29148)
effective (ISO 29148)
that (ISO 29148)
effective (NASA ARM)
can (NASA ARM)
best (NASA ARM)",4,4,0.0,4,4,0.0,4,5,1.0,4,5,1.0,5,5,0.0,4,5,1.0,4,5,1.0,—
A19US4Ll,"As a credit card issuer, I want to reduce credit card default rates and improve my bottom line, so I need a predictive model that can identify high-risk customers and prevent defaults.","User Story:
As a credit card issuer, I want to implement a predictive analytics model that accurately identifies high-risk customers so that I can reduce credit card default rates by at least 20% and enhance my profitability.

Acceptance Criteria:
- The predictive model must achieve an accuracy rate of 85% or higher in identifying potential defaulters.
- The implementation should lead to a measurable decrease in default rates within 6 months of deployment.
- The model should provide actionable insights that can be utilized to improve customer engagement strategies, with at least 3 specific recommendations generated per month.

Test Outline:
- Validate the model's accuracy by comparing its predictions against actual default rates over a defined period.
- Monitor the default rates quarterly to assess the impact of the model on overall financial performance.
- Review the actionable insights generated by the model to ensure they align with business objectives and lead to improved customer interactions.","The original user story was clear but lacked specific, measurable criteria for success. The improved version emphasizes quantifiable goals, such as accuracy rates and percentage reductions in defaults, while also outlining a structured approach to testing and validation.","that (ISO 29148)
improved (ISO 29148)
can (NASA ARM)
improved (NASA ARM)",4,4,0.0,4,4,0.0,4,5,1.0,4,5,1.0,5,5,0.0,4,5,1.0,4,5,1.0,—
A19US5Ll,"As a customer, I want to understand how banks assess my credit risk and make lending decisions, so I can take steps to improve my credit score and access credit at favorable terms.","User Story:
As a customer, I want to gain insights into how banks evaluate my credit risk and make lending decisions so that I can take actionable steps to enhance my credit score and secure loans with more favorable terms.

Acceptance Criteria:
- The information provided must clearly outline the key factors that influence credit risk assessments, such as payment history, credit utilization, and length of credit history.
- At least 80% of customers should report a better understanding of credit risk assessment after reviewing the provided information.
- The guidance should include specific, measurable actions that customers can take to improve their credit scores, with at least three actionable steps outlined.

Test Outline:
- Conduct surveys to measure customer understanding of credit risk factors before and after the information is provided.
- Analyze customer feedback to ensure the actionable steps are clear and practical for improving credit scores.","The original user story was clear but lacked measurable criteria and specific actions. The improved version enhances clarity by specifying the information to be provided, measurable acceptance criteria, and a structured test outline to assess customer understanding and actionable steps.","secure (ISO 29148)
that (ISO 29148)
better (ISO 29148)
can (NASA ARM)
better (NASA ARM)
more (NASA ARM)",4,4,0.0,4,4,0.0,4,5,1.0,4,5,1.0,4,5,1.0,3,5,2.0,4,5,1.0,—
A19US6Ll,"As a financial regulator, I want to ensure that banks are using robust methods to manage credit risk and prevent default, so I need to understand the performance of different predictive models and their limitations.","User Story:
As a financial regulator, I want to evaluate the effectiveness of various predictive models for credit risk management so that I can ensure banks are employing reliable methods to minimize defaults and maintain financial stability.

Acceptance Criteria:
- A comprehensive report must be generated comparing at least 5 different predictive models, detailing their performance metrics, including accuracy, precision, and recall.
- Each model's limitations should be clearly outlined, with at least 3 specific limitations identified for each model.
- The analysis should be completed and presented within 30 days to facilitate timely regulatory decisions.

Test Outline:
- Review the generated report to verify that it includes the required comparisons and limitations for each predictive model.
- Conduct a presentation session with stakeholders to assess the clarity and comprehensiveness of the findings.","The original user story was clear but lacked measurable criteria and specificity. The improved version enhances clarity by specifying the number of models to be evaluated, the metrics to be reported, and a timeline for completion, thus strengthening the overall structure.","reliable (ISO 29148)
it (ISO 29148)
that (ISO 29148)
timely (NASA ARM)
can (NASA ARM)",4,4,0.0,4,4,0.0,4,5,1.0,4,5,1.0,4,5,1.0,3,5,2.0,4,5,1.0,—
A19US7Ll,"As a data scientist, I want to use random forest to analyze the factors that contribute to credit card default and identify the most important variables that banks should consider when assessing credit risk.","User Story:
As a data scientist, I want to implement a random forest model to analyze the factors influencing credit card defaults so that I can identify the top five variables that banks should prioritize when evaluating credit risk.

Acceptance Criteria:
- The random forest model must achieve an accuracy of at least 85% in predicting credit card defaults based on historical data.
- The analysis should clearly rank the top five most significant variables affecting credit risk, with a detailed report generated.
- The model's performance should be validated using a separate test dataset, ensuring a minimum precision of 80%.

Test Outline:
- Evaluate the model's accuracy by comparing predicted outcomes against actual defaults in the training dataset.
- Generate a feature importance report and verify that it highlights the top five variables as specified.","The original user story was clear but lacked measurable criteria and specificity regarding the output. The improved version enhances clarity by specifying the desired outcomes, measurable acceptance criteria, and a structured test outline to ensure the analysis meets business needs.","most (ISO 29148)
it (ISO 29148)
that (ISO 29148)
significant (ISO 29148)
can (NASA ARM)",4,5,1.0,4,4,0.0,4,5,1.0,4,5,1.0,5,5,0.0,4,5,1.0,4,5,1.0,—
A19US8Ll,"As a business intelligence developer, I want to design a dashboard that provides real-time analytics and insights on credit card default rates, so banks can monitor and manage credit risk more effectively.","User Story:
As a business intelligence developer, I want to create a dashboard that delivers real-time analytics and insights on credit card default rates so that banks can proactively monitor and manage credit risk, ultimately reducing potential losses by at least 20%.

Acceptance Criteria:
- The dashboard must update credit card default rate data in real-time, with updates occurring every 5 minutes.
- Users should be able to generate reports that highlight trends and anomalies with a 95% accuracy rate.
- The dashboard should be user-friendly, achieving a usability satisfaction score of 90% or higher from bank analysts.

Test Outline:
- Monitor the frequency of data updates to ensure they occur within the 5-minute window.
- Validate the accuracy of generated reports against historical data to confirm the 95% accuracy requirement.
- Conduct user testing sessions to gather feedback on usability and satisfaction levels.","The original user story was well-structured but lacked specific measurable criteria and business impact. The improved version clarifies the intended outcomes, provides quantifiable acceptance criteria, and outlines a test plan to ensure the dashboard meets user needs effectively.","that (ISO 29148)
every (ISO 29148)
be able to (NASA ARM)
can (NASA ARM)",4,4,0.0,4,4,0.0,4,5,1.0,4,5,1.0,5,5,0.0,4,5,1.0,4,5,1.0,—
A19US9Ll,"As a credit risk manager, I want to use data analytics to identify high-risk customer segments and develop targeted interventions to reduce default rates and improve credit quality.","User Story:
As a credit risk manager, I want to leverage advanced data analytics to pinpoint high-risk customer segments so that I can implement targeted interventions that reduce default rates by at least 15% and enhance overall credit quality.

Acceptance Criteria:
- The analytics tool must identify high-risk segments with at least 90% accuracy based on historical data.
- Default rates for targeted interventions should decrease by a minimum of 15% within the first quarter of implementation.
- The system should provide monthly reports on credit quality improvements, showing at least a 10% increase in overall credit scores for the targeted segments.

Test Outline:
- Validate the accuracy of the analytics tool by comparing identified segments against actual default rates over a defined period.
- Measure the change in default rates and credit scores before and after implementing the interventions to ensure they meet the specified criteria.","The original user story was clear but lacked measurable criteria and specific targets. The improved version enhances clarity by specifying quantifiable goals, ensuring the story is actionable and focused on business outcomes.","that (ISO 29148)
can (NASA ARM)",4,4,0.0,4,4,0.0,4,5,1.0,4,5,1.0,4,5,1.0,3,5,2.0,4,5,1.0,—
A19US10Ll,"As a banking executive, I want to leverage data analytics and machine learning to improve credit risk management and reduce losses, so I can increase profitability and competitiveness in the banking industry.","User Story:
As a banking executive, I want to utilize advanced data analytics and machine learning techniques to enhance credit risk management, thereby reducing potential losses by at least 20% over the next fiscal year, so that I can boost profitability by 15% and strengthen our competitive position in the banking sector.

Acceptance Criteria:
- Implement machine learning models that achieve a minimum accuracy of 85% in predicting credit defaults.
- Reduce the average loss rate on loans by at least 20% within 12 months of implementation.
- Increase the profitability margin by 15% as a result of improved risk management strategies.

Test Outline:
- Evaluate the performance of machine learning models against historical data to verify prediction accuracy.
- Monitor and compare the loss rates on loans before and after implementing the new analytics strategies.
- Analyze financial reports to confirm the increase in profitability margins post-implementation.","The original user story was well-articulated but lacked specific, measurable criteria. The improved version clarifies the executive's goals, provides quantifiable acceptance criteria, and outlines a structured test plan to ensure the effectiveness of the proposed solutions.","that (ISO 29148)
improved (ISO 29148)
can (NASA ARM)
improved (NASA ARM)",4,4,0.0,4,4,0.0,4,5,1.0,4,5,1.0,4,5,1.0,3,5,2.0,4,5,1.0,—
A20US1Ll,"As a researcher, I want to analyze the relationship between drug abuse and various factors such as personality traits, sensation seeking, impulsivity, and demographic information so that I can identify the elements that lead to drug abuse.","User Story:
As a researcher, I want to conduct a comprehensive analysis of the relationship between drug abuse and factors such as personality traits, sensation seeking, impulsivity, and demographic information so that I can identify key elements that contribute to drug abuse patterns and inform prevention strategies.

Acceptance Criteria:
- The analysis must include data from at least 500 participants to ensure statistical significance.
- The study should identify at least 3 distinct correlations between drug abuse and the specified factors with a confidence level of 95% or higher.
- A detailed report summarizing findings and recommendations must be completed within 3 months of data collection.

Test Outline:
- Verify the sample size and diversity of participants to ensure comprehensive data representation.
- Analyze the data using appropriate statistical methods to confirm the identified correlations and their significance.
- Review the final report for clarity, completeness, and actionable insights.","The original user story was clear but lacked measurable criteria and specificity regarding the research process. The improved version enhances clarity by specifying the sample size, expected outcomes, and a timeline, while also outlining a structured approach to testing the findings.","that (ISO 29148)
appropriate (ISO 29148)
can (NASA ARM)",4,4,0.0,4,4,0.0,5,5,0.0,4,5,1.0,4,5,1.0,3,5,2.0,4,5,1.0,—
A20US2Ll,"As a healthcare professional, I want to know the predictive value of Big Five personality traits (NEO-FFI-R) on drug abuse so that I can assess an individual's likelihood of drug abuse.","User Story:
As a healthcare professional, I want to understand the predictive value of the Big Five personality traits (NEO-FFI-R) on drug abuse so that I can accurately assess an individual's risk of developing substance use disorders and tailor interventions accordingly.

Acceptance Criteria:
- A comprehensive analysis must demonstrate a correlation coefficient of at least 0.5 between specific personality traits and the likelihood of drug abuse.
- The study should include a sample size of at least 200 individuals to ensure statistical significance.
- Results should be presented in a report that includes actionable insights for clinical practice, with at least three recommendations for intervention strategies.

Test Outline:
- Review the statistical analysis methods used to confirm the correlation between personality traits and drug abuse.
- Validate the sample size and demographic diversity to ensure the findings are applicable to a broader population.
- Assess the clarity and applicability of the recommendations provided in the final report.","The original user story was clear but lacked measurable criteria and specific outcomes. The improved version enhances clarity by specifying the desired predictive metrics, sample size, and actionable insights, making it more aligned with the INVEST criteria.","that (ISO 29148)
can (NASA ARM)",4,4,0.0,4,4,0.0,5,5,0.0,4,5,1.0,4,5,1.0,3,5,2.0,4,5,1.0,—
A20US3Ll,"As a data analyst, I want to access the drug consumption data from the UCI database so that I can analyze it and identify patterns related to drug abuse.","User Story:
As a data analyst, I want to retrieve the drug consumption data from the UCI database so that I can conduct a comprehensive analysis to identify trends and patterns related to drug abuse, ultimately informing prevention strategies.

Acceptance Criteria:
- The data retrieval process must complete within 5 seconds for at least 95% of requests.
- The dataset should include at least 10,000 records to ensure a robust analysis.
- The data must be updated quarterly to reflect the most current trends in drug consumption.

Test Outline:
- Measure the time taken to retrieve the data from the UCI database to ensure it meets the 5-second requirement.
- Verify the number of records in the dataset to confirm it contains at least 10,000 entries.
- Check the update frequency of the dataset to ensure it aligns with the quarterly requirement.","The original user story was clear but lacked measurable criteria and specificity regarding the data retrieval process. The improved version enhances clarity by specifying performance metrics, the size of the dataset, and the update frequency, which are essential for effective analysis.","most (ISO 29148)
robust (ISO 29148)
it (ISO 29148)
that (ISO 29148)
can (NASA ARM)",4,4,0.0,4,4,0.0,5,5,0.0,4,5,1.0,4,5,1.0,3,5,2.0,4,5,1.0,—
A20US4Ll,"As a machine learning model, I want to be trained on the drug consumption data using logistic regression, decision tree, and random forest algorithms so that I can predict the probability of drug abuse accurately.","User Story:
As a machine learning model, I want to be trained on drug consumption data utilizing logistic regression, decision tree, and random forest algorithms so that I can accurately predict the probability of drug abuse with a precision of at least 85%.

Acceptance Criteria:
- The model must achieve an accuracy rate of 85% or higher on a validation dataset.
- The training process should complete within 2 hours to ensure timely updates.
- The model's predictions should be evaluated using a confusion matrix, with a recall rate of at least 80% for identifying drug abuse cases.

Test Outline:
- Validate the model's accuracy by comparing predictions against a labeled test dataset.
- Measure the training time to ensure it meets the 2-hour requirement.
- Analyze the confusion matrix to confirm the recall rate for drug abuse predictions.","The original user story was clear but lacked measurable criteria and specific performance goals. The improved version enhances clarity by specifying accuracy, training time, and evaluation metrics, making it more actionable and aligned with business objectives.","it (ISO 29148)
that (ISO 29148)
timely (NASA ARM)
can (NASA ARM)",4,4,0.0,4,4,0.0,5,5,0.0,4,5,1.0,5,5,0.0,4,5,1.0,4,5,1.0,—
A20US5Ll,"As a policy maker, I want to identify the most important factors contributing to drug abuse so that I can develop targeted policies to prevent drug abuse.","User Story:
As a policy maker, I want to analyze and identify the top three factors contributing to drug abuse within the community so that I can develop targeted and effective policies aimed at reducing drug abuse rates by at least 20% over the next year.

Acceptance Criteria:
- A comprehensive report must be generated that identifies the top three contributing factors, supported by data from at least 500 community surveys.
- The analysis should include a clear correlation between identified factors and drug abuse rates, with a confidence level of 95% or higher.
- Policy recommendations based on the findings should be presented within 30 days of the report completion.

Test Outline:
- Review the report for clarity and completeness, ensuring it includes data from the required number of surveys.
- Validate the statistical analysis to confirm the correlation and confidence levels are accurately calculated.","The original user story was clear but lacked specificity and measurable criteria. The improved version clarifies the user's role, specifies measurable outcomes, and outlines acceptance criteria and a test plan to ensure the effectiveness of the policies developed.","effective (ISO 29148)
it (ISO 29148)
that (ISO 29148)
effective (NASA ARM)
can (NASA ARM)",4,4,0.0,4,4,0.0,5,5,0.0,4,5,1.0,4,5,1.0,3,5,2.0,4,5,1.0,—
A20US6Ll,"As a researcher, I want to compare the predictive accuracy of different machine learning models (logistic regression, decision tree, and random forest) on drug abuse data so that I can determine the best approach for prediction.","User Story:
As a researcher, I want to evaluate and compare the predictive accuracy of various machine learning models, including logistic regression, decision tree, and random forest, on drug abuse datasets so that I can identify the most effective model for accurate predictions.

Acceptance Criteria:
- Each model must be trained and tested on the same drug abuse dataset, achieving a minimum accuracy of 80% for the best-performing model.
- The comparison should include at least three performance metrics: accuracy, precision, and recall, with results documented in a comprehensive report.
- The analysis should be completed within a 4-week timeframe to ensure timely insights for further research.

Test Outline:
- Implement cross-validation to assess the accuracy of each model and compare results.
- Generate a report summarizing the performance metrics for each model and present findings to stakeholders.","The original user story was clear but lacked specific measurable criteria and a structured approach. The improved version enhances clarity by specifying the models, defining measurable acceptance criteria, and outlining a test plan to ensure thorough evaluation.","best (ISO 29148)
most (ISO 29148)
effective (ISO 29148)
that (ISO 29148)
effective (NASA ARM)
timely (NASA ARM)
can (NASA ARM)
best (NASA ARM)",4,4,0.0,4,4,0.0,5,5,0.0,4,5,1.0,5,5,0.0,4,5,1.0,4,5,1.0,—
A20US7Ll,"As a social worker, I want to understand how environmental factors such as country of origin affect drug abuse behavior so that I can develop community-based interventions to prevent drug abuse.","User Story:
As a social worker, I want to analyze the impact of environmental factors, including country of origin, on drug abuse behaviors so that I can design targeted community-based interventions that reduce drug abuse rates by at least 20% over the next year.

Acceptance Criteria:
- Conduct a comprehensive study involving at least 200 participants from diverse backgrounds to gather data on drug abuse behaviors.
- Identify and document at least 5 key environmental factors that significantly influence drug abuse patterns.
- Develop and implement at least 3 community-based intervention programs within 6 months, with a follow-up assessment to measure their effectiveness.

Test Outline:
- Analyze the collected data to determine correlations between environmental factors and drug abuse behaviors.
- Evaluate the success of the intervention programs through pre- and post-implementation surveys to measure changes in drug abuse rates.","The original user story was clear but lacked measurable criteria and specific goals. The improved version enhances clarity by specifying quantifiable outcomes, acceptance criteria, and a structured test outline to ensure the effectiveness of the interventions.","that (ISO 29148)
can (NASA ARM)",4,5,1.0,4,4,0.0,5,5,0.0,4,5,1.0,3,5,2.0,2,5,3.0,4,5,1.0,—
A20US8Ll,"As a psychologist, I want to explore the relationship between sensation seeking and drug abuse so that I can develop strategies to redirect sensation seekers towards healthier behaviors.","User Story:
As a psychologist, I want to investigate the correlation between sensation seeking and drug abuse so that I can create targeted intervention strategies that encourage at least 70% of sensation seekers to adopt healthier behaviors.

Acceptance Criteria:
- Conduct a study with a sample size of at least 200 participants to ensure statistical significance in the findings.
- Identify and document at least 3 specific healthier behaviors that can be promoted as alternatives to drug use.
- Achieve a minimum of 80% participant engagement in follow-up sessions to assess the effectiveness of the intervention strategies.

Test Outline:
- Analyze the data collected from the study to determine the strength of the relationship between sensation seeking and drug abuse.
- Evaluate the success of the intervention strategies through participant feedback and behavior tracking over a 6-month period.","The original user story was clear but lacked measurable criteria and specific goals. The improved version enhances clarity by specifying the desired outcomes, establishing quantifiable acceptance criteria, and outlining a structured test plan to evaluate the effectiveness of the strategies.","that (ISO 29148)
can (NASA ARM)",4,4,0.0,4,5,1.0,5,5,0.0,4,5,1.0,4,5,1.0,2,5,3.0,4,5,1.0,—
A20US9Ll,"As a public health official, I want to use machine learning models to identify high-risk individuals for drug abuse so that I can target prevention and intervention efforts effectively.","User Story:
As a public health official, I want to implement machine learning models to accurately identify high-risk individuals for drug abuse so that I can enhance targeted prevention and intervention strategies, ultimately reducing drug abuse rates by at least 20% within the next year.

Acceptance Criteria:
- The machine learning model must achieve an accuracy rate of 85% or higher in identifying high-risk individuals based on historical data.
- The model should process and analyze data within 5 minutes to ensure timely interventions.
- A follow-up evaluation should show a 20% reduction in drug abuse incidents among identified high-risk individuals within 12 months of intervention.

Test Outline:
- Validate the model's accuracy by comparing its predictions against a control group of known high-risk individuals.
- Measure the time taken for the model to analyze data and generate results.
- Track drug abuse incidents over the year following the intervention to assess the effectiveness of targeted efforts.","The original user story was clear but lacked measurable criteria and specific goals. The improved version strengthens the business relevance by including quantifiable acceptance criteria and a structured test outline, enhancing the overall clarity and focus on impact.","that (ISO 29148)
timely (NASA ARM)
can (NASA ARM)",4,4,0.0,4,4,0.0,5,5,0.0,4,5,1.0,4,5,1.0,3,5,2.0,4,5,1.0,—
A20US10Ll,"As a researcher, I want to investigate the interaction between individual factors (e.g., personality traits) and environmental factors (e.g., country of origin) on drug abuse behavior so that I can develop a comprehensive understanding of drug abuse prevention.","User Story:
As a researcher, I want to analyze the relationship between individual factors, such as personality traits, and environmental factors, like country of origin, on drug abuse behavior so that I can formulate effective strategies for drug abuse prevention based on comprehensive data insights.

Acceptance Criteria:
- The study must include a sample size of at least 500 participants to ensure statistical significance.
- Data analysis should reveal correlations with a confidence level of 95% or higher between the identified factors and drug abuse behavior.
- A detailed report summarizing findings and recommendations for prevention strategies should be completed within 6 months of data collection.

Test Outline:
- Verify the sample size and demographic diversity of participants to ensure comprehensive representation.
- Analyze the data using statistical methods to confirm the confidence level of correlations.
- Review the final report for clarity, actionable insights, and adherence to the timeline.","The original user story was clear but lacked measurable criteria and specificity regarding the research process. The improved version enhances clarity by specifying sample size, statistical confidence levels, and a timeline for deliverables, thus strengthening the overall structure.","effective (ISO 29148)
that (ISO 29148)
effective (NASA ARM)
can (NASA ARM)",2,4,2.0,2,4,2.0,4,5,1.0,2,5,3.0,2,5,3.0,1,5,4.0,2,5,3.0,—
A21US1Ll,"As a researcher, I want to study the impact of racial and gender bias on online freelancing marketplaces so that I can understand the fairness of these platforms.","User Story:
As a researcher, I want to analyze the effects of racial and gender bias within online freelancing marketplaces so that I can assess the equity and fairness of these platforms, ultimately contributing to policy recommendations for improvement.

Acceptance Criteria:
- The study must include a sample size of at least 500 freelancers to ensure statistical significance.
- Data collection should encompass at least 3 major freelancing platforms to provide a comprehensive overview.
- The final report should present findings with a confidence level of 95% and include actionable recommendations based on the analysis.

Test Outline:
- Verify the sample size and diversity of the data collected to ensure it meets the minimum requirements.
- Review the final report for clarity, statistical analysis, and the presence of actionable recommendations.","The original user story was clear but lacked measurable criteria and specific outcomes. The improved version enhances clarity by specifying the research goals, establishing quantifiable acceptance criteria, and outlining a structured test plan to validate the research findings.","it (ISO 29148)
that (ISO 29148)
these (ISO 29148)
can (NASA ARM)",3,4,1.0,3,4,1.0,4,5,1.0,3,5,2.0,4,5,1.0,2,5,3.0,3,5,2.0,—
A21US2Ll,"As a data collector, I want to gather information about worker profiles on TaskRabbit and Fiverr, including gender, race, customer reviews, ratings, and search rankings, so that I can analyze the data for bias.","User Story:
As a data collector, I want to systematically gather detailed information on worker profiles from TaskRabbit and Fiverr, including gender, race, customer reviews, ratings, and search rankings, so that I can conduct a comprehensive analysis to identify potential biases in the platform's offerings.

Acceptance Criteria:
- Data collection must include at least 1,000 worker profiles from each platform to ensure statistical significance.
- The information gathered should be updated at least once every month to maintain relevance and accuracy.
- The analysis report should highlight any identified biases with a confidence level of 95% or higher.

Test Outline:
- Verify the completeness of the data set by checking that all required fields are populated for each profile.
- Conduct a preliminary analysis to ensure that the data collection process yields consistent and reliable results.","The original user story was clear but lacked measurable criteria and specificity. The improved version enhances clarity by specifying the scope of data collection, establishing quantifiable acceptance criteria, and outlining a structured test plan to ensure the analysis is robust and actionable.","reliable (ISO 29148)
that (ISO 29148)
all (ISO 29148)
every (ISO 29148)
can (NASA ARM)",4,4,0.0,4,4,0.0,5,5,0.0,4,5,1.0,4,5,1.0,3,5,2.0,4,5,1.0,—
A21US3Ll,"As an analyst, I want to examine the correlation between perceived gender and race with worker evaluations on TaskRabbit and Fiverr so that I can identify potential biases.","User Story:
As an analyst, I want to analyze the correlation between perceived gender and race with worker evaluations on TaskRabbit and Fiverr so that I can identify and quantify potential biases in the evaluation process.

Acceptance Criteria:
- The analysis must include data from at least 1,000 worker evaluations to ensure statistical significance.
- The correlation coefficients for gender and race biases must be calculated and reported with a confidence level of 95% or higher.
- A comprehensive report detailing findings and recommendations should be completed within 4 weeks of data collection.

Test Outline:
- Collect and preprocess data from TaskRabbit and Fiverr, ensuring it includes demographic information and evaluation scores.
- Use statistical software to calculate correlation coefficients and validate the results through peer review.","The original user story was clear but lacked measurable criteria and specificity. The improved version enhances clarity by specifying the data size, confidence levels, and a timeline for completion, making it more actionable and focused on business relevance.","it (ISO 29148)
that (ISO 29148)
can (NASA ARM)",4,4,0.0,4,4,0.0,5,4,-1.0,4,5,1.0,4,5,1.0,3,5,2.0,4,4,0.0,—
A21US4Ll,"As a researcher, I want to investigate the potential harm that biased evaluations can cause to workers' employment opportunities on online freelancing marketplaces.","User Story:
As a researcher, I want to analyze the impact of biased evaluations on workers' employment opportunities in online freelancing marketplaces so that I can provide actionable insights to improve fairness and transparency in these platforms.

Acceptance Criteria:
- The research must include a sample size of at least 500 freelancers to ensure statistical significance.
- The study should identify at least 3 specific ways biased evaluations negatively affect employment opportunities.
- Findings should be presented in a report with a minimum of 20 actionable recommendations for platform improvements.

Test Outline:
- Collect and analyze data from online freelancing platforms to assess the correlation between evaluation bias and employment outcomes.
- Conduct interviews or surveys with freelancers to gather qualitative insights on their experiences with biased evaluations.","The original user story was clear but lacked measurable criteria and specific outcomes. The improved version enhances clarity by specifying the research goals, quantifiable acceptance criteria, and a structured test outline to ensure the research's relevance and impact.","that (ISO 29148)
these (ISO 29148)
can (NASA ARM)",3,4,1.0,2,4,2.0,2,5,3.0,2,5,3.0,3,5,2.0,2,5,3.0,2,5,3.0,—
A21US5Ll,"As a platform administrator, I want to ensure that my online freelancing marketplace is free from racial and gender bias so that all workers have equal opportunities.","User Story:
As a platform administrator, I want to implement measures that eliminate racial and gender bias in my online freelancing marketplace so that 100% of workers can access equal opportunities and fair treatment.

Acceptance Criteria:
- Conduct a comprehensive bias audit of the platform's algorithms and user interactions, achieving a reduction in bias indicators by at least 75%.
- Implement training programs for all users, with at least 90% participation, to promote awareness and understanding of diversity and inclusion.
- Monitor user feedback and report a satisfaction rate of 95% or higher regarding perceived fairness and equality on the platform.

Test Outline:
- Analyze data from the bias audit to quantify improvements in bias indicators before and after implementation.
- Track participation rates in training programs and gather feedback to assess the effectiveness of the training.
- Conduct user surveys to evaluate perceptions of fairness and equality on the platform.","The original user story was clear but lacked measurable criteria and specific actions. The improved version emphasizes quantifiable goals, outlines clear acceptance criteria, and provides a structured test plan to ensure accountability and effectiveness in addressing bias.","that (ISO 29148)
all (ISO 29148)
can (NASA ARM)",2,4,2.0,2,5,3.0,4,5,1.0,2,5,3.0,3,5,2.0,2,5,3.0,3,5,2.0,—
A21US6Ll,"As a freelancer, I want to be evaluated based on my skills and performance, rather than my gender or race, so that I can compete fairly on online freelancing marketplaces.","User Story:
As a freelancer, I want to be assessed solely on my skills and performance metrics rather than on gender or race, so that I can compete fairly and equitably in online freelancing marketplaces.

Acceptance Criteria:
- Evaluation criteria must include at least three measurable performance indicators, such as project completion rate, client satisfaction score (≥ 4.5 out of 5), and timely delivery percentage (≥ 95%).
- The platform should implement a bias detection system to ensure that evaluations are free from discrimination, with a target of reducing bias-related complaints by 50% within the first year.
- User feedback should reflect a satisfaction rate of 90% or higher regarding the fairness of the evaluation process.

Test Outline:
- Analyze the performance metrics of freelancers before and after implementing the new evaluation criteria to ensure they align with the specified indicators.
- Conduct surveys to gather user feedback on perceived fairness and bias in the evaluation process.","The original user story was clear but lacked measurable criteria and specific acceptance metrics. The improved version emphasizes quantifiable performance indicators, outlines a bias detection goal, and provides a structured test plan to ensure fairness in evaluations.","that (ISO 29148)
timely (NASA ARM)
can (NASA ARM)",4,4,0.0,4,4,0.0,5,5,0.0,4,5,1.0,5,5,0.0,4,5,1.0,4,5,1.0,—
A21US7Ll,"As a researcher, I want to compare the levels of bias on different online freelancing marketplaces, such as TaskRabbit and Fiverr, so that I can understand the variations in bias across platforms.","User Story:
As a researcher, I want to analyze and compare the levels of bias present in various online freelancing marketplaces, including TaskRabbit and Fiverr, so that I can quantify the differences in bias across these platforms and draw informed conclusions.

Acceptance Criteria:
- A comprehensive bias assessment report must be generated for each platform, with at least 5 measurable bias indicators evaluated.
- The analysis should include a comparative summary that highlights at least 3 significant differences in bias levels between the platforms.
- The research findings should be validated by at least 2 independent reviewers to ensure accuracy and reliability.

Test Outline:
- Collect data on bias indicators from both TaskRabbit and Fiverr using a standardized methodology.
- Review the bias assessment reports with independent reviewers to confirm the validity of the findings.","The original user story was clear but lacked measurable criteria and specific outcomes. The improved version enhances clarity by specifying the research goals, measurable acceptance criteria, and a structured test outline to ensure the research is thorough and reliable.","that (ISO 29148)
these (ISO 29148)
significant (ISO 29148)
can (NASA ARM)",4,4,0.0,4,4,0.0,5,5,0.0,4,5,1.0,4,5,1.0,3,5,2.0,4,5,1.0,—
A21US8Ll,"As a policy maker, I want to develop policies to mitigate the effects of racial and gender bias on online freelancing marketplaces so that workers are protected from discrimination.","User Story:
As a policy maker, I want to create and implement policies that effectively reduce racial and gender bias in online freelancing marketplaces so that at least 80% of workers report feeling protected from discrimination and can access equal opportunities.

Acceptance Criteria:
- Policies must be developed and presented for review within 6 months, ensuring stakeholder input is included.
- At least 75% of freelancers should be aware of the new policies within 3 months of implementation.
- A follow-up survey should indicate a 20% increase in perceived fairness among workers within 1 year of policy enactment.

Test Outline:
- Track the timeline of policy development and stakeholder engagement to ensure adherence to the 6-month deadline.
- Measure awareness levels through surveys conducted before and after policy implementation.
- Analyze survey results to assess changes in perceived fairness among freelancers over the specified period.","The original user story was clear but lacked measurable criteria and specific timelines. The improved version enhances clarity by specifying quantifiable acceptance criteria and a structured test outline, ensuring the story is actionable and focused on measurable outcomes.","that (ISO 29148)
can (NASA ARM)",3,4,1.0,3,4,1.0,4,5,1.0,3,5,2.0,4,5,1.0,2,5,3.0,3,5,2.0,—
A21US9Ll,"As a freelancer, I want to be able to report instances of bias or discrimination on online freelancing marketplaces so that action can be taken to address them.","User Story:
As a freelancer, I want to report instances of bias or discrimination on online freelancing marketplaces so that appropriate actions can be taken to ensure a fair and equitable working environment for all users.

Acceptance Criteria:
- Users must be able to submit bias or discrimination reports within 5 minutes of encountering an incident.
- The reporting system should acknowledge receipt of the report within 1 hour for at least 95% of submissions.
- At least 80% of reported incidents should receive a follow-up response or resolution within 48 hours.

Test Outline:
- Measure the time taken for users to complete the reporting process to ensure it meets the 5-minute requirement.
- Track the acknowledgment rate of reports to confirm it meets the 95% threshold.
- Analyze the follow-up response times for reported incidents to ensure at least 80% are addressed within the specified timeframe.","The original user story was clear but lacked measurable criteria and specific outcomes. The improved version enhances clarity by specifying the desired actions, measurable acceptance criteria, and a structured test outline to ensure accountability and effectiveness.","it (ISO 29148)
that (ISO 29148)
appropriate (ISO 29148)
all (ISO 29148)
be able to (NASA ARM)
can (NASA ARM)",4,4,0.0,4,4,0.0,5,5,0.0,4,5,1.0,4,5,1.0,3,5,2.0,4,5,1.0,—
A21US10Ll,"As a researcher, I want to explore the broader implications of discrimination on online environments and the potential consequences for workers and society as a whole.","User Story:
As a researcher, I want to analyze the broader implications of discrimination in online environments so that I can identify potential consequences for workers and society, ultimately contributing to informed policy recommendations.

Acceptance Criteria:
- The research must include at least 5 case studies that illustrate the impact of discrimination in online settings.
- The findings should quantify the effects of discrimination on worker productivity and mental health, with at least 3 measurable metrics (e.g., productivity drop by ≥20%, increased reported stress levels by ≥30%).
- A comprehensive report must be completed and presented to stakeholders within 3 months of initiating the research.

Test Outline:
- Review the case studies to ensure they meet the criteria for relevance and depth of analysis.
- Validate the metrics used to quantify the effects of discrimination through peer review and feedback from subject matter experts.
- Track the timeline of the research process to ensure the report is delivered within the specified timeframe.","The original user story was broad and lacked specificity regarding the research goals and measurable outcomes. The improved version clarifies the research focus, establishes clear acceptance criteria with quantifiable metrics, and outlines a structured test plan to ensure thoroughness and accountability.","that (ISO 29148)
can (NASA ARM)",2,4,2.0,1,4,3.0,1,5,4.0,1,5,4.0,2,5,3.0,1,5,4.0,1,5,4.0,—
A22US1Ll,"As a client, I want to be able to hire the best freelancer for a job on an online labor marketplace so that I can ensure high-quality work.","User Story:
As a client, I want to efficiently hire top-rated freelancers for my projects on an online labor marketplace so that I can guarantee high-quality deliverables and meet my project deadlines.

Acceptance Criteria:
- The platform must provide a list of freelancers with at least 90% positive feedback ratings for relevant job categories.
- Clients should be able to filter freelancers based on skills, ratings, and availability within 3 clicks.
- The hiring process should allow clients to receive proposals from freelancers within 24 hours of posting a job.

Test Outline:
- Analyze the feedback ratings of freelancers to ensure that at least 90% meet the quality standard.
- Test the filtering functionality to confirm that clients can navigate and find suitable freelancers within the specified number of clicks.
- Monitor the response time for proposals to verify that freelancers are responding within the 24-hour timeframe.","The original user story was clear but lacked specific measurable criteria. The improved version enhances clarity by specifying the desired outcomes, measurable acceptance criteria, and a structured test outline to ensure high-quality hiring processes.","that (ISO 29148)
be able to (NASA ARM)
can (NASA ARM)",4,4,0.0,3,4,1.0,4,5,1.0,3,5,2.0,4,5,1.0,2,5,3.0,3,5,2.0,—
A22US2Ll,"As a client, I want to have an effective way to filter through the large number of freelancers applying for a posted job so that I can efficiently identify the most suitable candidate.","User Story:
As a client, I want a robust filtering system for managing the influx of freelancer applications for my posted job so that I can quickly and accurately identify the top 10% of candidates who best match my requirements.

Acceptance Criteria:
- The filtering system must allow clients to sort candidates based on at least 5 key criteria, such as skills, experience, ratings, and availability.
- Clients should be able to narrow down their search to the top 10% of applicants within 3 clicks.
- The system should provide a summary of each filtered candidate's qualifications, with at least 90% of the information being accurate and relevant.

Test Outline:
- Test the filtering functionality by applying various criteria and measuring the time taken to identify the top candidates.
- Review the accuracy of the candidate summaries against their profiles to ensure compliance with the 90% accuracy requirement.","The original user story was clear but lacked specific measurable criteria and a structured approach. The improved version enhances clarity by specifying the filtering capabilities, quantifying the desired outcomes, and providing a detailed test outline to ensure effectiveness.","best (ISO 29148)
robust (ISO 29148)
that (ISO 29148)
be able to (NASA ARM)
can (NASA ARM)
best (NASA ARM)",4,4,0.0,4,4,0.0,5,5,0.0,4,5,1.0,4,5,1.0,3,5,2.0,4,5,1.0,—
A22US3Ll,"As a freelancer, I want my abilities and skills to be accurately assessed so that I can increase my chances of being hired for jobs that match my expertise.","User Story:
As a freelancer, I want my skills and abilities to be evaluated accurately through a standardized assessment system so that I can enhance my visibility to potential employers and increase my chances of securing jobs that align with my expertise.

Acceptance Criteria:
- The assessment system must provide a detailed report of my skills with at least 95% accuracy based on predefined criteria.
- At least 80% of users should report an increase in job matches after completing the assessment.
- The assessment process should take no longer than 30 minutes to complete.

Test Outline:
- Analyze the accuracy of the assessment results by comparing them to industry benchmarks.
- Survey users post-assessment to measure the perceived improvement in job match rates.","The original user story was clear but lacked measurable criteria and specificity. The improved version enhances clarity by detailing the assessment process, establishing quantifiable acceptance criteria, and providing a structured test outline to ensure the effectiveness of the assessment.","that (ISO 29148)
can (NASA ARM)",4,4,0.0,4,4,0.0,5,5,0.0,4,5,1.0,4,5,1.0,3,5,2.0,4,5,1.0,—
A22US4Ll,"As a client, I want to be able to trust the ratings of freelancers on an online labor marketplace so that I can make informed hiring decisions.","User Story:
As a client, I want to have confidence in the accuracy and reliability of freelancer ratings on the online labor marketplace so that I can make informed hiring decisions that lead to successful project outcomes.

Acceptance Criteria:
- At least 95% of freelancer ratings must be verified through completed project feedback to ensure authenticity.
- The rating system should reflect an average accuracy score of 4.5 out of 5 based on client satisfaction surveys.
- Clients should report a trust level of 90% or higher in the rating system after using it for their hiring decisions.

Test Outline:
- Analyze the correlation between freelancer ratings and actual project outcomes to verify the accuracy of the ratings.
- Conduct client surveys to assess their trust in the rating system and gather feedback on their hiring experiences.","The original user story was clear but lacked specific, measurable criteria. The improved version enhances clarity by specifying the desired trust level, accuracy metrics, and structured testing to ensure the ratings are reliable and beneficial for clients.","it (ISO 29148)
that (ISO 29148)
can (NASA ARM)",4,4,0.0,4,4,0.0,5,5,0.0,4,5,1.0,4,5,1.0,3,5,2.0,4,5,1.0,—
A22US5Ll,"As a system administrator, I want to improve the accuracy of freelancer ratings so that clients can make better hiring decisions.","User Story:
As a system administrator, I want to enhance the accuracy of freelancer ratings by implementing a more robust evaluation system so that clients can make informed hiring decisions based on reliable data.

Acceptance Criteria:
- The new rating system must increase the accuracy of freelancer ratings to at least 95% as verified by user feedback and historical data analysis.
- The implementation should reduce discrepancies in ratings by 50% compared to the previous system.
- Client satisfaction regarding the reliability of freelancer ratings should reach a minimum of 90% in post-hiring surveys.

Test Outline:
- Analyze the accuracy of freelancer ratings before and after the implementation using a sample of client feedback.
- Conduct surveys with clients to measure their satisfaction with the new rating system and compare results to previous ratings.","The original user story was clear but lacked specific, measurable criteria. The improved version strengthens the focus on accuracy and reliability, providing explicit acceptance criteria and a structured test outline to ensure the desired outcomes are met.","reliable (ISO 29148)
robust (ISO 29148)
that (ISO 29148)
can (NASA ARM)
more (NASA ARM)",4,5,1.0,3,4,1.0,4,5,1.0,3,5,2.0,4,5,1.0,2,5,3.0,3,5,2.0,—
A22US6Ll,"As a researcher, I want to develop a multidimensional assessment framework that evaluates freelancers on several dimensions so that clients can get a more comprehensive view of a freelancer's abilities.","User Story:
As a researcher, I want to create a multidimensional assessment framework that evaluates freelancers across at least five key dimensions, including skills, experience, reliability, communication, and client feedback, so that clients can obtain a comprehensive and quantifiable view of a freelancer's capabilities.

Acceptance Criteria:
- The framework must include at least five distinct evaluation dimensions to ensure a holistic assessment.
- Each dimension should have measurable criteria, with a scoring system that allows for a maximum score of 100 points per dimension.
- The framework should be tested with at least 50 freelancers to validate its effectiveness and reliability, achieving a satisfaction rate of 90% or higher from clients using the assessments.

Test Outline:
- Conduct pilot assessments using the framework on a sample of freelancers and analyze the results for consistency and reliability.
- Gather feedback from clients who utilize the framework to ensure it meets their needs and expectations.","The original user story was clear but lacked specificity and measurable criteria. The improved version enhances clarity by defining the dimensions of assessment, establishing quantifiable acceptance criteria, and outlining a structured testing approach to ensure the framework's effectiveness.","it (ISO 29148)
that (ISO 29148)
can (NASA ARM)",4,4,0.0,3,4,1.0,4,5,1.0,3,5,2.0,3,5,2.0,2,5,3.0,3,5,2.0,—
A22US7Ll,"As a client, I want the assessment framework to not only use current information about the freelancer but also utilize their past job performance so that I can get a more accurate picture of their abilities.","User Story:
As a client, I want the assessment framework to incorporate both current information and historical job performance data of freelancers so that I can obtain a comprehensive and accurate evaluation of their skills and capabilities.

Acceptance Criteria:
- The assessment framework must integrate at least 3 key metrics from past job performance, such as completion rate, client feedback scores, and project timelines.
- The system should provide a composite score that reflects both current and historical data, with a minimum accuracy of 90% in predicting freelancer success.
- Clients should report a satisfaction rate of 85% or higher regarding the accuracy of the assessments after implementation.

Test Outline:
- Analyze the framework's output by comparing predicted success rates with actual freelancer performance over a defined period.
- Conduct client surveys to gather feedback on the perceived accuracy and usefulness of the assessment results.","The original user story was clear but lacked measurable criteria and specificity. The improved version enhances clarity by detailing the metrics to be used, establishing quantifiable acceptance criteria, and providing a structured test outline to ensure the framework's effectiveness.","that (ISO 29148)
can (NASA ARM)",4,4,0.0,4,4,0.0,5,5,0.0,4,5,1.0,4,5,1.0,3,5,2.0,4,5,1.0,—
A22US8Ll,"As a system administrator, I want to evaluate the proposed framework on a large dataset of jobs and applicants so that I can determine its effectiveness in improving hiring decisions.","User Story:
As a system administrator, I want to assess the proposed framework using a dataset of at least 10,000 job postings and applicants so that I can quantify its impact on improving hiring decisions by at least 20%.

Acceptance Criteria:
- The evaluation must demonstrate a minimum of 20% improvement in the accuracy of hiring decisions compared to the previous framework.
- The analysis should be completed within 4 weeks of dataset acquisition.
- A comprehensive report detailing the findings and recommendations must be generated and shared with stakeholders.

Test Outline:
- Analyze the hiring outcomes before and after implementing the framework to measure the accuracy improvement.
- Track the timeline of the evaluation process to ensure it adheres to the 4-week deadline.
- Review the generated report for clarity, completeness, and actionable insights.","The original user story was clear but lacked specific measurable criteria and a defined scope. The improved version specifies the dataset size, quantifies the expected improvement, and outlines clear acceptance criteria and a test plan to enhance clarity and focus on business value.","it (ISO 29148)
that (ISO 29148)
can (NASA ARM)",4,4,0.0,4,4,0.0,5,5,0.0,4,5,1.0,4,5,1.0,3,5,2.0,4,5,1.0,—
A22US9Ll,"As a researcher, I want to compare the performance of the proposed framework with a baseline algorithm so that I can quantify the improvement in hiring decisions.","User Story:
As a researcher, I want to evaluate the performance of the proposed framework against a baseline algorithm so that I can quantify the improvement in hiring decisions with measurable metrics.

Acceptance Criteria:
- The proposed framework must demonstrate at least a 20% improvement in accuracy over the baseline algorithm in predicting successful hires.
- The evaluation should include at least 100 hiring scenarios to ensure statistical significance.
- The results must be documented in a report that includes comparative metrics, with a minimum of 95% confidence interval.

Test Outline:
- Conduct performance tests using both the proposed framework and the baseline algorithm on the same dataset to measure accuracy.
- Analyze the results to ensure the improvement meets the 20% threshold and prepare a detailed report for review.","The original user story was clear but lacked specific, measurable criteria for success. The improved version enhances clarity by specifying quantifiable metrics for improvement, the size of the evaluation sample, and the requirement for a detailed report, thus strengthening the overall INVEST dimensions.","that (ISO 29148)
can (NASA ARM)",5,5,0.0,4,4,0.0,5,5,0.0,4,5,1.0,5,5,0.0,4,5,1.0,5,5,0.0,—
A22US10Ll,"As a client, I want to have access to a user-friendly interface that provides a comprehensive assessment of freelancers based on the proposed framework so that I can make informed hiring decisions with ease.","User Story:
As a client, I want to access an intuitive interface that delivers a detailed evaluation of freelancers based on the established criteria so that I can make informed hiring decisions efficiently and confidently.

Acceptance Criteria:
- The interface must allow clients to view freelancer assessments within 3 seconds of selection.
- At least 90% of users should report that the interface is easy to navigate and understand.
- The assessment framework should provide comprehensive ratings and feedback for at least 95% of freelancers listed.

Test Outline:
- Measure the loading time of the freelancer assessment interface to ensure it meets the 3-second requirement.
- Conduct user surveys to evaluate the ease of navigation and understanding of the interface.
- Review the completeness of freelancer assessments to confirm that 95% meet the established framework criteria.","The original user story was clear but could be enhanced with more specific and measurable criteria. The improved version clarifies the user's needs, strengthens the business relevance, and provides explicit acceptance criteria and a structured test outline.","easy (ISO 29148)
intuitive (ISO 29148)
it (ISO 29148)
that (ISO 29148)
easy to (NASA ARM)
can (NASA ARM)",4,4,0.0,4,4,0.0,5,5,0.0,4,5,1.0,4,5,1.0,3,5,2.0,4,5,1.0,—
A23US1Ll,"As a researcher, I want to study how search engine algorithms affect the content users see so that I can understand potential biases.","User Story:
As a researcher, I want to analyze the impact of search engine algorithms on the content displayed to users so that I can identify and quantify potential biases in information accessibility.

Acceptance Criteria:
- The study must include a sample size of at least 500 search queries to ensure statistical significance.
- The analysis should identify at least 3 distinct biases in content presentation based on algorithmic variations.
- The final report must be completed and shared with stakeholders within 3 months of the study's initiation.

Test Outline:
- Collect and categorize data from search results over a defined period to assess the influence of algorithms on content visibility.
- Review the findings with a panel of experts to validate the identified biases and ensure the accuracy of the conclusions.","The original user story was clear but lacked measurable criteria and specific outcomes. The improved version enhances clarity by specifying the research goals, quantifiable acceptance criteria, and a structured test outline to ensure the study's effectiveness.","that (ISO 29148)
can (NASA ARM)",4,4,0.0,3,4,1.0,4,5,1.0,3,5,2.0,4,5,1.0,2,5,3.0,3,5,2.0,—
A23US2Ll,"As a web developer, I want to create a platform (PAWS) to analyze differences in search engine rankings so that I can help users understand these variations.","User Story:
As a web developer, I want to build a platform called PAWS that analyzes variations in search engine rankings so that users can gain insights into their SEO performance and make informed decisions to improve their visibility.

Acceptance Criteria:
- The platform must provide ranking analysis for at least 10 different keywords per user within 5 seconds.
- Users should receive a detailed report highlighting ranking changes with a minimum accuracy of 95%.
- At least 80% of users should report improved understanding of their search engine performance after using the platform.

Test Outline:
- Measure the time taken to generate ranking analyses for various keywords to ensure it meets the 5-second requirement.
- Validate the accuracy of the reports by cross-referencing with actual search engine results.
- Conduct user surveys to assess the perceived value and understanding gained from the platform.","The original user story was clear but lacked measurable criteria and specific benefits. The improved version enhances clarity by defining the platform's capabilities, establishing quantifiable acceptance criteria, and outlining a structured test plan to ensure the platform meets user needs.","it (ISO 29148)
that (ISO 29148)
improved (ISO 29148)
can (NASA ARM)
improved (NASA ARM)",4,4,0.0,3,4,1.0,4,5,1.0,3,5,2.0,4,5,1.0,2,5,3.0,3,5,2.0,—
A23US3Ll,"As a user, I want to know when different search engines favor certain sites or points of view so that I can make informed decisions about the information I consume.","User Story:
As a user, I want to receive notifications when various search engines prioritize specific websites or viewpoints so that I can critically evaluate the information I consume and make informed decisions.

Acceptance Criteria:
- Users must receive alerts for at least 80% of instances where search engines favor particular sites or perspectives.
- Notifications should be delivered within 5 minutes of the search results being generated.
- User feedback should reflect a satisfaction rate of 90% or higher regarding the usefulness of the notifications.

Test Outline:
- Monitor the system's ability to detect and notify users about favored sites, ensuring at least 80% accuracy in alerts.
- Measure the time taken from the generation of search results to the delivery of notifications to confirm it meets the 5-minute requirement.","The original user story was clear but lacked measurable criteria and specific acceptance standards. The improved version enhances clarity by specifying the user's needs, establishing quantifiable acceptance criteria, and providing a structured test outline to ensure the functionality meets user expectations.","it (ISO 29148)
that (ISO 29148)
can (NASA ARM)",4,4,0.0,3,4,1.0,4,5,1.0,3,5,2.0,4,5,1.0,2,5,3.0,3,5,2.0,—
A23US4Ll,"As a developer, I want to integrate the PAWS platform into search engines to enhance transparency and user trust.","User Story:
As a developer, I want to integrate the PAWS platform into major search engines so that users can access transparent information about search results, thereby increasing user trust by at least 30%.

Acceptance Criteria:
- The integration must be completed within 3 months and successfully deployed on at least 3 major search engines.
- User trust metrics should show an increase of 30% in user confidence ratings post-integration, measured through surveys.
- The system should provide transparency reports that are accessible to users at least once a month.

Test Outline:
- Track the timeline of the integration process to ensure it is completed within the 3-month timeframe.
- Conduct user surveys before and after the integration to measure changes in trust levels.
- Review the frequency and accessibility of transparency reports to confirm they meet the monthly requirement.","The original user story was clear but lacked measurable criteria and specific outcomes. The improved version enhances clarity by specifying the role, capability, and business-relevant benefits, while also providing detailed acceptance criteria and a structured test outline.","it (ISO 29148)
that (ISO 29148)
can (NASA ARM)",3,5,2.0,3,4,1.0,4,5,1.0,3,5,2.0,4,5,1.0,2,5,3.0,3,5,2.0,—
A23US5Ll,"As a researcher, I want to develop techniques to identify the orientation of search results at scale so that I can improve the efficiency of content analysis.","User Story:
As a researcher, I want to create scalable techniques for identifying the orientation of search results so that I can enhance the efficiency of content analysis by at least 30%.

Acceptance Criteria:
- The developed techniques must accurately classify the orientation of search results with a precision of 85% or higher.
- The processing time for analyzing a dataset of 10,000 search results should not exceed 5 minutes.
- The techniques should be able to handle at least 100,000 search results simultaneously without degradation in performance.

Test Outline:
- Validate the accuracy of the orientation classification by comparing results against a manually annotated dataset.
- Measure the time taken to process the specified dataset size to ensure it meets the 5-minute requirement.
- Test the scalability of the techniques by analyzing increasing volumes of search results and monitoring performance metrics.","The original user story was clear but lacked measurable criteria and specific performance goals. The improved version emphasizes quantifiable outcomes, clarifies the researcher's intent, and provides structured acceptance criteria and testing methods to enhance clarity and focus on business value.","it (ISO 29148)
that (ISO 29148)
be able to (NASA ARM)
can (NASA ARM)",4,5,1.0,3,4,1.0,4,5,1.0,3,5,2.0,4,5,1.0,2,5,3.0,3,5,2.0,—
A23US6Ll,"As a user, I want to know if search engines prioritize results that favor their company's products so that I can be aware of potential conflicts of interest.","User Story:
As a user, I want to understand whether search engines prioritize results that favor their own products so that I can make informed decisions and recognize any potential biases in the information presented.

Acceptance Criteria:
- The system must provide transparency regarding the algorithms used for ranking search results, with at least 90% of users able to access this information easily.
- Users should receive notifications about any changes in search result prioritization that may affect their search experience within 24 hours of implementation.
- A survey should indicate that at least 80% of users feel more informed about potential conflicts of interest after accessing this information.

Test Outline:
- Review the documentation and user interface to ensure that information about search algorithms is clearly presented and accessible.
- Track user engagement with notifications regarding changes in search result prioritization to confirm timely delivery.","The original user story was clear but lacked measurable criteria and specific acceptance tests. The improved version enhances clarity by specifying the user's need for transparency, outlines measurable acceptance criteria, and provides a structured test plan to verify the effectiveness of the solution.","this (ISO 29148)
that (ISO 29148)
timely (NASA ARM)
can (NASA ARM)
may (NASA ARM)
more (NASA ARM)",4,4,0.0,3,4,1.0,4,5,1.0,3,5,2.0,4,5,1.0,2,5,3.0,3,5,2.0,—
A23US7Ll,"As a developer, I want to apply the PAWS platform to analyze news search results on Google and Bing so that I can identify any biases or preferences.","User Story:
As a developer, I want to utilize the PAWS platform to analyze news search results from Google and Bing so that I can quantitatively identify biases or preferences in the displayed content.

Acceptance Criteria:
- The analysis must process at least 1,000 search results from both Google and Bing within a 30-minute timeframe.
- The platform should generate a report highlighting bias indicators with a confidence level of at least 85%.
- The findings should be reproducible, allowing for verification of results by running the analysis multiple times with consistent outcomes.

Test Outline:
- Execute the analysis on a set of predefined search queries and measure the time taken to process the results.
- Review the generated reports for accuracy and consistency in bias detection across multiple runs.","The original user story was clear but lacked measurable criteria and specificity. The improved version enhances clarity by defining the developer's role, specifying the capability, and providing explicit, quantifiable acceptance criteria and a structured test outline.","that (ISO 29148)
can (NASA ARM)",4,4,0.0,4,4,0.0,5,5,0.0,4,5,1.0,4,5,1.0,3,5,2.0,4,5,1.0,—
A23US8Ll,"As a researcher, I want to understand how search engines rank content with advertisements so that I can study their impact on user behavior.","User Story:
As a researcher, I want to analyze the algorithms that search engines use to rank content alongside advertisements so that I can quantify their influence on user behavior and decision-making.

Acceptance Criteria:
- The research must identify at least 3 key ranking factors that affect the visibility of both organic content and advertisements.
- A comprehensive report should be generated that includes data from at least 100 user interactions to validate findings.
- The study should demonstrate a measurable impact on user behavior, such as a 20% increase in click-through rates for ads compared to organic results.

Test Outline:
- Review and document the ranking algorithms used by major search engines through a combination of literature review and expert interviews.
- Conduct user behavior analysis through A/B testing to compare interactions with content and advertisements.","The original user story was clear but lacked specificity and measurable criteria. The improved version clarifies the research goals, specifies quantifiable acceptance criteria, and outlines a structured test plan to enhance clarity and focus on business relevance.","that (ISO 29148)
can (NASA ARM)",4,4,0.0,3,4,1.0,4,5,1.0,3,5,2.0,4,5,1.0,2,5,3.0,3,5,2.0,—
A23US9Ll,"As a web developer, I want to ensure the PAWS platform can identify and minimize biases in search engine rankings so that users can access more balanced information.","User Story:
As a web developer, I want the PAWS platform to effectively identify and reduce biases in search engine rankings so that users can access balanced and diverse information, enhancing their overall experience.

Acceptance Criteria:
- The system must analyze search engine rankings and identify at least 95% of potential biases within the results.
- Implement algorithms that minimize identified biases, resulting in a 30% improvement in the diversity of information presented to users.
- User surveys should reflect a satisfaction rate of 90% or higher regarding the perceived balance of information in search results.

Test Outline:
- Conduct regular audits of search results to measure the identification and reduction of biases against a set of predefined criteria.
- Analyze user feedback and satisfaction ratings before and after implementing bias reduction measures to assess effectiveness.","The original user story was clear but lacked measurable criteria and specific outcomes. The improved version enhances clarity by specifying measurable acceptance criteria and a structured test outline, ensuring a focus on the business value of reducing biases.","that (ISO 29148)
can (NASA ARM)",4,4,0.0,4,4,0.0,5,5,0.0,4,5,1.0,4,5,1.0,3,5,2.0,4,5,1.0,—
A23US10Ll,"As a researcher, I want to collaborate with other experts to refine the PAWS platform and advance the understanding of search engine biases and content emphasis.","User Story:
As a researcher, I want to collaborate with fellow experts to enhance the PAWS platform so that we can deepen our understanding of search engine biases and content emphasis, ultimately leading to more equitable search results.

Acceptance Criteria:
- At least 5 collaborative sessions with experts should be conducted within the next 3 months.
- A comprehensive report detailing findings and recommendations must be produced and shared with stakeholders within 1 month of the final session.
- User feedback on the platform's improvements should show a satisfaction rate of 80% or higher from participants involved in the collaboration.

Test Outline:
- Schedule and document the collaborative sessions, ensuring participation from a diverse group of experts.
- Review the final report for completeness and clarity, and distribute it to stakeholders for feedback.
- Conduct a survey among participants to gauge their satisfaction with the enhancements made to the PAWS platform.","The original user story was clear but lacked measurable criteria and specific outcomes. The improved version emphasizes collaboration, specifies quantifiable acceptance criteria, and outlines a structured test plan to ensure the effectiveness of the collaboration.","it (ISO 29148)
that (ISO 29148)
can (NASA ARM)
more (NASA ARM)",2,4,2.0,2,4,2.0,3,5,2.0,2,5,3.0,3,5,2.0,2,5,3.0,2,5,3.0,—
A24US1Ll,"As a researcher, I want to be able to search for other researchers with similar expertise and interests, so that I can collaborate with them and expand my professional network.","User Story:
As a researcher, I want to search for fellow researchers who share similar expertise and interests so that I can collaborate effectively and broaden my professional network.

Acceptance Criteria:
- The search function must return profiles of researchers with at least 85% relevance to the specified expertise and interests.
- The search results should be generated within 3 seconds for a smooth user experience.
- At least 75% of users should report successful collaborations as a result of using the search feature within 6 months of implementation.

Test Outline:
- Evaluate the relevance of search results by comparing them against a set of predefined criteria for expertise and interests.
- Measure the average response time for search queries to ensure it meets the 3-second requirement.
- Conduct follow-up surveys with users to assess the effectiveness of collaborations initiated through the search function.","The original user story was clear but lacked measurable criteria and specific acceptance tests. The improved version enhances clarity by specifying measurable outcomes, ensuring the story is actionable and focused on delivering business value.","it (ISO 29148)
that (ISO 29148)
can (NASA ARM)",4,4,0.0,4,4,0.0,5,5,0.0,4,5,1.0,4,5,1.0,3,5,2.0,4,5,1.0,—
A24US2Ll,"As a developer, I want to design a system that can automatically extract researcher profiles from the Web, so that I can build a comprehensive database of academic researchers.","User Story:
As a developer, I want to create an automated system that extracts researcher profiles from various online sources so that I can compile a comprehensive and up-to-date database of academic researchers, enhancing research collaboration and visibility.

Acceptance Criteria:
- The system must successfully extract profiles from at least 80% of targeted academic websites within a 24-hour period.
- The accuracy of the extracted data should be at least 90%, verified against a sample set of profiles.
- The system should be able to handle a minimum of 500 profile extractions per hour without performance degradation.

Test Outline:
- Monitor the extraction process to ensure it meets the 80% success rate across the targeted websites.
- Conduct data validation checks on a sample of extracted profiles to confirm the 90% accuracy requirement.
- Measure the system's performance to verify it can handle the specified extraction rate.","The original user story was clear but lacked measurable criteria and specific performance metrics. The improved version enhances clarity by specifying the developer's role, the capability of the system, and explicit, quantifiable acceptance criteria along with a structured test outline.","it (ISO 29148)
that (ISO 29148)
be able to (NASA ARM)
can (NASA ARM)",4,4,0.0,3,4,1.0,4,5,1.0,3,5,2.0,4,5,1.0,2,5,3.0,3,5,2.0,—
A24US3Ll,"As a librarian, I want to integrate publication data from existing digital libraries into a unified academic social network, so that I can provide a single platform for researchers to access and share information.","User Story:
As a librarian, I want to seamlessly integrate publication data from various digital libraries into a unified academic social network so that I can offer researchers a centralized platform to access, share, and collaborate on academic information.

Acceptance Criteria:
- The integration process must successfully aggregate data from at least 5 different digital libraries within a 4-week timeframe.
- Researchers should be able to access and share information with a response time of less than 3 seconds for 90% of queries.
- User engagement metrics should show a 30% increase in active users on the platform within 3 months of integration.

Test Outline:
- Track the number of digital libraries successfully integrated and the time taken for each integration.
- Measure the response time for data retrieval and sharing actions to ensure it meets the specified criteria.
- Analyze user engagement statistics before and after the integration to confirm the targeted increase.","The original user story was clear but lacked measurable criteria and specific timelines. The improved version enhances clarity by specifying the integration process, measurable acceptance criteria, and a structured test outline to ensure the project's success.","it (ISO 29148)
that (ISO 29148)
be able to (NASA ARM)
can (NASA ARM)
less (NASA ARM)",4,4,0.0,4,4,0.0,5,5,0.0,4,5,1.0,4,5,1.0,3,5,2.0,4,5,1.0,—
A24US4Ll,"As a data scientist, I want to develop a probabilistic framework to deal with the name ambiguity problem in academic networks, so that I can accurately match researchers with their publications.","User Story:
As a data scientist, I want to create a robust probabilistic framework to address the name ambiguity issue in academic networks so that I can achieve at least 95% accuracy in matching researchers to their respective publications.

Acceptance Criteria:
- The framework must be able to process and analyze at least 10,000 researcher profiles and publications within a 5-minute timeframe.
- The accuracy of the matching algorithm should be validated against a benchmark dataset, achieving a minimum precision and recall of 90%.
- User feedback from at least 50 academic users should indicate a satisfaction rate of 85% or higher regarding the effectiveness of the framework.

Test Outline:
- Conduct performance tests to measure the processing time for the specified number of profiles and publications.
- Evaluate the matching accuracy using a labeled dataset and calculate precision and recall metrics.
- Gather user feedback through surveys to assess satisfaction with the framework's performance.","The original user story was clear but lacked measurable criteria and specific performance metrics. The improved version enhances clarity by specifying quantifiable acceptance criteria and a structured test outline, ensuring a focus on business relevance and user satisfaction.","robust (ISO 29148)
that (ISO 29148)
be able to (NASA ARM)
can (NASA ARM)",4,5,1.0,4,4,0.0,5,5,0.0,4,5,1.0,4,5,1.0,3,5,2.0,4,5,1.0,—
A24US5Ll,"As a researcher, I want to be able to search for people with specific expertise or areas of interest, so that I can identify potential collaborators or mentors.","User Story:
As a researcher, I want to search for individuals based on their specific expertise or areas of interest so that I can effectively identify at least 5 potential collaborators or mentors for my projects.

Acceptance Criteria:
- The search function must allow filtering by at least 10 different expertise categories.
- Users should be able to retrieve relevant profiles within 3 seconds for 90% of search queries.
- The system should provide a list of at least 5 potential matches based on the search criteria.

Test Outline:
- Test the search functionality by inputting various expertise categories and measuring the accuracy and relevance of the results.
- Monitor the response time for search queries to ensure it meets the 3-second requirement.","The original user story was clear but lacked measurable criteria and specific outcomes. The improved version enhances clarity by specifying the number of potential collaborators, the filtering options, and the performance metrics, making it more actionable and focused on business value.","it (ISO 29148)
that (ISO 29148)
be able to (NASA ARM)
can (NASA ARM)",4,5,1.0,4,4,0.0,5,5,0.0,4,5,1.0,4,5,1.0,3,5,2.0,4,5,1.0,—
A24US6Ll,"As a developer, I want to design a unified modeling approach to simultaneously model topical aspects of papers, authors, and publication venues, so that I can provide a comprehensive view of the academic network.","User Story:
As a developer, I want to create a unified modeling framework that integrates the topical aspects of research papers, authors, and publication venues so that I can deliver a holistic view of the academic network, enhancing collaboration and discovery.

Acceptance Criteria:
- The modeling framework must support at least 3 distinct topical aspects for each entity (papers, authors, venues) to ensure comprehensive coverage.
- The framework should be able to process and visualize data within 5 seconds for datasets containing up to 10,000 entries.
- User feedback should reflect a satisfaction rate of 90% or higher regarding the clarity and usability of the unified model.

Test Outline:
- Validate the framework by testing its ability to accurately represent the specified topical aspects across various datasets.
- Measure the processing and visualization time for different dataset sizes to ensure it meets the 5-second requirement.
- Conduct user surveys to assess the usability and clarity of the model.","The original user story was clear but lacked measurable criteria and specific details. The improved version enhances clarity by specifying the framework's capabilities, providing quantifiable acceptance criteria, and outlining a structured test plan to ensure the model's effectiveness.","it (ISO 29148)
that (ISO 29148)
be able to (NASA ARM)
can (NASA ARM)",4,4,0.0,4,4,0.0,5,5,0.0,4,5,1.0,4,5,1.0,3,5,2.0,4,5,1.0,—
A24US7Ll,"As a researcher, I want to be able to visualize the academic network and identify patterns and relationships between researchers, publications, and venues, so that I can gain insights into the field.","User Story:
As a researcher, I want to visualize the academic network to identify patterns and relationships among researchers, publications, and venues, so that I can derive actionable insights and enhance my understanding of the field.

Acceptance Criteria:
- The visualization tool must display connections between at least 80% of relevant researchers and their publications within 5 seconds of loading.
- Users should be able to filter results by publication year, venue, and research area, with filters applying in real-time with no more than a 2-second delay.
- At least 90% of users should report that the visualization helps them identify new research opportunities and collaborations.

Test Outline:
- Measure the loading time and accuracy of the visualized connections against a comprehensive dataset of researchers and publications.
- Conduct user surveys to evaluate the effectiveness of the visualization in identifying patterns and relationships.","The original user story was well-structured but lacked specific measurable criteria. The improved version enhances clarity by specifying performance metrics, user satisfaction goals, and a structured testing approach to ensure the functionality meets user needs.","that (ISO 29148)
be able to (NASA ARM)
can (NASA ARM)
more (NASA ARM)",4,4,0.0,4,4,0.0,5,5,0.0,4,5,1.0,4,5,1.0,3,5,2.0,4,5,1.0,—
A24US8Ll,"As a system administrator, I want to ensure that the system can handle a large volume of data and scale to accommodate a growing number of users, so that I can provide a reliable and efficient service.","User Story:
As a system administrator, I want the system to efficiently manage a data volume of at least 10 terabytes and support up to 10,000 concurrent users so that I can deliver a reliable and high-performance service without downtime.

Acceptance Criteria:
- The system must demonstrate the ability to process and retrieve data from 10 terabytes within 5 seconds.
- It should maintain performance levels with at least 95% uptime during peak usage times.
- User load testing should confirm that the system can handle 10,000 concurrent users without degradation in response time, maintaining an average response time of under 2 seconds.

Test Outline:
- Conduct stress tests to evaluate data processing times and system responsiveness with the specified data volume.
- Monitor system performance metrics during peak load scenarios to ensure uptime and response time criteria are met.","The original user story was clear but lacked specific, measurable criteria. The improved version enhances clarity by specifying exact data volume and user capacity, along with measurable acceptance criteria and a structured test outline to ensure reliability and efficiency.","reliable (ISO 29148)
it (ISO 29148)
that (ISO 29148)
can (NASA ARM)",3,4,1.0,3,4,1.0,4,5,1.0,3,5,2.0,3,5,2.0,2,5,3.0,3,5,2.0,—
A24US9Ll,"As a researcher, I want to be able to search for research papers and publications based on specific keywords or topics, so that I can stay up-to-date with the latest research in my field.","User Story:
As a researcher, I want to search for research papers and publications using specific keywords or topics so that I can efficiently access the latest findings and advancements in my field.

Acceptance Criteria:
- The search function must return relevant research papers with at least 90% accuracy based on the entered keywords or topics.
- The average search response time should not exceed 3 seconds for optimal user experience.
- Users should be able to filter results by publication date, with at least 80% of users finding the filtering options useful.

Test Outline:
- Evaluate the accuracy of search results by comparing them against a set of predefined keywords and topics.
- Measure the response time for search queries to ensure it meets the 3-second requirement.
- Conduct user surveys to assess the effectiveness and usability of the filtering options.","The original user story was clear but lacked measurable criteria and specific acceptance tests. The improved version enhances clarity by specifying measurable outcomes, ensuring the story is actionable and focused on delivering value to the user.","it (ISO 29148)
that (ISO 29148)
be able to (NASA ARM)
can (NASA ARM)",4,4,0.0,4,4,0.0,5,5,0.0,4,5,1.0,4,5,1.0,3,5,2.0,4,5,1.0,—
A24US10Ll,"As a developer, I want to evaluate the performance of the ArnetMiner system using empirical methods, so that I can identify areas for improvement and refine the system to better meet the needs of users.","User Story:
As a developer, I want to assess the performance of the ArnetMiner system through empirical evaluation methods so that I can pinpoint specific areas for enhancement and optimize the system to better serve user requirements.

Acceptance Criteria:
- Performance metrics must be collected and analyzed for at least 10 key functionalities of the ArnetMiner system.
- The evaluation should identify at least 3 specific areas for improvement with actionable recommendations.
- A report summarizing the findings and proposed optimizations should be delivered within 2 weeks of starting the evaluation.

Test Outline:
- Implement performance testing tools to gather data on the system's response times and resource usage.
- Review the report with stakeholders to ensure that the identified areas for improvement align with user needs and expectations.","The original user story was clear but lacked measurable criteria and specificity. The improved version enhances clarity by specifying the role, capability, and business relevance while providing quantifiable acceptance criteria and a structured test outline.","that (ISO 29148)
better (ISO 29148)
can (NASA ARM)
better (NASA ARM)",4,4,0.0,4,4,0.0,5,5,0.0,4,5,1.0,4,5,1.0,3,5,2.0,4,5,1.0,—
A25US1Ll,"As a customer, I want to receive personalized recommendations on an e-commerce website so that I can discover new products that match my interests.","User Story:
As a customer, I want to receive tailored product recommendations on the e-commerce website so that I can discover new items that align with my preferences and increase my shopping satisfaction.

Acceptance Criteria:
- The recommendation engine must provide at least 5 personalized product suggestions based on user behavior and preferences with a relevance score of 85% or higher.
- Customers should see an increase in engagement, measured by a 20% rise in click-through rates on recommended products within the first month of implementation.
- User feedback should reflect a satisfaction rate of 90% or higher regarding the relevance of the recommendations.

Test Outline:
- Analyze the accuracy of the recommendations by comparing them against user purchase history and preferences.
- Track click-through rates on recommended products before and after the implementation to measure engagement improvements.
- Conduct user surveys to gather feedback on the perceived relevance of the recommendations.","The original user story was clear but lacked measurable criteria and specific acceptance metrics. The improved version enhances clarity by specifying quantifiable goals for accuracy, engagement, and user satisfaction, along with a structured test outline.","that (ISO 29148)
can (NASA ARM)",4,4,0.0,4,4,0.0,5,5,0.0,4,5,1.0,4,5,1.0,3,5,2.0,4,5,1.0,—
A25US2Ll,"As a developer, I want to use a recommendation algorithm that can incorporate multiple attributes, such as items viewed and demographic data, to generate more accurate recommendations.","User Story:
As a developer, I want to implement a recommendation algorithm that utilizes multiple attributes, including items viewed and demographic data, so that I can generate personalized recommendations with at least 15% higher accuracy compared to the current system.

Acceptance Criteria:
- The algorithm must analyze at least 5 different user attributes to enhance recommendation accuracy.
- Recommendations should be generated within 1 second for a seamless user experience.
- User engagement with recommended items should increase by at least 20% within the first month of implementation.

Test Outline:
- Evaluate the accuracy of the recommendations by comparing them against user preferences and measuring the percentage increase in accuracy.
- Measure the time taken for the algorithm to generate recommendations to ensure it meets the 1-second requirement.
- Track user engagement metrics before and after the implementation to assess the impact of the new algorithm.","The original user story was clear but lacked measurable criteria and specific goals. The improved version enhances clarity by specifying the expected accuracy increase, the number of attributes to be used, and includes measurable acceptance criteria and a structured test outline.","it (ISO 29148)
that (ISO 29148)
can (NASA ARM)",4,4,0.0,4,4,0.0,4,5,1.0,4,5,1.0,4,5,1.0,3,5,2.0,4,5,1.0,—
A25US3Ll,"As an online retailer, I want to use recommendation algorithms to personalize the online store for each customer, showing them relevant products based on their interests.","User Story:
As an online retailer, I want to implement advanced recommendation algorithms to tailor the online store experience for each customer, ensuring they see relevant products aligned with their interests, thereby increasing engagement and sales.

Acceptance Criteria:
- The recommendation system must achieve at least a 20% increase in click-through rates on suggested products within the first month of implementation.
- At least 75% of users should report finding relevant products through the recommendations during user feedback surveys.
- The system should update recommendations in real-time based on user behavior, with a refresh rate of no longer than 5 minutes.

Test Outline:
- Analyze click-through rates on recommended products before and after implementing the algorithms to measure the 20% increase.
- Conduct user surveys to assess the relevance of recommendations and track the percentage of users who find them useful.
- Monitor the system's performance to ensure recommendations are updated within the specified 5-minute timeframe.","The original user story was clear but lacked measurable criteria and specific business outcomes. The improved version enhances clarity by specifying quantifiable acceptance criteria and a structured test outline, focusing on the impact of the recommendation algorithms on user engagement and sales.",—,4,4,0.0,4,4,0.0,4,4,0.0,4,5,1.0,5,5,0.0,4,5,1.0,4,4,0.0,—
A25US4Ll,"As a developer, I want to compare the performance of different recommendation algorithms, including traditional collaborative filtering, cluster models, and search-based methods, to determine the most effective approach.","User Story:
As a developer, I want to evaluate the performance of various recommendation algorithms, including traditional collaborative filtering, clustering models, and search-based methods, so that I can identify the most effective approach for enhancing user engagement and satisfaction.

Acceptance Criteria:
- Each algorithm's performance must be assessed using a dataset of at least 10,000 user interactions to ensure statistical significance.
- The evaluation should include metrics such as precision, recall, and F1 score, with a target of achieving at least 80% in each metric for the best-performing algorithm.
- A comprehensive report comparing the algorithms must be generated, highlighting strengths and weaknesses, and delivered within 2 weeks of starting the evaluation.

Test Outline:
- Implement each recommendation algorithm and run them on the same dataset to ensure a fair comparison.
- Analyze the results using the specified metrics and compile the findings into a report for review.","The original user story was clear but lacked measurable criteria and specific outcomes. The improved version enhances clarity by specifying the evaluation metrics, dataset size, and timeline, making it more actionable and aligned with business goals.","best (ISO 29148)
most (ISO 29148)
effective (ISO 29148)
that (ISO 29148)
effective (NASA ARM)
can (NASA ARM)
best (NASA ARM)",4,4,0.0,4,4,0.0,4,5,1.0,4,5,1.0,4,5,1.0,3,5,2.0,4,5,1.0,—
A25US5Ll,"As a researcher, I want to develop an item-to-item collaborative filtering algorithm that can scale independently of the number of customers and items in the product catalog.","User Story:
As a researcher, I want to create a scalable item-to-item collaborative filtering algorithm that can efficiently handle an increasing number of customers and items in the product catalog so that the recommendation system remains responsive and effective as the dataset grows.

Acceptance Criteria:
- The algorithm must maintain performance with a response time of less than 1 second for generating recommendations, regardless of whether the catalog contains 10,000 or 1,000,000 items.
- The system should achieve at least 85% accuracy in recommendations based on user interactions and preferences.
- The algorithm should be able to process updates to the catalog in real-time, ensuring that new items and customer data are reflected within 5 minutes.

Test Outline:
- Measure the response time of the algorithm under varying loads to ensure it meets the 1-second requirement.
- Evaluate the accuracy of recommendations by comparing them against user feedback and historical data.
- Test the system's ability to incorporate new data by simulating updates and measuring the time taken for changes to be reflected in recommendations.","The original user story was clear but lacked measurable criteria and specific performance metrics. The improved version enhances clarity by specifying the scalability requirements, providing quantifiable acceptance criteria, and outlining a structured test plan to ensure the algorithm's effectiveness.","effective (ISO 29148)
it (ISO 29148)
that (ISO 29148)
be able to (NASA ARM)
effective (NASA ARM)
can (NASA ARM)
less (NASA ARM)",4,4,0.0,4,4,0.0,4,5,1.0,4,5,1.0,5,5,0.0,4,5,1.0,4,5,1.0,—
A25US6Ll,"As a customer, I want to receive recommendations in real-time, so that I can quickly discover new products that match my interests.","User Story:
As a customer, I want to receive personalized product recommendations in real-time so that I can efficiently discover new products that align with my interests and preferences.

Acceptance Criteria:
- Recommendations must be generated and displayed within 1 second of user interaction, ensuring a seamless experience.
- At least 80% of users should find the recommendations relevant based on their browsing history and preferences.
- User engagement with recommended products should increase by at least 25% within the first month of implementation.

Test Outline:
- Measure the time taken to generate and display recommendations during user interactions.
- Conduct user surveys to assess the relevance of the recommendations and track engagement metrics over time.","The original user story was clear but lacked specific, measurable criteria. The improved version enhances clarity by specifying the capability, business relevance, and includes quantifiable acceptance criteria and a structured test outline.","that (ISO 29148)
can (NASA ARM)",4,4,0.0,4,4,0.0,5,5,0.0,4,5,1.0,4,5,1.0,3,5,2.0,4,5,1.0,—
A25US7Ll,"As an online retailer, I want to use a recommendation algorithm that can handle massive data sets, so that I can provide personalized recommendations to a large customer base.","User Story:
As an online retailer, I want to implement a scalable recommendation algorithm capable of processing over 1 million data points per hour so that I can deliver personalized product suggestions to at least 80% of my customer base, enhancing their shopping experience and increasing sales.

Acceptance Criteria:
- The recommendation algorithm must handle data sets of at least 10 million records without performance degradation.
- The system should generate personalized recommendations for users within 3 seconds of their browsing activity.
- At least 75% of users should report an increase in satisfaction with the recommendations provided after implementation.

Test Outline:
- Measure the algorithm's performance by testing its ability to process large data sets and track response times for generating recommendations.
- Conduct user surveys to assess satisfaction levels with the personalized recommendations before and after the algorithm's deployment.","The original user story was clear but lacked specific, measurable criteria. The improved version enhances clarity by specifying performance metrics, user satisfaction goals, and a structured testing approach to ensure the algorithm meets business needs.","that (ISO 29148)
can (NASA ARM)",4,4,0.0,4,4,0.0,5,4,-1.0,4,5,1.0,4,5,1.0,3,5,2.0,4,4,0.0,—
A25US8Ll,"As a developer, I want to evaluate the quality of recommendations generated by different algorithms, so that I can choose the one that provides the most relevant and useful suggestions.","User Story:
As a developer, I want to assess the effectiveness of various recommendation algorithms so that I can select the one that delivers the highest relevance and utility for users.

Acceptance Criteria:
- Each algorithm must be evaluated based on a relevance score of at least 80% when tested against a standard dataset.
- The evaluation process should include at least 5 different algorithms to ensure a comprehensive comparison.
- User satisfaction with the recommendations should be measured, aiming for a feedback score of 4 out of 5 or higher.

Test Outline:
- Implement a testing framework to calculate the relevance scores of each algorithm using predefined metrics.
- Conduct user surveys to gather feedback on the perceived usefulness of the recommendations generated by each algorithm.","The original user story was clear but lacked specific, measurable criteria. The improved version enhances clarity by specifying the evaluation metrics, the number of algorithms to be tested, and the expected user satisfaction score, thus strengthening the overall structure.","that (ISO 29148)
can (NASA ARM)",4,4,0.0,4,4,0.0,5,5,0.0,4,5,1.0,4,5,1.0,3,5,2.0,4,5,1.0,—
A25US9Ll,"As a customer, I want to be able to interact with a personalized online store that changes based on my interests and preferences.","User Story:
As a customer, I want to engage with a personalized online store that adapts to my interests and preferences so that I can discover products that are relevant to me, enhancing my shopping experience and increasing my likelihood of purchase.

Acceptance Criteria:
- The online store must update its product recommendations based on user behavior and preferences with at least 90% accuracy.
- Customers should see personalized content within 3 seconds of logging in to their accounts.
- User engagement metrics, such as click-through rates on recommended products, should increase by at least 25% within the first month of implementation.

Test Outline:
- Analyze the accuracy of product recommendations by comparing them against user purchase history and preferences.
- Measure the time taken for personalized content to load after user login.
- Track user engagement metrics before and after the implementation to assess the impact of personalization.","The original user story was too broad and lacked measurable criteria. The improved version specifies the user's needs, outlines clear, quantifiable acceptance criteria, and provides a structured test outline to ensure the effectiveness of the personalization feature.","that (ISO 29148)
can (NASA ARM)",2,4,2.0,2,4,2.0,3,5,2.0,2,5,3.0,3,5,2.0,2,5,3.0,2,5,3.0,—
A25US10Ll,"As an online retailer, I want to use recommendation algorithms to increase customer engagement and loyalty, by providing a more personalized and relevant shopping experience.","User Story:
As an online retailer, I want to implement advanced recommendation algorithms so that I can enhance customer engagement and loyalty by delivering a personalized shopping experience that increases conversion rates.

Acceptance Criteria:
- The recommendation system should improve the average order value by at least 15% within the first three months of implementation.
- Customer engagement metrics, such as time spent on site, should increase by 20% after the recommendations are introduced.
- At least 70% of users should report finding relevant products through the recommendations, as measured by user feedback surveys.

Test Outline:
- Analyze sales data before and after the implementation of the recommendation algorithms to measure changes in average order value.
- Track user engagement metrics using analytics tools to confirm the increase in time spent on the site.
- Conduct user surveys to assess the perceived relevance of the recommended products.","The original user story was well-structured but lacked specific, measurable criteria. The improved version clarifies the business goals, emphasizes measurable outcomes, and provides a structured test outline to ensure the effectiveness of the recommendation algorithms.","that (ISO 29148)
can (NASA ARM)",4,4,0.0,4,5,1.0,4,4,0.0,4,5,1.0,4,5,1.0,3,5,2.0,4,5,1.0,—
A26US1Ll,"As a customer, I want to understand why a recommended product might match my interests, so I want to see relevant and convincing justifications for the recommendation.","User Story:
As a customer, I want to receive clear and relevant justifications for product recommendations so that I can understand how they align with my interests and make informed purchasing decisions.

Acceptance Criteria:
- Each product recommendation must include at least three specific reasons that demonstrate relevance to the customer's preferences.
- The justification should be presented within 3 seconds of the recommendation being displayed.
- Customer feedback should reflect a satisfaction rate of 90% or higher regarding the clarity and relevance of the justifications.

Test Outline:
- Review a sample of product recommendations to ensure they include the required justifications and measure the time taken to display them.
- Conduct surveys to gather customer feedback on the perceived relevance and clarity of the justifications provided.","The original user story was somewhat clear but lacked measurable criteria and specificity. The improved version enhances clarity by explicitly stating the need for justifications, providing measurable acceptance criteria, and outlining a test plan to ensure the functionality meets user expectations.","that (ISO 29148)
can (NASA ARM)",4,4,0.0,4,4,0.0,4,5,1.0,4,5,1.0,4,5,1.0,3,5,2.0,4,5,1.0,—
A26US2Ll,"As a researcher, I want to develop new methods and datasets for generating high-quality review justifications that are relevant to users' decision-making processes.","User Story:
As a researcher, I want to create innovative methods and comprehensive datasets for generating high-quality review justifications so that users can make informed decisions based on relevant and actionable insights.

Acceptance Criteria:
- The new methods must demonstrate a 30% improvement in the relevance of review justifications compared to existing approaches, as measured by user feedback.
- At least 5 diverse datasets should be developed and validated for generating review justifications within a 6-month timeframe.
- User satisfaction with the generated justifications should reach a minimum of 80% in post-implementation surveys.

Test Outline:
- Conduct user studies to evaluate the relevance and quality of review justifications produced by the new methods against current standards.
- Track the development progress of datasets and methods to ensure they meet the specified timelines and quality benchmarks.","The original user story was too broad and lacked measurable criteria. The improved version clarifies the research goals, specifies quantifiable acceptance criteria, and outlines a structured testing approach to enhance clarity and focus on user value.","that (ISO 29148)
can (NASA ARM)",2,4,2.0,2,4,2.0,3,5,2.0,2,5,3.0,3,5,2.0,2,5,3.0,2,5,3.0,—
A26US3Ll,"As a developer, I want to create a system that can extract relevant review segments that justify users' intentions, so that I can use them to train models for generating personalized recommendation justifications.","User Story:
As a developer, I want to build a system that accurately extracts relevant segments from user reviews that align with their intentions so that I can utilize these segments to train machine learning models for generating personalized recommendation justifications.

Acceptance Criteria:
- The system must extract at least 80% of relevant review segments accurately based on user intention within a processing time of 3 seconds per review.
- The extracted segments should be validated by at least 90% of users as relevant to their intent during user testing.
- The model trained on these segments should improve the accuracy of recommendation justifications by at least 15% compared to the previous version.

Test Outline:
- Evaluate the extraction accuracy by comparing the system's output against a manually curated set of review segments.
- Conduct user testing sessions to gather feedback on the relevance of the extracted segments.
- Measure the performance of the recommendation model before and after training with the new segments to assess improvement.","The original user story was clear but lacked measurable criteria and specific details. The improved version enhances clarity by specifying the developer's role, the capability of the system, and explicit, quantifiable acceptance criteria along with a structured test outline.","that (ISO 29148)
these (ISO 29148)
can (NASA ARM)",4,5,1.0,4,4,0.0,5,5,0.0,4,5,1.0,4,5,1.0,3,5,2.0,4,5,1.0,—
A26US4Ll,"As a data scientist, I want to construct large-scale personalized recommendation justification datasets using distant labeling of massive review corpora, so that I can train models that can generate diverse and convincing justifications.","User Story:
As a data scientist, I want to create extensive personalized recommendation justification datasets through distant labeling of large review corpora so that I can train models capable of producing diverse and persuasive justifications for recommendations.

Acceptance Criteria:
- The dataset must include at least 100,000 labeled reviews to ensure robustness and diversity.
- The distant labeling process should achieve a labeling accuracy of 85% or higher to maintain data quality.
- The trained models should generate justifications that are rated as convincing by at least 80% of users in a validation study.

Test Outline:
- Verify the size and diversity of the dataset by analyzing the distribution of labeled reviews across different categories.
- Conduct accuracy assessments on the labeling process by comparing a sample of labeled data against expert annotations.
- Perform user studies to evaluate the persuasiveness of the generated justifications and gather feedback.","The original user story was detailed but lacked measurable criteria and clarity in the acceptance criteria. The improved version specifies clear metrics for dataset size, labeling accuracy, and user validation, enhancing the focus on business relevance and testability.","that (ISO 29148)
can (NASA ARM)",4,4,0.0,4,4,0.0,5,5,0.0,4,5,1.0,3,5,2.0,2,5,3.0,4,5,1.0,—
A26US5Ll,"As a customer, I want to see justifications for recommended products that cover different aspects of the product, so that I can make a more informed decision.","User Story:
As a customer, I want to view comprehensive justifications for recommended products that address key aspects such as features, benefits, and user reviews, so that I can make well-informed purchasing decisions.

Acceptance Criteria:
- Each product recommendation must include at least three distinct justifications covering features, benefits, and user feedback.
- The justifications should be presented in a clear and concise format, allowing users to read them in under 30 seconds.
- At least 80% of users should report feeling more confident in their purchasing decisions after reviewing the justifications.

Test Outline:
- Review a sample of product recommendations to ensure they include the required justifications and meet the clarity criteria.
- Conduct user surveys to measure confidence levels in purchasing decisions before and after viewing the justifications.","The original user story was somewhat vague and did not specify measurable criteria. The improved version clarifies the user's needs, outlines specific acceptance criteria, and provides a structured test outline to ensure the functionality meets user expectations.","that (ISO 29148)
can (NASA ARM)
more (NASA ARM)",4,4,0.0,4,4,0.0,5,5,0.0,4,5,1.0,4,5,1.0,3,5,2.0,4,5,1.0,—
A26US6Ll,"As a developer, I want to design a reference-based Seq2Seq model with aspect-planning that can generate justifications covering different aspects of a product, so that customers can see multiple perspectives.","User Story:
As a developer, I want to create a reference-based Seq2Seq model with aspect-planning capabilities that generates comprehensive justifications for various product aspects, so that customers can evaluate the product from multiple perspectives and make informed purchasing decisions.

Acceptance Criteria:
- The model must generate justifications that cover at least 5 distinct aspects of a product with a coherence score of 80% or higher.
- The generation time for each justification should not exceed 3 seconds to ensure a responsive user experience.
- User testing should reveal that at least 90% of customers find the justifications helpful in their decision-making process.

Test Outline:
- Evaluate the model's output for coherence and coverage of aspects using a scoring rubric.
- Measure the time taken to generate justifications for a set of predefined products.
- Conduct user surveys to assess the perceived usefulness of the generated justifications in aiding product evaluations.","The original user story was clear but lacked measurable criteria and specific details. The improved version enhances clarity by specifying the developer's role, the capabilities of the model, and includes quantifiable acceptance criteria and a structured test outline to ensure the functionality meets user needs.","that (ISO 29148)
can (NASA ARM)",4,4,0.0,4,4,0.0,5,5,0.0,4,5,1.0,3,5,2.0,3,5,2.0,4,5,1.0,—
A26US7Ll,"As a customer, I want to see diverse justifications for recommended products, so that I can get a more comprehensive understanding of the product's benefits and features.","User Story:
As a customer, I want to view a variety of justifications for recommended products so that I can gain a thorough understanding of their benefits and features, ultimately aiding my purchasing decision.

Acceptance Criteria:
- Each recommended product must include at least 3 distinct justifications highlighting its benefits and features.
- The justifications should be presented in a clear and engaging format, with a readability score of at least 70 on the Flesch-Kincaid scale.
- Customer feedback should reflect a satisfaction rate of 90% or higher regarding the clarity and usefulness of the justifications.

Test Outline:
- Review a sample of recommended products to ensure they include the required number of justifications and assess their clarity.
- Conduct user surveys to gather feedback on the perceived usefulness of the justifications provided.","The original user story was clear but lacked measurable criteria and specific acceptance criteria. The improved version enhances clarity by specifying the number of justifications, readability standards, and user satisfaction metrics, making it more actionable and focused on business value.","that (ISO 29148)
can (NASA ARM)",4,4,0.0,4,4,0.0,5,5,0.0,4,5,1.0,4,5,1.0,3,5,2.0,4,5,1.0,—
A26US8Ll,"As a developer, I want to design an aspect-conditional masked language model that can generate diverse justifications based on templates extracted from justification histories, so that customers can see multiple examples of how the product can be used.","User Story:
As a developer, I want to create an aspect-conditional masked language model that generates a variety of justifications based on templates derived from historical justification data, so that customers can view at least 10 distinct examples of product usage scenarios, enhancing their understanding and engagement.

Acceptance Criteria:
- The model must generate at least 10 unique justifications for each product feature based on user input.
- The diversity of generated justifications should be measured, achieving a minimum of 80% variance in wording and structure.
- User testing should indicate that at least 90% of customers find the examples helpful in understanding product applications.

Test Outline:
- Evaluate the model's output by comparing the generated justifications against a set of predefined criteria for uniqueness and relevance.
- Conduct user surveys to assess the perceived value and clarity of the justifications provided.","The original user story was detailed but lacked measurable criteria and clarity on the expected outcomes. The improved version specifies clear performance metrics, user engagement goals, and a structured testing approach to enhance clarity and focus on business value.","that (ISO 29148)
can (NASA ARM)",4,4,0.0,4,4,0.0,5,5,0.0,4,5,1.0,4,5,1.0,3,5,2.0,4,5,1.0,—
A26US9Ll,"As a researcher, I want to conduct experiments on real-world datasets to evaluate the effectiveness of my models in generating convincing and diverse justifications.","User Story:
As a researcher, I want to perform experiments on real-world datasets to assess the effectiveness of my models in producing diverse and persuasive justifications, enabling me to validate my findings and enhance model reliability.

Acceptance Criteria:
- The experiments must utilize at least 3 distinct real-world datasets to ensure comprehensive evaluation.
- The models should generate justifications that achieve a diversity score of 80% or higher, as measured by a predefined metric.
- At least 75% of the generated justifications must be rated as convincing by a panel of expert reviewers.

Test Outline:
- Collect and analyze results from experiments conducted on the selected datasets to verify the effectiveness of the models.
- Implement a scoring system for the justifications and gather feedback from experts to evaluate both diversity and persuasiveness.","The original user story was clear but lacked measurable criteria and specificity. The improved version enhances clarity by defining explicit metrics for evaluation, ensuring the story is actionable and aligned with research goals.",that (ISO 29148),4,4,0.0,4,4,0.0,4,4,0.0,3,5,2.0,4,5,1.0,3,5,2.0,4,4,0.0,—
A26US10Ll,"As an online retailer, I want to provide customers with personalized recommendation justifications that are relevant to their interests and decision-making processes, so that I can increase customer satisfaction and loyalty.","User Story:
As an online retailer, I want to deliver personalized recommendation justifications tailored to each customer's interests and preferences so that I can enhance customer satisfaction by at least 20% and boost repeat purchase rates by 15%.

Acceptance Criteria:
- At least 85% of customers should find the recommendations relevant to their interests based on post-interaction surveys.
- The implementation of personalized justifications should lead to a minimum 10% increase in the average order value within three months.
- Customer retention rates should improve by at least 15% within six months of introducing the personalized recommendations.

Test Outline:
- Conduct surveys to measure customer perception of the relevance of recommendations and track the percentage of positive feedback.
- Analyze sales data to evaluate changes in average order value and retention rates before and after the implementation.","The original user story was well-structured but lacked specific measurable criteria. The improved version clarifies the business goals with quantifiable metrics, enhancing the focus on customer satisfaction and loyalty while providing a clear testing framework.","that (ISO 29148)
can (NASA ARM)",4,4,0.0,4,5,1.0,5,4,-1.0,4,5,1.0,5,5,0.0,4,5,1.0,4,5,1.0,—
A27US1Ll,"As a recommender system developer, I want to use recurrent neural networks (RNNs) to improve the accuracy of recommendations based on short session-based data.","User Story:
As a recommender system developer, I want to implement recurrent neural networks (RNNs) to enhance the accuracy of recommendations derived from short session-based data so that users receive more relevant suggestions, increasing engagement and satisfaction.

Acceptance Criteria:
- The RNN model must achieve at least a 15% improvement in recommendation accuracy, measured by precision and recall metrics, compared to the current system.
- The model should process session data and generate recommendations within 1 second for real-time user interactions.
- User engagement metrics, such as click-through rates, should increase by at least 20% after the implementation of the RNN-based recommendations.

Test Outline:
- Evaluate the accuracy of the RNN model against a baseline using a validation dataset to confirm the 15% improvement.
- Measure the processing time for generating recommendations to ensure it meets the 1-second requirement.
- Analyze user engagement data before and after implementation to assess the 20% increase in click-through rates.","The original user story was clear but lacked measurable criteria and specific business outcomes. The improved version emphasizes the expected improvements in accuracy and user engagement, providing quantifiable acceptance criteria and a structured test outline.","it (ISO 29148)
that (ISO 29148)
more (NASA ARM)",4,4,0.0,4,4,0.0,4,5,1.0,4,5,1.0,4,5,1.0,3,5,2.0,4,5,1.0,—
A27US2Ll,"As an online retailer, I want to provide accurate recommendations to my customers even when I don't have access to long-term user history, so I want to use a session-based approach that can capture the context of the current session.","User Story:
As an online retailer, I want to deliver precise product recommendations to my customers using a session-based approach, even in the absence of long-term user history, so that I can enhance customer satisfaction and increase conversion rates.

Acceptance Criteria:
- The recommendation engine must generate relevant suggestions based on session data with at least 85% accuracy.
- The system should update recommendations in real-time as users interact with the site, ensuring changes occur within 1 second.
- Customer feedback should reflect a satisfaction rate of 80% or higher regarding the relevance of the recommendations provided.

Test Outline:
- Evaluate the accuracy of recommendations by comparing them against user selections during a session.
- Measure the time taken for recommendations to update in response to user actions to ensure it meets the 1-second requirement.","The original user story was clear but lacked measurable criteria and specific performance metrics. The improved version emphasizes the business value, clarifies the capability, and includes quantifiable acceptance criteria and a structured test outline to enhance clarity and focus.","it (ISO 29148)
that (ISO 29148)
can (NASA ARM)",4,4,0.0,4,4,0.0,4,4,0.0,4,5,1.0,4,5,1.0,3,5,2.0,4,4,0.0,—
A27US3Ll,"As a developer, I want to overcome the limitations of matrix factorization approaches in session-based recommendations, so I want to use an RNN-based approach that can model the whole session.","User Story:
As a developer, I want to implement a Recurrent Neural Network (RNN) approach for session-based recommendations so that I can effectively model entire user sessions and improve recommendation accuracy by at least 20% compared to traditional matrix factorization methods.

Acceptance Criteria:
- The RNN model must demonstrate a minimum 20% improvement in recommendation accuracy as measured by precision and recall metrics.
- The model should process session data and generate recommendations within 1 second for real-time user interactions.
- User engagement metrics should show a 15% increase in click-through rates after implementing the RNN-based recommendations.

Test Outline:
- Evaluate the accuracy of the RNN model against a baseline matrix factorization model using a standardized dataset.
- Measure the response time of the recommendation system during peak usage to ensure it meets the 1-second requirement.
- Analyze user engagement data before and after implementation to assess the impact on click-through rates.","The original user story was detailed but lacked measurable criteria and specific outcomes. The improved version clarifies the developer's goal, specifies quantifiable acceptance criteria, and outlines a structured test plan to ensure the effectiveness of the RNN approach.","it (ISO 29148)
that (ISO 29148)
can (NASA ARM)",4,4,0.0,4,4,0.0,4,5,1.0,4,5,1.0,4,5,1.0,3,5,2.0,4,5,1.0,—
A27US4Ll,"As a customer, I want to receive personalized recommendations that are based on my current browsing behavior and preferences, even if I'm a new user or don't have a long history of interactions with the website.","User Story:
As a customer, I want to receive tailored recommendations based on my current browsing behavior and preferences, even as a new user, so that I can discover relevant products quickly and enhance my shopping experience.

Acceptance Criteria:
- The recommendation engine must generate personalized suggestions within 3 seconds of user interaction.
- At least 80% of users should find the recommendations relevant based on their browsing activity.
- New users should receive at least 5 personalized recommendations within their first session on the website.

Test Outline:
- Measure the time taken for the recommendation engine to provide suggestions after user interactions.
- Conduct user surveys to assess the relevance of the recommendations provided to both new and returning users.",The original user story was clear but lacked measurable criteria and specificity. The improved version emphasizes the capability and business value while providing quantifiable acceptance criteria and a structured test outline to ensure effectiveness.,"that (ISO 29148)
can (NASA ARM)",4,4,0.0,4,4,0.0,4,5,1.0,3,5,2.0,4,5,1.0,3,5,2.0,4,5,1.0,—
A27US5Ll,"As a developer, I want to modify classic RNNs to make them more suitable for session-based recommendations, such as by introducing a ranking loss function that optimizes the recommendation list.","User Story:
As a developer, I want to enhance classic RNN architectures for session-based recommendations by integrating a ranking loss function so that the recommendation list is optimized for relevance and user engagement.

Acceptance Criteria:
- The modified RNN model must demonstrate at least a 15% improvement in recommendation accuracy compared to the baseline model.
- The ranking loss function should reduce the mean reciprocal rank (MRR) of the recommendations by at least 20%.
- User engagement metrics, such as click-through rate (CTR), should increase by 10% after implementing the new model.

Test Outline:
- Evaluate the performance of the modified RNN against the baseline using a standardized dataset to measure accuracy improvements.
- Analyze the MRR before and after the introduction of the ranking loss function to confirm the expected reduction.
- Monitor user engagement metrics over a defined period to assess the impact of the new recommendation system.","The original user story was specific but lacked measurable criteria and clarity on the business impact. The improved version specifies the developer's role, clarifies the capability, and provides explicit, quantifiable acceptance criteria and a structured test outline to enhance the overall INVEST score.",that (ISO 29148),4,4,0.0,4,4,0.0,4,5,1.0,4,5,1.0,4,5,1.0,3,5,2.0,4,5,1.0,—
A27US6Ll,"As an online retailer, I want to improve the overall user experience by providing more accurate and relevant recommendations, so I want to experiment with RNN-based approaches that can consider the sequential nature of user interactions.","User Story:
As an online retailer, I want to enhance the user experience by implementing RNN-based recommendation systems that deliver more accurate and relevant product suggestions, so that I can increase customer engagement and boost sales by at least 15%.

Acceptance Criteria:
- The recommendation engine must achieve a minimum accuracy rate of 85% in predicting user preferences based on historical interaction data.
- User engagement metrics, such as click-through rates on recommendations, should improve by at least 20% within three months of implementation.
- Customer satisfaction scores regarding product recommendations should reach 90% or higher in user feedback surveys.

Test Outline:
- Analyze the accuracy of the recommendations by comparing predicted preferences against actual user selections over a defined period.
- Monitor click-through rates on recommended products before and after implementing the RNN-based system to measure engagement improvements.
- Conduct user surveys to assess satisfaction with the relevance of the recommendations provided.","The original user story was well-structured but lacked specific measurable criteria and clear business outcomes. The improved version emphasizes quantifiable goals, clarifies the capability, and outlines a structured approach to testing the effectiveness of the recommendations.","that (ISO 29148)
can (NASA ARM)
more (NASA ARM)",4,4,0.0,4,4,0.0,4,4,0.0,4,5,1.0,3,5,2.0,2,5,3.0,4,4,0.0,—
A27US7Ll,"As a developer, I want to evaluate the performance of RNN-based approaches for session-based recommendations on real-world datasets, to see if they can outperform traditional methods.","User Story:
As a developer, I want to assess the effectiveness of recurrent neural network (RNN) models for session-based recommendations using real-world datasets so that I can determine if they achieve at least a 15% improvement in accuracy over traditional recommendation methods.

Acceptance Criteria:
- RNN models must be evaluated on at least three different real-world datasets to ensure robustness of results.
- The performance of RNN-based approaches should be compared to traditional methods, demonstrating at least a 15% increase in precision or recall metrics.
- A comprehensive report detailing the findings, including performance metrics and insights, should be completed within 4 weeks of starting the evaluation.

Test Outline:
- Implement RNN models and traditional methods on the selected datasets, measuring accuracy, precision, and recall.
- Analyze the results and compile a report comparing the performance of both approaches, ensuring clarity and actionable insights.","The original user story was clear but lacked measurable criteria and specific performance goals. The improved version specifies the role, capability, and business-relevant benefits while providing quantifiable acceptance criteria and a structured test outline.","that (ISO 29148)
can (NASA ARM)",4,5,1.0,4,4,0.0,4,5,1.0,4,5,1.0,4,5,1.0,3,5,2.0,4,5,1.0,—
A27US8Ll,"As a customer, I want to receive recommendations that are based on the context of my current session, such as the types of products I've viewed or purchased recently.","User Story:
As a customer, I want to receive personalized product recommendations based on my current session context, including recently viewed or purchased items, so that I can discover relevant products that enhance my shopping experience.

Acceptance Criteria:
- The recommendation engine must analyze user behavior in real-time and provide suggestions within 3 seconds of viewing or purchasing an item.
- At least 80% of users should find the recommendations relevant based on their session activity, as measured by user feedback.
- The conversion rate from recommendations to purchases should increase by at least 15% within the first month of implementation.

Test Outline:
- Monitor the response time of the recommendation engine to ensure it meets the 3-second requirement.
- Conduct user surveys to assess the perceived relevance of the recommendations.
- Analyze sales data to measure the conversion rate from recommendations before and after implementation.","The original user story was clear but lacked measurable criteria and specific business outcomes. The improved version enhances clarity by specifying the context, establishes measurable acceptance criteria, and outlines a structured test plan to verify effectiveness.","it (ISO 29148)
that (ISO 29148)
can (NASA ARM)",4,5,1.0,4,4,0.0,4,5,1.0,4,5,1.0,4,5,1.0,3,5,2.0,4,5,1.0,—
A27US9Ll,"As a developer, I want to explore the use of RNNs in recommender systems to capture the sequential dependencies between user interactions and to improve the accuracy of recommendations.","User Story:
As a developer, I want to investigate the application of Recurrent Neural Networks (RNNs) in recommender systems so that I can effectively capture sequential dependencies in user interactions and enhance the accuracy of recommendations by at least 15%.

Acceptance Criteria:
- The implementation of RNNs should demonstrate an improvement in recommendation accuracy of 15% or more compared to the current model.
- The model must process user interaction sequences and generate recommendations within a response time of 3 seconds.
- A/B testing should show that at least 80% of users prefer the RNN-based recommendations over the existing system.

Test Outline:
- Evaluate the accuracy of recommendations generated by the RNN model against the current system using a standardized dataset.
- Measure the response time for generating recommendations to ensure it meets the 3-second requirement.
- Conduct user preference surveys to assess satisfaction with the new recommendation system.","The original user story was clear but lacked measurable criteria and specific business relevance. The improved version clarifies the developer's intent, specifies quantifiable acceptance criteria, and outlines a structured testing approach to ensure the effectiveness of the RNN implementation.","it (ISO 29148)
that (ISO 29148)
can (NASA ARM)
more (NASA ARM)",4,4,0.0,4,4,0.0,4,5,1.0,4,5,1.0,4,5,1.0,3,5,2.0,4,5,1.0,—
A27US10Ll,"As an online retailer, I want to use RNN-based approaches to improve the conversion rates and revenue of my website, by providing more accurate and relevant recommendations to my customers.","User Story:
As an online retailer, I want to implement RNN-based recommendation systems so that I can increase my website's conversion rates by at least 15% and boost revenue by 20% within the next quarter through more accurate and relevant product suggestions for my customers.

Acceptance Criteria:
- The recommendation system must achieve a minimum accuracy of 85% in predicting customer preferences based on their browsing and purchase history.
- Conversion rates should improve by at least 15% within three months of implementation.
- Revenue generated from recommended products should increase by 20% compared to the previous quarter.

Test Outline:
- Analyze the accuracy of the recommendation system by comparing predicted preferences against actual customer behavior over a defined period.
- Monitor conversion rates and revenue metrics before and after the implementation to ensure the specified improvements are met.","The original user story was clear but lacked measurable criteria and specific targets. The improved version strengthens the business relevance by providing explicit numerical goals for conversion rates and revenue, along with detailed acceptance criteria and a structured test outline.","that (ISO 29148)
can (NASA ARM)
more (NASA ARM)",4,4,0.0,4,4,0.0,4,4,0.0,3,5,2.0,4,5,1.0,3,5,2.0,4,4,0.0,—
A28US1Ll,"As a dating site user, I want the site to use a more accurate way of assessing my compatibility with potential matches, rather than relying solely on my self-portrayed virtual profile, so that I can increase my chances of finding a good match.","User Story:
As a dating site user, I want the platform to implement a comprehensive compatibility assessment that incorporates behavioral data and preferences in addition to my self-reported profile, so that I can enhance my chances of finding a suitable match by at least 30%.

Acceptance Criteria:
- The compatibility algorithm must analyze at least 5 different data points, including interests, communication styles, and past interactions, to generate match scores.
- Users should experience a 25% increase in successful matches within the first month of using the new compatibility assessment feature.
- User satisfaction regarding match quality should reach at least 80% based on post-match surveys.

Test Outline:
- Evaluate the effectiveness of the compatibility algorithm by comparing match scores with user feedback on actual dates.
- Track the number of successful matches before and after implementing the new assessment to measure the 25% increase.","The original user story was clear but lacked measurable criteria and specific goals. The improved version enhances clarity by specifying the capability, providing quantifiable acceptance criteria, and outlining a structured test plan to assess the effectiveness of the new feature.","that (ISO 29148)
can (NASA ARM)",4,4,0.0,4,4,0.0,5,5,0.0,4,5,1.0,4,5,1.0,3,5,2.0,4,5,1.0,—
A28US2Ll,"As a speed dating event organizer, I want to collect and utilize data from face-to-face interactions to improve the matchmaking process, so that participants can benefit from more effective matches.","User Story:
As a speed dating event organizer, I want to gather and analyze data from face-to-face interactions so that I can enhance the matchmaking process, resulting in at least a 30% increase in participant satisfaction with their matches.

Acceptance Criteria:
- Data collection must occur for 100% of interactions during the event, ensuring comprehensive feedback.
- The analysis should identify key preferences and compatibility factors, leading to improved match accuracy by at least 25%.
- Post-event surveys should reflect a satisfaction rate of 80% or higher regarding the quality of matches made.

Test Outline:
- Monitor the data collection process during the event to ensure all interactions are recorded.
- Analyze the matchmaking results and compare participant satisfaction rates before and after implementing data-driven improvements.","The original user story was clear but lacked measurable criteria and specific goals. The improved version emphasizes quantifiable outcomes, such as satisfaction rates and match accuracy, while providing a structured approach to testing the effectiveness of the improvements.","that (ISO 29148)
improved (ISO 29148)
all (ISO 29148)
can (NASA ARM)
improved (NASA ARM)",4,4,0.0,4,4,0.0,5,5,0.0,4,5,1.0,4,5,1.0,3,5,2.0,4,5,1.0,—
A28US3Ll,"As a researcher, I want to explore the research gap between traditional online dating recommenders and speed dating data, so that I can develop a more comprehensive and accurate dating recommender system.","User Story:
As a researcher, I want to analyze the discrepancies between traditional online dating recommendation systems and speed dating data so that I can create a more robust and precise dating recommender system that enhances user matching accuracy.

Acceptance Criteria:
- Identify at least 5 key differences between traditional online dating algorithms and speed dating data metrics.
- Develop a prototype of the new recommender system that improves matching accuracy by at least 20% compared to existing systems.
- Conduct user testing with a sample size of at least 100 participants to gather feedback on the effectiveness of the new system.

Test Outline:
- Perform a comparative analysis of existing literature to document the identified gaps.
- Measure the matching accuracy of the prototype against current systems using real user data.
- Collect and analyze user feedback to assess satisfaction and effectiveness of the new recommender system.","The original user story was clear but lacked measurable criteria and specific outcomes. The improved version enhances clarity by specifying the research goals, measurable acceptance criteria, and a structured test outline to ensure the project's success.","robust (ISO 29148)
that (ISO 29148)
can (NASA ARM)
more (NASA ARM)",4,4,0.0,4,5,1.0,5,5,0.0,4,5,1.0,4,5,1.0,3,5,2.0,4,5,1.0,—
A28US4Ll,"As a user of a dating recommender system, I want the system to construct an objective profile library based on ratings from actual dating partners, so that I can trust the accuracy of the matches suggested.","User Story:
As a user of a dating recommender system, I want the system to create a comprehensive and objective profile library based on ratings from at least 100 actual dating partners, so that I can trust the accuracy of the suggested matches and improve my chances of finding compatible connections.

Acceptance Criteria:
- The profile library must include ratings from a minimum of 100 unique dating partners to ensure diversity and reliability.
- The accuracy of match suggestions should be validated through user feedback, achieving a satisfaction rate of 90% or higher.
- The system should update the profile library with new ratings at least once every week to maintain current and relevant data.

Test Outline:
- Analyze the diversity and number of ratings in the profile library to confirm it meets the 100-partner requirement.
- Conduct user surveys to assess satisfaction with match accuracy and gather feedback on the effectiveness of the recommendations.
- Monitor the frequency of updates to ensure the profile library is refreshed weekly.","The original user story was clear but lacked specific measurable criteria and a structured approach. The improved version enhances clarity by specifying the number of ratings needed, establishing satisfaction benchmarks, and outlining a test plan to verify the system's effectiveness.","it (ISO 29148)
that (ISO 29148)
every (ISO 29148)
can (NASA ARM)",4,4,0.0,4,4,0.0,5,5,0.0,4,5,1.0,4,5,1.0,3,5,2.0,4,5,1.0,—
A28US5Ll,"As a developer of a dating recommender system, I want to address the issue of class imbalance in the speed dating dataset, which arises from the low match rate, so that I can improve the overall performance of the system.","User Story:
As a developer of a dating recommender system, I want to implement strategies to mitigate class imbalance in the speed dating dataset caused by a low match rate so that I can enhance the predictive accuracy of the system by at least 20%.

Acceptance Criteria:
- The model should achieve a balanced accuracy score of at least 75% after addressing class imbalance.
- The implementation of techniques (e.g., oversampling, undersampling, or synthetic data generation) should result in a minimum 20% improvement in the match prediction rate.
- The system should be able to process and analyze the updated dataset within 5 minutes to ensure timely recommendations.

Test Outline:
- Evaluate the model's performance metrics before and after applying class imbalance techniques to confirm the accuracy improvements.
- Conduct A/B testing with users to measure the effectiveness of the updated recommendations based on the new dataset.","The original user story was clear but lacked measurable criteria and specific goals. The improved version emphasizes quantifiable outcomes, clarifies the developer's intent, and provides structured acceptance criteria and testing methods to enhance the overall effectiveness of the story.","that (ISO 29148)
be able to (NASA ARM)
timely (NASA ARM)
can (NASA ARM)",4,5,1.0,4,4,0.0,5,5,0.0,4,5,1.0,4,5,1.0,3,5,2.0,4,5,1.0,—
A28US6Ll,"As a software engineer, I want to apply SMOTE oversampling to mitigate the class imbalance issue in the speed dating dataset, so that I can improve the accuracy of the matchmaking algorithm.","User Story:
As a software engineer, I want to implement SMOTE (Synthetic Minority Over-sampling Technique) to address the class imbalance in the speed dating dataset so that I can enhance the accuracy of the matchmaking algorithm by at least 15%.

Acceptance Criteria:
- The application of SMOTE must increase the representation of the minority class by at least 100% in the dataset.
- The accuracy of the matchmaking algorithm should improve to a minimum of 85% after applying SMOTE.
- The performance of the algorithm should be validated using cross-validation with at least 10 folds to ensure robustness.

Test Outline:
- Analyze the distribution of classes in the dataset before and after applying SMOTE to confirm the increase in minority class representation.
- Measure the accuracy of the matchmaking algorithm before and after the implementation of SMOTE using a validation dataset.","The original user story was clear but lacked measurable criteria and specific targets. The improved version specifies the expected improvement in accuracy, quantifies the increase in minority class representation, and outlines a structured testing approach to validate the changes.","that (ISO 29148)
can (NASA ARM)",5,5,0.0,4,4,0.0,5,5,0.0,4,5,1.0,5,5,0.0,4,5,1.0,5,5,0.0,—
A28US7Ll,"As a researcher, I want to design a random forest regression-based reciprocal recommender that takes into account both the objective profile library and the speed dating data, so that I can increase the match prediction accuracy.","User Story:
As a researcher, I want to develop a reciprocal recommender system using random forest regression that integrates both the objective profile library and speed dating data, so that I can enhance match prediction accuracy by at least 15%.

Acceptance Criteria:
- The recommender system must achieve a prediction accuracy of 85% or higher when tested against a validation dataset.
- The integration process should be completed within 4 weeks, including data preprocessing and model training.
- User feedback on the relevance of recommendations should indicate a satisfaction rate of 80% or higher after implementation.

Test Outline:
- Evaluate the model's accuracy using cross-validation techniques to ensure it meets the 85% threshold.
- Track the timeline of the integration process to confirm it is completed within the 4-week timeframe.
- Conduct user surveys to assess the perceived relevance of the recommendations provided by the system.","The original user story was clear but lacked measurable criteria and specific goals. The improved version clarifies the researcher's intent, specifies quantifiable acceptance criteria, and outlines a structured test plan to ensure the project's success.","it (ISO 29148)
that (ISO 29148)
can (NASA ARM)",4,4,0.0,4,4,0.0,5,5,0.0,4,5,1.0,5,5,0.0,4,5,1.0,4,5,1.0,—
A28US8Ll,"As a user of a dating site, I want the site to provide me with a personalized list of matches based on a combination of my objective profile and the ratings from actual dating partners, so that I can find a more compatible partner.","User Story:
As a user of a dating site, I want the site to generate a tailored list of potential matches based on my profile details and feedback from previous dating partners, so that I can increase my chances of finding a compatible partner.

Acceptance Criteria:
- The matching algorithm must analyze at least 10 profile attributes and incorporate ratings from at least 80% of previous partners to ensure relevance.
- Users should receive a personalized match list within 5 seconds of initiating a search.
- At least 75% of users should report satisfaction with their match suggestions in a post-interaction survey.

Test Outline:
- Evaluate the matching algorithm by testing its ability to generate matches based on a diverse set of user profiles and partner ratings.
- Measure the time taken to produce match lists and gather user feedback to assess satisfaction levels.","The original user story was clear but lacked measurable criteria and specificity. The improved version enhances clarity by detailing the matching process, establishing quantifiable acceptance criteria, and providing a structured test outline to ensure the feature's effectiveness.","that (ISO 29148)
can (NASA ARM)",4,4,0.0,4,4,0.0,5,5,0.0,4,5,1.0,4,5,1.0,3,5,2.0,4,5,1.0,—
A28US9Ll,"As a developer of a dating recommender system, I want to evaluate the effectiveness of the proposed approach and compare it with existing benchmark algorithms, so that I can refine and improve the system.","User Story:
As a developer of a dating recommender system, I want to assess the performance of the proposed recommendation approach against established benchmark algorithms so that I can enhance the system's accuracy and user satisfaction.

Acceptance Criteria:
- The proposed approach must demonstrate at least a 15% improvement in recommendation accuracy compared to the best-performing benchmark algorithm.
- The evaluation should include at least 1000 user interactions to ensure statistical significance in the results.
- User satisfaction ratings for recommendations should increase by at least 20% after implementing the new approach.

Test Outline:
- Conduct A/B testing to compare the proposed approach with benchmark algorithms, measuring accuracy and user satisfaction.
- Analyze user feedback and interaction data to quantify improvements in recommendation quality.","The original user story was clear but lacked specific, measurable criteria for success. The improved version emphasizes quantifiable goals, ensuring that the evaluation process is rigorous and focused on tangible improvements in the system.","best (ISO 29148)
that (ISO 29148)
can (NASA ARM)
best (NASA ARM)",4,4,0.0,4,4,0.0,5,5,0.0,4,5,1.0,4,5,1.0,3,5,2.0,4,5,1.0,—
A28US10Ll,"As a user of a dating site, I want the site to achieve a high match prediction accuracy, such as 92.19%, so that I can trust the recommendations and increase my chances of finding a successful match.","User Story:
As a user of a dating site, I want the platform to achieve a match prediction accuracy of at least 92.19% so that I can rely on the recommendations and significantly enhance my chances of finding a compatible partner.

Acceptance Criteria:
- The match prediction algorithm must demonstrate an accuracy of 92.19% or higher based on user feedback and historical data.
- At least 85% of users should report satisfaction with the match quality within the first month of use.
- The system should be able to process and analyze user data to provide match predictions within 3 seconds.

Test Outline:
- Evaluate the accuracy of the match predictions by comparing them against user feedback and successful matches over a defined period.
- Conduct user surveys to measure satisfaction levels regarding the quality of matches provided.",The original user story was well-structured but needed clearer acceptance criteria and a test outline. The improved version maintains the original intent while explicitly defining measurable outcomes and enhancing clarity regarding user satisfaction and system performance.,"that (ISO 29148)
be able to (NASA ARM)
can (NASA ARM)",4,4,0.0,4,4,0.0,5,5,0.0,4,5,1.0,5,5,0.0,4,5,1.0,4,5,1.0,—
A29US1Ll,"As an economic historian, I want to be able to accurately link individuals across different historical census databases and over time, so that I can conduct research into intergenerational mobility, early life conditions, assimilation, discrimination, and the returns to education.","User Story:
As an economic historian, I want to accurately connect individuals across various historical census databases over time so that I can conduct in-depth research on intergenerational mobility, early life conditions, assimilation, discrimination, and the economic returns to education.

Acceptance Criteria:
- The system must enable linking of at least 95% of individuals across different census databases with verified accuracy.
- The process of linking individuals should take no longer than 5 seconds per record to ensure efficiency in research.
- Researchers should be able to generate reports on intergenerational mobility and other factors with a minimum of 90% data reliability.

Test Outline:
- Perform a series of linking tests to measure the accuracy and speed of the individual connections across databases.
- Validate the generated reports against known historical data to ensure reliability and accuracy.","The original user story was comprehensive but lacked measurable criteria and specificity. The improved version clarifies the research goals, establishes quantifiable acceptance criteria, and outlines a structured testing approach to enhance clarity and focus on the research's value.","that (ISO 29148)
be able to (NASA ARM)
can (NASA ARM)",4,4,0.0,4,4,0.0,5,4,-1.0,4,5,1.0,5,5,0.0,4,5,1.0,4,4,0.0,—
A29US2Ll,"As a researcher, I want a standard and transparent census matching technique for constructing linked samples, so that I can confidently rely on the accuracy of my research results and reproduce the methodology across different cases.","User Story:
As a researcher, I want a standardized and transparent census matching technique for constructing linked samples so that I can ensure the accuracy of my research results and replicate the methodology across at least 90% of different cases.

Acceptance Criteria:
- The matching technique must demonstrate an accuracy rate of 95% or higher in linking samples based on predefined criteria.
- Documentation of the methodology should be clear and accessible, allowing for reproducibility in at least 90% of independent studies.
- User feedback from at least 50 researchers should indicate a satisfaction rate of 85% or higher regarding the clarity and effectiveness of the matching technique.

Test Outline:
- Validate the accuracy of the matching technique by comparing results against a control group to ensure it meets the 95% accuracy requirement.
- Review the documentation for clarity and accessibility, and conduct surveys with researchers to assess reproducibility and satisfaction.","The original user story was well-structured but lacked specific measurable criteria. The improved version enhances clarity by specifying quantifiable acceptance criteria and a structured test outline, ensuring that the methodology can be reliably assessed and reproduced.","it (ISO 29148)
that (ISO 29148)
can (NASA ARM)",4,4,0.0,4,4,0.0,5,5,0.0,4,5,1.0,5,5,0.0,4,5,1.0,4,5,1.0,—
A29US3Ll,"As a scholar, I want to be able to efficiently match historical records and produce an unbiased dataset of links for analysis, so that I can take advantage of new research opportunities and make meaningful contributions to the field.","User Story:
As a scholar, I want to efficiently match historical records and generate an unbiased dataset of links for analysis so that I can leverage new research opportunities and significantly contribute to advancements in my field.

Acceptance Criteria:
- The system must match historical records with at least 95% accuracy to ensure the reliability of the dataset.
- The process of generating the dataset should be completed within 10 minutes for datasets containing up to 10,000 records.
- User feedback should reflect a satisfaction rate of 90% or higher regarding the usability and effectiveness of the matching process.

Test Outline:
- Validate the accuracy of matched records by comparing them against a manually curated dataset.
- Measure the time taken to generate the dataset for various sizes to ensure it meets the 10-minute requirement.
- Conduct user surveys to assess satisfaction with the matching process and dataset usability.","The original user story was well-articulated but lacked specific, measurable criteria. The improved version clarifies the user's role and goals while providing explicit acceptance criteria and a structured test outline to enhance clarity and focus on measurable outcomes.","it (ISO 29148)
that (ISO 29148)
can (NASA ARM)",4,4,0.0,4,4,0.0,5,5,0.0,4,5,1.0,4,5,1.0,3,5,2.0,4,5,1.0,—
A29US4Ll,"As a data analyst, I want to apply insights from machine learning classification and text comparison to record linkage of historical data, so that I can leverage the power of algorithms to improve the accuracy and efficiency of linking records.","User Story:
As a data analyst, I want to utilize machine learning classification and text comparison techniques for record linkage of historical data so that I can enhance the accuracy of linked records by at least 30% and reduce the time spent on manual data reconciliation by 50%.

Acceptance Criteria:
- The machine learning model must achieve a classification accuracy of 85% or higher on test datasets.
- The record linkage process should complete within 5 minutes for datasets containing up to 10,000 records.
- User feedback should reflect a satisfaction rate of 90% or higher regarding the efficiency and accuracy of the linked records.

Test Outline:
- Evaluate the performance of the machine learning model using a validation dataset to ensure it meets the 85% accuracy requirement.
- Measure the time taken to link records in various dataset sizes to confirm it meets the 5-minute threshold.
- Conduct user surveys to assess satisfaction with the accuracy and efficiency of the record linkage process.","The original user story was well-structured but lacked specific measurable criteria. The improved version clarifies the expected outcomes, sets quantifiable acceptance criteria, and provides a structured test outline to ensure the implementation meets business needs.","it (ISO 29148)
that (ISO 29148)
can (NASA ARM)",4,4,0.0,4,4,0.0,5,5,0.0,4,5,1.0,5,5,0.0,4,5,1.0,4,5,1.0,—
A29US5Ll,"As a researcher, I want to train an algorithm to replicate how a well-trained and consistent researcher would create a linked sample across sources, so that I can minimize both false positives and false negatives in the linking process.","User Story:
As a researcher, I want to develop an algorithm that accurately mimics the linking process of a highly skilled researcher across multiple data sources, so that I can reduce false positives and false negatives by at least 30% in the sample linking process.

Acceptance Criteria:
- The algorithm must achieve a minimum accuracy rate of 95% in linking samples compared to manual linking by expert researchers.
- The reduction in false positives and false negatives should be validated through a comparative analysis of at least 1,000 sample pairs.
- The algorithm's performance should be evaluated and reported quarterly to ensure continuous improvement and reliability.

Test Outline:
- Conduct a series of tests comparing the algorithm's linking results with those of expert researchers to measure accuracy and error rates.
- Analyze the algorithm's performance on a diverse dataset to ensure it consistently meets the acceptance criteria across various scenarios.","The original user story was clear but lacked measurable criteria and specific goals. The improved version emphasizes quantifiable outcomes, such as accuracy rates and error reduction percentages, while providing a structured approach to testing and validation.","it (ISO 29148)
that (ISO 29148)
those (ISO 29148)
can (NASA ARM)",4,4,0.0,4,4,0.0,5,5,0.0,4,5,1.0,5,5,0.0,4,5,1.0,4,5,1.0,—
A29US6Ll,"As a historian, I want to extract a subset of possible matches for each record and use training data to tune a matching algorithm, so that I can account for the inherent noise in historical records and achieve high-quality linking results.","User Story:
As a historian, I want to extract a refined subset of potential matches for each historical record and utilize training data to optimize a matching algorithm, so that I can effectively manage the inherent noise in historical data and achieve a linking accuracy of at least 90%.

Acceptance Criteria:
- The algorithm must identify and extract at least 5 potential matches for each record with a minimum of 90% relevance.
- The tuning process should improve the matching accuracy by at least 20% compared to the previous version of the algorithm.
- The system should process and return results within 5 seconds for each record.

Test Outline:
- Evaluate the accuracy of the extracted matches by comparing them against a manually curated set of records.
- Measure the improvement in matching accuracy before and after tuning the algorithm using statistical analysis.","The original user story was detailed but lacked measurable criteria and clarity on the expected outcomes. The improved version specifies clear performance metrics, enhances the focus on business relevance, and provides a structured approach for testing the algorithm's effectiveness.","that (ISO 29148)
can (NASA ARM)",4,4,0.0,4,4,0.0,5,5,0.0,4,5,1.0,5,5,0.0,4,5,1.0,4,5,1.0,—
A29US7Ll,"As a scholar, I want to follow a step-by-step procedure for linking historical records, with clear guidance on practical questions such as how large the training data needs to be relative to the sample, so that I can confidently apply the technique to my own research.","User Story:
As a scholar, I want a detailed, step-by-step guide for linking historical records, including specific guidance on the required size of training data relative to my sample size, so that I can confidently implement this technique in my research with a clear understanding of its parameters.

Acceptance Criteria:
- The guide must specify that the training data should be at least 5 times larger than the sample size to ensure robust results.
- Each step in the procedure should be accompanied by practical examples and expected outcomes to enhance clarity.
- User feedback should indicate a confidence level of 90% or higher in applying the technique after following the guide.

Test Outline:
- Review the guide for completeness and clarity, ensuring all steps are detailed and practical.
- Conduct a survey with scholars who have used the guide to assess their confidence levels in applying the technique.","The original user story was clear but lacked measurable criteria and specific details. The improved version enhances clarity by specifying the relationship between training data and sample size, includes measurable acceptance criteria, and outlines a structured test plan to verify the guide's effectiveness.","robust (ISO 29148)
this (ISO 29148)
that (ISO 29148)
all (ISO 29148)
can (NASA ARM)",4,5,1.0,4,4,0.0,5,5,0.0,4,5,1.0,4,5,1.0,3,5,2.0,4,5,1.0,—
A29US8Ll,"As a researcher, I want to be able to link records across different census datasets, such as the 1915 Iowa State Census and the 1940 Federal Census, so that I can study the long-term effects of early life conditions and other historical phenomena.","User Story:
As a researcher, I want to establish connections between records from various census datasets, including the 1915 Iowa State Census and the 1940 Federal Census, so that I can analyze the long-term impacts of early life conditions and historical trends with greater accuracy.

Acceptance Criteria:
- The system must allow linking of records from at least 90% of the relevant datasets without data loss.
- Users should be able to retrieve linked records within 5 seconds for efficient analysis.
- At least 80% of users should report that the linking process enhances their research capabilities based on feedback surveys.

Test Outline:
- Test the linking functionality by attempting to connect records from the specified datasets and measuring the success rate.
- Measure the time taken to retrieve linked records and ensure it meets the 5-second requirement.
- Conduct user surveys to assess the perceived value of the linking feature in their research.","The original user story was well-defined but could benefit from clearer measurable criteria and a structured test outline. The improved version emphasizes the research capability, specifies quantifiable acceptance criteria, and provides a detailed test plan to ensure the feature's effectiveness.","efficient (ISO 29148)
it (ISO 29148)
that (ISO 29148)
be able to (NASA ARM)
can (NASA ARM)
greater (NASA ARM)",4,4,0.0,4,4,0.0,5,5,0.0,4,5,1.0,5,5,0.0,4,5,1.0,4,5,1.0,—
A29US9Ll,"As a data scientist, I want to evaluate the performance of the census matching technique on a specific dataset, such as linking children to their adult selves, so that I can refine the methodology and improve its accuracy.","User Story:
As a data scientist, I want to assess the effectiveness of the census matching technique on a dataset that links children to their adult counterparts so that I can enhance the methodology and achieve an accuracy improvement of at least 15%.

Acceptance Criteria:
- The evaluation must demonstrate a minimum accuracy rate of 85% in matching children to adults based on the selected dataset.
- The analysis should include a comparison of the current methodology against at least two alternative techniques to identify potential improvements.
- A detailed report summarizing the findings and recommendations must be completed within 4 weeks of starting the evaluation.

Test Outline:
- Conduct a series of tests to measure the accuracy of the census matching technique against the established benchmark.
- Analyze the results of alternative techniques and compile a comparative analysis to identify the most effective approach.","The original user story was clear but lacked specific measurable criteria and a defined timeline. The improved version clarifies the goal, sets explicit performance metrics, and outlines a structured testing and reporting process to enhance clarity and focus on business value.","most (ISO 29148)
effective (ISO 29148)
that (ISO 29148)
effective (NASA ARM)
can (NASA ARM)",4,4,0.0,4,4,0.0,5,5,0.0,4,5,1.0,5,5,0.0,4,5,1.0,4,5,1.0,—
A29US10Ll,"As an economic historian, I want to collaborate with other researchers and share my linked datasets and methodology, so that we can build on each other's work.","User Story:
As an economic historian, I want to collaborate with fellow researchers and share my linked datasets and methodologies so that we can collectively enhance our research outputs and drive innovation in our field.

Acceptance Criteria:
- The collaboration platform must allow at least 10 researchers to access and share datasets simultaneously without performance degradation.
- Users should be able to upload and share datasets with a maximum file size of 500 MB, ensuring compatibility with common data formats.
- At least 80% of users should report improved collaboration efficiency through feedback surveys conducted after the implementation.

Test Outline:
- Test the platform's performance by measuring the number of simultaneous users and the system's response time during dataset sharing.
- Conduct user surveys to evaluate the perceived efficiency and effectiveness of the collaboration features.","The original user story was clear but lacked measurable criteria and specific details about the collaboration process. The improved version enhances clarity by specifying the expected outcomes, measurable acceptance criteria, and a structured test outline to ensure the functionality meets user needs.","that (ISO 29148)
improved (ISO 29148)
be able to (NASA ARM)
can (NASA ARM)
improved (NASA ARM)",4,4,0.0,4,4,0.0,5,4,-1.0,4,5,1.0,4,5,1.0,3,5,2.0,4,4,0.0,—
A30US1Ll,"As a crime analyst, I want to understand the factors that influence the commission of repetitive crimes (recidivism) so that I can provide insights to law enforcement agencies to improve internal state security.","User Story:
As a crime analyst, I want to analyze the key factors contributing to recidivism rates so that I can deliver actionable insights to law enforcement agencies, ultimately enhancing state security and reducing crime rates by at least 15% over the next year.

Acceptance Criteria:
- Identify and quantify at least 5 significant factors influencing recidivism with supporting data.
- Provide a comprehensive report within 4 weeks that includes recommendations for law enforcement strategies.
- Achieve a feedback score of 90% or higher from law enforcement agencies on the usefulness of the insights provided.

Test Outline:
- Review the analysis process to ensure all identified factors are backed by relevant data and research.
- Conduct follow-up surveys with law enforcement agencies to assess the impact of the insights on their strategies and operations.","The original user story was clear but lacked measurable criteria and specific outcomes. The improved version emphasizes quantifiable goals, a structured timeline, and a feedback mechanism to enhance clarity and focus on business impact.","that (ISO 29148)
significant (ISO 29148)
all (ISO 29148)
can (NASA ARM)",4,4,0.0,3,5,2.0,4,5,1.0,3,5,2.0,3,5,2.0,2,5,3.0,3,5,2.0,—
A30US2Ll,"As a law enforcement officer, I want to leverage artificial intelligence algorithms and blockchain technology to predict and prevent crimes, so that I can proactively address public safety concerns.","User Story:
As a law enforcement officer, I want to utilize advanced artificial intelligence algorithms and blockchain technology to analyze crime patterns and enhance predictive policing, so that I can reduce crime rates by at least 20% and improve community safety.

Acceptance Criteria:
- The AI algorithms must achieve a prediction accuracy of at least 85% in identifying potential crime hotspots.
- The system should process and analyze data in real-time, with updates occurring within 5 minutes of new information being available.
- User training sessions should result in a 90% satisfaction rate among officers regarding the usability and effectiveness of the new technology.

Test Outline:
- Evaluate the accuracy of crime predictions by comparing predicted hotspots with actual crime occurrences over a 6-month period.
- Monitor the system's data processing speed to ensure it meets the 5-minute update requirement.
- Conduct surveys post-training to assess officer satisfaction and gather feedback on the technology's usability.","The original user story was well-structured but lacked specific measurable criteria and clear business outcomes. The improved version emphasizes quantifiable goals, such as crime reduction percentages and accuracy rates, while providing a structured approach to testing and validation.","it (ISO 29148)
that (ISO 29148)
can (NASA ARM)",2,4,2.0,2,4,2.0,4,5,1.0,2,5,3.0,3,5,2.0,2,5,3.0,3,5,2.0,—
A30US3Ll,"As a data scientist, I want to develop machine-learning models that can identify individual characteristics of convicts that affect their propensity to commit criminal recidivism, so that I can help predict and prevent future crimes.","User Story:
As a data scientist, I want to create machine-learning models that accurately identify key characteristics of convicts influencing their likelihood of criminal recidivism so that I can provide actionable insights to law enforcement and rehabilitation programs, ultimately reducing future crime rates.

Acceptance Criteria:
- The models must achieve at least 85% accuracy in predicting recidivism based on historical data.
- The analysis should identify a minimum of 5 significant characteristics that correlate with recidivism.
- The project should be completed within a 6-month timeframe, with interim progress reports every month.

Test Outline:
- Validate the model's accuracy using a separate test dataset to ensure it meets the 85% threshold.
- Conduct feature importance analysis to confirm the identification of at least 5 key characteristics.
- Review project timelines and deliverables during monthly progress meetings to ensure adherence to the 6-month schedule.","The original user story was well-defined but could benefit from clearer measurable criteria and a structured approach. The improved version specifies accuracy targets, identifies key characteristics, and establishes a timeline, enhancing clarity and focus on business impact.","it (ISO 29148)
that (ISO 29148)
significant (ISO 29148)
every (ISO 29148)
can (NASA ARM)",4,4,0.0,4,4,0.0,5,5,0.0,4,5,1.0,4,5,1.0,3,5,2.0,4,5,1.0,—
A30US4Ll,"As a penitentiary institution administrator, I want a predictive model that can suggest the probability of repeated criminal offenses by convicts, so that I can tailor rehabilitation programs to reduce recidivism rates.","User Story:
As a penitentiary institution administrator, I want to implement a predictive analytics model that estimates the likelihood of recidivism among convicts so that I can design targeted rehabilitation programs aimed at reducing repeat offenses by at least 20%.

Acceptance Criteria:
- The predictive model must achieve an accuracy rate of 85% or higher in forecasting recidivism based on historical data.
- The model should provide actionable insights for at least 90% of the convicts assessed.
- Post-implementation, the recidivism rate should decrease by a minimum of 20% within the first year of applying the tailored rehabilitation programs.

Test Outline:
- Validate the model's accuracy by comparing its predictions against actual recidivism rates over a defined period.
- Analyze the effectiveness of rehabilitation programs by tracking recidivism rates before and after implementation.","The original user story was clear but lacked measurable criteria and specific targets. The improved version enhances clarity by specifying the desired outcomes, measurable acceptance criteria, and a structured test outline to ensure the model's effectiveness in reducing recidivism.","that (ISO 29148)
can (NASA ARM)",5,5,0.0,4,4,0.0,5,5,0.0,4,5,1.0,5,5,0.0,4,5,1.0,5,5,0.0,—
A30US5Ll,"As a criminal justice decision-maker, I want a Decision Tree model that can classify convicts as prone or not prone to recidivism, so that I can make informed decisions about parole, probation, and sentencing.","User Story:
As a criminal justice decision-maker, I want a Decision Tree model that accurately classifies convicts as either prone or not prone to recidivism so that I can make data-driven decisions regarding parole, probation, and sentencing, ultimately reducing recidivism rates by at least 20%.

Acceptance Criteria:
- The Decision Tree model must achieve an accuracy rate of 85% or higher in classifying recidivism risk based on historical data.
- The model should be able to process and analyze data within 5 seconds for timely decision-making.
- A user satisfaction survey should indicate that at least 90% of decision-makers find the model's insights valuable for their decision processes.

Test Outline:
- Validate the model's accuracy by comparing its classifications against actual recidivism outcomes over a defined period.
- Measure the processing time for the model to ensure it meets the 5-second requirement.
- Conduct surveys with decision-makers to assess the perceived value and effectiveness of the model.","The original user story was clear but lacked measurable criteria and specific outcomes. The improved version enhances clarity by specifying the desired accuracy, processing time, and user satisfaction metrics, making it more actionable and aligned with business goals.","it (ISO 29148)
that (ISO 29148)
be able to (NASA ARM)
timely (NASA ARM)
can (NASA ARM)",4,4,0.0,4,4,0.0,5,5,0.0,4,5,1.0,5,5,0.0,4,5,1.0,4,5,1.0,—
A30US6Ll,"As a researcher, I want to analyze the factors that determine the propensity of convicts to commit criminal recidivism, so that I can identify the most important variables to focus on in predictive criminology.","User Story:
As a researcher, I want to analyze the key factors influencing the likelihood of criminal recidivism among convicts so that I can pinpoint the most significant variables for predictive modeling and improve intervention strategies.

Acceptance Criteria:
- The analysis must identify at least 5 critical variables that correlate with recidivism rates, supported by statistical evidence.
- The research should achieve a confidence level of 95% in the findings to ensure reliability.
- A comprehensive report must be generated within 4 weeks, detailing the methodology, findings, and recommendations for future studies.

Test Outline:
- Validate the identified variables through regression analysis and cross-validation techniques to confirm their significance.
- Review the final report for completeness and adherence to the specified timeline.","The original user story was clear but lacked measurable criteria and specificity. The improved version enhances clarity by defining the research focus, establishing quantifiable acceptance criteria, and outlining a structured test plan to ensure the research's effectiveness and relevance.","most (ISO 29148)
that (ISO 29148)
significant (ISO 29148)
can (NASA ARM)",4,4,0.0,4,4,0.0,5,5,0.0,4,5,1.0,4,5,1.0,3,5,2.0,4,5,1.0,—
A30US7Ll,"As a law enforcement agency, I want to use predictive analytics to identify high-risk individuals and allocate resources more effectively, so that I can prevent crimes and improve public safety.","User Story:
As a law enforcement agency, I want to implement predictive analytics to identify high-risk individuals and optimize resource allocation so that I can reduce crime rates by at least 20% and enhance public safety within the community.

Acceptance Criteria:
- Predictive analytics must accurately identify high-risk individuals with a precision rate of 85% or higher.
- Resource allocation strategies should lead to a measurable decrease in response times by at least 15% in high-risk areas.
- The system should provide actionable insights that result in a 10% increase in community engagement and trust within 6 months of implementation.

Test Outline:
- Validate the accuracy of the predictive analytics model by comparing identified high-risk individuals against actual crime data over a specified period.
- Measure response times before and after implementing the new resource allocation strategies to ensure the 15% improvement is achieved.
- Conduct community surveys to assess changes in engagement and trust levels post-implementation.","The original user story was well-structured but lacked specific, measurable criteria for success. The improved version clarifies the intended outcomes, provides quantifiable acceptance criteria, and outlines a test plan to ensure the effectiveness of the predictive analytics implementation.","that (ISO 29148)
can (NASA ARM)",4,4,0.0,4,4,0.0,5,5,0.0,4,5,1.0,4,5,1.0,3,5,2.0,4,5,1.0,—
A30US8Ll,"As a technology developer, I want to explore the possibility of using distributed registers/blockchain technology in predictive criminology, so that I can improve the accuracy and transparency of crime prediction models.","User Story:
As a technology developer, I want to investigate the integration of distributed ledger and blockchain technology in predictive criminology so that I can enhance the accuracy of crime prediction models by at least 20% and ensure transparency in data handling.

Acceptance Criteria:
- A feasibility study must be completed within 4 weeks, outlining potential benefits and challenges of using blockchain technology in this context.
- The accuracy of crime prediction models should improve by a minimum of 20% after implementing blockchain solutions, as measured by comparison with previous models.
- A prototype demonstrating the integration of blockchain technology must be developed and tested with at least 3 different datasets.

Test Outline:
- Review the feasibility study for comprehensiveness and clarity on the potential impact of blockchain technology.
- Analyze the performance of the updated crime prediction models against historical data to confirm the 20% accuracy improvement.
- Evaluate the prototype's functionality and effectiveness using the specified datasets to ensure it meets the project goals.","The original user story was well-structured but lacked specific measurable criteria and a clear timeline. The improved version clarifies the goals, provides quantifiable acceptance criteria, and outlines a structured test plan to ensure the project's success.","it (ISO 29148)
this (ISO 29148)
that (ISO 29148)
can (NASA ARM)",2,4,2.0,2,4,2.0,4,5,1.0,2,5,3.0,2,5,3.0,2,5,3.0,2,5,3.0,—
A30US9Ll,"As a crime prevention specialist, I want to use machine-learning models to identify patterns and trends in criminal behavior, so that I can develop targeted crime prevention strategies to reduce recidivism rates.","User Story:
As a crime prevention specialist, I want to leverage machine-learning models to analyze patterns and trends in criminal behavior so that I can create data-driven strategies that effectively reduce recidivism rates by at least 20% over the next year.

Acceptance Criteria:
- The machine-learning models must achieve an accuracy rate of 85% or higher in identifying relevant patterns in criminal behavior.
- The implementation of targeted strategies should lead to a measurable decrease in recidivism rates within 12 months.
- A report detailing the findings and strategies must be generated and presented to stakeholders within 3 months of model deployment.

Test Outline:
- Validate the accuracy of the machine-learning models by comparing predictions against historical data.
- Track recidivism rates over the year following the implementation of the strategies to assess effectiveness.
- Review the generated report for completeness and clarity in presenting the findings.","The original user story was well-structured but lacked specific measurable criteria and a clear timeline for success. The improved version enhances clarity by specifying quantifiable goals, acceptance criteria, and a structured test outline to ensure accountability and track progress.","that (ISO 29148)
can (NASA ARM)",4,4,0.0,4,4,0.0,5,5,0.0,4,5,1.0,5,5,0.0,4,5,1.0,4,5,1.0,—
A30US10Ll,"As a government official, I want to leverage predictive analytics and blockchain technology to improve the efficiency and effectiveness of the criminal justice system, so that I can make data-driven decisions to enhance public safety and reduce crime rates.","User Story:
As a government official, I want to utilize predictive analytics and blockchain technology to optimize the criminal justice system's operations so that I can make informed, data-driven decisions that enhance public safety and aim to reduce crime rates by at least 15% over the next year.

Acceptance Criteria:
- Implement predictive analytics tools that can analyze crime data with a minimum accuracy of 85% in forecasting crime hotspots.
- Integrate blockchain technology to ensure that 100% of criminal records are securely stored and easily accessible within 3 seconds.
- Achieve a user satisfaction rate of 90% or higher among law enforcement personnel regarding the new system's effectiveness in decision-making.

Test Outline:
- Evaluate the accuracy of predictive analytics by comparing forecasts with actual crime data over a six-month period.
- Measure the time taken to access criminal records through the blockchain system to ensure it meets the 3-second requirement.
- Conduct surveys with law enforcement personnel to assess their satisfaction with the new tools and their impact on decision-making.","The original user story was comprehensive but lacked specific, measurable criteria. The improved version clarifies the goals, provides explicit metrics for success, and outlines a structured approach to testing the effectiveness of the proposed technologies.","it (ISO 29148)
that (ISO 29148)
can (NASA ARM)",2,4,2.0,2,4,2.0,4,5,1.0,2,5,3.0,2,5,3.0,2,5,3.0,2,5,3.0,—
A31US1Ll,"As a user, I want to be able to easily identify advertisements on internet pages, so that I can avoid unnecessary distractions and stay focused on finding relevant information.","User Story:
As a user, I want to clearly identify advertisements on web pages so that I can minimize distractions and concentrate on obtaining relevant information effectively.

Acceptance Criteria:
- Advertisements must be visually distinct from content, achieving at least a 90% recognition rate in user testing.
- The average time taken for users to locate and identify ads should not exceed 5 seconds.
- User feedback should reflect a satisfaction rate of 80% or higher regarding the clarity of ad placement.

Test Outline:
- Conduct user testing sessions to measure the recognition rate of advertisements versus content.
- Time users as they navigate pages to assess how quickly they can identify ads.
- Gather user feedback through surveys to evaluate their satisfaction with the ad visibility.","The original user story was clear but lacked measurable criteria and specificity. The improved version enhances clarity by defining explicit acceptance criteria and a structured test outline, ensuring a focus on user experience and measurable outcomes.","that (ISO 29148)
can (NASA ARM)",4,4,0.0,4,4,0.0,5,5,0.0,4,5,1.0,4,5,1.0,3,5,2.0,4,5,1.0,—
A31US2Ll,"As a researcher, I want to develop an approach to differentiate advertisements on internet pages, so that I can improve the overall quality of online experiences.","User Story:
As a researcher, I want to create a systematic approach to differentiate advertisements on web pages so that I can enhance user engagement and satisfaction by at least 30% in online experiences.

Acceptance Criteria:
- The differentiation approach must be able to categorize at least 95% of advertisements accurately based on user preferences and behavior.
- User engagement metrics, such as click-through rates, should improve by a minimum of 30% after implementing the new approach.
- A user satisfaction survey should reflect an 80% or higher approval rating regarding the relevance and quality of advertisements displayed.

Test Outline:
- Analyze the categorization accuracy of advertisements using a sample set of data to ensure it meets the 95% threshold.
- Measure click-through rates before and after the implementation of the approach to confirm the 30% improvement.
- Conduct user surveys to gather feedback on advertisement relevance and quality, aiming for an 80% satisfaction rate.","The original user story was clear but lacked measurable criteria and specific goals. The improved version emphasizes quantifiable outcomes, clarifies the researcher's intent, and provides structured acceptance criteria and testing methods to enhance the overall quality of online experiences.","it (ISO 29148)
that (ISO 29148)
be able to (NASA ARM)
can (NASA ARM)",3,4,1.0,2,4,2.0,4,5,1.0,2,5,3.0,3,5,2.0,2,5,3.0,3,5,2.0,—
A31US3Ll,"As a developer, I want to create a system that can predict the presence of advertisements on internet pages, so that I can help users avoid unwanted content.","User Story:
As a developer, I want to build a predictive system that identifies and flags advertisements on web pages so that users can avoid unwanted content and enhance their browsing experience.

Acceptance Criteria:
- The system must achieve at least 85% accuracy in predicting the presence of advertisements based on a diverse dataset of web pages.
- The prediction response time should not exceed 1 second for real-time user interactions.
- User feedback should reflect a satisfaction rate of 90% or higher regarding the effectiveness of the ad avoidance feature.

Test Outline:
- Evaluate the system's accuracy by testing it against a comprehensive set of web pages with known advertisement placements.
- Measure the response time of the prediction system during peak usage to ensure it meets the 1-second requirement.
- Conduct user surveys to gather feedback on the effectiveness and satisfaction with the ad avoidance functionality.","The original user story was clear but lacked measurable criteria and specific details. The improved version enhances clarity by specifying the developer's role, the capability of the system, and explicit, quantifiable acceptance criteria along with a structured test outline.","it (ISO 29148)
that (ISO 29148)
can (NASA ARM)",4,4,0.0,3,4,1.0,4,5,1.0,3,5,2.0,4,5,1.0,2,5,3.0,3,5,2.0,—
A31US4Ll,"As a parent, I want to be able to block advertisements on internet pages that are not suitable for my children, so that I can ensure their online safety.","User Story:
As a parent, I want to block inappropriate advertisements on internet pages so that I can protect my children from harmful content and ensure a safe online environment.

Acceptance Criteria:
- The ad-blocking feature must successfully filter out at least 95% of unsuitable advertisements based on predefined criteria.
- The system should allow parents to customize settings to include or exclude specific categories of ads, with changes applied within 3 seconds.
- User feedback should reflect a satisfaction rate of 90% or higher regarding the effectiveness of the ad-blocking feature.

Test Outline:
- Conduct tests to evaluate the percentage of unsuitable ads blocked compared to the total number of ads displayed.
- Measure the time taken to apply changes in the ad-blocking settings to ensure it meets the 3-second requirement.
- Gather user feedback through surveys to assess satisfaction with the ad-blocking effectiveness.","The original user story was clear but lacked measurable criteria and specificity. The improved version enhances clarity by explicitly stating the capability, business relevance, and providing quantifiable acceptance criteria and a structured test outline.","it (ISO 29148)
that (ISO 29148)
can (NASA ARM)",4,4,0.0,4,4,0.0,5,5,0.0,4,5,1.0,4,5,1.0,3,5,2.0,4,5,1.0,—
A31US5Ll,"As a search engine developer, I want to be able to identify and filter out advertisements from search results, so that users can get more relevant and accurate results.","User Story:
As a search engine developer, I want to implement a feature that identifies and filters out advertisements from search results so that users receive at least 95% relevant and accurate results, enhancing their search experience.

Acceptance Criteria:
- The filtering mechanism must successfully exclude advertisements from search results in 90% of test cases.
- The accuracy of the remaining search results should be validated to ensure at least 95% relevance based on user queries.
- User satisfaction regarding the relevance of search results should reach a minimum of 85% in post-implementation surveys.

Test Outline:
- Conduct tests to measure the effectiveness of the advertisement filtering feature by comparing results with and without the filter.
- Analyze user feedback to assess satisfaction levels with the relevance of search results after the implementation of the filtering feature.","The original user story was clear but lacked measurable criteria and specific outcomes. The improved version enhances clarity by specifying quantifiable acceptance criteria and a structured test outline, ensuring a focus on user satisfaction and relevance.",that (ISO 29148),4,4,0.0,4,4,0.0,5,5,0.0,4,5,1.0,4,5,1.0,3,5,2.0,4,5,1.0,—
A31US6Ll,"As an educator, I want to be able to distinguish between educational content and advertisements on internet pages, so that I can provide more effective online learning experiences.","User Story:
As an educator, I want to easily differentiate between educational content and advertisements on web pages so that I can curate high-quality online learning experiences for my students.

Acceptance Criteria:
- At least 95% of educational content should be clearly labeled and distinguishable from advertisements on the page.
- The system must provide a visual cue (e.g., color coding or icons) to differentiate content types, achieving a user satisfaction rate of 90% or higher in feedback surveys.
- The implementation should reduce the time educators spend identifying relevant content by at least 50%.

Test Outline:
- Conduct user testing with educators to evaluate the clarity of content differentiation and gather feedback on the visual cues.
- Measure the time taken by educators to locate educational content before and after the implementation to confirm the reduction in time spent.","The original user story was clear but lacked measurable criteria and specific outcomes. The improved version enhances clarity by specifying the desired outcomes, measurable acceptance criteria, and a structured test outline to ensure effectiveness.","that (ISO 29148)
can (NASA ARM)",3,4,1.0,3,4,1.0,4,4,0.0,3,5,2.0,4,5,1.0,2,5,3.0,3,4,1.0,—
A31US7Ll,"As a security expert, I want to be able to detect and prevent malicious advertisements on internet pages, so that I can protect users from online threats.","User Story:
As a security expert, I want to implement a system that detects and blocks malicious advertisements on web pages so that I can safeguard users from potential online threats and enhance their browsing safety.

Acceptance Criteria:
- The system must identify and block at least 95% of known malicious advertisements in real-time.
- The detection process should not introduce more than a 1-second delay in page loading times for users.
- User reports of encountering malicious ads should decrease by at least 80% within three months of implementation.

Test Outline:
- Conduct regular scans of web pages to measure the effectiveness of the detection system against a database of known threats.
- Monitor page loading times before and after implementing the detection system to ensure compliance with the 1-second delay criterion.
- Analyze user feedback and reports to assess the reduction in encounters with malicious advertisements.","The original user story was clear but lacked measurable criteria and specific outcomes. The improved version enhances clarity by specifying the capability, providing quantifiable acceptance criteria, and outlining a structured test plan to ensure effectiveness.","that (ISO 29148)
can (NASA ARM)
more (NASA ARM)",4,4,0.0,4,4,0.0,5,5,0.0,4,5,1.0,4,5,1.0,3,5,2.0,4,5,1.0,—
A31US8Ll,"As a user, I want to have control over the types of advertisements I see on internet pages, so that I can personalize my online experience.","User Story:
As a user, I want to customize the types of advertisements displayed on web pages so that I can enhance my online experience by seeing only relevant content that aligns with my interests.

Acceptance Criteria:
- Users must be able to select their preferred advertisement categories, with changes applied within 5 seconds.
- At least 80% of users should report satisfaction with the relevance of ads after customization.
- The system should allow users to update their preferences at any time, with a confirmation message displayed for 95% of changes made.

Test Outline:
- Measure the time taken to apply changes to advertisement preferences and verify that it meets the 5-second requirement.
- Conduct user surveys to assess satisfaction levels regarding the relevance of ads post-customization.","The original user story was clear but lacked measurable criteria and specificity. The improved version enhances clarity by defining the user's capability, providing explicit business-relevant benefits, and establishing measurable acceptance criteria and a test outline.","it (ISO 29148)
that (ISO 29148)
be able to (NASA ARM)
can (NASA ARM)",4,5,1.0,3,4,1.0,4,5,1.0,3,5,2.0,4,5,1.0,2,5,3.0,3,5,2.0,—
A31US9Ll,"As a researcher, I want to explore the use of machine learning algorithms to identify and classify advertisements on internet pages, so that I can improve the accuracy and efficiency of advertisement detection.","User Story:
As a researcher, I want to investigate and implement machine learning algorithms for the identification and classification of advertisements on web pages so that I can enhance the accuracy of advertisement detection by at least 30% and reduce processing time by 40%.

Acceptance Criteria:
- The implemented algorithms must achieve a classification accuracy of 90% or higher on a test dataset of advertisements.
- The average processing time for detecting advertisements should be reduced to 1 second or less per page.
- A comparative analysis report should be generated, demonstrating improvements in accuracy and efficiency before and after the implementation.

Test Outline:
- Evaluate the performance of the machine learning algorithms using a labeled dataset to measure classification accuracy.
- Measure the time taken to process a set number of web pages before and after implementing the new algorithms.","The original user story was clear but lacked specific, measurable criteria. The improved version enhances clarity by specifying quantifiable goals for accuracy and efficiency, along with a structured test outline to validate the outcomes.","that (ISO 29148)
can (NASA ARM)
less (NASA ARM)",4,4,0.0,4,4,0.0,5,5,0.0,4,5,1.0,4,5,1.0,3,5,2.0,4,5,1.0,—
A31US10Ll,"As a developer, I want to create a browser extension or plugin that can automatically identify and block advertisements on internet pages, so that users can have a more seamless and enjoyable online experience.","User Story:
As a developer, I want to design a browser extension that automatically detects and blocks advertisements on web pages so that users can enjoy an uninterrupted and enhanced browsing experience.

Acceptance Criteria:
- The extension must successfully block at least 95% of advertisements on popular websites, verified through user testing.
- The average loading time of web pages with the extension enabled should improve by at least 30% compared to when advertisements are present.
- User satisfaction ratings for the browsing experience should reach 90% or higher after using the extension.

Test Outline:
- Conduct tests on a variety of popular websites to measure the effectiveness of ad blocking and calculate the percentage of ads successfully blocked.
- Measure the loading times of web pages with and without the extension to confirm the improvement in performance.
- Gather user feedback through surveys to assess satisfaction levels with the browsing experience post-installation.","The original user story was clear but lacked measurable criteria and specific acceptance metrics. The improved version enhances clarity by specifying the developer's role, detailing the capability, and providing explicit, quantifiable acceptance criteria and a structured test outline.","that (ISO 29148)
can (NASA ARM)",4,4,0.0,4,4,0.0,5,5,0.0,4,5,1.0,4,5,1.0,3,5,2.0,4,5,1.0,—
A32US1Ll,"As a social media analyst, I want to automatically analyze opinions and attitudes expressed in text on social media platforms so that I can quickly identify trends and sentiments.","User Story:
As a social media analyst, I want to automate the analysis of opinions and sentiments expressed in text across social media platforms so that I can swiftly identify trends and insights, enhancing my reporting efficiency.

Acceptance Criteria:
- The system must analyze and categorize sentiments with at least 85% accuracy within 5 seconds of data retrieval.
- It should process a minimum of 1,000 posts per hour to ensure timely trend identification.
- User feedback should reflect a satisfaction rate of 90% or higher regarding the accuracy and speed of the sentiment analysis.

Test Outline:
- Validate the accuracy of sentiment categorization by comparing automated results against a manually reviewed sample of social media posts.
- Measure the processing speed by tracking the time taken to analyze a set number of posts.","The original user story was clear but lacked measurable criteria and specific performance metrics. The improved version enhances clarity by specifying the accuracy, processing speed, and user satisfaction goals, along with a structured test outline.","it (ISO 29148)
that (ISO 29148)
timely (NASA ARM)
can (NASA ARM)",4,4,0.0,4,4,0.0,5,5,0.0,4,5,1.0,4,5,1.0,3,5,2.0,4,5,1.0,—
A32US2Ll,"As a researcher, I want to develop an automated tool for stance detection that can accurately identify the underlying perspective or viewpoint of an individual or group towards a specific topic or target.","User Story:
As a researcher, I want to create an automated stance detection tool that can accurately classify the perspectives of individuals or groups on specific topics so that I can analyze public opinion trends and enhance the quality of my research.

Acceptance Criteria:
- The tool must achieve at least 85% accuracy in stance classification across a diverse dataset of topics.
- It should process and analyze stance data within 5 seconds for each input to ensure timely results.
- User feedback should reflect a satisfaction rate of 90% or higher regarding the tool's usability and effectiveness.

Test Outline:
- Evaluate the tool's accuracy by comparing its classifications against a manually annotated dataset.
- Measure the processing time for stance detection on various topics to ensure it meets the 5-second requirement.
- Conduct user surveys to gather feedback on the tool's performance and user experience.","The original user story was clear but lacked measurable criteria and specific business relevance. The improved version enhances clarity by specifying the research goals, providing quantifiable acceptance criteria, and outlining a structured test plan to ensure the tool's effectiveness.","it (ISO 29148)
that (ISO 29148)
timely (NASA ARM)
can (NASA ARM)",3,4,1.0,2,4,2.0,3,5,2.0,2,5,3.0,2,5,3.0,2,5,3.0,2,5,3.0,—
A32US3Ll,"As a software engineer, I want to design a system that can classify the stance or viewpoint of a text towards a target, even when the target is of an abstract nature, so that I can improve the accuracy of opinion analysis.","User Story:
As a software engineer, I want to develop a robust system that accurately classifies the stance or viewpoint of a text towards both concrete and abstract targets, so that I can enhance the precision of opinion analysis by at least 20%.

Acceptance Criteria:
- The system must achieve an accuracy rate of 85% or higher in classifying stances across a diverse dataset.
- It should process and classify text inputs within 1 second to ensure real-time analysis capabilities.
- User testing should reflect a satisfaction rate of 90% or higher regarding the system's performance and reliability.

Test Outline:
- Evaluate the classification accuracy by comparing system outputs against a labeled dataset to ensure it meets the 85% accuracy requirement.
- Measure the processing time for various text inputs to confirm it adheres to the 1-second response time.
- Conduct user surveys to gather feedback on the system's effectiveness and reliability.","The original user story was clear but lacked measurable criteria and specific performance goals. The improved version enhances clarity by specifying quantifiable acceptance criteria and a structured test outline, focusing on the business impact of improved opinion analysis.","robust (ISO 29148)
it (ISO 29148)
that (ISO 29148)
can (NASA ARM)",4,4,0.0,4,4,0.0,5,5,0.0,4,5,1.0,4,5,1.0,3,5,2.0,4,5,1.0,—
A32US4Ll,"As a data analyst, I want to integrate sentiment analysis and sarcasm detection tasks into a multi-task learning (MTL) model to enhance stance detection performance so that I can better understand the nuances of human opinions.","User Story:
As a data analyst, I want to incorporate sentiment analysis and sarcasm detection into a multi-task learning (MTL) model to improve stance detection accuracy by at least 15%, enabling me to gain deeper insights into human opinions and emotions.

Acceptance Criteria:
- The MTL model must achieve a minimum accuracy of 85% on stance detection tasks after integrating sentiment analysis and sarcasm detection.
- The model should demonstrate at least a 15% improvement in performance metrics compared to the previous single-task approach.
- User feedback from analysis reports should indicate a satisfaction rate of 90% or higher regarding the insights provided by the enhanced model.

Test Outline:
- Evaluate the accuracy of the MTL model against a benchmark dataset to confirm it meets the 85% accuracy requirement.
- Compare performance metrics before and after integration to validate the 15% improvement.
- Conduct user surveys to assess the perceived value and insights gained from the enhanced stance detection capabilities.","The original user story was clear but lacked measurable criteria and specific performance goals. The improved version emphasizes quantifiable acceptance criteria, clarifies the business relevance, and provides a structured test outline to ensure the effectiveness of the enhancements.",it (ISO 29148),4,4,0.0,4,4,0.0,5,4,-1.0,4,5,1.0,5,5,0.0,4,5,1.0,4,4,0.0,—
A32US5Ll,"As a product manager, I want to develop a system that can handle the challenges of stance detection in social media, where brevity, informality, and limited contextual information prevail, so that I can provide accurate insights to businesses and organizations.","User Story:
As a product manager, I want to create an advanced stance detection system for social media that effectively addresses the challenges of brevity, informality, and limited context, so that I can deliver precise insights to businesses and organizations, enhancing their decision-making processes.

Acceptance Criteria:
- The system must achieve at least 85% accuracy in stance detection across various social media platforms.
- It should process and analyze posts within 3 seconds to ensure timely insights.
- User feedback from businesses should reflect a satisfaction rate of 90% or higher regarding the accuracy and usefulness of the insights provided.

Test Outline:
- Evaluate the system's accuracy by comparing its stance detection results against a curated dataset of social media posts.
- Measure the processing time for stance detection to confirm it meets the 3-second requirement.
- Conduct surveys with business users to gather feedback on the insights' accuracy and relevance.","The original user story was well-structured but needed clearer measurable criteria and a more explicit focus on the business value. The improved version enhances clarity by specifying accuracy, processing time, and user satisfaction metrics, along with a structured test outline.","it (ISO 29148)
that (ISO 29148)
timely (NASA ARM)
can (NASA ARM)",3,4,1.0,3,4,1.0,4,5,1.0,3,5,2.0,3,5,2.0,2,5,3.0,3,5,2.0,—
A32US6Ll,"As a researcher, I want to propose and evaluate four task weighting techniques for MTL models to determine their effectiveness in enhancing stance detection performance so that I can improve the accuracy of opinion analysis.","User Story:
As a researcher, I want to propose and assess four distinct task weighting techniques for multi-task learning (MTL) models to evaluate their impact on stance detection performance, enabling me to enhance the accuracy of opinion analysis by at least 15%.

Acceptance Criteria:
- Each of the four proposed techniques must be tested on a standardized dataset, achieving a minimum accuracy improvement of 15% over the baseline model.
- The evaluation process should include at least 100 test cases to ensure statistical significance in the results.
- A comprehensive report detailing the effectiveness of each technique must be completed within 4 weeks of the initial proposal.

Test Outline:
- Implement each task weighting technique and measure the stance detection accuracy against the baseline model using the standardized dataset.
- Analyze the results statistically to confirm the significance of the improvements and compile findings into a detailed report.","The original user story was clear but lacked measurable criteria and specific goals. The improved version clarifies the research objectives, specifies quantifiable acceptance criteria, and outlines a structured testing approach to enhance clarity and focus on business impact.",—,4,4,0.0,4,4,0.0,5,4,-1.0,4,5,1.0,5,5,0.0,4,5,1.0,4,4,0.0,—
A32US7Ll,"As a software engineer, I want to design an MTL model that can achieve state-of-the-art performance in stance detection, using a hierarchical weighting approach, so that I can provide a robust solution for opinion analysis.","User Story:
As a software engineer, I want to develop a multi-task learning (MTL) model that achieves at least 95% accuracy in stance detection by implementing a hierarchical weighting approach, so that I can deliver a high-performance solution for opinion analysis that meets industry standards.

Acceptance Criteria:
- The MTL model must demonstrate state-of-the-art performance with an accuracy of 95% or higher on benchmark datasets.
- The hierarchical weighting approach should improve model performance by at least 10% compared to traditional methods.
- The model's inference time should not exceed 100 milliseconds per instance to ensure real-time analysis capabilities.

Test Outline:
- Evaluate the model's accuracy on standard datasets and compare results with existing benchmarks to confirm the 95% target.
- Conduct performance tests to measure the improvement in accuracy due to the hierarchical weighting approach.
- Measure the inference time during testing to ensure it meets the 100-millisecond requirement.","The original user story was well-defined but lacked specific measurable criteria. The improved version clarifies the performance goals, provides quantifiable acceptance criteria, and outlines a structured testing approach to enhance clarity and focus on delivering business value.","it (ISO 29148)
that (ISO 29148)
can (NASA ARM)",5,5,0.0,4,4,0.0,5,5,0.0,4,5,1.0,5,5,0.0,4,5,1.0,5,5,0.0,—
A32US8Ll,"As a data analyst, I want to evaluate the performance of the proposed MTL models on English and Arabic benchmark datasets to determine their effectiveness in stance detection so that I can identify the best approach for opinion analysis.","User Story:
As a data analyst, I want to assess the performance of the proposed Multi-Task Learning (MTL) models on benchmark datasets for both English and Arabic so that I can identify the most effective model for stance detection, ultimately enhancing the accuracy of opinion analysis.

Acceptance Criteria:
- The evaluation must include at least 3 benchmark datasets for both English and Arabic, ensuring comprehensive testing.
- The performance metrics should demonstrate an improvement of at least 15% in accuracy compared to existing models.
- A detailed report summarizing the findings and recommendations must be completed within 2 weeks of the evaluation.

Test Outline:
- Run the MTL models on the specified datasets and record performance metrics such as accuracy, precision, and recall.
- Compare the results against baseline models to verify the claimed improvements in performance.","The original user story was clear but lacked specificity in terms of measurable criteria and timelines. The improved version clarifies the evaluation process, specifies quantifiable acceptance criteria, and outlines a structured test plan to enhance clarity and focus on business relevance.","most (ISO 29148)
effective (ISO 29148)
that (ISO 29148)
effective (NASA ARM)
can (NASA ARM)",4,4,0.0,4,4,0.0,5,5,0.0,4,5,1.0,5,5,0.0,4,5,1.0,4,5,1.0,—
A32US9Ll,"As a researcher, I want to investigate the interaction between sentiment and stance, while considering the impact of sarcasm, so that I can gain a deeper understanding of human opinions and attitudes.","User Story:
As a researcher, I want to analyze the relationship between sentiment and stance, taking into account the effects of sarcasm, so that I can enhance my understanding of human opinions and attitudes with greater accuracy.

Acceptance Criteria:
- The analysis must include at least 500 samples of text to ensure statistical significance in the findings.
- The research should identify and categorize sarcasm in at least 80% of the instances where it appears.
- A comprehensive report detailing the findings and insights must be completed within 4 weeks of data collection.

Test Outline:
- Validate the sample size by reviewing the dataset to confirm it meets the 500-sample requirement.
- Use a sentiment analysis tool to assess the accuracy of sarcasm detection and compare it against manual annotations.
- Review the final report for completeness and adherence to the 4-week timeline.","The original user story was well-articulated but lacked measurable criteria and specific timelines. The improved version clarifies the research goals, establishes quantifiable acceptance criteria, and outlines a structured test plan to ensure thoroughness and accountability.","it (ISO 29148)
that (ISO 29148)
can (NASA ARM)
greater (NASA ARM)",2,4,2.0,2,4,2.0,4,5,1.0,2,5,3.0,2,5,3.0,2,5,3.0,2,5,3.0,—
A32US10Ll,"As a product manager, I want to develop a commercial application that utilizes the proposed MTL models for stance detection, providing businesses and organizations with accurate insights into public opinions and sentiments.","User Story:
As a product manager, I want to create a commercial application that leverages the proposed MTL models for stance detection so that businesses and organizations can gain precise insights into public opinions and sentiments, driving informed decision-making.

Acceptance Criteria:
- The application must achieve at least 85% accuracy in stance detection across various datasets.
- It should process and analyze public sentiment data within 5 seconds for real-time insights.
- User feedback from at least 100 businesses should indicate a satisfaction rate of 90% or higher regarding the accuracy and usability of the insights provided.

Test Outline:
- Validate the accuracy of stance detection by comparing model outputs against a benchmark dataset.
- Measure the processing time for sentiment analysis to ensure it meets the 5-second requirement.
- Conduct user surveys with businesses to assess satisfaction levels and gather qualitative feedback.","The original user story was clear but lacked measurable criteria and specific acceptance metrics. The improved version enhances clarity by specifying the business value, measurable acceptance criteria, and a structured test outline to ensure the application meets user needs effectively.","it (ISO 29148)
that (ISO 29148)
can (NASA ARM)",3,4,1.0,3,4,1.0,4,5,1.0,3,5,2.0,3,5,2.0,2,5,3.0,3,5,2.0,—
A33US1Ll,"As a journalist, I want to be able to quickly and easily find relevant contextual background information when writing a news story, so that I can provide a more informed and comprehensive article.","User Story:
As a journalist, I want to efficiently access relevant contextual background information while writing a news story so that I can enhance the depth and accuracy of my articles, ultimately improving reader engagement.

Acceptance Criteria:
- The system must provide contextual information within 3 seconds for at least 90% of queries.
- The accuracy of the background information should be verified to be at least 95% relevant to the topic at hand.
- User feedback should reflect a satisfaction rate of 90% or higher regarding the usefulness of the contextual information provided.

Test Outline:
- Measure the response time for retrieving contextual information to ensure it meets the 3-second requirement.
- Conduct a review of the information's relevance by comparing it against a set of predefined topics and gathering user feedback on its usefulness.","The original user story was clear but lacked measurable criteria and specificity. The improved version enhances clarity by defining explicit performance metrics, user satisfaction goals, and a structured testing approach to ensure the functionality meets the journalist's needs.","it (ISO 29148)
that (ISO 29148)
can (NASA ARM)",4,4,0.0,4,4,0.0,5,5,0.0,4,5,1.0,4,5,1.0,3,5,2.0,4,5,1.0,—
A33US2Ll,"As a news agency, I want to be able to search for precise facts described in news articles, so that I can verify information and ensure the accuracy of our reporting.","User Story:
As a news agency, I want to efficiently search for specific facts within news articles so that I can verify information and maintain a reporting accuracy rate of at least 98%.

Acceptance Criteria:
- The search function must return relevant facts with a precision rate of 90% or higher based on user queries.
- The average search response time should not exceed 3 seconds to facilitate timely reporting.
- Users should report a satisfaction rate of 90% or higher regarding the effectiveness of the search results in finding accurate information.

Test Outline:
- Conduct accuracy tests by comparing search results against a curated list of verified facts to ensure the precision rate meets the criteria.
- Measure the response time for search queries to confirm it stays within the 3-second limit.
- Gather user feedback through surveys to assess satisfaction with the search functionality.","The original user story was clear but lacked measurable criteria and specific performance metrics. The improved version enhances clarity by specifying the desired accuracy rate, response time, and user satisfaction, along with a structured test outline to verify the functionality.","it (ISO 29148)
that (ISO 29148)
timely (NASA ARM)
can (NASA ARM)",4,4,0.0,4,4,0.0,5,5,0.0,4,5,1.0,4,5,1.0,3,5,2.0,4,5,1.0,—
A33US3Ll,"As a researcher, I want to develop a method that can automatically annotate news articles with semantic information, so that I can improve the discoverability and searchability of news content.","User Story:
As a researcher, I want to create an automated method for annotating news articles with semantic information so that I can enhance the discoverability and searchability of news content by at least 40%.

Acceptance Criteria:
- The annotation process must achieve a minimum accuracy rate of 85% in identifying and tagging relevant semantic information.
- The system should be able to process and annotate at least 100 articles per hour.
- User testing should show a 30% increase in the ease of finding relevant articles through search queries after implementation.

Test Outline:
- Evaluate the accuracy of the annotations by comparing them against a manually annotated dataset.
- Measure the throughput of the system by tracking the number of articles annotated within an hour.
- Conduct user surveys to assess improvements in searchability and discoverability based on the new annotations.","The original user story was clear but lacked measurable criteria and specific goals. The improved version emphasizes quantifiable outcomes, such as accuracy rates and processing speeds, while maintaining the intent of enhancing discoverability and searchability.","that (ISO 29148)
be able to (NASA ARM)
can (NASA ARM)",3,4,1.0,3,4,1.0,4,5,1.0,3,5,2.0,4,5,1.0,2,5,3.0,3,5,2.0,—
A33US4Ll,"As a developer, I want to leverage the Wikidata knowledge base to create a semantic annotation system that can support both keyword-based search and structured data search in news articles.","User Story:
As a developer, I want to utilize the Wikidata knowledge base to build a semantic annotation system that enables both keyword-based and structured data searches in news articles, thereby enhancing the discoverability and relevance of content for users.

Acceptance Criteria:
- The system must successfully annotate at least 90% of news articles with relevant semantic tags derived from Wikidata.
- Users should be able to perform keyword-based searches with a response time of less than 3 seconds for 95% of queries.
- The structured data search should return accurate results with at least 85% relevance based on user feedback.

Test Outline:
- Evaluate the annotation accuracy by comparing the system-generated tags against a manually curated set of articles.
- Measure the response time for both keyword-based and structured data searches to ensure they meet the specified performance criteria.
- Conduct user surveys to assess the relevance and satisfaction of search results.","The original user story was clear but lacked measurable criteria and specific performance metrics. The improved version enhances clarity by specifying the developer's goals, providing quantifiable acceptance criteria, and outlining a structured test plan to ensure the system meets user needs.","that (ISO 29148)
be able to (NASA ARM)
less (NASA ARM)",4,4,0.0,4,4,0.0,4,4,0.0,4,5,1.0,4,5,1.0,3,5,2.0,4,4,0.0,—
A33US5Ll,"As a journalist, I want to be able to search for news articles based on specific properties and filters, such as event type, location, and date, so that I can quickly find relevant information.","User Story:
As a journalist, I want to utilize advanced search capabilities to filter news articles by specific properties such as event type, location, and date so that I can efficiently locate relevant information and enhance my reporting accuracy.

Acceptance Criteria:
- The search function must allow filtering by at least three properties (event type, location, date) with a response time of no more than 3 seconds for each query.
- The search results should return at least 95% of relevant articles based on the applied filters.
- User satisfaction regarding the search functionality should reach at least 90% in feedback surveys.

Test Outline:
- Test the search functionality by applying various combinations of filters and measuring the accuracy of the results against a set of known relevant articles.
- Monitor the response time for each search query to ensure it meets the 3-second requirement.","The original user story was clear but lacked measurable criteria and specificity. The improved version enhances clarity by detailing the search capabilities, establishing quantifiable acceptance criteria, and providing a structured test outline to ensure the functionality meets user needs.","it (ISO 29148)
that (ISO 29148)
can (NASA ARM)
more (NASA ARM)",4,4,0.0,4,4,0.0,5,5,0.0,4,5,1.0,5,5,0.0,4,5,1.0,4,5,1.0,—
A33US6Ll,"As a news agency, I want to be able to provide a more intuitive and powerful search interface for our users, so that they can easily find the information they need.","User Story:
As a news agency, I want to implement a user-friendly and robust search interface so that our users can quickly and effortlessly locate relevant news articles and information, enhancing their overall experience.

Acceptance Criteria:
- The search interface must return relevant results with at least 95% accuracy based on user queries.
- The average search response time should be less than 1.5 seconds for 90% of queries.
- User satisfaction with the search functionality should reach at least 90% in post-implementation surveys.

Test Outline:
- Conduct accuracy tests by comparing search results against a curated list of expected articles for various queries.
- Measure the response time for a sample of search queries to ensure compliance with the 1.5-second requirement.
- Gather user feedback through surveys to assess satisfaction levels with the new search interface.","The original user story was somewhat vague and lacked specific, measurable criteria. The improved version clarifies the agency's intent, emphasizes the user experience, and provides detailed acceptance criteria and a structured test outline to ensure the search interface meets user needs effectively.","robust (ISO 29148)
that (ISO 29148)
can (NASA ARM)
less (NASA ARM)",2,4,2.0,2,4,2.0,4,5,1.0,2,5,3.0,3,5,2.0,2,5,3.0,3,5,2.0,—
A33US7Ll,"As a researcher, I want to investigate the use of semantic annotation and search in news articles, so that I can improve the efficiency and effectiveness of news gathering and reporting.","User Story:
As a researcher, I want to explore the implementation of semantic annotation and search capabilities in news articles so that I can enhance the efficiency of news gathering and improve the accuracy of reporting by at least 30%.

Acceptance Criteria:
- The semantic annotation system must be able to tag at least 95% of relevant news articles accurately.
- The search functionality should return relevant articles within 3 seconds for 90% of queries.
- User testing should show a 30% increase in the speed of information retrieval compared to traditional methods.

Test Outline:
- Evaluate the accuracy of the semantic annotation by comparing tagged articles against a control set.
- Measure the response time of the search function under various conditions to ensure it meets the 3-second requirement.
- Conduct user studies to assess the improvement in information retrieval speed and effectiveness.","The original user story was clear but lacked measurable criteria and specific goals. The improved version clarifies the researcher's intent, specifies quantifiable acceptance criteria, and outlines a structured test plan to ensure the effectiveness of the proposed features.","it (ISO 29148)
that (ISO 29148)
be able to (NASA ARM)
can (NASA ARM)",3,4,1.0,3,4,1.0,4,5,1.0,3,5,2.0,3,5,2.0,2,5,3.0,3,5,2.0,—
A33US8Ll,"As a developer, I want to design a system that can automatically infer event schemas from news articles, so that I can provide more accurate and relevant search results.","User Story:
As a developer, I want to create a system that automatically infers event schemas from news articles so that I can enhance the accuracy and relevance of search results by at least 30%.

Acceptance Criteria:
- The system must successfully infer event schemas from at least 85% of news articles processed.
- The accuracy of the inferred schemas should improve search result relevance by a minimum of 30%, as measured by user engagement metrics.
- The system should process and infer schemas from articles within 5 seconds on average.

Test Outline:
- Evaluate the system's performance by analyzing a sample of news articles to determine the percentage of successful schema inferences.
- Measure user engagement metrics before and after implementing the new system to assess the improvement in search result relevance.
- Monitor the average processing time for schema inference to ensure it meets the 5-second requirement.","The original user story was clear but lacked measurable criteria and specific performance goals. The improved version enhances clarity by specifying quantifiable acceptance criteria and a structured test outline, focusing on the business impact of the feature.","it (ISO 29148)
that (ISO 29148)
can (NASA ARM)",4,4,0.0,4,4,0.0,5,5,0.0,4,5,1.0,4,5,1.0,3,5,2.0,4,5,1.0,—
A33US9Ll,"As a journalist, I want to be able to compare and contrast similar events and stories, so that I can identify patterns and trends and provide more insightful reporting.","User Story:
As a journalist, I want to analyze and compare similar events and stories so that I can uncover patterns and trends, leading to more insightful and impactful reporting.

Acceptance Criteria:
- The system must allow users to compare at least 5 different events or stories side by side.
- Users should be able to generate a report highlighting key similarities and differences within 3 clicks.
- The analysis tool should provide insights with a minimum accuracy rate of 90% based on historical data.

Test Outline:
- Test the comparison feature by selecting various events and measuring the ease of use and the number of clicks required to generate a report.
- Validate the accuracy of insights generated by cross-referencing with established data sources.","The original user story was clear but lacked measurable criteria and specific details. The improved version enhances clarity by specifying the capability, providing quantifiable acceptance criteria, and outlining a structured test plan to ensure the feature's effectiveness.","that (ISO 29148)
be able to (NASA ARM)
can (NASA ARM)
more (NASA ARM)",4,4,0.0,4,4,0.0,5,5,0.0,4,5,1.0,4,5,1.0,3,5,2.0,4,5,1.0,—
A33US10Ll,"As a news agency, I want to be able to provide a more comprehensive and informative news service, by leveraging semantic annotation and search to deliver more accurate and relevant results to our users.","User Story:
As a news agency, I want to enhance our news service by implementing semantic annotation and advanced search capabilities so that we can deliver more accurate and relevant news content to our users, increasing engagement and satisfaction.

Acceptance Criteria:
- The semantic annotation system must improve content relevance by at least 30% as measured by user engagement metrics (e.g., click-through rates).
- The search function should return relevant articles with a minimum accuracy rate of 90% based on user queries.
- User satisfaction surveys should reflect an 80% or higher approval rating for the comprehensiveness and relevance of the news provided.

Test Outline:
- Analyze user engagement metrics before and after implementing semantic annotation to measure the improvement in relevance.
- Conduct accuracy tests on the search function using a set of predefined queries to ensure it meets the 90% accuracy requirement.
- Distribute user satisfaction surveys to assess the perceived value of the enhanced news service.","The original user story was lengthy and lacked clear, measurable criteria. The improved version clarifies the agency's goals, specifies measurable acceptance criteria, and outlines a structured test plan to ensure the enhancements deliver tangible benefits.","it (ISO 29148)
that (ISO 29148)
can (NASA ARM)
more (NASA ARM)",3,4,1.0,3,4,1.0,4,5,1.0,3,5,2.0,3,5,2.0,2,5,3.0,3,5,2.0,—
A34US1Ll,"As a cybersecurity researcher, I want to develop an intrusion detection system (IDS) that can detect and classify cyberattacks in a timely and automatic manner, so that I can protect networks and hosts from malicious activities.","User Story:
As a cybersecurity researcher, I want to create an advanced intrusion detection system (IDS) that can automatically detect and classify cyberattacks within 5 seconds of occurrence, so that I can enhance the protection of networks and hosts against malicious activities.

Acceptance Criteria:
- The IDS must achieve a detection accuracy of at least 95% for known attack patterns.
- The system should classify detected attacks into categories with a precision rate of 90% or higher.
- The IDS must generate alerts for detected threats within 5 seconds to ensure timely response.

Test Outline:
- Evaluate the IDS by simulating various cyberattacks and measuring the detection and classification accuracy against a benchmark dataset.
- Monitor the time taken from attack occurrence to alert generation to ensure it meets the 5-second requirement.","The original user story was well-defined but lacked specific measurable criteria. The improved version clarifies the capability and business relevance while providing explicit, quantifiable acceptance criteria and a structured test outline to enhance clarity and focus on the project's goals.","it (ISO 29148)
that (ISO 29148)
timely (NASA ARM)
can (NASA ARM)",4,4,0.0,4,4,0.0,5,5,0.0,4,5,1.0,4,5,1.0,3,5,2.0,4,5,1.0,—
A34US2Ll,"As a security professional, I want to leverage machine learning techniques to build an effective IDS that can adapt to the constantly changing nature of malware and cyberattacks, so that I can stay ahead of attackers.","User Story:
As a security professional, I want to implement advanced machine learning algorithms to develop a dynamic Intrusion Detection System (IDS) that can adapt to evolving malware and cyberattack patterns, so that I can proactively mitigate threats and enhance organizational security.

Acceptance Criteria:
- The IDS must achieve a detection accuracy of at least 95% for known and unknown threats within the first month of deployment.
- The system should reduce false positive rates to below 5% to ensure operational efficiency.
- The IDS must update its learning model at least once every 24 hours to adapt to new threats.

Test Outline:
- Evaluate the detection accuracy of the IDS by testing it against a comprehensive dataset of known malware and attack vectors.
- Monitor the false positive rate over a month of operation to ensure it meets the specified threshold.
- Assess the system's ability to update its learning model by reviewing logs and performance metrics after each scheduled update.","The original user story was well-structured but needed more specificity regarding measurable outcomes and operational criteria. The improved version clarifies the role, capability, and business relevance while providing explicit acceptance criteria and a structured test outline to enhance clarity and focus on measurable results.","it (ISO 29148)
that (ISO 29148)
every (ISO 29148)
can (NASA ARM)",2,4,2.0,2,4,2.0,4,5,1.0,2,5,3.0,2,5,3.0,2,5,3.0,2,5,3.0,—
A34US3Ll,"As a developer, I want to explore the use of deep neural networks (DNNs) to develop a flexible and effective IDS that can detect and classify unforeseen and unpredictable cyberattacks, so that I can improve the accuracy and efficiency of threat detection.","User Story:
As a developer, I want to investigate the implementation of deep neural networks (DNNs) for creating a robust Intrusion Detection System (IDS) that can accurately detect and classify at least 95% of unforeseen and unpredictable cyberattacks, so that I can enhance the overall accuracy and efficiency of threat detection by reducing false positives by 30%.

Acceptance Criteria:
- The DNN-based IDS must achieve a detection accuracy of 95% or higher during testing with a diverse dataset of cyberattack scenarios.
- The system should reduce false positive rates to 5% or lower compared to the current IDS performance.
- The implementation should demonstrate a processing time of less than 1 second per detection event.

Test Outline:
- Evaluate the detection accuracy of the IDS using a comprehensive set of test cases that include various types of cyberattacks.
- Measure the false positive rate by comparing the DNN's alerts against a known set of benign activities.
- Monitor the processing time for each detection event to ensure it meets the specified performance criteria.","The original user story was well-structured but lacked specific, measurable criteria. The improved version clarifies the developer's goals, emphasizes the importance of accuracy and efficiency, and provides detailed acceptance criteria and a test outline to ensure the project's success.","robust (ISO 29148)
it (ISO 29148)
that (ISO 29148)
can (NASA ARM)
less (NASA ARM)",4,4,0.0,4,4,0.0,5,5,0.0,4,5,1.0,3,5,2.0,2,5,3.0,4,5,1.0,—
A34US4Ll,"As a researcher, I want to evaluate the performance of various machine learning algorithms on publicly available malware datasets, so that I can identify the best algorithm for detecting future cyberattacks.","User Story:
As a researcher, I want to systematically evaluate the performance of multiple machine learning algorithms on publicly available malware datasets so that I can determine the most effective algorithm for detecting future cyberattacks with a minimum accuracy of 95%.

Acceptance Criteria:
- Each algorithm must be tested on at least three different publicly available malware datasets to ensure comprehensive evaluation.
- The performance metrics, including accuracy, precision, and recall, should be documented and compared, with at least one algorithm achieving a minimum accuracy of 95%.
- The evaluation process should be completed within a 4-week timeframe to ensure timely results for ongoing research.

Test Outline:
- Implement a standardized testing framework to assess each algorithm's performance on the selected datasets.
- Analyze and present the results in a comparative report, highlighting the best-performing algorithm based on the defined metrics.","The original user story was clear but lacked specific measurable criteria and a structured approach. The improved version enhances clarity by specifying the research context, establishing quantifiable acceptance criteria, and outlining a test plan to ensure thorough evaluation.","best (ISO 29148)
most (ISO 29148)
effective (ISO 29148)
that (ISO 29148)
effective (NASA ARM)
timely (NASA ARM)
can (NASA ARM)
best (NASA ARM)",5,5,0.0,4,4,0.0,5,5,0.0,4,5,1.0,5,5,0.0,4,5,1.0,5,5,0.0,—
A34US5Ll,"As a cybersecurity expert, I want to analyze the performance of different machine learning models on various datasets, so that I can understand the strengths and weaknesses of each approach and choose the most effective one.","User Story:
As a cybersecurity expert, I want to evaluate the performance metrics of various machine learning models across multiple datasets so that I can identify their strengths and weaknesses, enabling me to select the most effective model for threat detection.

Acceptance Criteria:
- Each model's performance must be assessed using at least three key metrics: accuracy, precision, and recall, with results documented for comparison.
- The analysis should be completed within a 4-week timeframe to ensure timely decision-making.
- A comprehensive report summarizing the findings must be generated, with at least 80% of stakeholders indicating clarity and usefulness in the results.

Test Outline:
- Run performance evaluations on selected machine learning models using standardized datasets and record the metrics.
- Gather feedback from stakeholders on the clarity and applicability of the final report to ensure it meets the acceptance criteria.","The original user story was clear but lacked measurable criteria and specific timelines. The improved version enhances clarity by specifying performance metrics, a completion timeframe, and stakeholder feedback, making it more actionable and aligned with business objectives.","most (ISO 29148)
effective (ISO 29148)
it (ISO 29148)
that (ISO 29148)
effective (NASA ARM)
timely (NASA ARM)
can (NASA ARM)",4,4,0.0,4,4,0.0,5,5,0.0,4,5,1.0,4,5,1.0,3,5,2.0,4,5,1.0,—
A34US6Ll,"As a developer, I want to optimize the network parameters and topology of DNNs for IDS, so that I can improve the accuracy and efficiency of threat detection.","User Story:
As a developer, I want to optimize the network parameters and topology of Deep Neural Networks (DNNs) for Intrusion Detection Systems (IDS) so that I can enhance the accuracy of threat detection by at least 15% and reduce processing time by 20%.

Acceptance Criteria:
- The optimized DNN model must achieve a minimum accuracy of 90% on the validation dataset.
- The processing time for threat detection should be reduced to under 100 milliseconds per request.
- The model should demonstrate a decrease in false positive rates by at least 10% compared to the previous version.

Test Outline:
- Evaluate the accuracy of the optimized DNN model using a comprehensive validation dataset to ensure it meets the 90% threshold.
- Measure the processing time for threat detection under various load conditions to confirm it stays below 100 milliseconds.
- Analyze the false positive rates before and after optimization to verify a reduction of at least 10%.","The original user story was clear but lacked specific, measurable criteria. The improved version clarifies the developer's role, specifies quantifiable goals for accuracy and efficiency, and provides structured acceptance criteria and a test outline to ensure the objectives are met.","it (ISO 29148)
that (ISO 29148)
can (NASA ARM)",3,4,1.0,3,4,1.0,4,5,1.0,3,5,2.0,4,5,1.0,2,5,3.0,3,5,2.0,—
A34US7Ll,"As a researcher, I want to conduct a comprehensive evaluation of experiments on various publicly available benchmark malware datasets, so that I can benchmark the performance of different machine learning algorithms.","User Story:
As a researcher, I want to perform a thorough evaluation of experiments using multiple publicly available benchmark malware datasets so that I can accurately benchmark and compare the performance of various machine learning algorithms.

Acceptance Criteria:
- The evaluation must include at least 5 different publicly available malware datasets to ensure comprehensive analysis.
- Each machine learning algorithm tested should achieve a minimum accuracy of 85% on at least 3 of the datasets.
- The final report must include detailed performance metrics, including precision, recall, and F1 score, for each algorithm across all datasets.

Test Outline:
- Verify the inclusion of at least 5 benchmark datasets by reviewing the dataset selection process.
- Analyze the performance metrics of each algorithm to confirm they meet the specified accuracy criteria.
- Review the final report to ensure it contains the required performance metrics for all tested algorithms.","The original user story was clear but lacked measurable criteria and specific details. The improved version enhances clarity by specifying the number of datasets, performance benchmarks, and required metrics, making it more actionable and aligned with the INVEST principles.","it (ISO 29148)
that (ISO 29148)
all (ISO 29148)
can (NASA ARM)",4,4,0.0,4,4,0.0,5,5,0.0,4,5,1.0,4,5,1.0,3,5,2.0,4,5,1.0,—
A34US8Ll,"As a security professional, I want to stay informed about the latest developments in IDS technology, so that I can continuously improve our defense strategies against evolving cyber threats.","User Story:
As a security professional, I want to receive timely updates on the latest advancements in Intrusion Detection System (IDS) technology so that I can enhance our defense strategies and reduce the risk of cyber threats by at least 30%.

Acceptance Criteria:
- I should receive updates on IDS technology developments at least once a month.
- The information provided must include actionable insights that can be implemented to improve our security posture by a measurable 20% within the next quarter.
- User engagement with the updates should reach a minimum satisfaction rate of 90% based on feedback surveys.

Test Outline:
- Track the frequency of updates delivered to ensure compliance with the monthly requirement.
- Measure the effectiveness of implemented insights through security incident reports to confirm a 20% improvement.
- Conduct surveys to assess user satisfaction with the updates and their relevance to current security needs.","The original user story was clear but lacked measurable criteria and specific goals. The improved version enhances clarity by specifying the technology focus, quantifying the desired improvements, and providing structured acceptance criteria and test outlines.","that (ISO 29148)
timely (NASA ARM)
can (NASA ARM)",4,4,0.0,4,4,0.0,5,5,0.0,4,5,1.0,4,5,1.0,3,5,2.0,4,5,1.0,—
A34US9Ll,"As a data scientist, I want to contribute to the systematic updating and benchmarking of publicly available malware datasets, so that I can promote collaboration and knowledge sharing in the field of intrusion detection.","User Story:
As a data scientist, I want to systematically update and benchmark publicly available malware datasets so that I can enhance collaboration and knowledge sharing in the field of intrusion detection, ultimately improving detection accuracy by at least 20%.

Acceptance Criteria:
- The updated datasets must include at least 5 new malware samples every quarter to ensure relevance.
- Benchmarking results should be published and accessible to the community within 2 weeks of each update.
- User engagement metrics should show a 30% increase in collaboration activities, such as shared research or joint projects, within 6 months of implementing the updates.

Test Outline:
- Track the number of new samples added to the datasets each quarter to verify compliance with the update criteria.
- Monitor the publication timeline of benchmarking results to ensure they are released within the specified timeframe.
- Analyze collaboration metrics through surveys and project tracking tools to assess the increase in community engagement.","The original user story was well-structured but lacked measurable criteria and specific goals. The improved version clarifies the capability and business relevance while providing explicit, quantifiable acceptance criteria and a structured test outline to enhance clarity and focus on impact.","that (ISO 29148)
every (ISO 29148)
can (NASA ARM)",3,4,1.0,3,4,1.0,4,5,1.0,3,5,2.0,3,5,2.0,2,5,3.0,3,5,2.0,—
A34US10Ll,"As a decision-maker in an organization, I want to invest in research and development efforts aimed at exploring innovative approaches like DNNs for intrusion detection, ensuring that our systems are equipped to defend against evolving cyber threats effectively.","User Story:
As a decision-maker in an organization, I want to allocate resources towards research and development initiatives focused on innovative methods, such as Deep Neural Networks (DNNs) for intrusion detection, so that we can enhance our cybersecurity measures and effectively counteract emerging cyber threats.

Acceptance Criteria:
- At least 3 innovative DNN-based approaches must be developed and tested within the next 12 months.
- The effectiveness of these approaches should demonstrate a minimum 30% improvement in threat detection rates compared to our current systems.
- A comprehensive report on the findings and recommendations must be delivered to stakeholders within 2 weeks of the completion of the research phase.

Test Outline:
- Evaluate the performance of the developed DNN models against existing intrusion detection systems to measure improvements in detection rates.
- Review the final report for completeness and clarity, ensuring it meets the specified timeline for delivery.","The original user story was well-articulated but could benefit from clearer, measurable criteria. The improved version specifies the capability, outlines explicit business benefits, and includes quantifiable acceptance criteria and a structured test outline to enhance clarity and focus on value.","it (ISO 29148)
that (ISO 29148)
these (ISO 29148)
can (NASA ARM)",4,4,0.0,4,4,0.0,4,5,1.0,4,5,1.0,4,5,1.0,3,5,2.0,4,5,1.0,—
A35US1Ll,"As a wholesale company, I want to optimize my organizational environment to minimize costs and maximize revenue, so I need accurate sales predictions to inform my planning process.","User Story:
As a wholesale company, I want to enhance my organizational environment to reduce operational costs by at least 20% and increase revenue by 15% within the next fiscal year, so I require precise sales predictions that are accurate to within 5% to guide my strategic planning.

Acceptance Criteria:
- Sales predictions must achieve an accuracy rate of 95% or higher based on historical data analysis.
- Cost reduction initiatives should be implemented to achieve a minimum of 20% decrease in operational expenses.
- Revenue growth should be tracked quarterly, aiming for a 15% increase by the end of the fiscal year.

Test Outline:
- Analyze historical sales data to validate the accuracy of the sales predictions against actual sales figures.
- Monitor and report on operational costs before and after implementing optimization strategies to ensure the 20% reduction is met.
- Review quarterly revenue reports to confirm progress towards the 15% growth target.","The original user story was broad and lacked specific, measurable criteria. The improved version clarifies the company's goals, sets explicit numerical targets for cost reduction and revenue growth, and provides detailed acceptance criteria and a test outline to ensure accountability and track progress.",that (ISO 29148),4,4,0.0,4,4,0.0,4,4,0.0,4,5,1.0,4,5,1.0,3,5,2.0,4,4,0.0,—
A35US2Ll,"As a logistics manager, I want to use precise sales predictions to optimize both sales and logistics processes, so I can reduce waste and improve efficiency.","User Story:
As a logistics manager, I want to leverage accurate sales predictions to enhance both sales and logistics operations so that I can minimize waste by at least 20% and improve overall efficiency by 30%.

Acceptance Criteria:
- Sales predictions must achieve an accuracy rate of 85% or higher based on historical data.
- The implementation of optimized logistics processes should result in a 15% reduction in delivery times.
- Waste reduction metrics should be tracked, showing a decrease of at least 20% within the first quarter after implementation.

Test Outline:
- Analyze historical sales data to validate the accuracy of the sales predictions against actual sales figures.
- Measure delivery times before and after implementing the optimized logistics processes to confirm the 15% improvement.
- Monitor waste metrics over the first quarter to ensure the targeted reduction is achieved.","The original user story was clear but lacked specific, measurable criteria. The improved version enhances clarity by specifying quantifiable goals for accuracy, efficiency, and waste reduction, along with a structured test outline to verify outcomes.","that (ISO 29148)
can (NASA ARM)",4,4,0.0,4,4,0.0,4,5,1.0,4,5,1.0,5,5,0.0,4,5,1.0,4,5,1.0,—
A35US3Ll,"As a sales analyst, I want to track sales towards a customer using a data mart built on top of a data warehouse, so I can make data-driven decisions about customer relationships and sales strategies.","User Story:
As a sales analyst, I want to utilize a data mart that integrates with our data warehouse to track customer sales metrics so that I can make informed, data-driven decisions to enhance customer relationships and optimize sales strategies.

Acceptance Criteria:
- The data mart must provide real-time sales tracking for at least 95% of customer transactions.
- Users should be able to generate sales reports within 3 clicks, with a completion time of under 5 seconds.
- The accuracy of sales data reported must be at least 98% when compared to the source data in the data warehouse.

Test Outline:
- Validate the real-time tracking capability by comparing transaction logs against the data mart outputs.
- Measure the number of clicks and time taken to generate reports to ensure they meet the specified criteria.
- Conduct data accuracy checks by cross-referencing reported sales data with the original data warehouse entries.","The original user story was clear but lacked measurable criteria and specific acceptance tests. The improved version enhances clarity by specifying the integration of the data mart, outlines explicit business benefits, and provides quantifiable acceptance criteria and a structured test outline.","that (ISO 29148)
be able to (NASA ARM)
can (NASA ARM)",4,4,0.0,4,4,0.0,4,5,1.0,4,5,1.0,4,5,1.0,3,5,2.0,4,5,1.0,—
A35US4Ll,"As a business intelligence developer, I want to design a data mart that can handle daily loads of outgoing invoices and uninvoiced shipments data, so I can provide timely and accurate sales predictions.","User Story:
As a business intelligence developer, I want to create a robust data mart capable of processing daily loads of outgoing invoices and uninvoiced shipments data so that I can deliver timely and precise sales predictions, enhancing decision-making for the sales team.

Acceptance Criteria:
- The data mart must successfully handle at least 10,000 records of outgoing invoices and uninvoiced shipments daily without performance degradation.
- Data processing should be completed within 30 minutes of the end of each business day to ensure timely availability of insights.
- The accuracy of sales predictions generated from the data mart should be validated to achieve a minimum of 90% accuracy based on historical data.

Test Outline:
- Monitor the data mart's performance metrics to ensure it can handle the specified volume of records within the time frame.
- Compare the sales predictions against actual sales data to verify the accuracy rate meets the 90% threshold.","The original user story was clear but lacked measurable criteria and specific performance metrics. The improved version enhances clarity by specifying the volume of data, processing time, and accuracy requirements, making it more actionable and aligned with business objectives.","robust (ISO 29148)
it (ISO 29148)
that (ISO 29148)
timely (NASA ARM)
can (NASA ARM)",4,4,0.0,4,4,0.0,4,5,1.0,4,5,1.0,4,5,1.0,3,5,2.0,4,5,1.0,—
A35US5Ll,"As a forecasting expert, I want to use the ARIMA model to make predictions about sales trends, so I can provide actionable insights to business stakeholders.","User Story:
As a forecasting expert, I want to implement the ARIMA model for predicting sales trends so that I can deliver actionable insights to business stakeholders, enhancing their decision-making processes.

Acceptance Criteria:
- The ARIMA model must achieve a prediction accuracy of at least 85% when tested against historical sales data.
- Predictions should be generated within 5 seconds for real-time analysis during stakeholder meetings.
- Insights derived from the model should lead to at least a 10% improvement in sales forecasting accuracy over the previous methods used.

Test Outline:
- Validate the model's accuracy by comparing its predictions with actual sales data over a defined period.
- Measure the time taken to generate predictions to ensure it meets the 5-second requirement.
- Analyze the impact of the insights provided on sales forecasting accuracy through stakeholder feedback and performance metrics.","The original user story was clear but lacked measurable criteria and specific outcomes. The improved version enhances clarity by specifying the expected accuracy, response time, and business impact, along with a structured test outline to verify the implementation.","it (ISO 29148)
that (ISO 29148)
can (NASA ARM)",5,5,0.0,4,4,0.0,4,5,1.0,4,5,1.0,5,5,0.0,4,5,1.0,4,5,1.0,—
A35US6Ll,"As a sales manager, I want to aggregate sales data on a weekly level, so I can identify trends and patterns that inform my sales strategies.","User Story:
As a sales manager, I want to compile and analyze weekly sales data so that I can identify trends and patterns that will enhance my sales strategies and improve overall performance.

Acceptance Criteria:
- The system must aggregate sales data within 5 minutes of the end of each week for timely analysis.
- Reports should highlight at least 3 key trends or patterns each week based on the aggregated data.
- The accuracy of the aggregated data must be at least 98% to ensure reliable insights.

Test Outline:
- Verify the time taken to generate weekly sales reports to ensure it meets the 5-minute requirement.
- Review the generated reports to confirm the identification of key trends and patterns.
- Cross-check the aggregated data against source data to validate the accuracy percentage.","The original user story was clear but lacked measurable criteria and specificity. The improved version enhances clarity by specifying the capability, providing measurable acceptance criteria, and outlining a structured test plan to ensure the effectiveness of the feature.","reliable (ISO 29148)
it (ISO 29148)
that (ISO 29148)
timely (NASA ARM)
can (NASA ARM)",4,4,0.0,4,4,0.0,4,5,1.0,4,5,1.0,4,5,1.0,3,5,2.0,4,5,1.0,—
A35US7Ll,"As a product manager, I want to track sales data for each product, including sales market, customer, quantity, and date, so I can make informed decisions about product development and marketing.","User Story:
As a product manager, I want to systematically track sales data for each product, including sales market, customer demographics, quantity sold, and transaction date, so that I can make data-driven decisions to enhance product development and optimize marketing strategies.

Acceptance Criteria:
- Sales data must be updated in real-time, with a maximum delay of 5 minutes for new entries.
- The system should allow filtering of sales data by market, customer segment, and date range, with at least 95% accuracy in the displayed results.
- Reports generated from the sales data should be accessible within 10 seconds of request, with a user satisfaction rate of 90% or higher regarding the report clarity and usefulness.

Test Outline:
- Monitor the time taken for sales data updates to ensure it meets the 5-minute requirement.
- Conduct tests to verify the accuracy of filtered results against known data sets.
- Gather user feedback on the clarity and usefulness of generated reports to assess satisfaction levels.","The original user story was clear but lacked measurable criteria and specificity. The improved version enhances clarity by detailing the data points to be tracked, establishes explicit acceptance criteria, and outlines a structured test plan to ensure the functionality meets business needs.","it (ISO 29148)
that (ISO 29148)
can (NASA ARM)",4,4,0.0,4,4,0.0,4,5,1.0,4,5,1.0,5,5,0.0,4,5,1.0,4,5,1.0,—
A35US8Ll,"As a data analyst, I want to prepare data for prediction purposes, so I need to ensure that the data is clean, complete, and accurate.","User Story:
As a data analyst, I want to preprocess the data for predictive modeling so that I can ensure it is at least 95% clean, complete, and accurate, leading to more reliable predictions.

Acceptance Criteria:
- The data cleaning process must identify and rectify at least 98% of missing or erroneous values.
- The dataset should achieve a completeness rate of 100% for all required fields before analysis.
- Validation checks must confirm that the accuracy of the data is maintained at 95% or higher after preprocessing.

Test Outline:
- Perform data audits to measure the percentage of missing or erroneous values before and after the cleaning process.
- Verify the completeness of the dataset by checking for required fields and their values.
- Conduct accuracy assessments through cross-validation with known data sources.","The original user story was clear but lacked measurable criteria. The improved version specifies quantifiable goals for data quality, enhancing clarity and focus on the business impact of accurate data preparation.","reliable (ISO 29148)
it (ISO 29148)
that (ISO 29148)
all (ISO 29148)
can (NASA ARM)
more (NASA ARM)",3,4,1.0,3,4,1.0,4,5,1.0,3,5,2.0,4,5,1.0,2,5,3.0,3,5,2.0,—
A35US9Ll,"As a business user, I want to use sales predictions to identify opportunities for growth and revenue enhancement, so I can make strategic decisions about investments and resource allocation.","User Story:
As a business user, I want to leverage sales predictions to pinpoint growth opportunities and enhance revenue, enabling me to make informed strategic decisions regarding investments and resource allocation.

Acceptance Criteria:
- Sales predictions must achieve an accuracy rate of at least 85% based on historical data analysis.
- Users should be able to access and interpret sales prediction reports within 3 clicks from the main dashboard.
- The system should provide actionable insights that lead to a minimum of 10% increase in revenue within the next quarter.

Test Outline:
- Validate the accuracy of sales predictions by comparing predicted outcomes with actual sales data over a defined period.
- Track user interactions to ensure that accessing sales prediction reports meets the 3-click requirement.
- Measure revenue changes following the implementation of insights derived from sales predictions.","The original user story was well-structured but could benefit from clearer, measurable criteria. The improved version maintains the intent while enhancing specificity and providing quantifiable acceptance criteria and a test outline to ensure business relevance.","that (ISO 29148)
be able to (NASA ARM)",4,4,0.0,4,4,0.0,4,4,0.0,4,5,1.0,4,5,1.0,3,5,2.0,4,4,0.0,—
A35US10Ll,"As an IT manager, I want to ensure that the data mart and prediction system are scalable and reliable, so I can provide a robust platform for sales forecasting and analysis.","User Story:
As an IT manager, I want to guarantee that the data mart and prediction system are both scalable and reliable so that I can deliver a robust platform for sales forecasting and analysis, ultimately improving decision-making and operational efficiency.

Acceptance Criteria:
- The system must handle a minimum of 10,000 concurrent users without performance degradation.
- Data processing times should not exceed 5 seconds for 95% of queries, ensuring timely access to insights.
- The system's uptime must be at least 99.9% over a 30-day period to ensure reliability.

Test Outline:
- Conduct load testing to verify the system's performance under the specified user load.
- Measure the response times for various queries to ensure they meet the 5-second criterion.
- Monitor system uptime over a month to confirm it meets the 99.9% availability requirement.","The original user story was clear but lacked specific, measurable criteria. The improved version enhances clarity by specifying the scalability and reliability requirements, along with quantifiable acceptance criteria and a structured test outline to ensure the system meets business needs.","reliable (ISO 29148)
robust (ISO 29148)
it (ISO 29148)
that (ISO 29148)
timely (NASA ARM)
can (NASA ARM)",3,4,1.0,3,4,1.0,4,4,0.0,3,5,2.0,3,5,2.0,2,5,3.0,3,4,1.0,—
A36US1Ll,"As a researcher, I want to investigate the task of classifying the types of moving vehicles in a distributed, wireless sensor network, so that I can improve traffic monitoring and management.","User Story:
As a researcher, I want to analyze and classify various types of moving vehicles using a distributed wireless sensor network so that I can enhance traffic monitoring accuracy and optimize management strategies.

Acceptance Criteria:
- The classification algorithm must achieve at least 85% accuracy in identifying vehicle types during real-time monitoring.
- The system should process and classify vehicle data within 1 second of detection for timely insights.
- A comprehensive report on the classification performance should be generated, with at least 90% of the data points analyzed within a 24-hour period.

Test Outline:
- Validate the accuracy of the classification algorithm by comparing its results against a labeled dataset of vehicle types.
- Measure the processing time for vehicle detection and classification to ensure it meets the 1-second requirement.
- Review the generated report to confirm that it includes analysis of at least 90% of the collected data points.","The original user story was clear but lacked measurable criteria and specificity regarding the research goals. The improved version enhances clarity by specifying the research focus, measurable acceptance criteria, and a structured test outline to ensure the effectiveness of the classification task.","it (ISO 29148)
that (ISO 29148)
timely (NASA ARM)
can (NASA ARM)",4,4,0.0,4,4,0.0,5,5,0.0,4,5,1.0,4,5,1.0,3,5,2.0,4,5,1.0,—
A36US2Ll,"As a developer, I want to create a system that can classify the types of moving vehicles using data from a wireless sensor network, so that I can provide accurate and real-time information to traffic management authorities.","User Story:
As a developer, I want to design a system that accurately classifies various types of moving vehicles using data collected from a wireless sensor network, so that I can deliver real-time, precise information to traffic management authorities, enhancing their operational efficiency.

Acceptance Criteria:
- The system must achieve at least 95% accuracy in classifying vehicle types based on sensor data.
- Classification results should be processed and delivered to traffic management authorities within 1 second of data collection.
- The system should handle a minimum of 100 vehicle classifications per minute without performance degradation.

Test Outline:
- Validate the accuracy of vehicle classification by comparing system outputs against a controlled dataset of known vehicle types.
- Measure the time taken from data collection to result delivery to ensure it meets the 1-second requirement.
- Stress test the system to confirm it can maintain performance while processing 100 classifications per minute.","The original user story was clear but lacked measurable criteria and specific performance metrics. The improved version enhances clarity by specifying the developer's role, the capability of the system, and explicit, quantifiable acceptance criteria along with a structured test outline.","it (ISO 29148)
that (ISO 29148)
can (NASA ARM)",4,5,1.0,4,4,0.0,5,5,0.0,4,5,1.0,4,5,1.0,3,5,2.0,4,5,1.0,—
A36US3Ll,"As a data scientist, I want to collect and preprocess a large dataset of raw time series data from a real-world experiment, so that I can extract valuable insights and features for vehicle classification.","User Story:
As a data scientist, I want to efficiently collect and preprocess a large dataset of raw time series data from a real-world experiment so that I can derive actionable insights and relevant features for vehicle classification, ultimately improving model accuracy.

Acceptance Criteria:
- The dataset must include at least 10,000 data points collected from various vehicle types to ensure diversity.
- Preprocessing should reduce noise and outliers by at least 30% to enhance data quality.
- The feature extraction process should identify a minimum of 15 relevant features that contribute to vehicle classification accuracy.

Test Outline:
- Verify the completeness and diversity of the dataset by checking the number of data points and vehicle types included.
- Analyze the preprocessing results to confirm a reduction in noise and outliers using statistical methods.
- Evaluate the extracted features against model performance metrics to ensure they contribute positively to classification accuracy.","The original user story was clear but lacked measurable criteria and specific goals. The improved version enhances clarity by specifying the dataset size, preprocessing goals, and feature extraction requirements, along with structured acceptance criteria and a test outline.","that (ISO 29148)
can (NASA ARM)",4,4,0.0,4,4,0.0,5,5,0.0,4,5,1.0,4,5,1.0,3,5,2.0,4,5,1.0,—
A36US4Ll,"As a researcher, I want to develop a feature extraction and preprocessing pipeline that can transform raw time series data into spectral feature vectors, so that I can improve the accuracy of vehicle classification.","User Story:
As a researcher, I want to create a robust feature extraction and preprocessing pipeline that converts raw time series data into spectral feature vectors so that I can enhance the accuracy of vehicle classification by at least 15%.

Acceptance Criteria:
- The pipeline must process raw time series data and generate spectral feature vectors within a maximum of 5 seconds per dataset.
- The accuracy of vehicle classification using the new feature vectors should improve by at least 15% compared to the current baseline.
- The pipeline should handle datasets of up to 10,000 samples without performance degradation.

Test Outline:
- Measure the processing time for various dataset sizes to ensure it meets the 5-second requirement.
- Conduct classification tests before and after implementing the pipeline to quantify the accuracy improvement.
- Test the pipeline with datasets of varying sizes to confirm it can handle up to 10,000 samples efficiently.","The original user story was clear but lacked measurable criteria and specific performance goals. The improved version emphasizes quantifiable acceptance criteria, including processing time, accuracy improvement, and dataset handling capacity, enhancing clarity and focus on business value.","robust (ISO 29148)
it (ISO 29148)
that (ISO 29148)
can (NASA ARM)",4,4,0.0,4,4,0.0,5,5,0.0,4,5,1.0,5,5,0.0,4,5,1.0,4,5,1.0,—
A36US5Ll,"As a developer, I want to use a maximum likelihood classifier to classify vehicles based on their spectral features, so that I can provide a baseline performance for comparison with other classification methods.","User Story:
As a developer, I want to implement a maximum likelihood classifier to categorize vehicles based on their spectral features so that I can establish a baseline performance metric, enabling effective comparisons with alternative classification algorithms.

Acceptance Criteria:
- The classifier must achieve an accuracy of at least 85% on a validation dataset of 1,000 vehicle samples.
- The implementation should be completed within 4 weeks, including testing and validation phases.
- Performance metrics (accuracy, precision, recall) must be documented and presented in a report for comparison with at least two other classification methods.

Test Outline:
- Evaluate the classifier's performance on the validation dataset and record the accuracy and other metrics.
- Review the implementation timeline to ensure it adheres to the 4-week deadline.
- Compile a comparative analysis report detailing the performance of the maximum likelihood classifier against other methods.","The original user story was clear but could benefit from more specificity and measurable criteria. The improved version clarifies the role, enhances the capability description, and includes explicit acceptance criteria and a structured test outline to ensure clarity and focus on business value.","effective (ISO 29148)
it (ISO 29148)
that (ISO 29148)
effective (NASA ARM)
can (NASA ARM)",4,5,1.0,4,4,0.0,5,5,0.0,4,5,1.0,4,5,1.0,3,5,2.0,4,5,1.0,—
A36US6Ll,"As a researcher, I want to investigate the performance of different classification algorithms on the compiled dataset, so that I can identify the most effective approach for vehicle classification.","User Story:
As a researcher, I want to analyze the performance metrics of various classification algorithms on the compiled vehicle dataset so that I can determine the most effective algorithm for accurate vehicle classification.

Acceptance Criteria:
- Each classification algorithm must achieve a minimum accuracy of 85% on the dataset during testing.
- The performance of at least 5 different algorithms should be compared, including precision, recall, and F1 score.
- A comprehensive report summarizing the findings and recommendations must be generated within 2 weeks of analysis completion.

Test Outline:
- Implement each classification algorithm on the dataset and record the accuracy and other performance metrics.
- Review the generated report for clarity and completeness, ensuring it meets the specified criteria.","The original user story was clear but lacked measurable criteria and specificity. The improved version enhances clarity by specifying performance metrics, the number of algorithms to be tested, and a timeline for reporting, thus strengthening the overall structure.","most (ISO 29148)
effective (ISO 29148)
it (ISO 29148)
that (ISO 29148)
effective (NASA ARM)
can (NASA ARM)",4,5,1.0,4,4,0.0,5,5,0.0,4,5,1.0,4,5,1.0,3,5,2.0,4,5,1.0,—
A36US7Ll,"As a developer, I want to use the preprocessed dataset to train and test machine learning models for vehicle classification, so that I can develop a robust and accurate system.","User Story:
As a developer, I want to utilize the preprocessed dataset to train and evaluate vehicle classification models so that I can create a highly accurate system with at least 95% classification accuracy.

Acceptance Criteria:
- The dataset must contain a minimum of 10,000 labeled samples to ensure robust training and testing.
- The model should achieve at least 95% accuracy on the validation set after training.
- The training process should complete within 2 hours to facilitate rapid iteration and development.

Test Outline:
- Verify the dataset size and quality by checking the number of labeled samples and their distribution across vehicle classes.
- Evaluate the model's performance on the validation set to confirm it meets the 95% accuracy requirement.
- Measure the total training time to ensure it does not exceed the 2-hour limit.","The original user story was clear but lacked specific, measurable criteria. The improved version enhances clarity by specifying the desired accuracy, dataset size, and training time, along with structured acceptance criteria and a test outline.","robust (ISO 29148)
it (ISO 29148)
that (ISO 29148)
can (NASA ARM)",4,4,0.0,4,4,0.0,5,5,0.0,4,5,1.0,4,5,1.0,4,5,1.0,4,5,1.0,—
A36US8Ll,"As a traffic manager, I want to use a vehicle classification system to monitor and manage traffic flow, so that I can reduce congestion and improve traffic safety.","User Story:
As a traffic manager, I want to implement a vehicle classification system to monitor and manage traffic flow effectively so that I can reduce congestion by at least 30% and enhance traffic safety metrics by 20% within the next quarter.

Acceptance Criteria:
- The vehicle classification system must accurately identify and categorize at least 95% of vehicles in real-time.
- Traffic congestion levels should be monitored, showing a reduction of at least 30% during peak hours after implementation.
- Traffic safety incidents should decrease by 20% within three months of deploying the system.

Test Outline:
- Validate the accuracy of the vehicle classification system by comparing its results against manual counts over a week.
- Analyze traffic data before and after implementation to measure changes in congestion levels and safety incidents.","The original user story was clear but lacked measurable criteria and specific targets. The improved version strengthens the business relevance by providing quantifiable goals for congestion reduction and safety improvement, along with detailed acceptance criteria and a test outline.","that (ISO 29148)
can (NASA ARM)",4,4,0.0,4,4,0.0,5,5,0.0,4,5,1.0,4,5,1.0,3,5,2.0,4,5,1.0,—
A36US9Ll,"As a researcher, I want to explore the use of distributed, wireless sensor networks for real-time vehicle classification, so that I can enable more efficient and effective traffic management.","User Story:
As a researcher, I want to investigate the implementation of distributed, wireless sensor networks for real-time vehicle classification so that I can enhance traffic management efficiency by at least 30% and reduce congestion-related delays.

Acceptance Criteria:
- The system must classify vehicle types with an accuracy of at least 95% in real-time.
- Data from the sensor networks should be processed and reported within 1 second of vehicle detection.
- A pilot study should demonstrate a reduction in traffic congestion by at least 20% within the first month of implementation.

Test Outline:
- Validate the classification accuracy by comparing sensor data against a controlled dataset of vehicle types.
- Measure the time taken from vehicle detection to data reporting to ensure it meets the 1-second requirement.
- Analyze traffic flow data before and after the implementation to assess the impact on congestion levels.","The original user story was clear but lacked measurable criteria and specific goals. The improved version strengthens the business relevance by quantifying expected outcomes, providing clear acceptance criteria, and outlining a structured test plan.","it (ISO 29148)
that (ISO 29148)
can (NASA ARM)",3,4,1.0,3,4,1.0,4,5,1.0,3,5,2.0,4,5,1.0,2,5,3.0,3,5,2.0,—
A36US10Ll,"As a developer, I want to create a system that can automatically classify vehicles in real-time using data from a wireless sensor network, so that I can provide timely and accurate information to traffic management authorities.","User Story:
As a developer, I want to implement a real-time vehicle classification system utilizing data from a wireless sensor network so that I can deliver precise and timely information to traffic management authorities, enhancing their operational efficiency.

Acceptance Criteria:
- The system must classify vehicles with at least 95% accuracy in real-time under varying traffic conditions.
- The classification process should complete within 1 second for each vehicle detected.
- The system should handle a minimum of 100 vehicles per minute without performance degradation.

Test Outline:
- Conduct tests to evaluate the accuracy of vehicle classifications against a known dataset.
- Measure the time taken for the system to classify vehicles in real-time during peak traffic scenarios.
- Simulate high-traffic conditions to ensure the system can maintain performance standards.","The original user story was clear but lacked specific measurable criteria. The improved version enhances clarity by specifying the developer's role, the capability of the system, and explicit, quantifiable acceptance criteria along with a structured test outline.","that (ISO 29148)
timely (NASA ARM)
can (NASA ARM)",4,4,0.0,4,4,0.0,5,5,0.0,4,5,1.0,5,5,0.0,4,5,1.0,4,5,1.0,—
A37US1Ll,"As a fantasy sports enthusiast, I want to make informed decisions on which players to choose and invest in, so that I can improve my chances of winning.","User Story:
As a fantasy sports enthusiast, I want access to detailed player statistics and analysis tools so that I can make data-driven decisions on player selection and investment, ultimately increasing my chances of winning by at least 20%.

Acceptance Criteria:
- The platform must provide comprehensive player statistics, including performance metrics, injury reports, and historical data, updated in real-time.
- Users should be able to compare at least 5 players side-by-side to evaluate their potential impact on the team.
- The system should offer personalized recommendations based on user preferences and past performance, with an accuracy rate of 85% or higher.

Test Outline:
- Verify the availability and accuracy of player statistics by cross-referencing with official sports data sources.
- Conduct user testing to assess the effectiveness of the comparison tool and the relevance of the recommendations provided.","The original user story was clear but lacked measurable criteria and specific capabilities. The improved version enhances clarity by specifying the tools and data needed for informed decision-making, along with quantifiable acceptance criteria and a structured test outline.","that (ISO 29148)
be able to (NASA ARM)
can (NASA ARM)",3,4,1.0,3,4,1.0,4,5,1.0,3,5,2.0,4,5,1.0,2,5,3.0,3,5,2.0,—
A37US2Ll,"As a fantasy sports player, I want to use visualizations and statistical measures to analyze player performance, so that I can make data-driven decisions.","User Story:
As a fantasy sports player, I want to access advanced visualizations and statistical metrics for player performance analysis so that I can make informed, data-driven decisions that enhance my team's competitiveness.

Acceptance Criteria:
- The system must provide at least 5 different types of visualizations (e.g., bar charts, line graphs) to represent player performance metrics.
- Users should be able to filter and sort player statistics based on at least 10 different criteria (e.g., points scored, assists, injuries).
- The analysis tools should load within 3 seconds for 90% of users to ensure a smooth experience.

Test Outline:
- Evaluate the variety and effectiveness of visualizations by gathering user feedback on their usefulness in decision-making.
- Measure the loading time of the analysis tools under various conditions to ensure it meets the 3-second requirement.","The original user story was clear but lacked specific measurable criteria. The improved version enhances clarity by detailing the types of visualizations and metrics, establishing quantifiable acceptance criteria, and providing a structured test outline to ensure the functionality meets user needs.","it (ISO 29148)
that (ISO 29148)
be able to (NASA ARM)
can (NASA ARM)",4,4,0.0,4,4,0.0,5,5,0.0,4,5,1.0,4,5,1.0,3,5,2.0,4,5,1.0,—
A37US3Ll,"As a fantasy sports enthusiast, I want to overcome my favoritism bias and make objective decisions based on data analysis, so that I can choose the best players for my team.","User Story:
As a fantasy sports enthusiast, I want to utilize advanced data analytics tools to minimize favoritism bias in my player selections so that I can optimize my team’s performance and increase my chances of winning by at least 20%.

Acceptance Criteria:
- The data analysis tool must provide player performance metrics and comparisons that are updated in real-time, ensuring accuracy for at least 95% of the data presented.
- Users should be able to generate objective player rankings based on statistical analysis, with at least 80% of users reporting improved decision-making.
- The system should allow users to track their team performance against league averages, aiming for a minimum 10% increase in overall team points compared to previous seasons.

Test Outline:
- Evaluate the accuracy of the data analytics tool by comparing its recommendations against actual player performances over a season.
- Conduct user surveys to assess the perceived improvement in decision-making and satisfaction with the tool's effectiveness.","The original user story was clear but lacked measurable criteria and specific outcomes. The improved version emphasizes the use of data analytics, sets quantifiable acceptance criteria, and outlines a structured test plan to ensure the effectiveness of the solution.","that (ISO 29148)
improved (ISO 29148)
be able to (NASA ARM)
can (NASA ARM)
improved (NASA ARM)",4,4,0.0,4,4,0.0,5,5,0.0,4,5,1.0,4,5,1.0,3,5,2.0,4,5,1.0,—
A37US4Ll,"As a fantasy sports player, I want to access actionable insights generated through statistical analysis and data science, so that I can make informed decisions quickly.","User Story:
As a fantasy sports player, I want to receive actionable insights derived from advanced statistical analysis and data science techniques so that I can make informed decisions within 5 minutes of accessing the platform, enhancing my competitive edge.

Acceptance Criteria:
- Insights must be generated and displayed within 5 seconds of data retrieval for at least 90% of users.
- The accuracy of the insights should be validated to ensure at least an 85% success rate in improving user decision-making outcomes.
- User satisfaction regarding the usefulness of insights should reach a minimum of 80% in post-interaction surveys.

Test Outline:
- Measure the time taken to generate and display insights after data retrieval to ensure compliance with the 5-second requirement.
- Analyze user decision-making outcomes before and after utilizing the insights to confirm the accuracy rate.
- Conduct user surveys to assess satisfaction levels with the insights provided.","The original user story was well-structured but lacked specific measurable criteria. The improved version clarifies the user's needs, sets explicit performance metrics, and outlines a structured approach to testing the effectiveness of the insights.","that (ISO 29148)
can (NASA ARM)",4,4,0.0,4,4,0.0,5,5,0.0,4,5,1.0,5,5,0.0,4,5,1.0,4,5,1.0,—
A37US5Ll,"As a fantasy sports enthusiast, I want to evaluate player performance using metrics beyond Return on Investment (ROI), so that I can get a more comprehensive view of their abilities.","User Story:
As a fantasy sports enthusiast, I want to assess player performance using a variety of metrics, including points per game, consistency ratings, and injury history, so that I can gain a holistic understanding of their capabilities and make informed decisions for my team.

Acceptance Criteria:
- The evaluation must include at least 5 different performance metrics for each player.
- The system should provide a comparative analysis of players based on these metrics, with results generated within 3 seconds.
- User satisfaction regarding the comprehensiveness of the performance evaluation should reach at least 90% in feedback surveys.

Test Outline:
- Analyze a sample of player data to ensure that all specified metrics are included in the evaluation.
- Measure the time taken to generate the comparative analysis and confirm it meets the 3-second requirement.
- Conduct user surveys to gather feedback on the perceived value and comprehensiveness of the metrics provided.","The original user story was clear but lacked specificity and measurable criteria. The improved version enhances clarity by specifying the metrics to be used, establishes quantifiable acceptance criteria, and outlines a structured test plan to ensure the functionality meets user needs.","it (ISO 29148)
that (ISO 29148)
these (ISO 29148)
all (ISO 29148)
can (NASA ARM)",4,4,0.0,3,4,1.0,4,5,1.0,3,5,2.0,4,5,1.0,2,5,3.0,3,5,2.0,—
A37US6Ll,"As a fantasy sports player, I want to use data from the Fantasy Premier League (FPL) API to inform my decisions, so that I can leverage the latest and most accurate information.","User Story:
As a fantasy sports player, I want to access real-time data from the Fantasy Premier League (FPL) API so that I can make informed decisions based on the latest player statistics and team performance, ultimately improving my chances of winning.

Acceptance Criteria:
- The FPL API must provide updated player data within 5 minutes of any game event, ensuring timely information.
- At least 95% of API requests should return accurate data without errors.
- Users should report a satisfaction rate of 90% or higher regarding the usefulness of the data in their decision-making process.

Test Outline:
- Monitor the API response times and accuracy of data returned during peak usage to ensure compliance with the 5-minute update requirement.
- Conduct user surveys to evaluate the perceived value of the data in enhancing their fantasy sports strategies.","The original user story was clear but lacked measurable criteria and specific acceptance metrics. The improved version enhances clarity by specifying the capability, business relevance, and includes quantifiable acceptance criteria and a structured test outline.","that (ISO 29148)
timely (NASA ARM)
can (NASA ARM)",4,4,0.0,4,4,0.0,5,5,0.0,4,5,1.0,4,5,1.0,3,5,2.0,4,5,1.0,—
A37US7Ll,"As a fantasy sports enthusiast, I want to test my team selection and strategy against real-world data from the English Premier League, so that I can refine my approach and improve my chances of winning.","User Story:
As a fantasy sports enthusiast, I want to simulate my team selection and strategy using real-time data from the English Premier League so that I can analyze performance metrics and enhance my winning potential by at least 20% in upcoming matches.

Acceptance Criteria:
- The simulation must incorporate real-world player statistics and match outcomes, achieving at least 95% accuracy in reflecting actual performance.
- Users should be able to run simulations within 5 seconds for a complete analysis of their team.
- The system should provide actionable insights and recommendations that improve user strategy effectiveness by a minimum of 15%.

Test Outline:
- Validate the accuracy of the simulation results by comparing them with actual match data over a defined period.
- Measure the time taken to complete a simulation and ensure it meets the 5-second requirement.
- Gather user feedback on the usefulness of insights provided to confirm a 15% improvement in strategy effectiveness.","The original user story was well-defined but lacked measurable criteria and specific performance goals. The improved version clarifies the user's intent, emphasizes measurable outcomes, and provides a structured approach to testing the functionality.","it (ISO 29148)
that (ISO 29148)
be able to (NASA ARM)
can (NASA ARM)",4,4,0.0,4,4,0.0,5,5,0.0,4,5,1.0,5,5,0.0,4,5,1.0,4,5,1.0,—
A37US8Ll,"As a fantasy sports player, I want to identify undervalued players and hidden gems using statistical analysis, so that I can gain a competitive advantage.","User Story:
As a fantasy sports player, I want to utilize advanced statistical analysis tools to identify undervalued players and hidden gems so that I can enhance my team’s performance and increase my chances of winning by at least 20% in my league.

Acceptance Criteria:
- The analysis tool must provide a list of at least 10 undervalued players each week based on performance metrics and market trends.
- Users should be able to filter results by specific criteria, such as position and projected points, with a response time of under 3 seconds.
- The tool should demonstrate an accuracy rate of 85% or higher in predicting player performance compared to actual outcomes over the season.

Test Outline:
- Evaluate the tool's output weekly to ensure it consistently identifies the specified number of undervalued players.
- Measure the response time for filtering results to confirm it meets the 3-second requirement.
- Compare predicted player performances against actual results to assess the accuracy of the analysis.","The original user story was clear but lacked measurable criteria and specific business relevance. The improved version enhances clarity by specifying the desired outcomes, measurable acceptance criteria, and a structured test outline to ensure the functionality delivers value.","it (ISO 29148)
that (ISO 29148)
be able to (NASA ARM)
can (NASA ARM)",4,4,0.0,4,4,0.0,5,5,0.0,4,5,1.0,4,5,1.0,3,5,2.0,4,5,1.0,—
A37US9Ll,"As a fantasy sports enthusiast, I want to track player performance over time using data visualization, so that I can identify trends and patterns that inform my decisions.","User Story:
As a fantasy sports enthusiast, I want to utilize data visualization tools to track player performance over time so that I can identify trends and patterns, ultimately enhancing my decision-making for team management.

Acceptance Criteria:
- The data visualization must display player performance metrics over a minimum of 12 weeks, allowing users to analyze trends effectively.
- Users should be able to filter data by player, team, and performance metrics with response times not exceeding 3 seconds.
- At least 80% of users should report that the visualizations significantly aid in their decision-making process based on a post-usage survey.

Test Outline:
- Analyze the data visualization tool to ensure it accurately reflects player performance over the specified time frame.
- Measure the filtering response times to confirm they meet the 3-second requirement.
- Conduct user surveys to evaluate the perceived value of the visualizations in decision-making.",The original user story was well-structured but lacked specific measurable criteria. The improved version clarifies the capability and business relevance while providing explicit acceptance criteria and a structured test outline to enhance clarity and focus on user value.,"it (ISO 29148)
that (ISO 29148)
be able to (NASA ARM)
can (NASA ARM)",4,4,0.0,4,4,0.0,5,5,0.0,4,5,1.0,5,5,0.0,4,5,1.0,4,5,1.0,—
A37US10Ll,"As a fantasy sports player, I want to receive personalized recommendations for player selection based on my team's needs and my playing style, so that I can make informed decisions quickly and easily.","User Story:
As a fantasy sports player, I want to receive tailored player recommendations based on my team's composition and my unique playing style so that I can make informed decisions swiftly and enhance my chances of winning.

Acceptance Criteria:
- The recommendation system must analyze team needs and playing style to provide at least 5 personalized player suggestions within 3 seconds.
- The accuracy of the recommendations should be validated, achieving a success rate of 80% or higher in improving team performance based on historical data.
- User satisfaction with the recommendations should reach at least 90% in post-selection surveys.

Test Outline:
- Measure the time taken to generate recommendations after inputting team details and playing style.
- Analyze the performance of selected players against the recommendations to verify the accuracy rate.
- Conduct user surveys to assess satisfaction levels with the recommendations provided.","The original user story was well-structured but could benefit from more explicit measurable criteria. The improved version clarifies the user's intent, strengthens the business relevance, and includes specific acceptance criteria and a test outline to ensure the functionality is effective and valuable.","that (ISO 29148)
can (NASA ARM)",4,4,0.0,4,4,0.0,5,5,0.0,4,5,1.0,5,5,0.0,4,5,1.0,4,5,1.0,—
A38US1Ll,"As an HR recruiter, I want to automate the task of segregating candidates based on eligibility criteria and personality evaluation, so I can save time and reduce manual errors.","User Story:
As an HR recruiter, I want to automate the segregation of candidates based on eligibility criteria and personality evaluations so that I can save at least 30% of my time on candidate screening and minimize manual errors by 90%.

Acceptance Criteria:
- The automation system must accurately categorize candidates according to eligibility criteria with at least 95% precision.
- The time taken to process and segregate candidates should not exceed 5 minutes for a batch of 100 applications.
- The system should generate a report detailing the categorization results, with a user satisfaction rate of 90% or higher regarding its accuracy and efficiency.

Test Outline:
- Validate the accuracy of candidate categorization by comparing automated results against manual evaluations for a sample set.
- Measure the time taken to process candidate applications in batches to ensure it meets the 5-minute requirement.
- Conduct user surveys to assess satisfaction with the automation process and its effectiveness.","The original user story was clear but lacked measurable criteria and specific benefits. The improved version enhances clarity by specifying quantifiable goals, such as time savings and error reduction, while providing structured acceptance criteria and a test outline.","it (ISO 29148)
that (ISO 29148)
can (NASA ARM)",4,4,0.0,4,4,0.0,4,4,0.0,4,5,1.0,4,5,1.0,3,5,2.0,4,4,0.0,—
A38US2Ll,"As a hiring manager, I want to use an online application to register candidate details and analyze their personalities through an online Multiple-Choice Question (MCQ) test, so I can assess candidates more efficiently.","User Story:
As a hiring manager, I want to utilize an online application to input candidate details and evaluate their personalities through a structured Multiple-Choice Question (MCQ) test, so that I can streamline the assessment process and make informed hiring decisions.

Acceptance Criteria:
- The application must allow the entry of candidate details and save them within 3 seconds for at least 95% of submissions.
- The MCQ test should provide results that accurately reflect candidate personalities with a reliability score of 90% or higher.
- The system should generate a comprehensive analysis report for each candidate within 5 minutes of test completion.

Test Outline:
- Measure the time taken to save candidate details and ensure it meets the 3-second requirement.
- Validate the accuracy of the personality assessment by comparing results with established personality benchmarks.
- Test the report generation process to confirm it is completed within the specified time frame.","The original user story was clear but lacked measurable criteria and specific details. The improved version enhances clarity by specifying the capabilities, providing quantifiable acceptance criteria, and outlining a structured test plan to ensure the functionality meets business needs.","it (ISO 29148)
that (ISO 29148)
can (NASA ARM)",4,4,0.0,4,4,0.0,4,5,1.0,4,5,1.0,4,5,1.0,4,5,1.0,4,5,1.0,—
A38US3Ll,"As a job seeker, I want to take an online personality quiz as part of the recruitment process, so I can showcase my personality traits and skills to potential employers.","User Story:
As a job seeker, I want to complete an online personality quiz during the recruitment process so that I can effectively demonstrate my personality traits and skills to potential employers, increasing my chances of securing a job.

Acceptance Criteria:
- The personality quiz must be accessible to candidates within 1 click from the application portal.
- At least 80% of candidates should complete the quiz within 15 minutes.
- The quiz results should be integrated into the candidate profiles and made available to recruiters within 24 hours.

Test Outline:
- Verify the accessibility of the quiz by tracking the number of clicks required to access it from the application portal.
- Measure the completion rate and time taken by candidates to finish the quiz.
- Check the integration of quiz results into candidate profiles to ensure they are available to recruiters within the specified timeframe.","The original user story was clear but lacked measurable criteria and specific acceptance standards. The improved version enhances clarity by specifying the user’s needs, providing quantifiable acceptance criteria, and outlining a structured test plan to ensure the functionality meets business objectives.","it (ISO 29148)
that (ISO 29148)
can (NASA ARM)",4,4,0.0,4,4,0.0,4,5,1.0,4,5,1.0,4,5,1.0,3,5,2.0,4,5,1.0,—
A38US4Ll,"As an HR professional, I want the system to analyze professional eligibility by comparing uploaded Curriculum Vitae with trained datasets, so I can identify the most suitable candidates for the job.","User Story:
As an HR professional, I want the system to evaluate candidates' professional eligibility by comparing uploaded Curriculum Vitae against a comprehensive dataset of qualifications and skills, so that I can efficiently identify the top 10% of suitable candidates for each job opening.

Acceptance Criteria:
- The system must analyze and rank candidates based on their CVs within 5 seconds of upload for timely decision-making.
- At least 85% of the top-ranked candidates should meet the minimum qualifications specified in the job description.
- The analysis should provide a detailed report highlighting key strengths and weaknesses of each candidate within 2 minutes.

Test Outline:
- Measure the time taken for the system to analyze and rank candidates' CVs after upload.
- Validate the accuracy of the ranking by cross-referencing the qualifications of the top candidates with the job requirements.
- Review the generated reports for clarity and relevance to ensure they meet user expectations.","The original user story was clear but lacked measurable criteria and specific outcomes. The improved version enhances clarity by specifying the evaluation process, quantifying the expected results, and providing a structured test outline to ensure the system's effectiveness.","that (ISO 29148)
timely (NASA ARM)
can (NASA ARM)",4,4,0.0,4,4,0.0,4,4,0.0,4,5,1.0,5,5,0.0,4,5,1.0,4,4,0.0,—
A38US5Ll,"As a recruiter, I want to use a machine learning algorithm like Logistic Regression to make fair and unbiased decisions during the recruitment process, so I can ensure diversity and inclusivity.","User Story:
As a recruiter, I want to implement a machine learning algorithm, such as Logistic Regression, to analyze candidate data objectively so that I can enhance fairness and reduce bias in the recruitment process, ultimately promoting diversity and inclusivity within the organization.

Acceptance Criteria:
- The algorithm must achieve at least 85% accuracy in predicting candidate suitability based on historical data.
- The recruitment process should show a 20% increase in the diversity of shortlisted candidates within the first three hiring cycles.
- User feedback from hiring managers should indicate a satisfaction rate of 90% or higher regarding the perceived fairness of the selection process.

Test Outline:
- Evaluate the algorithm's performance by comparing its predictions against actual hiring outcomes to ensure it meets the 85% accuracy threshold.
- Analyze the demographic data of shortlisted candidates before and after implementing the algorithm to measure the increase in diversity.
- Conduct surveys with hiring managers to assess their perceptions of fairness in the recruitment process post-implementation.","The original user story was clear but lacked measurable criteria and specific outcomes. The improved version enhances clarity by specifying the algorithm's purpose, providing quantifiable acceptance criteria, and outlining a structured test plan to ensure the effectiveness of the recruitment process.","it (ISO 29148)
that (ISO 29148)
can (NASA ARM)",4,4,0.0,4,4,0.0,4,5,1.0,4,5,1.0,4,5,1.0,3,5,2.0,4,5,1.0,—
A38US6Ll,"As a candidate, I want to receive feedback on my personality quiz results, so I can understand my strengths and weaknesses and improve my overall employability.","User Story:
As a candidate, I want to receive detailed feedback on my personality quiz results so that I can identify my strengths and weaknesses, enabling me to enhance my employability by at least 20% over the next six months.

Acceptance Criteria:
- Feedback must be provided within 24 hours of quiz completion for 95% of candidates.
- The feedback report should include at least three actionable insights for improvement.
- Candidates should report a satisfaction rate of 90% or higher regarding the usefulness of the feedback received.

Test Outline:
- Track the time taken to deliver feedback to ensure it meets the 24-hour requirement.
- Analyze the content of feedback reports to confirm they include the required actionable insights.
- Conduct surveys to measure candidate satisfaction with the feedback process.","The original user story was clear but lacked measurable criteria and specific business relevance. The improved version enhances clarity by specifying the expected outcomes, measurable acceptance criteria, and a structured test outline to assess the effectiveness of the feedback.","it (ISO 29148)
that (ISO 29148)
can (NASA ARM)",4,4,0.0,4,4,0.0,4,5,1.0,4,5,1.0,4,5,1.0,3,5,2.0,4,5,1.0,—
A38US7Ll,"As an admin, I want to receive the final results of the personality quizzes, so I can review and manage the recruitment process more effectively.","User Story:
As an admin, I want to receive the final results of the personality quizzes in a structured report format so that I can efficiently review candidate profiles and make informed decisions in the recruitment process.

Acceptance Criteria:
- The system must generate and deliver the quiz results report within 10 minutes of quiz completion for at least 95% of candidates.
- The report should include key metrics such as candidate scores, strengths, and areas for improvement, ensuring clarity and usability.
- Admins should be able to access historical quiz results for at least the last 12 months to track trends and make data-driven decisions.

Test Outline:
- Measure the time taken to generate and deliver the report after quiz completion to ensure it meets the 10-minute requirement.
- Review the content of the report for completeness and clarity against a checklist of required metrics.
- Verify access to historical data by retrieving and reviewing past reports for the specified time frame.","The original user story was clear but lacked specificity and measurable criteria. The improved version enhances clarity by specifying the format of the results, outlines explicit acceptance criteria, and provides a structured test plan to ensure the functionality meets the admin's needs.","it (ISO 29148)
that (ISO 29148)
be able to (NASA ARM)
can (NASA ARM)",4,4,0.0,4,4,0.0,4,4,0.0,4,5,1.0,4,5,1.0,3,5,2.0,4,4,0.0,—
A38US8Ll,"As a hiring manager, I want to use the system to identify the most eligible candidates based on their personality traits and professional eligibility, so I can make informed hiring decisions.","User Story:
As a hiring manager, I want to utilize the system to assess candidates based on their personality traits and professional qualifications so that I can make data-driven hiring decisions that enhance team performance.

Acceptance Criteria:
- The system must analyze and rank candidates based on at least 5 key personality traits and 3 professional qualifications, providing a score for each candidate.
- The accuracy of the candidate ranking should be validated by achieving a correlation of 85% or higher with hiring outcomes over a 6-month period.
- The system should allow hiring managers to filter candidates based on specific traits and qualifications, with at least 90% of users reporting ease of use.

Test Outline:
- Conduct a pilot test with a sample of candidates to evaluate the ranking accuracy and correlation with actual hiring success.
- Gather user feedback through surveys to assess the functionality and usability of the filtering options.","The original user story was clear but lacked measurable criteria and specific details. The improved version enhances clarity by specifying the dimensions of assessment, measurable acceptance criteria, and a structured test outline to ensure the system's effectiveness in supporting hiring decisions.","that (ISO 29148)
can (NASA ARM)",4,4,0.0,4,4,0.0,4,5,1.0,4,5,1.0,4,5,1.0,3,5,2.0,4,5,1.0,—
A38US9Ll,"As an HR specialist, I want to use the system to reduce the time and cost associated with manual shortlisting of candidates, so I can optimize the recruitment process.","User Story:
As an HR specialist, I want to leverage the system to automate the candidate shortlisting process so that I can decrease the time spent on manual tasks by at least 50% and reduce recruitment costs by 30%, ultimately streamlining the hiring process.

Acceptance Criteria:
- The system must automate candidate shortlisting within 5 minutes for at least 80% of applications received.
- The time taken for manual shortlisting should be reduced from an average of 10 hours to no more than 5 hours per recruitment cycle.
- The overall recruitment costs should decrease by 30% within the first three months of implementation.

Test Outline:
- Measure the time taken for the automated shortlisting process compared to manual efforts over multiple recruitment cycles.
- Analyze the cost savings by comparing recruitment expenses before and after implementing the automated system.","The original user story was clear but lacked specific, measurable criteria. The improved version enhances clarity by specifying quantifiable goals for time and cost reduction, along with detailed acceptance criteria and a structured test outline.","that (ISO 29148)
can (NASA ARM)
more (NASA ARM)",4,4,0.0,4,4,0.0,4,4,0.0,4,5,1.0,4,5,1.0,3,5,2.0,4,4,0.0,—
A38US10Ll,"As a business owner, I want to use the system to identify top talent and reduce turnover rates by hiring candidates who are the best fit for the company culture and job requirements.","User Story:
As a business owner, I want to leverage the system to identify top talent and minimize turnover rates by hiring candidates who align with our company culture and meet job requirements, thereby increasing employee retention by at least 20% within the first year.

Acceptance Criteria:
- The system must provide a compatibility score for candidates based on cultural fit and job requirements, achieving at least 85% accuracy.
- The hiring process should reduce the average time-to-hire to no more than 30 days.
- Employee turnover rates should decrease by at least 20% within 12 months of implementing the new hiring strategy.

Test Outline:
- Analyze the compatibility scores generated by the system against employee performance and retention data to validate accuracy.
- Track the time taken from job posting to candidate hiring to ensure it meets the 30-day target.
- Monitor turnover rates over the year following the implementation to confirm a reduction of at least 20%.","The original user story was clear but lacked measurable criteria and specific goals. The improved version enhances clarity by specifying quantifiable acceptance criteria and a structured test outline, focusing on business impact and measurable outcomes.","it (ISO 29148)
more (NASA ARM)",4,4,0.0,4,4,0.0,4,4,0.0,4,5,1.0,4,5,1.0,3,5,2.0,4,4,0.0,—
A39US1Ll,"As a music enthusiast, I want to understand what makes a playlist successful, so I can create playlists that resonate with my audience.","User Story:
As a music enthusiast, I want to analyze the key factors that contribute to a successful playlist so that I can create playlists that engage at least 75% of my audience and increase listener retention by 20%.

Acceptance Criteria:
- Identify and document at least 5 critical elements that influence playlist success, such as song variety, tempo, and thematic coherence.
- Conduct surveys to gather feedback from at least 100 listeners, aiming for a satisfaction rate of 80% or higher regarding the playlists created.
- Track the performance of newly created playlists, ensuring that they achieve a minimum of 500 plays within the first month of release.

Test Outline:
- Review and analyze existing successful playlists to extract common characteristics and trends.
- Implement listener surveys to evaluate the effectiveness of the playlists and gather qualitative feedback.","The original user story was clear but lacked measurable criteria and specific goals. The improved version enhances clarity by defining explicit success metrics, acceptance criteria, and a structured testing approach to ensure the playlists resonate with the audience.","that (ISO 29148)
can (NASA ARM)",3,4,1.0,2,5,3.0,3,5,2.0,2,5,3.0,3,5,2.0,2,5,3.0,3,5,2.0,—
A39US2Ll,"As a music industry expert, I want to analyze the musical characteristics of songs that contribute to a successful playlist, so I can advise artists and labels on effective playlist strategies.","User Story:
As a music industry expert, I want to analyze the musical characteristics of songs that lead to successful playlists so that I can provide data-driven recommendations to artists and labels for optimizing their playlist strategies.

Acceptance Criteria:
- The analysis must identify at least 5 key musical characteristics (e.g., tempo, key, genre) that correlate with playlist success, supported by data from a minimum of 100 playlists.
- The recommendations should improve playlist placement success rates by at least 20% for artists implementing the strategies.
- A report summarizing the findings and recommendations must be delivered within 2 weeks of the analysis completion.

Test Outline:
- Review the analysis results to ensure the identification of the specified number of musical characteristics and their correlation with playlist success.
- Track the success rates of artists who apply the recommendations over a 3-month period to measure the impact.","The original user story was clear but lacked measurable criteria and specific outcomes. The improved version enhances clarity by specifying quantifiable acceptance criteria and a structured test outline, ensuring the story is actionable and focused on business value.","that (ISO 29148)
can (NASA ARM)",4,4,0.0,4,4,0.0,4,5,1.0,4,5,1.0,4,5,1.0,3,5,2.0,4,5,1.0,—
A39US3Ll,"As a playlist creator, I want to predict the success of my playlists, so I can refine my craft and increase my chances of going viral.","User Story:
As a playlist creator, I want to analyze predictive metrics for my playlists so that I can enhance my curation skills and improve the likelihood of achieving viral status by at least 30%.

Acceptance Criteria:
- The prediction model must analyze at least 5 key metrics (e.g., genre popularity, listener engagement, social media shares) to forecast playlist success with a minimum accuracy of 85%.
- Users should receive actionable insights within 10 seconds of submitting their playlist for analysis.
- At least 70% of users should report an increase in their playlists' engagement rates after applying the insights provided.

Test Outline:
- Validate the accuracy of the prediction model by comparing its forecasts against actual playlist performance over a 3-month period.
- Measure the time taken for the analysis to ensure it meets the 10-second requirement.
- Conduct user surveys to assess the effectiveness of the insights in improving engagement rates.","The original user story was clear but lacked measurable criteria and specific metrics. The improved version enhances clarity by specifying the desired outcomes, measurable acceptance criteria, and a structured test outline to ensure the functionality's effectiveness.","it (ISO 29148)
that (ISO 29148)
can (NASA ARM)",2,4,2.0,2,4,2.0,3,5,2.0,2,5,3.0,3,5,2.0,2,5,3.0,2,5,3.0,—
A39US4Ll,"As a music streamer, I want to identify the factors that drive engagement on popular playlists, so I can offer personalized recommendations to my users.","User Story:
As a music streamer, I want to analyze the key factors influencing user engagement on popular playlists so that I can provide tailored recommendations that increase user retention by at least 20%.

Acceptance Criteria:
- Identify and quantify at least 5 engagement factors (e.g., song tempo, genre diversity, artist popularity) that correlate with user interactions.
- Implement a tracking system to measure user engagement metrics, achieving a minimum of 80% data accuracy.
- Generate personalized recommendations based on the identified factors, with a target of increasing playlist interaction rates by 15% within the first month of implementation.

Test Outline:
- Conduct data analysis to determine the correlation between identified factors and user engagement metrics.
- Monitor user interaction rates on playlists before and after implementing personalized recommendations to assess the effectiveness of the changes.","The original user story was clear but lacked specificity and measurable criteria. The improved version clarifies the role, specifies the capability, and outlines explicit, quantifiable acceptance criteria and a structured test outline to enhance clarity and focus on business impact.","that (ISO 29148)
can (NASA ARM)",4,5,1.0,4,4,0.0,4,5,1.0,4,5,1.0,4,5,1.0,3,5,2.0,4,5,1.0,—
A39US5Ll,"As a music marketer, I want to leverage machine learning to optimize playlist design strategies, so I can promote my artists' music more effectively.","User Story:
As a music marketer, I want to utilize machine learning algorithms to enhance playlist design strategies so that I can increase the engagement rate of my artists' music by at least 30% within the next quarter.

Acceptance Criteria:
- The machine learning model must analyze listener data and generate optimized playlists that improve streaming rates by a minimum of 25%.
- The implementation should result in a 15% increase in user interactions (likes, shares, saves) with the playlists over the next three months.
- A/B testing should show that at least 70% of users prefer the machine-generated playlists over manually curated ones.

Test Outline:
- Evaluate the performance of the machine learning model by comparing streaming rates before and after implementation.
- Track user interaction metrics for both machine-generated and manually curated playlists to assess engagement levels.","The original user story was clear but lacked measurable criteria and specific targets. The improved version strengthens the business relevance by providing explicit metrics for success, ensuring clarity in the expected outcomes and a structured testing approach.","that (ISO 29148)
can (NASA ARM)",4,5,1.0,3,4,1.0,4,5,1.0,3,5,2.0,4,5,1.0,2,5,3.0,3,5,2.0,—
A39US6Ll,"As a user, I want the playlist success prediction model to accurately forecast the success of popular playlists, so I can discover new music that resonates with the masses.","User Story:
As a user, I want the playlist success prediction model to reliably forecast the popularity of playlists with at least 85% accuracy, so that I can discover trending music that resonates with a wide audience.

Acceptance Criteria:
- The model must achieve a minimum accuracy rate of 85% when predicting the success of playlists based on historical data.
- Predictions should be generated within 5 seconds to ensure timely recommendations.
- User engagement metrics, such as the number of plays and shares, should increase by at least 20% for playlists recommended by the model.

Test Outline:
- Validate the model's accuracy by comparing its predictions against actual playlist performance over a defined period.
- Measure the time taken for the model to generate predictions to ensure it meets the 5-second requirement.
- Analyze user engagement data before and after implementing the model to assess the impact on playlist popularity.","The original user story was clear but lacked measurable criteria and specific performance metrics. The improved version enhances clarity by specifying accuracy, response time, and user engagement goals, along with a structured test outline to verify the model's effectiveness.","it (ISO 29148)
that (ISO 29148)
timely (NASA ARM)
can (NASA ARM)",4,5,1.0,4,4,0.0,4,5,1.0,4,5,1.0,4,5,1.0,3,5,2.0,4,5,1.0,—
A39US7Ll,"As a music enthusiast, I want the model to effectively identify unpopular playlists, so I can avoid wasting time on low-quality content.","User Story:
As a music enthusiast, I want the model to accurately identify and flag playlists with low engagement metrics so that I can avoid spending time on content that has less than 50 plays and a user rating below 3 stars.

Acceptance Criteria:
- The model must identify playlists with fewer than 50 plays and a rating below 3 stars with at least 90% accuracy.
- The identification process should be completed within 5 seconds for each playlist analyzed.
- Users should report a satisfaction rate of 80% or higher regarding the effectiveness of the model in filtering out low-quality playlists.

Test Outline:
- Evaluate the model's performance by comparing its identification results against a curated list of known low-quality playlists.
- Measure the time taken for the model to analyze and flag playlists to ensure it meets the 5-second requirement.","The original user story was clear but lacked measurable criteria and specific thresholds for quality. The improved version clarifies the user's intent, specifies quantifiable acceptance criteria, and outlines a structured test plan to ensure the model's effectiveness.","it (ISO 29148)
that (ISO 29148)
can (NASA ARM)
less (NASA ARM)",4,4,0.0,3,4,1.0,4,5,1.0,3,5,2.0,4,5,1.0,2,5,3.0,3,5,2.0,—
A39US8Ll,"As a music industry professional, I want to harness the power of machine learning to deliver personalized music recommendations, so I can increase user engagement and loyalty.","User Story:
As a music industry professional, I want to leverage machine learning algorithms to provide tailored music recommendations for users so that I can boost user engagement by at least 30% and enhance customer loyalty metrics by 20% over the next quarter.

Acceptance Criteria:
- The recommendation system must achieve a minimum accuracy rate of 85% in predicting user preferences based on their listening history.
- User engagement metrics, such as average session duration, should increase by at least 30% within three months of implementation.
- Customer loyalty, measured by repeat usage rates, should improve by 20% within the same timeframe.

Test Outline:
- Analyze the accuracy of the recommendation system by comparing suggested tracks against user feedback and preferences.
- Monitor user engagement metrics before and after the implementation to assess the increase in session duration.
- Track repeat usage rates to evaluate improvements in customer loyalty.","The original user story was well-structured but lacked specific measurable criteria. The improved version clarifies the expected outcomes, provides quantifiable acceptance criteria, and outlines a test plan to ensure the effectiveness of the machine learning implementation.","that (ISO 29148)
can (NASA ARM)",4,4,0.0,4,4,0.0,4,5,1.0,4,5,1.0,4,5,1.0,3,5,2.0,4,5,1.0,—
A39US9Ll,"As a playlist curator, I want to use the insights from the model to elevate playlist creation and enrich the music consumption experience, so I can build a loyal following.","User Story:
As a playlist curator, I want to leverage data-driven insights from the model to enhance my playlist creation process and improve the overall music consumption experience, so that I can grow my follower base by at least 30% over the next six months.

Acceptance Criteria:
- The insights provided by the model must lead to a 20% increase in user engagement metrics (likes, shares, and saves) for curated playlists.
- At least 75% of users should report an improved experience with the playlists after implementing the insights.
- The time taken to create a playlist using the insights should be reduced by 40% compared to the previous method.

Test Outline:
- Analyze user engagement metrics before and after the implementation of insights to measure the increase.
- Conduct user surveys to gather feedback on their experience with the updated playlists.
- Track the time spent on playlist creation to ensure it meets the 40% reduction target.","The original user story was well-intentioned but lacked specificity and measurable criteria. The improved version clarifies the user's goals, provides explicit business-relevant benefits, and includes quantifiable acceptance criteria and a structured test outline to enhance clarity and focus on achieving measurable outcomes.","it (ISO 29148)
that (ISO 29148)
improved (ISO 29148)
can (NASA ARM)
improved (NASA ARM)",2,4,2.0,2,4,2.0,3,5,2.0,2,5,3.0,4,5,1.0,2,5,3.0,3,5,2.0,—
A39US10Ll,"As a music fan, I want the model to provide valuable insights into playlist creation, so I can enjoy a more tailored and enjoyable music-listening experience.","User Story:
As a music fan, I want the model to generate personalized insights for playlist creation so that I can enhance my music-listening experience with tailored recommendations that match my preferences.

Acceptance Criteria:
- The model should analyze user listening habits and provide at least 5 personalized playlist suggestions based on their top genres and artists.
- Each playlist should contain a minimum of 10 tracks that align with the user's musical tastes.
- User satisfaction with the playlist recommendations should reach at least 90% based on feedback surveys.

Test Outline:
- Evaluate the model's playlist suggestions by comparing them against user listening history to ensure relevance.
- Conduct user surveys to measure satisfaction levels with the generated playlists and track the percentage of users who find the recommendations enjoyable.","The original user story was somewhat vague and lacked measurable criteria. The improved version clarifies the user's role and needs, specifies quantifiable acceptance criteria, and outlines a structured test plan to assess the effectiveness of the insights provided.","that (ISO 29148)
can (NASA ARM)",3,5,2.0,3,5,2.0,4,5,1.0,3,5,2.0,4,5,1.0,2,5,3.0,3,5,2.0,—
A40US1Ll,"As a social network user, I want to be protected from cyber-criminals that try to compromise my account, so that I can feel safe online.","User Story:
As a social network user, I want robust security measures in place to protect my account from cyber-criminals so that I can feel secure while engaging with the platform.

Acceptance Criteria:
- The system must implement two-factor authentication (2FA) for at least 90% of user accounts within the next quarter.
- Security alerts should be sent to users within 1 minute of any suspicious login attempt.
- User satisfaction regarding account security should reach at least 95% in post-implementation surveys.

Test Outline:
- Verify the implementation of 2FA by checking the percentage of users who have enabled it.
- Monitor the response time for security alerts to ensure they are sent within the specified timeframe.
- Conduct user surveys to assess perceived security and satisfaction levels after the new measures are in place.","The original user story was clear but lacked measurable criteria and specific actions. The improved version enhances clarity by specifying security measures, quantifiable acceptance criteria, and a structured test outline to ensure the effectiveness of the security enhancements.","robust (ISO 29148)
secure (ISO 29148)
it (ISO 29148)
that (ISO 29148)
can (NASA ARM)",4,5,1.0,3,4,1.0,4,5,1.0,3,5,2.0,4,5,1.0,2,5,3.0,3,5,2.0,—
A40US2Ll,"As a social network administrator, I want to be able to detect compromised accounts on my platform, so that I can prevent cyber-criminals from abusing trust relationships.","User Story:
As a social network administrator, I want to implement a system to detect compromised accounts on my platform so that I can proactively prevent cyber-criminals from exploiting user trust and maintain a secure environment.

Acceptance Criteria:
- The detection system must identify at least 95% of compromised accounts within 1 hour of suspicious activity.
- The system should generate alerts for administrators within 5 minutes of detecting a potential compromise.
- User reports of compromised accounts should decrease by at least 30% within 3 months of implementing the detection system.

Test Outline:
- Simulate various scenarios of account compromise to evaluate the system's detection accuracy and response time.
- Analyze user report data before and after implementation to measure the reduction in reported compromised accounts.","The original user story was clear but lacked specific, measurable criteria. The improved version enhances clarity by specifying the capability, business relevance, and measurable acceptance criteria, along with a structured test outline to ensure effectiveness.","secure (ISO 29148)
that (ISO 29148)
can (NASA ARM)",4,4,0.0,4,4,0.0,5,5,0.0,4,5,1.0,4,5,1.0,3,5,2.0,4,5,1.0,—
A40US3Ll,"As a security analyst, I want to be able to analyze login data to identify patterns of suspicious behavior, so that I can detect potential account compromises.","User Story:
As a security analyst, I want to analyze login data to identify patterns of suspicious behavior so that I can proactively detect potential account compromises and enhance overall security.

Acceptance Criteria:
- The analysis tool must process login data and highlight suspicious patterns with at least 95% accuracy.
- Analysts should be able to generate reports on suspicious activities within 5 minutes of data retrieval.
- The system should flag at least 90% of confirmed account compromises based on historical data patterns.

Test Outline:
- Validate the accuracy of the analysis tool by comparing flagged patterns against known incidents of account compromise.
- Measure the time taken to generate reports and ensure it meets the 5-minute requirement.","The original user story was clear but lacked measurable criteria and specific outcomes. The improved version enhances clarity by specifying the accuracy of the analysis, the efficiency of report generation, and the effectiveness of the system in detecting compromises, thus strengthening the INVEST dimensions.","it (ISO 29148)
that (ISO 29148)
be able to (NASA ARM)
can (NASA ARM)",4,4,0.0,4,4,0.0,5,5,0.0,4,5,1.0,4,5,1.0,3,5,2.0,4,5,1.0,—
A40US4Ll,"As a social network administrator, I want to be able to train an anomaly model on previous login data, so that I can improve the accuracy of compromised account detection.","User Story:
As a social network administrator, I want to train an anomaly detection model using historical login data so that I can enhance the accuracy of identifying compromised accounts by at least 30%.

Acceptance Criteria:
- The model must be trained on a dataset comprising at least 10,000 login records to ensure statistical significance.
- The accuracy of the model in detecting compromised accounts should reach a minimum of 95% during validation tests.
- The model should reduce false positives by at least 20% compared to the current detection system.

Test Outline:
- Evaluate the model's performance by measuring its accuracy and false positive rate against a separate validation dataset.
- Conduct a comparison analysis of the new model's results with the existing detection system to quantify improvements.","The original user story was clear but lacked specific, measurable criteria. The improved version emphasizes quantifiable goals for accuracy and dataset size, enhancing clarity and focus on business impact while maintaining the original intent.","that (ISO 29148)
can (NASA ARM)",4,5,1.0,4,4,0.0,5,5,0.0,4,5,1.0,4,5,1.0,3,5,2.0,4,5,1.0,—
A40US5Ll,"As a security analyst, I want to be able to monitor user login behavior for sudden changes, so that I can identify potential attempts to compromise an account.","User Story:
As a security analyst, I want to monitor user login behavior for any sudden anomalies so that I can proactively identify and respond to potential account compromise attempts.

Acceptance Criteria:
- The system must log and analyze user login patterns, flagging any deviations greater than 20% from the average login frequency.
- Alerts should be generated within 5 minutes of detecting unusual login behavior for at least 90% of flagged cases.
- A report summarizing detected anomalies should be generated weekly, with at least 95% accuracy in identifying true security threats.

Test Outline:
- Simulate various login behaviors to test the system's ability to detect and flag anomalies based on predefined thresholds.
- Review the alert generation process to ensure it meets the 5-minute response time requirement and assess the accuracy of the weekly reports.","The original user story was clear but lacked specific measurable criteria. The improved version enhances clarity by defining explicit metrics for monitoring, alerting, and reporting, ensuring a stronger focus on security outcomes.","it (ISO 29148)
that (ISO 29148)
can (NASA ARM)
greater (NASA ARM)",4,4,0.0,4,4,0.0,5,5,0.0,4,5,1.0,4,5,1.0,3,5,2.0,4,5,1.0,—
A40US6Ll,"As a social network user, I want to be notified if my account is suspected of being compromised, so that I can take action to secure my account.","User Story:
As a social network user, I want to receive immediate notifications if my account is suspected of being compromised so that I can take prompt action to secure my account and protect my personal information.

Acceptance Criteria:
- Users must receive a notification within 5 minutes of any suspicious activity detected on their account.
- The notification system should achieve a 98% accuracy rate in identifying potential security threats.
- Users should be able to access a detailed report of the suspicious activity within the notification, with at least 90% of users finding the information helpful.

Test Outline:
- Simulate various scenarios of suspicious activity to verify that notifications are sent within the 5-minute window.
- Track the accuracy of the notification system by comparing alerts against actual security incidents.
- Conduct user surveys to assess the usefulness of the information provided in the notifications.","The original user story was clear but lacked measurable criteria and specific details. The improved version enhances clarity by specifying the timing, accuracy, and user feedback metrics, making it more actionable and aligned with business objectives.","secure (ISO 29148)
that (ISO 29148)
be able to (NASA ARM)
can (NASA ARM)",4,4,0.0,4,4,0.0,5,5,0.0,4,5,1.0,4,5,1.0,3,5,2.0,4,5,1.0,—
A40US7Ll,"As a security analyst, I want to be able to evaluate the efficiency of the anomaly model using metrics such as sensitivity, specificity, and overall accuracy, so that I can improve the model's performance.","User Story:
As a security analyst, I want to assess the effectiveness of the anomaly detection model using quantifiable metrics like sensitivity, specificity, and overall accuracy so that I can enhance the model's performance and reduce false positives by at least 20%.

Acceptance Criteria:
- The model's sensitivity must be ≥ 90% to ensure it correctly identifies true anomalies.
- The specificity should be ≥ 85% to minimize false alarms.
- Overall accuracy of the model must reach at least 88% based on a validation dataset.

Test Outline:
- Evaluate the model using a test dataset to calculate sensitivity, specificity, and overall accuracy.
- Compare the results against the established benchmarks to determine if the model meets the acceptance criteria.","The original user story was clear but lacked specific, measurable criteria for evaluating the model's performance. The improved version adds explicit metrics and targets, enhancing clarity and focus on business impact.","it (ISO 29148)
that (ISO 29148)
can (NASA ARM)",4,4,0.0,4,4,0.0,5,5,0.0,4,5,1.0,5,5,0.0,4,5,1.0,4,5,1.0,—
A40US8Ll,"As a social network administrator, I want to be able to integrate the anomaly model into my platform, so that I can automate the detection of compromised accounts.","User Story:
As a social network administrator, I want to integrate an anomaly detection model into my platform so that I can automatically identify and respond to compromised accounts, enhancing user security and trust.

Acceptance Criteria:
- The anomaly detection model must achieve at least 95% accuracy in identifying compromised accounts based on historical data.
- The system should generate alerts for detected anomalies within 1 minute of occurrence.
- The integration process should be completed with minimal downtime, not exceeding 30 minutes.

Test Outline:
- Evaluate the model's accuracy by testing it against a dataset of known compromised accounts to ensure it meets the 95% accuracy requirement.
- Monitor the time taken for the system to generate alerts after an anomaly is detected to verify it meets the 1-minute threshold.
- Assess the integration process by tracking downtime during implementation.","The original user story was clear but lacked measurable criteria and specific outcomes. The improved version enhances clarity by specifying the accuracy, response time, and integration limits, making it more actionable and focused on business value.","it (ISO 29148)
that (ISO 29148)
minimal (ISO 29148)
can (NASA ARM)",4,4,0.0,4,4,0.0,5,5,0.0,4,5,1.0,4,5,1.0,3,5,2.0,4,5,1.0,—
A40US9Ll,"As a security analyst, I want to be able to analyze the results of the anomaly model to identify trends and patterns of account compromise, so that I can improve the overall security of the platform.","User Story:
As a security analyst, I want to analyze the results generated by the anomaly detection model to identify trends and patterns related to account compromises, so that I can enhance the platform's security measures and reduce incidents by at least 30% over the next quarter.

Acceptance Criteria:
- The analysis tool must provide insights on at least 95% of detected anomalies within 5 minutes of occurrence.
- The system should allow for the identification of at least 3 distinct trends or patterns related to account compromises each month.
- User feedback from security analysts should indicate a satisfaction rate of 90% or higher regarding the usability and effectiveness of the analysis tool.

Test Outline:
- Measure the time taken for the tool to generate insights on detected anomalies and verify it meets the 5-minute requirement.
- Review monthly reports to confirm the identification of at least 3 trends or patterns.
- Conduct user surveys to assess the satisfaction level of security analysts with the analysis tool.","The original user story was clear but lacked measurable criteria and specific goals. The improved version enhances clarity by specifying quantifiable acceptance criteria and a test outline, focusing on the impact of the analysis on overall security.","it (ISO 29148)
that (ISO 29148)
can (NASA ARM)",4,4,0.0,4,4,0.0,5,5,0.0,4,5,1.0,4,5,1.0,3,5,2.0,4,5,1.0,—
A40US10Ll,"As a social network administrator, I want to be able to provide a secure online environment for my users, so that they can trust my platform and feel safe online.","User Story:
As a social network administrator, I want to implement robust security measures to create a safe online environment for my users so that they can trust my platform and engage without fear of data breaches or harassment.

Acceptance Criteria:
- Security protocols must ensure that user data is encrypted both in transit and at rest, achieving a minimum encryption standard of AES-256.
- The platform should have a user-reported incident response time of less than 1 hour for any security-related issues.
- At least 98% of users should report feeling safe on the platform in annual user satisfaction surveys.

Test Outline:
- Conduct regular security audits to verify compliance with encryption standards and identify vulnerabilities.
- Track the response time for user-reported security incidents to ensure it meets the 1-hour requirement.
- Analyze survey results to measure user perceptions of safety and trust on the platform.","The original user story was clear but lacked specific, measurable criteria. The improved version enhances clarity by specifying security measures, quantifiable acceptance criteria, and a structured test outline to ensure accountability and effectiveness.","robust (ISO 29148)
it (ISO 29148)
that (ISO 29148)
can (NASA ARM)
less (NASA ARM)",2,4,2.0,2,4,2.0,4,5,1.0,2,5,3.0,3,5,2.0,2,5,3.0,3,5,2.0,—
A41US1Ll,"As a researcher in the field of multimedia, I want to access a large-scale ontology of food images to develop advanced food recognition algorithms, so that I can improve the accuracy of diet management and self-service restaurant applications.","User Story:
As a researcher in the field of multimedia, I want to access a comprehensive ontology of over 10,000 food images to develop sophisticated food recognition algorithms, so that I can enhance the accuracy of diet management systems and self-service restaurant applications by at least 20%.

Acceptance Criteria:
- The ontology must contain a minimum of 10,000 diverse food images categorized by type, preparation method, and nutritional information.
- The food recognition algorithms should achieve an accuracy improvement of at least 20% compared to existing models within 3 months of access.
- Users should be able to query the ontology and retrieve relevant images within 5 seconds for efficient research.

Test Outline:
- Verify the completeness of the ontology by checking the number of images and their categorization.
- Measure the accuracy of the food recognition algorithms before and after implementing the new ontology to confirm the 20% improvement.
- Test the query response time to ensure it meets the 5-second requirement.","The original user story was well-defined but lacked measurable criteria and specific targets. The improved version clarifies the user's role, specifies the capability, and outlines explicit, quantifiable acceptance criteria and a structured test outline to enhance clarity and focus on business value.","efficient (ISO 29148)
it (ISO 29148)
that (ISO 29148)
be able to (NASA ARM)
can (NASA ARM)",4,4,0.0,4,4,0.0,5,5,0.0,4,5,1.0,5,5,0.0,4,5,1.0,4,5,1.0,—
A41US2Ll,"As a developer of food recognition systems, I need a comprehensive benchmark dataset to test and evaluate my algorithms, so that I can ensure the reliability and effectiveness of my system.","User Story:
As a developer of food recognition systems, I require a robust benchmark dataset that includes a diverse range of food items and their attributes so that I can rigorously test and evaluate my algorithms, ensuring a minimum accuracy of 95% in recognition tasks.

Acceptance Criteria:
- The dataset must contain at least 10,000 labeled images of various food items, covering at least 100 different categories.
- The dataset should include metadata for each image, such as nutritional information and preparation methods, to enhance algorithm training.
- The system must demonstrate a 20% improvement in recognition accuracy when tested against this benchmark dataset compared to previous datasets.

Test Outline:
- Validate the dataset by checking the number of images and categories to ensure it meets the specified criteria.
- Run recognition algorithms on the dataset and compare the accuracy results to confirm the expected improvement.","The original user story was clear but lacked specificity and measurable criteria. The improved version enhances clarity by detailing the requirements for the dataset, establishing quantifiable acceptance criteria, and providing a structured test outline to ensure the effectiveness of the food recognition system.","robust (ISO 29148)
it (ISO 29148)
this (ISO 29148)
that (ISO 29148)
can (NASA ARM)",4,4,0.0,4,4,0.0,5,5,0.0,4,5,1.0,5,5,0.0,4,5,1.0,4,5,1.0,—
A41US3Ll,"As a user of a diet management application, I want the app to be able to accurately recognize and classify the food I eat, so that I can track my nutrition and make informed decisions about my diet.","User Story:
As a user of a diet management application, I want the app to accurately identify and categorize the foods I consume so that I can effectively monitor my nutritional intake and make informed dietary choices.

Acceptance Criteria:
- The app must achieve at least 95% accuracy in recognizing and classifying food items based on a comprehensive database.
- Users should be able to log their meals within 30 seconds, ensuring a seamless tracking experience.
- The app should provide nutritional information for at least 90% of recognized food items.

Test Outline:
- Conduct tests with a diverse set of food items to evaluate the accuracy of recognition and classification.
- Measure the time taken for users to log meals and gather feedback on the ease of use.
- Review the nutritional information provided for accuracy and completeness against established dietary guidelines.","The original user story was clear but lacked measurable criteria and specific acceptance standards. The improved version enhances clarity by specifying accuracy rates, logging times, and the breadth of nutritional information, along with a structured test outline to ensure the functionality meets user needs.","that (ISO 29148)
be able to (NASA ARM)
can (NASA ARM)",4,4,0.0,4,4,0.0,5,5,0.0,4,5,1.0,5,5,0.0,4,5,1.0,4,5,1.0,—
A41US4Ll,"As a restaurant owner, I want to implement a self-service system that can automatically recognize and categorize food items, so that I can improve the efficiency and accuracy of my service.","User Story:
As a restaurant owner, I want to deploy a self-service system that can automatically identify and categorize food items with at least 95% accuracy, so that I can enhance service efficiency and reduce order errors by 30%.

Acceptance Criteria:
- The system must recognize and categorize food items within 3 seconds of scanning.
- At least 90% of users should report a reduction in order processing time after implementation.
- The accuracy of food item recognition should be validated through a testing phase with a minimum of 500 different items.

Test Outline:
- Measure the time taken for the system to recognize and categorize food items during peak hours.
- Conduct user surveys to assess perceived improvements in order processing time.
- Perform accuracy tests with a diverse set of food items to ensure the system meets the 95% accuracy requirement.","The original user story was clear but lacked measurable criteria and specific goals. The improved version enhances clarity by specifying quantifiable acceptance criteria and a structured test outline, focusing on the business impact of the self-service system.","that (ISO 29148)
can (NASA ARM)",4,4,0.0,4,4,0.0,5,5,0.0,4,5,1.0,4,5,1.0,3,5,2.0,4,5,1.0,—
A41US5Ll,"As a researcher, I want to access a dataset with a large number of food categories and images, such as the ISIA Food-500 dataset, so that I can develop and test advanced food recognition algorithms.","User Story:
As a researcher, I want to access a comprehensive dataset containing over 500 food categories and corresponding images, such as the ISIA Food-500 dataset, so that I can effectively develop and validate advanced food recognition algorithms with high accuracy.

Acceptance Criteria:
- The dataset must include at least 10,000 high-quality images across the 500 food categories.
- The dataset should be accessible for download within 5 minutes to facilitate quick experimentation.
- At least 90% of the images must be correctly labeled to ensure the reliability of the training process.

Test Outline:
- Verify the total number of images and categories in the dataset to ensure it meets the specified criteria.
- Measure the download time of the dataset to confirm it is within the 5-minute requirement.
- Conduct a sample review of the images to check for labeling accuracy and consistency.","The original user story was clear but lacked specific measurable criteria and a structured test outline. The improved version enhances clarity by specifying the dataset's size, accessibility, and labeling accuracy, making it more actionable and aligned with research goals.","it (ISO 29148)
that (ISO 29148)
can (NASA ARM)",4,4,0.0,4,4,0.0,5,5,0.0,4,5,1.0,4,5,1.0,4,5,1.0,4,5,1.0,—
A41US6Ll,"As a developer of food recognition systems, I want to use a stacked global-local attention network to improve the accuracy of food recognition, so that I can provide more reliable results to my users.","User Story:
As a developer of food recognition systems, I want to implement a stacked global-local attention network to enhance the accuracy of food identification so that I can deliver results with at least 95% accuracy, significantly improving user trust and satisfaction.

Acceptance Criteria:
- The new model must achieve a minimum accuracy of 95% on a standardized food dataset during testing.
- The processing time for food recognition should not exceed 1 second per image to ensure a responsive user experience.
- User feedback should reflect a satisfaction rate of 90% or higher regarding the reliability of the food recognition results after implementation.

Test Outline:
- Evaluate the model's accuracy by comparing its predictions against a labeled dataset and calculating the accuracy percentage.
- Measure the time taken for the model to process and recognize food items in real-time scenarios.
- Conduct user surveys to assess satisfaction levels with the recognition results post-implementation.","The original user story was clear but lacked measurable criteria and specific performance goals. The improved version enhances clarity by specifying accuracy targets, processing times, and user satisfaction metrics, making it more actionable and aligned with business objectives.","that (ISO 29148)
can (NASA ARM)",4,4,0.0,4,4,0.0,5,5,0.0,4,5,1.0,4,5,1.0,3,5,2.0,4,5,1.0,—
A41US7Ll,"As a user of a food recognition system, I want the system to be able to extract discriminative features from food images, such as texture and shape information, so that it can accurately classify the food.","User Story:
As a user of a food recognition system, I want the system to extract distinct features from food images, including texture and shape details, so that it can classify food items with at least 95% accuracy.

Acceptance Criteria:
- The system must identify and extract at least 5 key features (e.g., texture, shape, color) from each food image.
- The classification accuracy of the food recognition system should reach or exceed 95% based on a diverse dataset of food images.
- The processing time for feature extraction and classification should not exceed 3 seconds per image.

Test Outline:
- Evaluate the feature extraction process by analyzing a sample set of food images and verifying the identified features.
- Test the classification accuracy using a validation dataset and measure the percentage of correctly classified food items.
- Measure the time taken for the system to process each image to ensure it meets the 3-second requirement.","The original user story was clear but lacked measurable criteria and specific performance goals. The improved version enhances clarity by specifying quantifiable acceptance criteria and a structured test outline, ensuring a focus on accuracy and efficiency.","it (ISO 29148)
that (ISO 29148)
can (NASA ARM)",4,4,0.0,4,4,0.0,5,5,0.0,4,5,1.0,4,5,1.0,3,5,2.0,4,5,1.0,—
A41US8Ll,"As a researcher, I want to evaluate the effectiveness of different food recognition algorithms on a standard benchmark dataset, such as ISIA Food-500, so that I can compare and contrast the performance of different approaches.","User Story:
As a researcher, I want to assess the performance of various food recognition algorithms using the ISIA Food-500 benchmark dataset so that I can quantitatively compare their effectiveness and identify the most promising approaches.

Acceptance Criteria:
- Each algorithm must achieve a minimum accuracy of 75% on the ISIA Food-500 dataset.
- The evaluation should include at least 5 different algorithms to ensure a comprehensive comparison.
- Results must be documented in a report that highlights performance metrics, including precision, recall, and F1 score, for each algorithm.

Test Outline:
- Implement each algorithm on the ISIA Food-500 dataset and record the accuracy and other performance metrics.
- Analyze the results to create a comparative report that details the strengths and weaknesses of each algorithm.","The original user story was clear but lacked measurable criteria and specific details. The improved version enhances clarity by specifying performance metrics, the number of algorithms to evaluate, and a structured test outline to ensure comprehensive assessment.","most (ISO 29148)
that (ISO 29148)
can (NASA ARM)",4,4,0.0,4,4,0.0,5,5,0.0,4,5,1.0,5,5,0.0,4,5,1.0,4,5,1.0,—
A41US9Ll,"As a developer of food recognition systems, I want to use a cascaded spatial transformer to generate attentional regions from food images, so that I can improve the accuracy of food recognition and provide more detailed information about the food.","User Story:
As a developer of food recognition systems, I want to implement a cascaded spatial transformer to create attentional regions from food images so that I can enhance the accuracy of food recognition by at least 20% and deliver more comprehensive information about the food items.

Acceptance Criteria:
- The cascaded spatial transformer must successfully identify and highlight relevant regions in food images with a precision rate of 90% or higher.
- The overall accuracy of the food recognition system should improve by a minimum of 20% compared to the previous model.
- The system should provide detailed information about food items in at least 95% of successful recognition cases.

Test Outline:
- Evaluate the precision of the attentional regions generated by the spatial transformer using a benchmark dataset of food images.
- Compare the accuracy of the food recognition system before and after implementing the cascaded spatial transformer to confirm the 20% improvement.
- Conduct user testing to assess the quality and detail of information provided for recognized food items.","The original user story was well-defined but lacked measurable criteria and specific performance goals. The improved version clarifies the developer's role, specifies quantifiable acceptance criteria, and outlines a structured test plan to ensure the effectiveness of the implementation.","that (ISO 29148)
can (NASA ARM)
more (NASA ARM)",4,4,0.0,4,4,0.0,5,5,0.0,4,5,1.0,5,5,0.0,4,5,1.0,4,5,1.0,—
A41US10Ll,"As a user of a food recognition system, I want the system to provide a comprehensive representation of the food, including both global and local features, so that I can make informed decisions about my diet and nutrition","User Story:
As a user of a food recognition system, I want the system to deliver a detailed representation of food items, incorporating both global characteristics and local attributes, so that I can make well-informed decisions regarding my diet and nutritional intake.

Acceptance Criteria:
- The system must accurately identify and display at least 95% of food items with comprehensive details, including nutritional information and origin.
- Users should receive personalized dietary recommendations based on the food recognition results with a satisfaction rate of 90% or higher.
- The response time for food recognition queries should not exceed 3 seconds for 90% of the requests.

Test Outline:
- Validate the accuracy of food identification by comparing system outputs against a curated database of food items.
- Conduct user surveys to assess the usefulness of the dietary recommendations provided by the system.
- Measure the response time for food recognition queries to ensure compliance with the specified criteria.","The original user story was well-structured but needed clearer, measurable acceptance criteria and a test outline. The improved version enhances specificity regarding the accuracy, user satisfaction, and response time, making it more actionable and aligned with business goals.","that (ISO 29148)
can (NASA ARM)",4,4,0.0,4,4,0.0,5,5,0.0,4,5,1.0,4,5,1.0,3,5,2.0,4,5,1.0,—
A42US1Ll,"As a public health official, I want to visualize the vaccination rates across different demographic groups in Virginia so that I can identify areas with low vaccination rates.","User Story:
As a public health official, I want to create visual representations of vaccination rates segmented by demographic groups in Virginia so that I can pinpoint areas with vaccination rates below 70% and target interventions effectively.

Acceptance Criteria:
- The visualization must display vaccination rates for at least 5 different demographic groups, including age, race, and geographic location.
- The tool should allow users to filter data by demographic group and view changes over time, with updates reflecting within 5 seconds.
- At least 80% of users should report that the visualizations help them identify low vaccination areas effectively.

Test Outline:
- Validate the accuracy of the vaccination data displayed in the visualizations against official health records.
- Conduct user testing sessions to gather feedback on the usability and effectiveness of the visualizations in identifying low vaccination areas.","The original user story was clear but lacked specific measurable criteria and a structured approach. The improved version enhances clarity by specifying the demographic groups, setting a target vaccination rate, and providing measurable acceptance criteria and a test outline to ensure effectiveness.","that (ISO 29148)
can (NASA ARM)",5,4,-1.0,4,4,0.0,5,5,0.0,4,5,1.0,5,5,0.0,4,5,1.0,5,5,0.0,—
A42US2Ll,"As a data analyst, I need to integrate fine-grained mobility data with US Census and vaccination uptake data to inform mobile vaccination site placement recommendations.","User Story:
As a data analyst, I need to integrate detailed mobility data with US Census and vaccination uptake data so that I can generate data-driven recommendations for the optimal placement of mobile vaccination sites, ultimately increasing vaccination accessibility.

Acceptance Criteria:
- The integration process must successfully combine mobility data with Census and vaccination data within 24 hours of data collection.
- The analysis should identify at least 5 high-priority locations for mobile vaccination sites based on the integrated data.
- The recommendations must be presented in a report that is 90% accurate in predicting potential vaccination uptake in the identified areas.

Test Outline:
- Verify the integration process by checking the accuracy and completeness of the combined datasets.
- Analyze the output to ensure that the identified locations meet the specified criteria for high-priority placement.","The original user story was clear but lacked measurable criteria and specific outcomes. The improved version enhances clarity by specifying the integration timeline, the number of recommended locations, and the accuracy of the predictions, thus strengthening the overall INVEST dimensions.","that (ISO 29148)
can (NASA ARM)",4,4,0.0,4,4,0.0,4,5,1.0,4,5,1.0,5,5,0.0,4,5,1.0,4,5,1.0,—
A42US3Ll,"As a health department staff member, I want to receive real-time recommendations for mobile vaccination site placement in Virginia that target under-vaccinated populations.","User Story:
As a health department staff member, I want to receive real-time data-driven recommendations for mobile vaccination site placements in Virginia that specifically target under-vaccinated populations, so that we can increase vaccination rates by at least 20% in these areas.

Acceptance Criteria:
- The system must analyze demographic and vaccination data to provide recommendations within 5 minutes of data input.
- Recommendations should identify at least 3 optimal locations for mobile vaccination sites based on current under-vaccination rates.
- The effectiveness of the placements should be measurable, with a goal of achieving a 20% increase in vaccinations within 3 months of implementation.

Test Outline:
- Validate the speed of the recommendation system by timing the data analysis process to ensure it meets the 5-minute requirement.
- Review the recommended locations against vaccination data to confirm they target under-vaccinated populations effectively.
- Track vaccination rates in the identified areas post-implementation to assess the impact of the mobile sites.","The original user story was clear but lacked measurable criteria and specific goals. The improved version enhances clarity by specifying the desired outcomes, measurable acceptance criteria, and a structured test outline to ensure the effectiveness of the recommendations.","it (ISO 29148)
that (ISO 29148)
these (ISO 29148)
can (NASA ARM)",5,5,0.0,4,4,0.0,4,5,1.0,4,5,1.0,5,5,0.0,4,5,1.0,4,5,1.0,—
A42US4Ll,"As a policy maker, I want to see the impact of different vaccination strategies on various demographic groups so that I can make informed decisions.","User Story:
As a policy maker, I want to analyze the effects of various vaccination strategies on distinct demographic groups so that I can make data-driven decisions that enhance public health outcomes.

Acceptance Criteria:
- The analysis must include at least 3 different vaccination strategies and their impacts on a minimum of 5 demographic groups.
- The results should be presented in a report format that highlights key metrics, such as vaccination rates and health outcomes, with a completion deadline of 4 weeks.
- The findings should be validated by at least 2 independent experts to ensure accuracy and reliability.

Test Outline:
- Review the report to ensure it includes the required strategies and demographic groups, along with the specified metrics.
- Conduct expert reviews to confirm the validity of the findings and gather feedback for potential improvements.","The original user story was clear but lacked specific measurable criteria and a structured approach. The improved version enhances clarity by specifying the number of strategies and groups, setting a deadline, and including validation steps to ensure the reliability of the analysis.","it (ISO 29148)
that (ISO 29148)
can (NASA ARM)",4,5,1.0,4,4,0.0,5,5,0.0,4,5,1.0,4,5,1.0,3,5,2.0,4,5,1.0,—
A42US5Ll,"As a public health official, I want to be able to filter mobile vaccination site placement recommendations by specific demographic groups (e.g. age, race, ethnicity) so that I can tailor my outreach efforts.","User Story:
As a public health official, I want to filter mobile vaccination site placement recommendations by specific demographic groups, such as age, race, and ethnicity, so that I can effectively tailor my outreach efforts and improve vaccination rates in targeted communities.

Acceptance Criteria:
- The filtering system must allow selection of at least 3 demographic categories simultaneously.
- The recommendations should update in real-time, with a response time of no more than 3 seconds after applying filters.
- The outreach efforts should result in a minimum 20% increase in vaccination rates within the targeted demographic groups over the next quarter.

Test Outline:
- Test the filtering functionality by applying various combinations of demographic filters and measuring the response time.
- Analyze vaccination rate data before and after implementing tailored outreach efforts to assess the impact of the changes.","The original user story was clear but lacked measurable criteria and specific outcomes. The improved version enhances clarity by specifying the capability, providing quantifiable acceptance criteria, and outlining a structured test plan to ensure effectiveness.","that (ISO 29148)
can (NASA ARM)
more (NASA ARM)",5,4,-1.0,4,4,0.0,5,5,0.0,4,5,1.0,5,5,0.0,4,5,1.0,5,5,0.0,—
A42US6Ll,"As a researcher, I need to analyze the effectiveness of different mobile vaccination site placement strategies in reaching hesitant groups and increasing vaccine uptake.","User Story:
As a researcher, I want to evaluate the impact of various mobile vaccination site placement strategies on engaging hesitant populations so that we can increase vaccine uptake by at least 20% in these groups.

Acceptance Criteria:
- The analysis must include at least three different placement strategies and their effectiveness measured through vaccination rates within targeted communities.
- Data collection should demonstrate a minimum of 500 survey responses from individuals in hesitant groups to ensure statistical significance.
- The final report should provide actionable recommendations based on the findings, with a completion deadline of 8 weeks from the start of the analysis.

Test Outline:
- Compare vaccination rates before and after implementing each placement strategy to assess effectiveness.
- Analyze survey data to determine the demographics of respondents and their vaccination decisions.","The original user story was clear but lacked measurable criteria and specific outcomes. The improved version clarifies the research goal, specifies quantifiable acceptance criteria, and outlines a structured test plan to ensure the analysis is actionable and relevant.","that (ISO 29148)
these (ISO 29148)
can (NASA ARM)",4,5,1.0,4,4,0.0,4,5,1.0,4,5,1.0,5,5,0.0,4,5,1.0,4,5,1.0,—
A42US7Ll,"As a health department staff member, I want to view the locations of previously deployed vaccine sites and their corresponding success rates so that I can inform future placement decisions.","User Story:
As a health department staff member, I want to access a comprehensive map of previously deployed vaccine sites along with their success rates so that I can make data-driven decisions for future site placements and improve vaccination outreach.

Acceptance Criteria:
- The map must display at least 95% of previously deployed vaccine sites with their corresponding success rates.
- Users should be able to filter sites by success rate, allowing for quick identification of high-performing locations.
- The system should load the map and data within 3 seconds to ensure efficient access.

Test Outline:
- Verify the accuracy and completeness of the displayed vaccine sites against historical deployment records.
- Test the filtering functionality to ensure it works correctly and efficiently.
- Measure the loading time of the map to confirm it meets the 3-second requirement.","The original user story was clear but lacked measurable criteria and specific details. The improved version enhances clarity by specifying the capability, providing quantifiable acceptance criteria, and outlining a structured test plan to ensure the functionality meets user needs.","efficient (ISO 29148)
it (ISO 29148)
that (ISO 29148)
be able to (NASA ARM)
can (NASA ARM)",4,4,0.0,4,4,0.0,5,5,0.0,4,5,1.0,5,5,0.0,4,5,1.0,4,5,1.0,—
A42US8Ll,"As a public health official, I want to receive alerts when new data becomes available that may impact mobile vaccination site placement recommendations.","User Story:
As a public health official, I want to receive real-time alerts when new data is available that could influence mobile vaccination site placement recommendations so that I can make timely and informed decisions to optimize vaccination outreach.

Acceptance Criteria:
- Alerts must be sent within 5 minutes of new data being published to ensure prompt action.
- At least 90% of alerts should accurately reflect relevant changes in data that impact site placement.
- The system should allow customization of alert parameters, with at least 80% of users reporting satisfaction with the customization options.

Test Outline:
- Monitor the time taken to send alerts after new data is published to ensure compliance with the 5-minute requirement.
- Review the accuracy of alerts by comparing them against actual data changes to confirm the 90% accuracy rate.
- Conduct user surveys to evaluate satisfaction with the alert customization features.","The original user story was clear but lacked measurable criteria and specific outcomes. The improved version enhances clarity by specifying the urgency of alerts, measurable acceptance criteria, and a structured test outline to ensure the functionality meets user needs.","that (ISO 29148)
timely (NASA ARM)
can (NASA ARM)",4,4,0.0,4,4,0.0,4,5,1.0,4,5,1.0,4,5,1.0,3,5,2.0,4,5,1.0,—
A42US9Ll,"As a data analyst, I need to be able to adjust the model's parameters to account for evolving mobility patterns and changing vaccination rates.","User Story:
As a data analyst, I want to adjust the model's parameters dynamically to reflect evolving mobility patterns and changing vaccination rates so that I can enhance the accuracy of predictions and inform decision-making effectively.

Acceptance Criteria:
- The system must allow parameter adjustments to be made in real-time, with changes reflected in the model within 5 minutes.
- The model's predictive accuracy should improve by at least 15% after parameter adjustments based on historical data analysis.
- User documentation must be updated to include guidelines for adjusting parameters, achieving a user satisfaction rate of 90% or higher.

Test Outline:
- Test the time taken for parameter adjustments to be applied and reflected in the model's output.
- Analyze the model's predictive accuracy before and after adjustments using a set of historical data to confirm the 15% improvement.
- Gather user feedback on the clarity and usefulness of the updated documentation.","The original user story was clear but lacked measurable criteria and specific outcomes. The improved version enhances clarity by specifying the dynamic nature of adjustments, includes quantifiable acceptance criteria, and outlines a structured test plan to ensure the effectiveness of the changes.","that (ISO 29148)
can (NASA ARM)",4,4,0.0,4,4,0.0,4,5,1.0,3,5,2.0,4,5,1.0,3,5,2.0,4,5,1.0,—
A42US10Ll,"As a policy maker, I want to see a comparison of the number of vaccine doses administered at sites placed using our model versus those placed without our recommendations so that I can evaluate the model's effectiveness.","User Story:
As a policy maker, I want to analyze the comparative data on vaccine doses administered at sites selected using our model versus those chosen without our recommendations so that I can assess the model's effectiveness in improving vaccination rates.

Acceptance Criteria:
- The analysis must show a minimum of a 20% increase in vaccine doses administered at model-recommended sites compared to non-recommended sites.
- Data should be collected and presented within 2 weeks of the vaccination campaign's conclusion.
- The report must include visualizations that clearly illustrate the differences in vaccination rates between the two groups.

Test Outline:
- Review the data collection process to ensure it captures all relevant vaccination statistics from both site categories.
- Validate the analysis by comparing the reported vaccination rates against actual data from health authorities.","The original user story was clear but lacked specific, measurable criteria for evaluating the model's effectiveness. The improved version enhances clarity by specifying the expected increase in vaccination rates, a timeline for data collection, and the need for visualizations, thus strengthening the overall structure.","it (ISO 29148)
that (ISO 29148)
those (ISO 29148)
all (ISO 29148)
can (NASA ARM)",5,5,0.0,4,4,0.0,5,5,0.0,4,5,1.0,5,5,0.0,4,5,1.0,5,5,0.0,—
