ID,Original User Story,Rewritten User Story,Fuzzy Terms (with source),I_before,I_after,delta_I,N_before,N_after,delta_N,V_before,V_after,delta_V,E_before,E_after,delta_E,S_before,S_after,delta_S,T_before,T_after,delta_T,overall_before,overall_after,delta_overall,Low-score Explanation (<2)
US001,"As a site member, I want to describe myself on my own page in a semi-structured way, so that others can learn about me.","User Story:
As a site member, I want to create a semi-structured personal description on my profile page so that other users can easily understand my background, interests, and skills.

Acceptance Criteria:
- Provide a template that includes at least 5 distinct sections (e.g., Biography, Interests, Skills, Achievements, and Contact Information) for users to fill out.
- Ensure that the description can be edited and saved, with changes reflected in real-time on the profile page.
- Allow users to preview their description before finalizing it to ensure clarity and accuracy.

Test Outline:
- Verify that the template includes all required sections and is user-friendly for input.
- Check that any edits made to the description are saved and displayed correctly on the profile page.
- Test the preview functionality to confirm that users can see their description as it will appear once published.","it (ISO 29148)
that (ISO 29148)
all (ISO 29148)
can (NASA ARM)",4,4,0.0,3,4,1.0,4,5,1.0,3,5,2.0,4,5,1.0,2,5,3.0,3,5,2.0,—
US002,"As a site member, I want to fill out an application to become a Certified Scrum Practitioner, so that I can earn that designation.","User Story:
As a site member, I want to complete an application for the Certified Scrum Practitioner designation so that I can officially validate my skills and enhance my professional credentials.

Acceptance Criteria:
- Successfully submit the application form with all required fields completed.
- Receive a confirmation email within 24 hours acknowledging the application submission.
- Ensure that the application review process is completed within 10 business days, with feedback provided on the outcome.

Test Outline:
- Verify that the application form can be filled out and submitted without errors.
- Check the email inbox for the confirmation message within the specified timeframe.
- Track the application status to confirm that the review is completed within the designated period and that feedback is received.","that (ISO 29148)
all (ISO 29148)
can (NASA ARM)",4,4,0.0,3,5,2.0,4,5,1.0,3,5,2.0,4,5,1.0,2,5,3.0,3,5,2.0,—
US003,"As a Practitioner, I want to include additional details about me in my profile page, so that I can showcase my experience.","User Story:
As a Practitioner, I want to enhance my profile page with comprehensive details about my professional background so that I can effectively showcase my experience and attract potential clients or collaborators.

Acceptance Criteria:
- Include fields for at least 5 key areas of expertise or skills relevant to my profession.
- Allow the addition of a minimum of 3 past projects or case studies that highlight my experience.
- Enable the upload of a professional profile picture and a resume to provide a complete overview of my qualifications.

Test Outline:
- Review the profile page to ensure all specified fields for expertise, projects, and uploads are present and functional.
- Verify that users can successfully input and save their information without errors.
- Check that the profile displays the added details correctly and is visually appealing to visitors.","that (ISO 29148)
all (ISO 29148)
can (NASA ARM)",4,4,0.0,3,4,1.0,4,5,1.0,3,5,2.0,4,5,1.0,2,5,3.0,3,5,2.0,—
US004,"As a site member, I want to fill out an application to become a Certified Scrum Trainer, so that I can teach CSM and CSPO courses and certify others.","User Story:
As a site member, I want to complete an application process to obtain certification as a Scrum Trainer, so that I can effectively teach Certified Scrum Master (CSM) and Certified Scrum Product Owner (CSPO) courses and empower others to achieve their certifications.

Acceptance Criteria:
- Successfully submit the application form with all required information and documentation.
- Receive confirmation of application submission within 24 hours.
- Achieve a response regarding application approval or feedback within 14 business days.

Test Outline:
- Verify that the application form can be filled out and submitted without errors.
- Check for an automated confirmation email sent to the applicant within the specified timeframe.
- Monitor the timeline for feedback on the application to ensure it aligns with the 14 business day target.","it (ISO 29148)
that (ISO 29148)
all (ISO 29148)
can (NASA ARM)",3,4,1.0,3,4,1.0,4,4,0.0,3,4,1.0,4,4,0.0,2,4,2.0,3,4,1.0,—
US005,"As a Trainer, I want to include additional details in my profile page about me, so that others can learn about me and decide if I am the right trainer for them.","User Story:
As a Trainer, I want to enhance my profile page with comprehensive details about my background and expertise so that potential clients can make informed decisions about my suitability as their trainer.

Acceptance Criteria:
- Include a minimum of 200 words detailing my qualifications, experience, and training philosophy.
- Add at least 3 testimonials from previous clients to showcase my effectiveness and impact.
- Ensure that my profile page is visually appealing and easy to navigate, with all information accessible within 3 clicks.

Test Outline:
- Review the profile page to confirm that the additional details meet the word count and content requirements.
- Check for the presence of at least 3 client testimonials and assess their relevance and quality.
- Navigate through the profile page to ensure that all information is easily accessible and user-friendly.","easy (ISO 29148)
that (ISO 29148)
all (ISO 29148)
easy to (NASA ARM)
can (NASA ARM)",3,4,1.0,3,4,1.0,4,4,0.0,3,4,1.0,4,4,0.0,2,4,2.0,3,4,1.0,—
US006,"As a Practitioner, I want to write an article for the site with a small graphic shown with the article showing my CSP or CST status, so that others know my certifications when reading.","User Story:
As a Practitioner, I want to publish an article on the site that includes a small graphic displaying my Certified Scrum Professional (CSP) or Certified Scrum Trainer (CST) status, so that readers can easily recognize my qualifications and expertise in the field.

Acceptance Criteria:
- The article must include a graphic that clearly indicates my CSP or CST certification status.
- The graphic should be displayed prominently alongside the article title or author section.
- Ensure that the article is published and accessible to users within 24 hours of submission.

Test Outline:
- Review the published article to confirm the presence and visibility of the certification graphic.
- Check that the article is live on the site within the specified timeframe after submission.","that (ISO 29148)
can (NASA ARM)",4,4,0.0,3,3,0.0,4,4,0.0,3,4,1.0,4,4,0.0,2,4,2.0,3,4,1.0,—
US007,"As a trainer, I want to list my upcoming classes in my profile and include a link to a detailed page about each, so that prospective attendees can find my courses.","User Story:
As a trainer, I want to showcase my upcoming classes on my profile along with links to detailed pages for each course, so that potential attendees can easily access information and register for my offerings.

Acceptance Criteria:
- Display a list of at least 5 upcoming classes on the trainer's profile.
- Each class entry must include a direct link to a detailed page with course information, schedule, and registration options.
- Ensure that the class list updates automatically as new classes are added or existing ones are modified.

Test Outline:
- Verify that the profile displays the correct number of upcoming classes as specified.
- Check that each class entry contains a functional link directing users to the detailed course page.
- Test the automatic update feature by adding a new class and confirming it appears on the profile within 10 minutes.","it (ISO 29148)
that (ISO 29148)
can (NASA ARM)",3,4,1.0,3,4,1.0,4,5,1.0,3,5,2.0,4,5,1.0,2,5,3.0,3,5,2.0,—
US008,"As a site member, I want to view the profiles of other members, so that I can find others I might want to connect with.","User Story:
As a site member, I want to access and browse the profiles of other members so that I can identify potential connections and expand my network effectively.

Acceptance Criteria:
- The profile viewing feature must allow access to at least 100 member profiles per session.
- Profiles should load within 3 seconds to ensure a smooth browsing experience.
- Users should be able to filter profiles based on at least 5 different criteria (e.g., location, interests, activity level).

Test Outline:
- Verify that the system allows viewing of a minimum of 100 member profiles in a single session without errors.
- Measure the loading time of member profiles to confirm it meets the 3-second requirement.
- Test the filtering functionality to ensure it provides at least 5 criteria for users to refine their search.","it (ISO 29148)
that (ISO 29148)
be able to (NASA ARM)
can (NASA ARM)",4,4,0.0,3,4,1.0,4,5,1.0,3,5,2.0,4,5,1.0,2,5,3.0,3,5,2.0,—
US009,"As a site member, I want to search for profiles based on a few fields, so that I can find others I might want to connect with.","User Story:
As a site member, I want to perform searches for profiles using specific criteria so that I can efficiently discover potential connections that align with my interests and goals.

Acceptance Criteria:
- Enable search functionality that allows filtering by at least 3 distinct fields (e.g., location, interests, and profession).
- Ensure that search results are returned within 3 seconds to maintain a smooth user experience.
- Provide at least 10 relevant profiles in the search results based on the selected criteria.

Test Outline:
- Test the search feature by inputting various criteria and verifying that the results include profiles matching those fields.
- Measure the response time of the search function to confirm it meets the 3-second requirement.
- Review the search results to ensure that at least 10 profiles are displayed and are relevant to the search parameters.","it (ISO 29148)
that (ISO 29148)
those (ISO 29148)
can (NASA ARM)",4,4,0.0,3,4,1.0,4,5,1.0,3,5,2.0,4,5,1.0,2,5,3.0,3,5,2.0,—
US010,"As a site member, I want to mark my profile as private in which case only my name will appear, so that no one can learn things about me I don't want shared.","User Story:
As a site member, I want to set my profile to private mode, ensuring that only my name is visible to others, so that I can protect my personal information and control what details are shared with the community.

Acceptance Criteria:
- The profile privacy setting must be successfully changed to private, restricting visibility to only the member's name.
- Verify that no additional personal information (e.g., email, location, interests) is displayed to other users when the profile is set to private.
- Ensure that the privacy setting can be toggled back to public without any loss of data or functionality.

Test Outline:
- Check the profile settings to confirm that the privacy option can be activated and deactivated as intended.
- Conduct a test by viewing the profile from another account to ensure only the name is visible when the profile is private.
- Validate that all other personal information remains hidden and inaccessible to other users.","that (ISO 29148)
all (ISO 29148)
can (NASA ARM)",4,4,0.0,3,4,1.0,4,5,1.0,3,5,2.0,4,5,1.0,2,5,3.0,3,5,2.0,—
US011,"As a site member, I want to mark my email address as private even if the rest of my profile is not, so that no one can contact me.","User Story:
As a site member, I want the ability to designate my email address as private, even when my profile information remains public, so that I can maintain my privacy and prevent unsolicited contact from other users.

Acceptance Criteria:
- Implement a toggle feature that allows users to mark their email address as private, with a default setting of public.
- Ensure that when the email is marked as private, it is not visible to any other users on the platform.
- Provide a confirmation message to the user indicating that their email privacy setting has been successfully updated.

Test Outline:
- Test the toggle feature to confirm that it successfully changes the email visibility status from public to private.
- Verify that the email address is not displayed in user profiles when marked as private by checking multiple user accounts.
- Check for the confirmation message upon updating the privacy setting to ensure users are informed of the change.","it (ISO 29148)
that (ISO 29148)
can (NASA ARM)",4,4,0.0,3,4,1.0,4,5,1.0,3,5,2.0,4,5,1.0,2,5,3.0,3,5,2.0,—
US012,"As a site member, I want to send an email to any member via a form, so that we can connect.","User Story:
As a site member, I want to utilize a form to send emails to any other member, so that I can establish connections and foster communication within the community.

Acceptance Criteria:
- The email form must allow users to select any member from a list of registered members.
- The form should successfully send the email within 2 minutes of submission.
- Users must receive a confirmation notification upon successful email delivery.

Test Outline:
- Verify that the email form includes a comprehensive list of all registered members for selection.
- Track the time taken from form submission to email delivery to ensure it meets the 2-minute requirement.
- Check that users receive a confirmation notification after the email is sent successfully.","it (ISO 29148)
that (ISO 29148)
all (ISO 29148)
can (NASA ARM)",4,4,0.0,3,4,1.0,4,5,1.0,3,5,2.0,4,5,1.0,2,5,3.0,3,5,2.0,—
US013,"As a site administrator, I want to read practicing and training applications and approve or reject them, so that only applicants who qualify can become CSPs or CSTs.","User Story:
As a site administrator, I want to review and evaluate applications for practicing and training roles so that only qualified candidates are approved as Certified Service Providers (CSPs) or Certified Service Trainers (CSTs), ensuring high standards within the program.

Acceptance Criteria:
- Review all submitted applications within a maximum of 3 business days.
- Approve or reject applications based on a standardized scoring system with a minimum qualification threshold of 75%.
- Notify applicants of their approval or rejection status via email within 24 hours of the decision.

Test Outline:
- Track the time taken to review applications to ensure compliance with the 3-day review period.
- Validate the scoring system used for approvals to confirm it aligns with the established qualification criteria.
- Check the email notification system to ensure applicants receive timely updates regarding their application status.","it (ISO 29148)
that (ISO 29148)
all (ISO 29148)
timely (NASA ARM)",3,4,1.0,3,4,1.0,4,5,1.0,3,5,2.0,4,5,1.0,2,5,3.0,3,5,2.0,—
US014,"As a site administrator, I want to edit any site member profile, so that I can correct problems for members.","User Story:
As a site administrator, I want the capability to modify any member's profile on the site so that I can promptly address and rectify issues affecting members' experiences and ensure accurate information.

Acceptance Criteria:
- The administrator must be able to access and edit any member profile within 2 clicks from the admin dashboard.
- Changes made to a member's profile should be saved and reflected in the system within 3 seconds.
- A confirmation notification must be sent to the member after their profile has been updated, ensuring transparency.

Test Outline:
- Test the navigation process to confirm that the administrator can edit a member's profile within the specified number of clicks.
- Measure the time taken for profile changes to be saved and displayed in the system.
- Verify that the member receives a notification after their profile has been successfully updated.","that (ISO 29148)
be able to (NASA ARM)
capability to (NASA ARM)
can (NASA ARM)",4,4,0.0,3,4,1.0,4,5,1.0,3,5,2.0,4,5,1.0,2,5,3.0,3,5,2.0,—
US015,"As a site visitor, I want to read current news on the home page, so that I stay current on agile news.","User Story:
As a site visitor, I want to access the latest news articles directly on the home page so that I can stay informed about the most recent developments in agile methodologies and practices.

Acceptance Criteria:
- Display at least 5 current news articles related to agile on the home page.
- Ensure that news articles are updated at least every hour to reflect the latest information.
- Provide a clear link to each article, allowing users to read the full content with a single click.

Test Outline:
- Verify that the home page showcases a minimum of 5 agile news articles at all times.
- Check the update frequency of the news articles to confirm they refresh at least once every hour.
- Test the functionality of the article links to ensure they direct users to the full articles without errors.","most (ISO 29148)
that (ISO 29148)
all (ISO 29148)
every (ISO 29148)
can (NASA ARM)",4,4,0.0,3,4,1.0,4,5,1.0,3,5,2.0,4,5,1.0,2,5,3.0,3,5,2.0,—
US016,"As a site visitor, I want to access old news that is no longer on the home page, so that I can access things I remember from the past or that others mention to me.","User Story:
As a site visitor, I want to retrieve archived news articles that are no longer featured on the home page so that I can revisit content I recall or that has been referenced by others.

Acceptance Criteria:
- Implement a dedicated archive section that allows users to search for news articles from the past year.
- Ensure that users can access at least 100 archived articles with a maximum load time of 3 seconds per page.
- Provide a filtering option that allows users to sort archived news by date, relevance, or category.

Test Outline:
- Verify that the archive section is accessible and contains the specified number of articles.
- Measure the load time of the archive pages to ensure it meets the performance criteria.
- Test the filtering functionality to confirm that users can sort articles effectively based on their preferences.","it (ISO 29148)
that (ISO 29148)
can (NASA ARM)",4,5,1.0,3,4,1.0,4,5,1.0,3,5,2.0,4,5,1.0,2,5,3.0,3,5,2.0,—
US017,"As a site visitor, I want to email news items to the editor, so that they can be considered for publication.","User Story:
As a site visitor, I want to submit news items via email to the editor so that my contributions can be evaluated for potential publication, enhancing community engagement and information sharing.

Acceptance Criteria:
- Provide a clear email submission form that allows users to send news items directly to the editor.
- Ensure that users receive a confirmation email acknowledging receipt of their submission within 10 minutes.
- Track and report the number of submissions received each month to assess community participation.

Test Outline:
- Test the email submission form to confirm it successfully sends news items to the editor's inbox.
- Check the confirmation email system to ensure users receive acknowledgment within the specified time frame.
- Analyze submission data at the end of each month to evaluate the volume of contributions from site visitors.","it (ISO 29148)
that (ISO 29148)
can (NASA ARM)",4,4,0.0,3,4,1.0,4,5,1.0,3,5,2.0,4,5,1.0,2,5,3.0,3,5,2.0,—
US018,"As a site editor, I want to set the following dates on a news item: Start Publishing Date, Old News Date, Stop Publishing Date, so that articles are published on and through appropriate dates.","User Story:
As a site editor, I want to configure specific dates for a news article, including the Start Publishing Date, Old News Date, and Stop Publishing Date, so that articles are accurately published and removed from circulation according to the designated timeline.

Acceptance Criteria:
- The Start Publishing Date must be set to ensure articles go live at the specified time.
- The Old News Date must be defined to mark when the article transitions to an archived status.
- The Stop Publishing Date must be established to automatically remove the article from the site after the specified date.

Test Outline:
- Verify that the Start Publishing Date is correctly applied and that the article becomes visible on the site at that time.
- Check that the Old News Date is accurately reflected, indicating when the article is considered outdated.
- Confirm that the Stop Publishing Date functions as intended, ensuring the article is no longer accessible after the specified date.",that (ISO 29148),3,4,1.0,3,4,1.0,4,5,1.0,3,5,2.0,4,5,1.0,2,5,3.0,3,5,2.0,—
US019,"As a site member, I want to subscribe to an RSS feed of news, so that I remain sufficiently and easily informed.","User Story:
As a site member, I want to subscribe to a news RSS feed so that I can effortlessly stay updated with the latest information relevant to my interests.

Acceptance Criteria:
- Successfully subscribe to the RSS feed with a confirmation message displayed.
- Ensure that the RSS feed updates with new content at least once every hour.
- Provide an option to customize the feed to include only specific categories of news.

Test Outline:
- Verify that the subscription process completes successfully and a confirmation message is received.
- Check the frequency of updates to the RSS feed to confirm it refreshes with new content within the specified timeframe.
- Test the customization feature to ensure users can select and receive news from their preferred categories.","it (ISO 29148)
that (ISO 29148)
every (ISO 29148)
can (NASA ARM)",3,5,2.0,3,4,1.0,4,5,1.0,3,5,2.0,4,5,1.0,2,5,3.0,3,5,2.0,—
US020,"As a site editor, I want to assign priority numbers to news items, so that I can indicate which articles I want featured most prominently on the site.","User Story:
As a site editor, I want to assign priority rankings to news articles so that I can effectively highlight the most important content on the site, enhancing visibility and reader engagement.

Acceptance Criteria:
- Enable the assignment of priority numbers ranging from 1 to 10 for each news item, with 1 being the highest priority.
- Ensure that articles with higher priority numbers are displayed at the top of the news section on the site.
- Allow for real-time updates to priority rankings, ensuring changes are reflected immediately on the site.

Test Outline:
- Verify that priority numbers can be assigned and saved for each news article.
- Check the display order of articles on the site to confirm that higher priority items appear first.
- Test the functionality of updating priority numbers and ensure that changes are visible without delay.","most (ISO 29148)
that (ISO 29148)
can (NASA ARM)",4,4,0.0,3,4,1.0,4,5,1.0,3,5,2.0,4,5,1.0,2,5,3.0,3,5,2.0,—
US021,"As a site visitor, I want to see a list of all upcoming Certification Courses and can page through them if there are a lot, so that I can choose the best course for me.","User Story:
As a site visitor, I want to access a comprehensive list of all upcoming Certification Courses with pagination options, so that I can easily browse and select the course that best fits my needs.

Acceptance Criteria:
- Display a complete list of upcoming Certification Courses, with at least 20 courses visible per page.
- Implement pagination controls that allow users to navigate through multiple pages of courses without losing their place.
- Ensure that the course details, including dates and descriptions, are clearly visible for each course listed.

Test Outline:
- Verify that the list of Certification Courses is fully populated and that at least 20 courses are displayed on the first page.
- Check the functionality of pagination controls to ensure users can navigate through all available pages seamlessly.
- Confirm that all relevant course details are accurately displayed for each course in the list.","best (ISO 29148)
that (ISO 29148)
all (ISO 29148)
can (NASA ARM)
best (NASA ARM)",4,4,0.0,3,4,1.0,4,5,1.0,3,5,2.0,4,5,1.0,2,5,3.0,3,5,2.0,—
US022,"As a site visitor, I want to see a list of all upcoming Other Courses and can page through them if necessary, so that I can choose the best course for me.","User Story:
As a site visitor, I want to access a comprehensive list of all upcoming Other Courses with pagination options, so that I can easily evaluate and select the most suitable course for my needs.

Acceptance Criteria:
- Display a complete list of upcoming Other Courses with a maximum of 10 courses per page.
- Implement pagination controls that allow users to navigate through at least 5 pages of course listings.
- Ensure that each course entry includes essential details such as course title, date, duration, and a brief description.

Test Outline:
- Verify that the list of upcoming Other Courses is displayed correctly with the specified number of courses per page.
- Check the functionality of pagination controls to ensure users can navigate through multiple pages without issues.
- Confirm that each course entry contains the required details for informed decision-making.","most (ISO 29148)
that (ISO 29148)
all (ISO 29148)
can (NASA ARM)",4,4,0.0,3,4,1.0,4,5,1.0,3,5,2.0,4,5,1.0,2,5,3.0,3,5,2.0,—
US023,"As a site visitor, I want to see a list of all upcoming Events, so that I can decide if I want to attend any.","User Story:
As a site visitor, I want to access a comprehensive list of all upcoming events so that I can evaluate my options and make informed decisions about which events to attend.

Acceptance Criteria:
- Display a complete list of upcoming events with details such as date, time, and location.
- Ensure that the event list is updated in real-time, reflecting any changes or new additions within 10 minutes.
- Provide filtering options to sort events by category, date, and popularity, allowing users to easily find relevant events.

Test Outline:
- Verify that the list of upcoming events is accessible and includes all necessary details for each event.
- Check the update frequency of the event list to confirm it reflects changes within the specified time frame.
- Test the filtering functionality to ensure users can sort events effectively based on their preferences.","it (ISO 29148)
that (ISO 29148)
all (ISO 29148)
can (NASA ARM)",4,4,0.0,3,4,1.0,4,5,1.0,3,5,2.0,4,5,1.0,2,5,3.0,3,5,2.0,—
US024,"As a trainer, I want to create a new course or event, so that site visitors can see it.","User Story:
As a trainer, I want to develop and publish a new course or event on the platform so that site visitors can easily discover and enroll in it, enhancing their learning opportunities.

Acceptance Criteria:
- The course or event must be created and made visible on the site within 24 hours of initiation.
- Ensure that the course/event includes a detailed description, schedule, and pricing information.
- Track and report the number of site visitors who view the new course/event within the first week of its launch.

Test Outline:
- Verify that the course or event appears on the site within the specified timeframe after creation.
- Check that all required information (description, schedule, pricing) is accurately displayed on the course/event page.
- Monitor site analytics to confirm the number of views for the new course/event within the first week.","it (ISO 29148)
that (ISO 29148)
all (ISO 29148)
can (NASA ARM)",4,4,0.0,3,4,1.0,4,5,1.0,3,5,2.0,4,5,1.0,2,5,3.0,3,5,2.0,—
US025,"As a trainer, I want to create an Other Course or Event I am charged a listing fee for that activity, so that I don't list events I don't really intend to hold.","User Story:
As a trainer, I want to establish a new course or event with a listing fee associated with it so that I can ensure that only genuine and intended activities are published, thereby maintaining the quality and relevance of my offerings.

Acceptance Criteria:
- A listing fee must be clearly defined and charged for each new course or event created.
- The system should prevent the listing of events that do not have a confirmed intent to hold, ensuring that at least 90% of listed events are actually conducted.
- Users should receive a confirmation notification upon successful creation of a course or event, including details of the listing fee.

Test Outline:
- Verify that the listing fee is applied correctly during the course or event creation process.
- Check the database to ensure that only events with confirmed intent are listed, aiming for a compliance rate of 90% or higher.
- Confirm that users receive a notification with the event details and listing fee after successfully creating a course or event.","it (ISO 29148)
that (ISO 29148)
can (NASA ARM)",4,4,0.0,3,4,1.0,4,5,1.0,3,5,2.0,3,5,2.0,2,5,3.0,3,5,2.0,—
US026,"As a site administrator, I want to create an Other Course or Event that is not charged a listing fee, so that the Scrum Alliance doesn't charge itself for Scrum Gatherings that it puts on.","User Story:
As a site administrator, I want to establish a listing for an Other Course or Event that incurs no listing fee, so that the Scrum Alliance can effectively manage and promote its own Scrum Gatherings without incurring additional costs.

Acceptance Criteria:
- Successfully create an Other Course or Event listing that is exempt from any associated fees.
- Ensure that the listing process is completed within 3 business days of submission.
- Confirm that the listing is visible on the site and accessible to users without any fee-related barriers.

Test Outline:
- Verify that the listing is created without any fees by checking the system for fee exemptions.
- Track the time taken from submission to completion to ensure it meets the 3-day requirement.
- Check the site to ensure the listing is publicly visible and accessible to users.","it (ISO 29148)
that (ISO 29148)
can (NASA ARM)",4,4,0.0,3,4,1.0,4,5,1.0,3,5,2.0,4,5,1.0,2,5,3.0,3,5,2.0,—
US027,"As a site administrator, I want to set the listing fee per Other Course or Event, so that we have flexibility on what to charge in the future.","User Story:
As a site administrator, I want to establish a customizable listing fee for each Other Course or Event, so that we can adapt our pricing strategy to maximize revenue and respond to market demands effectively.

Acceptance Criteria:
- Enable the ability to set and modify the listing fee for each Other Course or Event individually.
- Ensure that the updated fee is reflected in real-time on the site within 1 minute of being set.
- Provide a reporting feature that tracks the revenue generated from each listing fee over a specified period.

Test Outline:
- Verify that the listing fee can be successfully set and updated for various Other Courses or Events.
- Check the site to confirm that the new fee appears correctly within the specified time frame.
- Review the revenue report to ensure it accurately reflects the income generated from the listing fees.","it (ISO 29148)
that (ISO 29148)
can (NASA ARM)",4,4,0.0,3,4,1.0,4,5,1.0,3,5,2.0,4,5,1.0,2,5,3.0,3,5,2.0,—
US028,"As a trainer, I want to update one of my existing courses or events, so that it reflects accurate information.","User Story:
As a trainer, I want to modify the details of one of my current courses or events so that it provides accurate and up-to-date information for participants, enhancing their learning experience.

Acceptance Criteria:
- Successfully access the course or event management system to locate the specific course or event for updates.
- Implement changes to at least 3 key details (e.g., date, time, content) and save the updates without errors.
- Confirm that the updated information is reflected accurately on the course or event page within 10 minutes of making the changes.

Test Outline:
- Verify that the trainer can navigate to the correct course or event and initiate the update process.
- Check the system logs to ensure that the changes were saved successfully and without any issues.
- Refresh the course or event page to confirm that the updated information is displayed correctly and promptly.","it (ISO 29148)
that (ISO 29148)
can (NASA ARM)",4,4,0.0,3,4,1.0,4,5,1.0,3,5,2.0,4,5,1.0,2,5,3.0,3,5,2.0,—
US029,"As a trainer, I want to delete one of my courses or events, so that it's no longer listed if I cancel for some reason.","User Story:
As a trainer, I want the ability to remove a specific course or event from my listings so that it is effectively eliminated from view in case of cancellation or other reasons.

Acceptance Criteria:
- Successfully delete a selected course or event from the system with a confirmation prompt.
- Ensure that the deleted course or event is no longer visible in the trainer's dashboard within 1 minute of deletion.
- Verify that the deletion process does not affect other active courses or events.

Test Outline:
- Attempt to delete a course or event and confirm that a prompt appears for user verification.
- Check the trainer's dashboard to ensure the deleted item is no longer listed within the specified time frame.
- Review the remaining courses or events to confirm that they remain intact and unaffected by the deletion.","it (ISO 29148)
that (ISO 29148)",4,5,1.0,3,4,1.0,4,5,1.0,3,5,2.0,4,5,1.0,2,5,3.0,3,5,2.0,—
US030,"As a trainer, I want to copy one of my courses or events, so that I can create a new one.","User Story:
As a trainer, I want to duplicate an existing course or event so that I can efficiently create a new offering while maintaining the original structure and content.

Acceptance Criteria:
- Successfully initiate the duplication process for a selected course or event with a single action.
- Ensure that all relevant details, including course materials and schedules, are copied accurately to the new course or event.
- Confirm that the new course or event is created and available for editing within 5 minutes of the duplication request.

Test Outline:
- Verify that the duplication feature is accessible and functional for the trainer.
- Check that all necessary details from the original course or event are present in the new version.
- Validate the creation time of the new course or event to ensure it meets the specified timeframe.","it (ISO 29148)
that (ISO 29148)
all (ISO 29148)
can (NASA ARM)",4,4,0.0,3,4,1.0,4,5,1.0,3,5,2.0,4,5,1.0,2,5,3.0,3,5,2.0,—
US031,"As a site admin, I want to delete any course or event, so that I can remove things that will no longer occur.","User Story:
As a site admin, I want the capability to permanently delete any course or event from the platform so that I can efficiently manage content and ensure that outdated or canceled items are no longer visible to users.

Acceptance Criteria:
- Successfully delete a course or event with a confirmation prompt to prevent accidental deletions.
- Ensure that the deletion process is completed within 3 seconds to maintain administrative efficiency.
- Verify that the deleted course or event no longer appears in the system or user-facing interfaces.

Test Outline:
- Attempt to delete a course or event and confirm that a prompt appears for user verification.
- Measure the time taken to complete the deletion process to ensure it meets the 3-second requirement.
- Check the system and user interfaces to confirm that the deleted item is no longer accessible.","it (ISO 29148)
that (ISO 29148)
capability to (NASA ARM)
can (NASA ARM)",4,4,0.0,3,4,1.0,4,5,1.0,3,5,2.0,4,5,1.0,2,5,3.0,3,5,2.0,—
US032,"As a site editor, I want to update any course or event, so that I can fix things the original author hasn't.","User Story:
As a site editor, I want the ability to modify any course or event details so that I can correct inaccuracies or enhance the content that the original author may have overlooked.

Acceptance Criteria:
- Ensure that the editor can access and edit all course or event information without restrictions.
- Confirm that all changes made by the editor are saved and reflected on the site within 2 minutes.
- Implement a version control system that tracks changes made by the editor, allowing for easy rollback if necessary.

Test Outline:
- Test the editing functionality by attempting to modify various course and event details to ensure access is granted.
- Measure the time taken for changes to appear on the site after saving to verify it meets the 2-minute requirement.
- Review the version control logs to confirm that all edits are recorded accurately and can be reverted if needed.","easy (ISO 29148)
it (ISO 29148)
that (ISO 29148)
all (ISO 29148)
can (NASA ARM)
may (NASA ARM)",4,5,1.0,3,4,1.0,4,5,1.0,3,5,2.0,4,5,1.0,2,5,3.0,3,5,2.0,—
US033,"As a trainer, I want to turn a course into an event or an event into a course, so that I can correctly classify anything that was entered incorrectly.","User Story:
As a trainer, I want to convert a course into an event or vice versa, so that I can accurately categorize any entries that were misclassified, ensuring proper organization and accessibility of training materials.

Acceptance Criteria:
- Successfully convert a course to an event or an event to a course with a completion rate of 100%.
- Ensure that all misclassified entries are identified and corrected within 24 hours of the request.
- Maintain a record of all conversions, including the original classification and the new classification, for auditing purposes.

Test Outline:
- Verify that the conversion process allows for seamless transition between course and event formats without data loss.
- Check the system logs to confirm that all misclassified entries are rectified within the specified time frame.
- Review the conversion records to ensure accuracy and completeness of the classification changes.","that (ISO 29148)
all (ISO 29148)
can (NASA ARM)",4,4,0.0,3,4,1.0,4,5,1.0,3,5,2.0,4,5,1.0,2,5,3.0,3,5,2.0,—
US034,"As a site visitor, I want to have an advanced search option that lets me fill in a form of search criteria, so that I can quickly find what I am looking for.","User Story:
As a site visitor, I want to utilize an advanced search feature that allows me to input specific search criteria through a detailed form, so that I can efficiently locate the information or products I need within seconds.

Acceptance Criteria:
- The advanced search form must include at least 5 customizable fields for search criteria (e.g., category, price range, keywords).
- Users should be able to submit the search form and receive results within 3 seconds.
- The search results must accurately reflect the criteria entered, with at least 90% relevance based on user feedback.

Test Outline:
- Test the advanced search form to ensure all 5 fields are functional and available for user input.
- Measure the response time from form submission to results display to confirm it meets the 3-second requirement.
- Collect user feedback on the relevance of search results to validate that at least 90% of users find the results satisfactory.","it (ISO 29148)
that (ISO 29148)
all (ISO 29148)
be able to (NASA ARM)
can (NASA ARM)",4,5,1.0,3,4,1.0,4,5,1.0,3,5,2.0,4,5,1.0,2,5,3.0,3,5,2.0,—
US035,"As a site visitor, I want to view a course I can click on the trainer's name and be taken to the trainer's profile, so that I can read more about a trainer before registering for a course.","User Story:
As a site visitor, I want to access a course and click on the trainer's name to navigate to their profile, so that I can gather detailed information about the trainer's qualifications and experience before making a decision to register for the course.

Acceptance Criteria:
- Ensure that each course listing includes a clickable trainer's name that redirects to the trainer's profile page.
- The trainer's profile must load within 3 seconds to maintain user engagement.
- The profile should contain at least 5 key details about the trainer, including qualifications, experience, and user ratings.

Test Outline:
- Click on the trainer's name from a course listing and verify that it redirects to the correct profile page.
- Measure the loading time of the trainer's profile to confirm it meets the 3-second requirement.
- Review the trainer's profile to ensure it includes the specified key details.","it (ISO 29148)
that (ISO 29148)
can (NASA ARM)",3,4,1.0,3,4,1.0,4,5,1.0,3,5,2.0,4,5,1.0,2,5,3.0,3,5,2.0,—
US036,"As a site visitor, I want to subscribe to an RSS feed of upcoming courses and events, so that I am up to day without having to visit the site.","User Story:
As a site visitor, I want to easily subscribe to an RSS feed that provides updates on upcoming courses and events, so that I can stay informed in real-time without the need to frequently check the website.

Acceptance Criteria:
- Users must be able to subscribe to the RSS feed with a single click from the homepage.
- The RSS feed should deliver updates on new courses and events within 10 minutes of being published.
- Ensure that at least 90% of subscribers receive the feed updates without errors or delays.

Test Outline:
- Test the subscription process to confirm that it is user-friendly and functional with a single click.
- Monitor the RSS feed delivery time to ensure updates are sent within the specified 10-minute window.
- Conduct a survey or check logs to verify that at least 90% of subscribers are receiving the updates as intended.","it (ISO 29148)
that (ISO 29148)
be able to (NASA ARM)
can (NASA ARM)",3,4,1.0,3,4,1.0,4,5,1.0,3,5,2.0,4,5,1.0,2,5,3.0,3,5,2.0,—
US037,"As a site visitor, I want to read FAQs, so that I can get quick answers.","User Story:
As a site visitor, I want to access a comprehensive FAQ section so that I can quickly find answers to common questions, enhancing my overall experience on the site.

Acceptance Criteria:
- The FAQ section must contain at least 20 relevant questions and answers that cover the most common inquiries.
- Users should be able to locate the FAQ section within 3 clicks from the homepage.
- The average time taken to find an answer in the FAQ should be less than 30 seconds.

Test Outline:
- Review the FAQ section to ensure it includes the required number of questions and answers.
- Track the navigation path from the homepage to the FAQ section to confirm it meets the click requirement.
- Conduct user testing to measure the time taken for visitors to find answers in the FAQ section.","most (ISO 29148)
it (ISO 29148)
that (ISO 29148)
be able to (NASA ARM)
can (NASA ARM)
less (NASA ARM)",4,5,1.0,3,4,1.0,4,5,1.0,3,5,2.0,4,5,1.0,2,5,3.0,3,5,2.0,—
US038,"As a site editor, I want to maintain a FAQ section, so that support gets fewer easily answered questions.","User Story:
As a site editor, I want to effectively manage a comprehensive FAQ section so that the support team experiences a reduction of at least 30% in easily answered inquiries, allowing them to focus on more complex issues.

Acceptance Criteria:
- Create and update at least 10 frequently asked questions with clear, concise answers.
- Monitor and report a decrease in support tickets related to these FAQs by 30% within 3 months of implementation.
- Ensure the FAQ section is easily accessible and user-friendly, with a satisfaction rating of 80% or higher from users who utilize it.

Test Outline:
- Review the FAQ section for completeness and clarity of the questions and answers.
- Analyze support ticket data before and after the FAQ implementation to confirm the targeted reduction in inquiries.
- Conduct a user survey to assess the accessibility and usefulness of the FAQ section, aiming for an 80% satisfaction rate.","it (ISO 29148)
that (ISO 29148)
these (ISO 29148)
more (NASA ARM)",4,5,1.0,3,4,1.0,4,5,1.0,3,5,2.0,4,5,1.0,2,5,3.0,3,5,2.0,—
US039,"As a site visitor, I want to do a full-text search of the FAQs, so that I can find an answer quickly.","User Story:
As a site visitor, I want to perform a comprehensive full-text search across the FAQs so that I can efficiently locate answers to my questions in the shortest time possible.

Acceptance Criteria:
- The search functionality must return relevant FAQ results within 2 seconds of the query submission.
- At least 90% of users should be able to find the information they are looking for on their first search attempt.
- The search results should display a minimum of 5 relevant FAQs based on the user's query.

Test Outline:
- Measure the response time of the search feature to ensure it meets the 2-second requirement.
- Conduct user testing to assess the percentage of users successfully finding answers on their first attempt.
- Review the search results to confirm that at least 5 relevant FAQs are displayed for various queries.","it (ISO 29148)
that (ISO 29148)
be able to (NASA ARM)
can (NASA ARM)",4,5,1.0,3,4,1.0,4,5,1.0,3,5,2.0,4,5,1.0,2,5,3.0,3,5,2.0,—
US040,"As a site member, I want to download the latest training material and methodology PDFs, so that I have them.","User Story:
As a site member, I want to access and download the most recent training materials and methodology PDFs so that I can stay updated and enhance my learning experience.

Acceptance Criteria:
- Ensure that the latest training material PDFs are available for download, with a version date clearly indicated.
- Provide access to methodology PDFs that are updated at least quarterly.
- Confirm that the download process completes successfully within 5 seconds for all files.

Test Outline:
- Check the website to verify that the latest training materials and methodology PDFs are listed and accessible.
- Validate the version dates of the PDFs to ensure they are current and meet the update frequency.
- Measure the download time for each PDF to ensure it completes within the specified time frame.","most (ISO 29148)
it (ISO 29148)
that (ISO 29148)
all (ISO 29148)
can (NASA ARM)",3,4,1.0,3,4,1.0,4,5,1.0,3,5,2.0,4,5,1.0,2,5,3.0,3,5,2.0,—
US041,"As a visitor, I want to download presentations, PDFs, etc. on Scrum, so that I can learn from them or use them.","User Story:
As a visitor, I want to access and download various resources such as presentations and PDFs on Scrum, so that I can enhance my knowledge and apply best practices in my work.

Acceptance Criteria:
- Provide a minimum of 10 downloadable resources related to Scrum, including presentations and PDFs.
- Ensure that all downloadable files are accessible within 3 clicks from the main resource page.
- Implement a tracking system to measure the number of downloads per resource, aiming for at least 100 downloads within the first month of availability.

Test Outline:
- Verify that at least 10 resources are available for download on the designated page.
- Check the navigation path to confirm that users can access the downloads within 3 clicks.
- Monitor the download statistics to ensure that the target of 100 downloads is met within the specified timeframe.","best (ISO 29148)
that (ISO 29148)
all (ISO 29148)
can (NASA ARM)
best (NASA ARM)",4,4,0.0,3,4,1.0,4,5,1.0,3,5,2.0,4,5,1.0,2,5,3.0,3,5,2.0,—
US042,"As a site member, I want to scroll through a listing of jobs, so that I can see if there any I am interested in.","User Story:
As a site member, I want to browse through a comprehensive list of job postings so that I can identify opportunities that match my skills and interests.

Acceptance Criteria:
- The job listing page must load within 3 seconds to ensure a smooth browsing experience.
- Users should be able to filter job listings by at least 5 different criteria (e.g., location, job type, salary range).
- The job listings should display a minimum of 20 positions per page to provide ample options for users to review.

Test Outline:
- Measure the loading time of the job listing page to confirm it meets the 3-second requirement.
- Test the filtering functionality to ensure users can apply at least 5 different filters effectively.
- Verify that the job listing page displays at least 20 job postings per page upon loading.","it (ISO 29148)
that (ISO 29148)
be able to (NASA ARM)
can (NASA ARM)",4,4,0.0,3,4,1.0,4,5,1.0,3,5,2.0,4,5,1.0,2,5,3.0,3,5,2.0,—
US043,"As a recruiter, I want to post a help wanted ad, so that I can attract candidates.","User Story:
As a recruiter, I want to publish a job advertisement for open positions so that I can effectively attract qualified candidates and fill vacancies promptly.

Acceptance Criteria:
- The job ad must be posted on at least 3 relevant job boards or platforms within 24 hours.
- The ad should include specific qualifications and responsibilities to ensure clarity and attract suitable applicants.
- Track the number of applications received within the first week, aiming for at least 20 qualified candidates.

Test Outline:
- Verify that the job ad is live on the selected job boards within the specified timeframe.
- Review the content of the ad to ensure it includes all necessary details about qualifications and responsibilities.
- Monitor the application submissions for the first week to confirm that the target number of qualified candidates is met.","it (ISO 29148)
that (ISO 29148)
all (ISO 29148)
can (NASA ARM)",4,4,0.0,3,4,1.0,4,5,1.0,2,5,3.0,4,5,1.0,2,5,3.0,3,5,2.0,—
US044,"As a site admin, I want to approve each help wanted ad before it gets to the site, so that we're sure of the quality of jobs being listed.","User Story:
As a site admin, I want to review and approve every help wanted advertisement prior to publication on the site, ensuring that only high-quality job listings are made available to users.

Acceptance Criteria:
- Each help wanted ad must be submitted for approval and should be reviewed within 24 hours of submission.
- A quality checklist must be established, with at least 5 criteria to evaluate the job listings.
- The approval process should result in a minimum of 90% of ads meeting the quality standards set forth.

Test Outline:
- Track the time taken to review and approve each ad to confirm compliance with the 24-hour review window.
- Utilize the quality checklist to assess each ad and ensure that at least 90% of submissions meet the established criteria.
- Monitor the feedback from users regarding the quality of job listings to validate the effectiveness of the approval process.","that (ISO 29148)
every (ISO 29148)",4,4,0.0,3,4,1.0,4,4,0.0,3,5,2.0,4,5,1.0,2,5,3.0,3,4,1.0,—
US045,"As a site admin, I want to be emailed whenever a job is submitted, so that I am aware of it and can decide if I want to post it.","User Story:
As a site admin, I want to receive an email notification each time a job submission occurs, so that I can promptly review the submission and determine whether to publish it on the site.

Acceptance Criteria:
- An email notification must be sent to the site admin's registered email address within 2 minutes of a job submission.
- The email should include key details of the job submission, such as the job title, submission date, and applicant information.
- Ensure that the email notification system is operational 99% of the time, with a maximum downtime of 1 hour per month.

Test Outline:
- Submit a job and verify that the email notification is received within the specified time frame.
- Check the content of the email to confirm it includes all necessary job submission details.
- Monitor the email notification system's uptime over a month to ensure it meets the operational criteria.","it (ISO 29148)
that (ISO 29148)
all (ISO 29148)
can (NASA ARM)",3,4,1.0,3,4,1.0,4,5,1.0,3,5,2.0,4,5,1.0,2,5,3.0,3,5,2.0,—
US046,"As a site member, I want to subscribe to an RSS feed of jobs available, so that I can read them without visiting the site.","User Story:
As a site member, I want to subscribe to an RSS feed that provides updates on available job listings so that I can conveniently access and read them without needing to visit the website.

Acceptance Criteria:
- Users must be able to successfully subscribe to the RSS feed with a single click.
- The RSS feed should deliver job updates at least once every hour.
- Ensure that the feed includes at least the job title, company name, and posting date for each listing.

Test Outline:
- Verify that the subscription process is seamless and that users receive a confirmation upon subscribing.
- Monitor the RSS feed to confirm that job updates are delivered within the specified hourly timeframe.
- Check the content of the RSS feed to ensure it includes the required job details for each listing.","it (ISO 29148)
that (ISO 29148)
every (ISO 29148)
be able to (NASA ARM)
can (NASA ARM)",4,4,0.0,3,4,1.0,4,5,1.0,3,5,2.0,4,5,1.0,2,5,3.0,3,5,2.0,—
US047,"As a site admin, I want to edit and delete help wanted ads, so that I can correct small problems or make sure each ad complies with site guidelines.","User Story:
As a site admin, I want to have the ability to modify and remove help wanted advertisements so that I can promptly address minor issues and ensure that all postings adhere to the established site guidelines.

Acceptance Criteria:
- Enable editing of help wanted ads, allowing for changes to be saved within 2 minutes of submission.
- Provide a deletion option for ads, ensuring that the ad is removed from the site within 1 minute of the deletion request.
- Implement a compliance check that flags any ads not meeting site guidelines before they are published.

Test Outline:
- Test the editing functionality by making changes to an ad and verifying that the updates are reflected accurately within the specified time frame.
- Attempt to delete an ad and confirm that it is no longer visible on the site within the designated time limit.
- Review the compliance check process to ensure that ads failing to meet guidelines are flagged before publication.","it (ISO 29148)
that (ISO 29148)
all (ISO 29148)
can (NASA ARM)",3,4,1.0,3,4,1.0,4,5,1.0,3,5,2.0,4,5,1.0,2,5,3.0,3,5,2.0,—
US048,"As a site admin, I want to stop publishing jobs on the site 30 days after being posted, so that jobs that may have been filled aren't still listed when the hiring party forgets to come back and delete the ad.","User Story:
As a site admin, I want to automatically remove job postings from the site 30 days after their initial publication so that outdated listings do not remain visible, preventing confusion for job seekers and ensuring that only current opportunities are displayed.

Acceptance Criteria:
- Implement an automated system that identifies and removes job postings that are older than 30 days from the publication date.
- Ensure that notifications are sent to the hiring parties 5 days prior to the removal of their job postings, reminding them to update or delete their ads.
- Confirm that no job postings older than 30 days are visible on the site after the automated removal process is executed.

Test Outline:
- Review the job postings on the site to verify that those older than 30 days have been successfully removed.
- Check the notification system to ensure that hiring parties receive reminders 5 days before their job postings are scheduled for removal.
- Conduct a random audit of job postings to confirm that only current listings are displayed to users.","that (ISO 29148)
those (ISO 29148)",3,4,1.0,3,4,1.0,4,5,1.0,3,5,2.0,4,5,1.0,2,5,3.0,3,5,2.0,—
US049,"As a recruiter, I want to be able to extend an ad for another 30 days by visiting the site and updating the posting, so that my ad remains active.","User Story:
As a recruiter, I want to extend the duration of my job advertisement for an additional 30 days by accessing the site and updating the posting, so that my ad continues to attract potential candidates without interruption.

Acceptance Criteria:
- Successfully navigate to the job posting management section of the site to initiate the extension process.
- Confirm that the ad is extended for an additional 30 days upon updating, with a visible confirmation message.
- Ensure that the updated posting reflects the new expiration date accurately within 24 hours.

Test Outline:
- Verify that the recruiter can access the job posting management section and initiate the extension process.
- Check for a confirmation message indicating the successful extension of the ad for 30 days.
- Validate that the new expiration date of the job posting is updated correctly in the system within the specified timeframe.","that (ISO 29148)
can (NASA ARM)",3,4,1.0,3,4,1.0,4,4,0.0,3,4,1.0,4,4,0.0,2,4,2.0,3,4,1.0,—
US050,"As an advertiser, I want to be emailed a reminder seven day before an ad is about to expire, so that I can go extend the ad.","User Story:
As an advertiser, I want to receive an email notification seven days prior to the expiration of my advertisement so that I can proactively extend the ad and maintain its visibility.

Acceptance Criteria:
- An email reminder must be sent exactly 7 days before the ad's expiration date.
- The email should include clear instructions on how to extend the ad and a direct link to the extension page.
- Ensure that the reminder is sent to the correct email address associated with the advertiser's account.

Test Outline:
- Verify that the email reminder is generated and sent 7 days before the ad expiration by checking the email logs.
- Check the content of the email to confirm it includes the necessary instructions and link for ad extension.
- Validate that the reminder is sent to the correct email address by cross-referencing with the advertiser's account information.","it (ISO 29148)
that (ISO 29148)
can (NASA ARM)",3,4,1.0,3,4,1.0,4,4,0.0,3,5,2.0,4,5,1.0,2,5,3.0,3,4,1.0,—
US051,"As a site visitor, I want to read a new article on the front page about once a week, so that I am up on all the latest happenings.","User Story:
As a site visitor, I want to access a new article featured on the front page at least once a week so that I can stay informed about the latest news and developments.

Acceptance Criteria:
- A new article must be published on the front page at least once every 7 days.
- The article should cover relevant and trending topics to ensure user engagement.
- User feedback should indicate that at least 80% of visitors find the new articles informative and relevant.

Test Outline:
- Track the publication schedule to confirm that a new article is posted weekly.
- Analyze article topics to ensure they align with current trends and user interests.
- Conduct a survey to gather user feedback on the relevance and quality of the articles.","that (ISO 29148)
every (ISO 29148)
can (NASA ARM)",4,4,0.0,3,4,1.0,4,5,1.0,3,5,2.0,4,5,1.0,2,5,3.0,3,5,2.0,—
US052,"As the site editor, I want to include a teaser with each article, so that site visitors can decide if they want to read the rest.","User Story:
As the site editor, I want to add a compelling teaser for each article so that site visitors can quickly assess the content and determine their interest in reading the full article, ultimately increasing engagement and page views.

Acceptance Criteria:
- Each article must include a teaser of at least 50 words that summarizes the main points.
- The teaser should be displayed prominently above the article title on the article page.
- Track and report the click-through rate (CTR) of articles with teasers, aiming for a minimum increase of 15% in user engagement.

Test Outline:
- Review multiple articles to ensure that each has a teaser that meets the word count requirement and is correctly positioned.
- Analyze the click-through rates before and after implementing the teasers to confirm the targeted increase in engagement.","that (ISO 29148)
can (NASA ARM)",3,4,1.0,3,4,1.0,4,4,0.0,3,5,2.0,4,5,1.0,2,5,3.0,3,4,1.0,—
US053,"As a site member who has read a teaser on the front page, I want to read the entire article so that I can finish articles that appeal to me.","User Story:
As a site member who has read a teaser on the front page, I want to access the full article so that I can thoroughly enjoy and complete the content that interests me.

Acceptance Criteria:
- Ensure that the full article is accessible with a single click from the teaser.
- The loading time for the full article should not exceed 3 seconds.
- Provide a seamless transition from the teaser to the article, with no broken links or errors.

Test Outline:
- Click on the teaser and verify that it redirects to the full article without any issues.
- Measure the loading time of the full article to confirm it meets the 3-second requirement.
- Check for any broken links or errors during the transition from the teaser to the article.","it (ISO 29148)
that (ISO 29148)
can (NASA ARM)",4,4,0.0,3,4,1.0,4,5,1.0,3,5,2.0,4,5,1.0,2,5,3.0,3,5,2.0,—
US054,"As the site editor, I want to add an article to the site, so that the site has plenty of content.","User Story:
As the site editor, I want to publish a new article on the website so that the site maintains a rich and diverse content library, enhancing user engagement and attracting more visitors.

Acceptance Criteria:
- Successfully draft and submit the article for review within 3 days.
- Ensure the article meets the editorial guidelines and is approved for publication.
- Track the article's performance metrics, aiming for at least 100 views within the first week of publication.

Test Outline:
- Review the submission process to confirm the article is drafted and submitted within the specified timeframe.
- Check the approval status to ensure the article adheres to the editorial standards.
- Monitor the article's view count after publication to verify it meets the target within the first week.","it (ISO 29148)
that (ISO 29148)
more (NASA ARM)",3,4,1.0,3,4,1.0,4,4,0.0,3,5,2.0,4,5,1.0,2,5,3.0,3,4,1.0,—
US055,"As a site editor, I want to set start publishing dates, old article date, and stop publishing dates for articles, so that articles appear only during appropriate periods.","User Story:
As a site editor, I want to define start and stop publishing dates, as well as the publication date for older articles, so that content is displayed only during designated timeframes, ensuring relevance and accuracy for our audience.

Acceptance Criteria:
- Ability to set a start publishing date for new articles that must be at least 24 hours in advance of the current date.
- Ability to specify an old article date that accurately reflects when the article was originally published.
- Ability to set a stop publishing date that prevents articles from being visible after a specified date, ensuring no outdated content is accessible.

Test Outline:
- Verify that the start publishing date can be set and that articles do not appear until this date is reached.
- Check that the old article date is correctly displayed on the article page.
- Confirm that articles are no longer visible after the stop publishing date has passed.","this (ISO 29148)
that (ISO 29148)
can (NASA ARM)",3,4,1.0,3,4,1.0,4,5,1.0,3,5,2.0,4,5,1.0,2,5,3.0,3,5,2.0,—
US056,"As a site editor, I want to be able to designate whether or not an ever makes the home page, so that the best content is featured most prominently.","User Story:
As a site editor, I want to have the capability to select which articles are featured on the home page, so that the highest quality and most relevant content is prominently displayed to enhance user engagement and site traffic.

Acceptance Criteria:
- Implement a feature that allows the editor to mark articles as ""homepage featured"" with a simple toggle option.
- Ensure that the selected articles appear on the home page within 5 minutes of being designated.
- Track and report the increase in page views for featured articles, aiming for at least a 20% increase compared to non-featured articles.

Test Outline:
- Verify that the toggle option for marking articles as featured is functional and user-friendly.
- Check the home page to confirm that newly featured articles appear within the specified time frame.
- Analyze page view metrics for featured versus non-featured articles to validate the expected increase in engagement.","most (ISO 29148)
that (ISO 29148)
capability to (NASA ARM)",4,4,0.0,3,4,1.0,4,5,1.0,3,5,2.0,4,5,1.0,2,5,3.0,3,5,2.0,—
US057,"As the site editor, I want to have pretty good control over how the article, so that articles are visually appealing.","User Story:
As the site editor, I want to have comprehensive control over the article formatting and layout so that the articles are visually engaging and enhance the reader's experience.

Acceptance Criteria:
- Implement a user-friendly interface that allows for at least 10 customizable formatting options (e.g., font size, color schemes, spacing).
- Ensure that all articles maintain a consistent visual style that adheres to brand guidelines across 100% of published content.
- Allow for real-time previews of changes made to the article layout before final publication.

Test Outline:
- Test the formatting interface to confirm that all 10 customization options are functional and accessible.
- Review a sample of published articles to ensure they align with the established visual style guidelines.
- Validate that changes made in the formatting interface are accurately reflected in the real-time preview.","that (ISO 29148)
all (ISO 29148)",2,4,2.0,2,4,2.0,3,4,1.0,2,5,3.0,4,5,1.0,2,5,3.0,3,4,1.0,—
US058,"As a site visitor, I want to click the link from the article teaser to take me directly to the body of the article. not to another teaser setup, so that I can easily finish the article.","User Story:
As a site visitor, I want to click on the link from the article teaser to be directed straight to the full article content, rather than being redirected to another teaser, so that I can efficiently read and complete the article without unnecessary interruptions.

Acceptance Criteria:
- Ensure that clicking the teaser link navigates directly to the article body with no intermediate pages.
- Confirm that the article loads within 3 seconds of clicking the link.
- Validate that the article is fully accessible and readable without additional clicks or redirects.

Test Outline:
- Test the link from the teaser to verify it leads directly to the article body.
- Measure the loading time of the article after clicking the link to ensure it meets the 3-second requirement.
- Check that the entire article is displayed correctly and is fully accessible without further navigation.","it (ISO 29148)
that (ISO 29148)
can (NASA ARM)",4,4,0.0,3,4,1.0,4,5,1.0,3,5,2.0,4,5,1.0,2,5,3.0,3,5,2.0,—
US059,"As a site editor, I want to be able to indicate whether an article is publicly available or for members only, so that visitors are incentivized to become members.","User Story:
As a site editor, I want to specify the accessibility status of each article as either publicly available or restricted to members only, so that potential visitors are motivated to subscribe for exclusive content.

Acceptance Criteria:
- Implement a toggle feature that allows editors to easily set an article's status as public or members-only.
- Ensure that at least 80% of articles have their accessibility status clearly displayed on the article page.
- Track and report the conversion rate of visitors to members, aiming for a minimum increase of 15% within three months of implementing this feature.

Test Outline:
- Verify that the toggle feature functions correctly and updates the article status in real-time.
- Check that the accessibility status is visible on the article page for all users.
- Analyze membership conversion data before and after the feature launch to confirm the targeted increase.","this (ISO 29148)
that (ISO 29148)
all (ISO 29148)",4,5,1.0,3,4,1.0,4,5,1.0,3,5,2.0,4,5,1.0,2,5,3.0,3,5,2.0,—
US060,"As a site visitor, I want to be able to read some of your articles, so that I can learn without first joining the site.","User Story:
As a site visitor, I want to access a selection of articles without needing to register, so that I can gain valuable insights and knowledge about the content offered on the site before committing to membership.

Acceptance Criteria:
- At least 5 articles must be available for reading without requiring user registration.
- Articles should cover a variety of topics to ensure diverse learning opportunities.
- Ensure that visitors can access these articles seamlessly, with no more than 3 clicks from the homepage.

Test Outline:
- Verify that 5 or more articles are accessible without registration by navigating the site as a visitor.
- Check the range of topics covered in the available articles to confirm diversity.
- Measure the number of clicks required to access the articles from the homepage to ensure it does not exceed the specified limit.","it (ISO 29148)
that (ISO 29148)
these (ISO 29148)
can (NASA ARM)
more (NASA ARM)",4,4,0.0,3,4,1.0,4,5,1.0,3,5,2.0,4,5,1.0,2,5,3.0,3,5,2.0,—
US061,"As a site member, I want to have full access to all articles, so that there is a benefit to being a member.","User Story:
As a site member, I want to gain unrestricted access to the entire library of articles so that I can fully leverage my membership benefits and enhance my knowledge.

Acceptance Criteria:
- Ensure that all articles are accessible to members without any restrictions.
- Confirm that members can view and read at least 100 articles per month without encountering paywalls.
- Provide a feedback mechanism for members to report any access issues within 24 hours.

Test Outline:
- Verify that all articles are available to members by attempting to access a random selection of articles.
- Track the number of articles accessed by members to ensure it meets the minimum threshold.
- Test the feedback mechanism by submitting a report and checking for a response within the specified timeframe.","it (ISO 29148)
that (ISO 29148)
all (ISO 29148)
can (NASA ARM)",4,4,0.0,3,5,2.0,4,5,1.0,3,5,2.0,4,5,1.0,2,5,3.0,3,5,2.0,—
US062,"As a site visitor, I want to do a full-text search of article body, title, and author name, so that I can find what I want.","User Story:
As a site visitor, I want to perform a comprehensive full-text search across the article body, title, and author name so that I can efficiently locate the specific content I am interested in.

Acceptance Criteria:
- The search functionality must return relevant results from the article body, title, and author name within 2 seconds.
- At least 90% of search queries should yield accurate results that match the user's intent.
- The search interface should allow for filtering results by date, relevance, and author to enhance user experience.

Test Outline:
- Conduct multiple search queries to measure the response time and ensure it meets the 2-second requirement.
- Analyze the accuracy of the search results against a set of predefined queries to confirm that at least 90% are relevant.
- Test the filtering options to verify that they function correctly and improve the search experience.","it (ISO 29148)
that (ISO 29148)
can (NASA ARM)",3,4,1.0,3,4,1.0,4,5,1.0,3,5,2.0,4,5,1.0,2,5,3.0,3,5,2.0,—
US063,"As a site visitor, I want to subscribe to an RSS feed of articles, so that I can read them without visiting the site.","User Story:
As a site visitor, I want to easily subscribe to an RSS feed of articles so that I can conveniently access and read the latest content without needing to navigate to the website.

Acceptance Criteria:
- Provide a clear and accessible option to subscribe to the RSS feed on the homepage.
- Ensure that the RSS feed updates with new articles within 10 minutes of publication.
- Allow users to receive notifications for at least 90% of new articles published in the feed.

Test Outline:
- Verify that the subscription option for the RSS feed is prominently displayed and functional on the homepage.
- Check the frequency of updates to the RSS feed to confirm it meets the 10-minute requirement.
- Monitor the notifications received by users to ensure that at least 90% of new articles are communicated through the feed.","it (ISO 29148)
that (ISO 29148)
can (NASA ARM)",4,4,0.0,3,4,1.0,4,5,1.0,3,5,2.0,4,5,1.0,2,5,3.0,3,5,2.0,—
US064,"As a site visitor, I want to post comments about articles, so that others can read them.","User Story:
As a site visitor, I want to submit comments on articles so that other readers can engage with my thoughts and insights, fostering a community of discussion and interaction.

Acceptance Criteria:
- Users must be able to post comments on at least 90% of articles available on the site.
- Each comment should be successfully displayed to other visitors within 5 seconds of submission.
- Implement a moderation system that reviews comments for appropriateness, ensuring that 95% of comments are approved within 24 hours.

Test Outline:
- Verify that the comment submission feature is accessible on the majority of articles by testing various articles on the site.
- Measure the time taken for comments to appear after submission to ensure it meets the 5-second requirement.
- Check the moderation queue to confirm that comments are reviewed and approved within the specified timeframe.","it (ISO 29148)
that (ISO 29148)
be able to (NASA ARM)
can (NASA ARM)",4,4,0.0,3,4,1.0,4,5,1.0,3,5,2.0,4,5,1.0,2,5,3.0,3,5,2.0,—
US065,"As a site editor, I want to have a prominent area on the home page where I can put special announcements not necessarily news or articles, so that I can give them additional exposure.","User Story:
As a site editor, I want to establish a dedicated section on the home page for highlighting special announcements that are distinct from news or articles, so that I can enhance their visibility and engagement among visitors.

Acceptance Criteria:
- Create a visually prominent area on the home page specifically for special announcements.
- Ensure that this section can accommodate at least 3 announcements simultaneously without compromising layout.
- Track user interactions with the announcements to achieve a minimum engagement rate of 15% within the first month of implementation.

Test Outline:
- Review the home page layout to confirm the presence and visibility of the dedicated announcement section.
- Validate that the section can display multiple announcements without layout issues.
- Analyze user engagement metrics to ensure the target interaction rate is met within the specified timeframe.","this (ISO 29148)
that (ISO 29148)
can (NASA ARM)",4,4,0.0,3,4,1.0,4,5,1.0,3,5,2.0,4,5,1.0,2,5,3.0,3,5,2.0,—
US066,"As a site editor, I want to have some flexibility as to where things appear, so that I can accommodate different types of content.","User Story:
As a site editor, I want to have customizable placement options for content elements so that I can effectively adapt the layout to suit various content types and enhance user engagement.

Acceptance Criteria:
- Provide at least 3 different layout configurations for content placement.
- Allow editors to drag and drop content elements within the layout with a success rate of 95% or higher.
- Ensure that changes to content placement are saved and reflected in real-time without requiring a page refresh.

Test Outline:
- Test the functionality of each layout configuration to confirm they are available for use.
- Conduct user testing to verify the drag-and-drop feature works seamlessly for at least 95% of attempts.
- Check that any adjustments made to content placement are saved and displayed correctly upon subsequent visits to the page.","that (ISO 29148)
can (NASA ARM)",4,4,0.0,3,4,1.0,4,5,1.0,2,5,3.0,4,5,1.0,2,5,3.0,3,5,2.0,—
US067,"As a trainer, I want to see the upcoming courses are what I want visitors to notice, so that they register and there's a benefit to my membership.","User Story:
As a trainer, I want to prominently display the upcoming courses so that visitors are immediately attracted to register, ultimately enhancing the value of my membership and increasing enrollment rates.

Acceptance Criteria:
- Ensure that at least 80% of visitors can easily identify the upcoming courses within 5 seconds of landing on the page.
- Track registration conversions from the course display, aiming for a minimum increase of 25% in sign-ups within the first month.
- Implement a feedback mechanism to gather visitor insights on course visibility and appeal, targeting a satisfaction score of 4 out of 5 or higher.

Test Outline:
- Conduct user testing to measure how quickly visitors can locate the upcoming courses upon arrival on the site.
- Analyze registration data to confirm the percentage increase in course sign-ups after the changes are made.
- Collect and review visitor feedback to assess the effectiveness of the course display and make adjustments as necessary.","that (ISO 29148)
can (NASA ARM)",3,4,1.0,3,5,2.0,4,5,1.0,2,5,3.0,4,5,1.0,2,5,3.0,3,5,2.0,—
US068,"As a site visitor, I want to see new content when I come to the site, so that I come back more often.","User Story:
As a site visitor, I want to access fresh and updated content each time I visit the site so that I am encouraged to return frequently, enhancing my overall engagement and loyalty.

Acceptance Criteria:
- Ensure that at least 3 new pieces of content are published on the site every week.
- Track and report the percentage increase in returning visitors, aiming for a minimum of 20% growth over the next quarter.
- Implement a notification system that alerts users to new content within 24 hours of their last visit.

Test Outline:
- Review the content management system to confirm that new content is being added weekly as per the criteria.
- Analyze site analytics to measure the increase in returning visitor rates and compare them to previous periods.
- Test the notification system to ensure users receive alerts about new content promptly after their last visit.","that (ISO 29148)
every (ISO 29148)",4,4,0.0,3,4,1.0,4,5,1.0,2,5,3.0,4,5,1.0,2,5,3.0,3,5,2.0,—
US069,"As a site visitor, I want to have articles that interest me and are easy to get to, so that I come to the site for my agile news and learning.","User Story:
As a site visitor, I want to access articles tailored to my interests and easily navigate to them, so that I consistently return to the site for the latest news and learning resources on agile methodologies.

Acceptance Criteria:
- Implement a personalized article recommendation system that increases user engagement by at least 30%.
- Ensure that the average time taken to find and access articles is reduced to 3 clicks or fewer.
- Track user return visits, aiming for a 20% increase in repeat visits within the first month of implementation.

Test Outline:
- Analyze user engagement metrics before and after the recommendation system is implemented to confirm the 30% increase.
- Measure the number of clicks required to access articles and verify that it meets the 3-click target.
- Monitor the frequency of repeat visits to the site over a month to ensure a 20% increase in returning users.","it (ISO 29148)
that (ISO 29148)",3,4,1.0,3,4,1.0,4,5,1.0,2,5,3.0,3,5,2.0,2,5,3.0,3,5,2.0,—
US070,"As a site visitor, I want to know as soon as I visit what on earth Scrum is and why it needs an alliance, so that I don't bounce immediately oﬀ the page.","User Story:
As a site visitor, I want to quickly understand the concept of Scrum and the importance of forming an alliance around it as soon as I land on the page, so that I am engaged and motivated to explore further rather than leaving immediately.

Acceptance Criteria:
- Provide a clear and concise definition of Scrum within the first 10 seconds of page load.
- Explain the significance of a Scrum alliance in 3 bullet points that highlight its benefits.
- Ensure that at least 70% of visitors remain on the page for more than 30 seconds after the initial load.

Test Outline:
- Measure the time taken for the Scrum definition to appear on the page after loading.
- Review the content to confirm that the benefits of a Scrum alliance are presented in a clear, bullet-point format.
- Analyze user engagement metrics to determine if 70% or more of visitors stay on the page for the specified duration.","it (ISO 29148)
that (ISO 29148)
more (NASA ARM)",3,4,1.0,3,4,1.0,4,5,1.0,3,5,2.0,4,5,1.0,2,5,3.0,3,5,2.0,—
US071,"As a site visitor, I want to know as I glance around the home page what on earth a CSM is and why I'd want to be one, so that I read more.","User Story:
As a site visitor, I want to quickly understand the role of a Customer Success Manager (CSM) and the benefits of pursuing this career path, so that I am encouraged to explore further information on the website.

Acceptance Criteria:
- Provide a clear and concise definition of a CSM that can be read in under 10 seconds.
- Highlight at least 3 key benefits of being a CSM, such as career growth opportunities, impact on customer satisfaction, and potential earnings.
- Ensure that the information is prominently displayed on the home page, making it easily accessible without scrolling.

Test Outline:
- Assess the clarity and readability of the CSM definition by timing how long it takes an average visitor to comprehend it.
- Survey visitors to confirm that they can identify at least 3 benefits of being a CSM after viewing the home page.
- Check the visibility of the CSM information on the home page to ensure it is immediately noticeable without requiring scrolling.","it (ISO 29148)
this (ISO 29148)
that (ISO 29148)
can (NASA ARM)",3,4,1.0,3,4,1.0,4,5,1.0,3,5,2.0,4,5,1.0,2,5,3.0,3,5,2.0,—
US072,"As a site visitor, I want to be able to get back to the home page quickly and easily, so that I don't get lost navigating.","User Story:
As a site visitor, I want to quickly and effortlessly return to the home page so that I can navigate the site without confusion and enhance my overall browsing experience.

Acceptance Criteria:
- A prominent ""Home"" button must be accessible from every page, ensuring visibility and ease of use.
- The home page should load within 3 seconds when accessed from any other page.
- At least 90% of users should report satisfaction with the ease of navigation back to the home page in post-visit surveys.

Test Outline:
- Check the presence and visibility of the ""Home"" button on all site pages.
- Measure the load time of the home page when accessed from various pages to confirm it meets the 3-second requirement.
- Conduct user surveys to gather feedback on navigation ease and satisfaction levels.","it (ISO 29148)
that (ISO 29148)
all (ISO 29148)
every (ISO 29148)
can (NASA ARM)",3,4,1.0,3,4,1.0,4,5,1.0,3,5,2.0,4,5,1.0,2,5,3.0,3,5,2.0,—
US073,"As a site visitor, I want to see a list of the most popular items on the site, so that I am most likely to read the most important or best content.","User Story:
As a site visitor, I want to access a curated list of the top-rated items on the website so that I can easily engage with the most relevant and high-quality content available.

Acceptance Criteria:
- Display a list of the top 10 most popular items based on user engagement metrics, such as views or likes.
- Update the list dynamically at least once every 24 hours to reflect current trends and user preferences.
- Ensure that each item in the list includes a brief description and a direct link for easy access.

Test Outline:
- Verify that the list of popular items is displayed prominently on the site and includes the top 10 items as specified.
- Check the update frequency of the list to confirm it refreshes at least once every 24 hours.
- Click on each item in the list to ensure that the links direct users to the correct content pages.","most (ISO 29148)
easy (ISO 29148)
it (ISO 29148)
that (ISO 29148)
every (ISO 29148)
can (NASA ARM)",4,4,0.0,3,4,1.0,4,5,1.0,3,5,2.0,4,5,1.0,2,5,3.0,3,5,2.0,—
US074,"As a trainer, I want to be assured that no one can submit the same answers multiple time and skew my results, so that my ratings are accurate.","User Story:
As a trainer, I want to implement a mechanism that prevents users from submitting identical answers multiple times, ensuring that the integrity of my evaluation results is maintained and that my ratings reflect true performance.

Acceptance Criteria:
- Establish a system that detects and blocks duplicate submissions from the same user for a given assessment.
- Ensure that at least 95% of submissions are unique, as verified by system logs.
- Provide real-time feedback to users attempting to submit duplicate answers, enhancing user experience.

Test Outline:
- Test the submission process by attempting to submit the same answers multiple times from the same user account to confirm that duplicates are blocked.
- Analyze submission logs to verify that the percentage of unique submissions meets or exceeds the target of 95%.
- Review the user interface to ensure that appropriate feedback is displayed when a duplicate submission is attempted.","that (ISO 29148)
appropriate (ISO 29148)",3,4,1.0,3,5,2.0,4,4,0.0,3,5,2.0,4,5,1.0,2,5,3.0,3,5,2.0,—
US075,"As a trainer, I want to be notified about the results of surveys about my classes, so that I can read them.","User Story:
As a trainer, I want to receive timely notifications regarding the survey results for my classes so that I can review feedback and make informed improvements to my teaching methods.

Acceptance Criteria:
- Notifications about survey results must be sent within 24 hours of survey completion.
- Each notification should include a summary of key feedback points and an overall satisfaction rating of at least 80%.
- Access to detailed survey results should be available through a dedicated link in the notification.

Test Outline:
- Monitor the notification system to ensure alerts are dispatched within the specified time frame after survey completion.
- Review the content of the notifications to confirm they include the required summary and satisfaction rating.
- Test the link provided in the notification to verify that it leads to the complete survey results.","it (ISO 29148)
that (ISO 29148)
timely (NASA ARM)
can (NASA ARM)",4,4,0.0,3,4,1.0,4,5,1.0,2,5,3.0,4,5,1.0,2,5,3.0,3,5,2.0,—
US076,"As a site admin, I want to see the results for each trainer and averages for the class, so that I can identify any outliers or possible problems.","User Story:
As a site admin, I want to access detailed performance results for each trainer along with average metrics for the entire class, so that I can effectively identify outliers and address potential issues proactively.

Acceptance Criteria:
- Display individual performance results for each trainer, including key metrics such as completion rates and feedback scores.
- Calculate and present the average performance metrics for the class, ensuring they are updated in real-time.
- Highlight any trainers whose performance deviates significantly from the class average by more than 15%.

Test Outline:
- Verify that the performance results for each trainer are accurately displayed and accessible through the admin dashboard.
- Check that the average metrics for the class are calculated correctly and reflect the latest data.
- Assess the identification process for outliers by confirming that trainers with performance deviations greater than 15% are flagged for review.","that (ISO 29148)
can (NASA ARM)
more (NASA ARM)
greater (NASA ARM)",3,4,1.0,3,5,2.0,4,5,1.0,3,5,2.0,4,5,1.0,2,5,3.0,3,5,2.0,—
US077,"As a site visitor, I want to see a trainer's rating, so that I choose a course from an appropriate trainer.","User Story:
As a site visitor, I want to view the rating of each trainer, so that I can select a course from a highly-rated trainer that meets my learning expectations.

Acceptance Criteria:
- Display the trainer's rating prominently on the course selection page, using a scale of 1 to 5 stars.
- Ensure that the rating is updated in real-time based on user feedback, with at least 50 ratings contributing to the average.
- Provide a tooltip or additional information that explains how the rating is calculated, enhancing transparency for users.

Test Outline:
- Check that the trainer's rating is visible and correctly displayed on the course selection page.
- Verify that the rating reflects the average of at least 50 user ratings and updates accordingly.
- Test the tooltip or information feature to ensure it accurately describes the rating calculation process.","it (ISO 29148)
that (ISO 29148)
can (NASA ARM)",4,5,1.0,3,5,2.0,4,5,1.0,2,5,3.0,4,5,1.0,2,5,3.0,3,5,2.0,—
US078,"As a trainer, I want to show my rating up on my profile page, so that site visitors can choose wisely.","User Story:
As a trainer, I want to prominently display my rating on my profile page so that potential clients can make informed decisions based on my qualifications and feedback from previous clients.

Acceptance Criteria:
- The trainer's rating must be clearly visible on the profile page, with a minimum font size of 16px for easy readability.
- The rating should be updated in real-time, reflecting any new reviews or changes within 24 hours.
- Include a tooltip or additional information that explains the rating scale and criteria used for evaluation.

Test Outline:
- Check the profile page to ensure the rating is displayed prominently and meets the specified font size.
- Monitor the rating for updates after new reviews are submitted to confirm it refreshes within the 24-hour timeframe.
- Hover over the rating to verify that the tooltip provides clear and accurate information about the rating system.","easy (ISO 29148)
it (ISO 29148)
that (ISO 29148)
can (NASA ARM)",4,4,0.0,3,4,1.0,4,5,1.0,3,5,2.0,4,5,1.0,2,5,3.0,3,5,2.0,—
US079,"As a site visitor, I want to view a section of the website that teaches me the basics of what Scrum is, so that I can learn that quickly.","User Story:
As a site visitor, I want to access a dedicated section of the website that provides a comprehensive overview of Scrum fundamentals, so that I can quickly acquire essential knowledge and apply it effectively.

Acceptance Criteria:
- The section must include at least 5 key concepts of Scrum, clearly defined and explained.
- Users should be able to complete the overview in under 10 minutes.
- The content must include interactive elements, such as quizzes or infographics, to enhance engagement and retention.

Test Outline:
- Review the section to ensure it covers the required key concepts and is easily navigable.
- Time how long it takes for a user to read through the content to confirm it meets the 10-minute requirement.
- Assess user engagement by tracking interactions with the quizzes or infographics included in the section.","it (ISO 29148)
that (ISO 29148)
be able to (NASA ARM)
can (NASA ARM)",4,4,0.0,3,4,1.0,4,5,1.0,3,5,2.0,4,5,1.0,2,5,3.0,3,5,2.0,—
US080,"As a site editor, I want to create the content of the What Is Scrum section, so that it's there for visitors.","User Story:
As a site editor, I want to develop comprehensive content for the ""What Is Scrum"" section so that visitors can easily understand the Scrum framework and its benefits, enhancing their overall experience on the site.

Acceptance Criteria:
- The content must clearly define Scrum, including its roles, events, and artifacts, in no less than 500 words.
- Ensure that at least 3 real-world examples of Scrum implementation are included to illustrate its practical application.
- The section should be optimized for SEO, achieving a keyword density of 1-2% for relevant terms related to Scrum.

Test Outline:
- Review the content to confirm it meets the minimum word count and includes the required definitions and examples.
- Use an SEO tool to analyze the keyword density and ensure it aligns with the specified criteria.","it (ISO 29148)
that (ISO 29148)
can (NASA ARM)
less (NASA ARM)",3,4,1.0,2,4,2.0,3,5,2.0,2,5,3.0,4,5,1.0,2,5,3.0,3,5,2.0,—
US081,"As a site visitor, I want to view lists on the site of all Certified Scrum Masters, Practitioners, Trainers, and Certified Scrum Product Owners.","User Story:
As a site visitor, I want to access comprehensive lists of all Certified Scrum Masters, Practitioners, Trainers, and Certified Scrum Product Owners on the website so that I can easily find qualified professionals for collaboration or learning opportunities.

Acceptance Criteria:
- Display a complete list of Certified Scrum Masters, Practitioners, Trainers, and Certified Scrum Product Owners, with at least 95% of entries verified for accuracy.
- Ensure that the lists are filterable by certification type and location, allowing users to narrow down their search effectively.
- Provide a search functionality that returns relevant results within 2 seconds for any query entered by the user.

Test Outline:
- Review the displayed lists to confirm that they include all required certification categories and that the information is accurate.
- Test the filtering options to ensure they function correctly and return the expected results based on user selections.
- Measure the response time of the search functionality to verify it meets the 2-second requirement.","it (ISO 29148)
that (ISO 29148)
all (ISO 29148)
can (NASA ARM)",3,4,1.0,3,4,1.0,3,5,2.0,3,5,2.0,4,5,1.0,2,5,3.0,3,5,2.0,—
US082,"As a CSM, I want to have my name listed in the registry without becoming a member of the site, so that employers or others can verify my certification.","User Story:
As a CSM, I want my name to be included in the certification registry without requiring full membership on the site, so that potential employers and stakeholders can easily verify my certification status.

Acceptance Criteria:
- My name should be searchable in the registry without needing to log in or create an account.
- The registry must display my certification details accurately and in real-time.
- Ensure that the verification process can be completed by employers within 2 minutes of searching.

Test Outline:
- Conduct a search in the registry to confirm that my name appears without any membership requirements.
- Verify that the certification details shown are correct and up-to-date.
- Test the time taken for an employer to verify my certification through the registry to ensure it meets the 2-minute criterion.","it (ISO 29148)
that (ISO 29148)
can (NASA ARM)",4,4,0.0,3,4,1.0,4,5,1.0,3,5,2.0,4,5,1.0,2,5,3.0,3,5,2.0,—
US083,"As a trainer, I want to load an Excel file into the site, so that the course participants are added to the Scrum Alliance records.","User Story:
As a trainer, I want to upload an Excel file to the platform so that I can efficiently add course participants to the Scrum Alliance records, ensuring accurate and timely documentation.

Acceptance Criteria:
- The system must accept Excel files in .xlsx format for upload.
- Confirmation of successful upload should be provided within 2 minutes of submission.
- All participant data from the Excel file must be accurately reflected in the Scrum Alliance records, with a verification rate of 100%.

Test Outline:
- Attempt to upload an Excel file and verify that the system accepts the file format.
- Measure the time taken to receive confirmation of the upload to ensure it meets the 2-minute requirement.
- Cross-check the participant data in the Scrum Alliance records against the uploaded Excel file to confirm accuracy.","it (ISO 29148)
that (ISO 29148)
all (ISO 29148)
timely (NASA ARM)
can (NASA ARM)",4,4,0.0,3,4,1.0,4,5,1.0,3,5,2.0,4,5,1.0,2,5,3.0,3,5,2.0,—
US084,"As a site admin, I want to view all classes in a pending state, so that I can approve any that need to be approved.","User Story:
As a site admin, I want to access a comprehensive list of all classes currently in a pending approval state so that I can efficiently review and approve those that require my authorization.

Acceptance Criteria:
- Display a filtered list of all classes with a pending status, updated in real-time.
- Ensure that the list includes relevant details such as class name, submission date, and the number of students enrolled.
- Provide an approval action for each class that allows me to approve or reject with a confirmation prompt.

Test Outline:
- Verify that the list of pending classes is accurately populated and reflects the current status in the system.
- Check that all relevant details are displayed for each class in the pending list.
- Test the approval functionality to ensure that actions are processed correctly and confirmation prompts appear as expected.","that (ISO 29148)
those (ISO 29148)
all (ISO 29148)
can (NASA ARM)",4,4,0.0,3,4,1.0,4,5,1.0,3,5,2.0,4,5,1.0,2,5,3.0,3,5,2.0,—
US085,"As a site admin, I want to move people in a trainer's class from a pending state to the registry once I have received proof of payment from the trainer.","User Story:
As a site admin, I want to transition participants in a trainer's class from a pending status to the official registry upon receiving verified proof of payment from the trainer, ensuring accurate record-keeping and compliance.

Acceptance Criteria:
- Confirm receipt of proof of payment from the trainer within 24 hours of the transaction.
- Successfully move participants from the pending state to the registry, with a target completion rate of 100% for all verified payments.
- Generate a notification for the trainer once the transition is completed, ensuring they are informed of the status change.

Test Outline:
- Track the time taken to receive proof of payment and verify it against the 24-hour requirement.
- Review the registry to ensure all participants with verified payments are moved from pending to registered status.
- Check the notification system to confirm that trainers receive updates on the status of their class participants.","it (ISO 29148)
that (ISO 29148)
all (ISO 29148)",4,4,0.0,3,4,1.0,3,4,1.0,3,5,2.0,4,5,1.0,2,5,3.0,3,4,1.0,—
US086,"As a CSM, I want to be sent an email welcoming me to the Scrum Alliance and with instructions to register or activate my membership once my name has been loaded to the registry.","User Story:
As a CSM, I want to receive a welcome email from the Scrum Alliance that includes clear instructions for registering or activating my membership once my name is successfully added to the registry, ensuring a smooth onboarding experience.

Acceptance Criteria:
- A welcome email must be sent within 24 hours of my name being added to the registry.
- The email should contain step-by-step instructions for membership registration or activation.
- Confirmation of successful registration or activation must be provided within 48 hours after completing the process.

Test Outline:
- Monitor the email system to ensure the welcome email is dispatched within the specified timeframe after registry addition.
- Review the content of the email to verify that it includes comprehensive instructions for the registration or activation process.
- Check for a confirmation message to ensure that the registration or activation was completed successfully within the designated period.","it (ISO 29148)
that (ISO 29148)",3,4,1.0,3,4,1.0,3,4,1.0,3,5,2.0,4,5,1.0,2,5,3.0,3,4,1.0,—
US087,"As a site editor, I want to edit the content of the email automatically sent to new Certified Scrum Masters and Product Owners, so that I don't need to involve a programmer on simple email edits.","User Story:
As a site editor, I want to have the ability to modify the content of the automated emails sent to newly certified Scrum Masters and Product Owners, so that I can make simple updates independently without requiring assistance from a programmer.

Acceptance Criteria:
- Provide an intuitive interface for editing email content that allows changes to be made within 5 minutes.
- Ensure that all changes are saved and reflected in the next email sent without any programming intervention.
- Implement a preview feature that allows the editor to view the email before it is sent to confirm the changes.

Test Outline:
- Test the editing interface to confirm that content modifications can be made within the specified time frame.
- Send a test email after making edits to verify that the changes are accurately reflected in the email content.
- Use the preview feature to ensure that the email displays correctly before finalizing the edits.","intuitive (ISO 29148)
it (ISO 29148)
that (ISO 29148)
all (ISO 29148)
can (NASA ARM)",3,4,1.0,3,4,1.0,4,5,1.0,3,5,2.0,4,5,1.0,2,5,3.0,3,5,2.0,—
US088,"As a company, I want to join the Scrum Alliance by paying a corporate membership fee, so that I can show the company's support of Scrum.","User Story:
As a company, I want to secure a corporate membership with the Scrum Alliance by paying the required fee, so that I can visibly demonstrate our company's commitment to Agile methodologies and enhance our organizational credibility within the Scrum community.

Acceptance Criteria:
- Complete the corporate membership application process and submit the payment within 10 business days.
- Receive confirmation of membership approval from the Scrum Alliance within 5 business days of application submission.
- Ensure that the company logo is displayed on the Scrum Alliance website as a member within 2 weeks of receiving confirmation.

Test Outline:
- Track the application submission date and verify that the payment is processed within the specified timeframe.
- Confirm receipt of the membership approval email from the Scrum Alliance.
- Check the Scrum Alliance website to ensure the company logo is listed as a member within the designated period.","secure (ISO 29148)
that (ISO 29148)
can (NASA ARM)",4,4,0.0,3,4,1.0,4,5,1.0,3,5,2.0,4,5,1.0,2,5,3.0,3,5,2.0,—
US089,"As a corporatesponsor, I want to display my logo on a corporate sponsors page, so that others see the company's support of Scrum.","User Story:
As a corporatesponsor, I want to prominently showcase my company logo on the corporate sponsors page so that potential clients and partners recognize our commitment to supporting Scrum initiatives and enhance our brand visibility.

Acceptance Criteria:
- Ensure the company logo is displayed in a high-resolution format on the corporate sponsors page.
- The logo must be positioned in a way that it is visible to at least 90% of page visitors.
- Track and report the number of impressions and interactions with the logo over a 30-day period to measure visibility and engagement.

Test Outline:
- Verify that the logo is uploaded and displayed correctly on the corporate sponsors page.
- Use analytics tools to assess the visibility and interaction metrics for the logo within the specified timeframe.","it (ISO 29148)
that (ISO 29148)",4,4,0.0,3,4,1.0,4,5,1.0,3,5,2.0,4,5,1.0,2,5,3.0,3,5,2.0,—
US090,"As a corporatesponsor, I want to make my logo randomly appear on the home page, so that others see the company's support of Scrum.","User Story:
As a corporatesponsor, I want my logo to be displayed randomly on the home page so that visitors can recognize and appreciate my company's support for Scrum, enhancing brand visibility and credibility.

Acceptance Criteria:
- The logo must appear randomly on the home page at least 10 times per hour during peak traffic.
- Ensure that the logo is displayed for a minimum of 5 seconds each time it appears.
- Track and report the number of impressions generated by the logo display on a weekly basis.

Test Outline:
- Monitor the home page to confirm that the logo appears randomly and meets the frequency requirement.
- Measure the duration of each logo display to ensure it adheres to the minimum time specified.
- Analyze the weekly report to verify the total number of impressions and assess brand visibility.","it (ISO 29148)
that (ISO 29148)
can (NASA ARM)",4,4,0.0,3,4,1.0,4,5,1.0,3,5,2.0,4,5,1.0,2,5,3.0,3,5,2.0,—
US091,"As a CSM, I want to be charged a fee once I am approved for Practitioner status, so that my certification status can be activated.","User Story:
As a CSM, I want to incur a fee upon receiving approval for Practitioner status so that my certification can be officially activated and recognized.

Acceptance Criteria:
- The fee must be clearly communicated and must be charged only after the Practitioner status approval is confirmed.
- The certification activation process should be completed within 24 hours of fee payment.
- A confirmation notification must be sent to the CSM once the certification status is activated.

Test Outline:
- Verify that the fee is charged only after the approval of Practitioner status.
- Check the time taken for the certification activation process to ensure it is completed within the specified timeframe.
- Confirm that a notification is received by the CSM upon successful activation of their certification status.","it (ISO 29148)
that (ISO 29148)
can (NASA ARM)",4,4,0.0,3,3,0.0,4,4,0.0,3,4,1.0,4,4,0.0,2,4,2.0,3,4,1.0,—
US092,"As a CST, I want to pay an annual fee, so that my CST status is active.","User Story:
As a CST, I want to pay my annual membership fee so that I can maintain my active CST status and continue to access exclusive resources and support.

Acceptance Criteria:
- Successfully complete the payment process for the annual fee before the due date.
- Confirm that my CST status is renewed and active within 24 hours of payment.
- Ensure access to all CST benefits and resources is restored immediately upon status activation.

Test Outline:
- Verify that the payment system processes the annual fee without errors and provides a confirmation receipt.
- Check the CST status in the system to ensure it reflects as active within the specified time frame after payment.
- Test access to CST-exclusive resources to confirm that all benefits are available post-renewal.","it (ISO 29148)
that (ISO 29148)
all (ISO 29148)
can (NASA ARM)",4,4,0.0,3,4,1.0,4,5,1.0,3,5,2.0,4,5,1.0,2,5,3.0,3,5,2.0,—
US093,"As a site administrator, I want to set the annual fees for members, Practitioners and Trainers, so that fees can be set without involving a programmer.","User Story:
As a site administrator, I want to independently configure the annual membership fees for members, practitioners, and trainers through an intuitive interface, so that I can manage pricing efficiently without needing to rely on a programmer.

Acceptance Criteria:
- Provide a user-friendly interface that allows the administrator to set and update fees for each category (members, practitioners, trainers) with a maximum of 3 clicks.
- Ensure that changes to the fees are saved and reflected on the site within 1 minute of being set.
- Implement validation to prevent the setting of fees below a minimum threshold (e.g., $50) for each category.

Test Outline:
- Test the interface to confirm that the administrator can set and update fees with no more than 3 clicks.
- Monitor the site to verify that the updated fees are displayed correctly within 1 minute of being saved.
- Attempt to set fees below the minimum threshold to ensure that the validation mechanism is functioning properly.","intuitive (ISO 29148)
that (ISO 29148)
can (NASA ARM)
more (NASA ARM)",3,4,1.0,3,4,1.0,4,5,1.0,3,5,2.0,4,5,1.0,2,5,3.0,3,5,2.0,—
US094,"As a member, I want to receive a reminder and a link, so that I can renew my membership.","User Story:
As a member, I want to receive a timely reminder along with a renewal link so that I can easily renew my membership before it expires, ensuring uninterrupted access to benefits.

Acceptance Criteria:
- Send a reminder notification at least 30 days prior to the membership expiration date.
- Include a direct renewal link in the reminder that is functional and leads to the renewal page.
- Confirm that at least 75% of members who receive the reminder complete their membership renewal within 14 days.

Test Outline:
- Track the timing of reminder notifications to ensure they are sent 30 days before expiration.
- Test the functionality of the renewal link to verify it directs members to the correct renewal page.
- Analyze renewal rates to confirm that 75% or more of notified members renew their membership within the specified timeframe.","it (ISO 29148)
that (ISO 29148)
timely (NASA ARM)
can (NASA ARM)
more (NASA ARM)",3,5,2.0,3,4,1.0,4,5,1.0,3,5,2.0,4,5,1.0,2,5,3.0,3,5,2.0,—
US095,"As a member, I want to have the system email me a new password or a password reminder since i have short-term memory problems.","User Story:
As a member, I want the system to automatically send me a new password or a password reminder via email so that I can easily access my account without frustration.

Acceptance Criteria:
- The system must allow me to request a password reset or reminder through a simple interface.
- I should receive the email containing the new password or reminder within 5 minutes of my request.
- The email must include clear instructions on how to use the new password or reminder effectively.

Test Outline:
- Verify that the password reset or reminder request feature is accessible and user-friendly.
- Check the email inbox to confirm that the email is received within the specified time frame after the request.
- Review the content of the email to ensure it provides clear and actionable instructions for using the new password or reminder.","it (ISO 29148)
that (ISO 29148)
can (NASA ARM)",4,5,1.0,3,4,1.0,3,5,2.0,3,5,2.0,4,5,1.0,2,5,3.0,3,5,2.0,—
US096,"As a trainer, I want to read information of relevance only to trainers, so that the Scrum Alliance can share information with me easily.","User Story:
As a trainer, I want to access content specifically tailored for trainers, so that the Scrum Alliance can efficiently provide me with relevant updates and resources that enhance my training effectiveness.

Acceptance Criteria:
- Ensure that the information accessed is exclusively relevant to trainers, filtering out unrelated content.
- Confirm that updates from the Scrum Alliance are delivered to me at least once a month.
- Provide a mechanism for me to give feedback on the relevance of the information received, with a target response rate of 80% or higher.

Test Outline:
- Review the content accessed to verify that it is exclusively focused on trainer-related topics.
- Track the frequency of updates received from the Scrum Alliance to ensure compliance with the monthly delivery target.
- Implement a feedback survey and analyze the response rate to ensure it meets the specified threshold.","it (ISO 29148)
that (ISO 29148)
can (NASA ARM)",4,4,0.0,3,5,2.0,4,5,1.0,2,5,3.0,4,5,1.0,2,5,3.0,3,5,2.0,—
US097,"As a site editor, I want to post information in a trainers-only section, so that only trainers see it.","User Story:
As a site editor, I want to publish content exclusively in a trainers-only section so that only authorized trainers can access and view the information, ensuring confidentiality and relevance.

Acceptance Criteria:
- Ensure that the trainers-only section is accessible only to users with trainer roles, with a verification success rate of 100%.
- Confirm that all posted information is visible exclusively to trainers and not accessible to other user roles.
- Implement a notification system that alerts trainers when new content is posted in their section, achieving a notification delivery rate of ≥95%.

Test Outline:
- Test the access control to the trainers-only section by attempting to log in with different user roles to verify restricted access.
- Review the visibility of posted content to ensure it is only displayed to users with the trainer role.
- Monitor the notification system to confirm that alerts are sent to trainers upon new content publication.","it (ISO 29148)
that (ISO 29148)
all (ISO 29148)
can (NASA ARM)",3,4,1.0,2,4,2.0,3,5,2.0,2,5,3.0,4,5,1.0,2,5,3.0,3,5,2.0,—
