ID,Original User Story,Rewritten User Story,Fuzzy Terms (with source),I_before,I_after,delta_I,N_before,N_after,delta_N,V_before,V_after,delta_V,E_before,E_after,delta_E,S_before,S_after,delta_S,T_before,T_after,delta_T,overall_before,overall_after,delta_overall,Low-score Explanation (<2)
US001,"As a site member, I want to describe myself on my own page in a semi-structured way, so that others can learn about me.","User Story:
As a site member, I want to create a semi-structured personal profile on my page so that other users can easily understand my background, interests, and skills, fostering better connections within the community.

Acceptance Criteria:
- Provide a template that includes at least 5 distinct sections (e.g., biography, interests, skills, achievements, and contact information) for users to fill out.
- Ensure that each section has a character limit of 250 characters to maintain conciseness and clarity.
- Allow users to preview their profile before final submission to ensure accuracy and satisfaction.

Test Outline:
- Verify that the profile creation template includes the required 5 sections and adheres to the character limits.
- Check that users can successfully preview their profile before it is published.
- Confirm that the completed profiles are displayed correctly on the user's page for others to view.","it (ISO 29148)
that (ISO 29148)
better (ISO 29148)
can (NASA ARM)
better (NASA ARM)",4,4,0.0,3,4,1.0,4,5,1.0,3,5,2.0,4,5,1.0,2,5,3.0,3,5,2.0,—
US002,"As a site member, I want to fill out an application to become a Certified Scrum Practitioner, so that I can earn that designation.","User Story:
As a site member, I want to complete an application for the Certified Scrum Practitioner designation so that I can enhance my professional credentials and demonstrate my expertise in Scrum methodologies.

Acceptance Criteria:
- Successfully submit the application form with all required fields completed.
- Receive a confirmation email within 24 hours of submission indicating the application status.
- Achieve a processing time of no more than 7 business days to receive the final decision on the application.

Test Outline:
- Verify that the application form can be filled out and submitted without errors.
- Check the timestamp of the confirmation email to ensure it is sent within 24 hours.
- Track the time taken from application submission to the final decision to confirm it does not exceed 7 business days.","it (ISO 29148)
that (ISO 29148)
all (ISO 29148)
can (NASA ARM)
more (NASA ARM)",4,4,0.0,3,4,1.0,4,5,1.0,3,5,2.0,4,5,1.0,2,5,3.0,3,5,2.0,—
US003,"As a Practitioner, I want to include additional details about me in my profile page, so that I can showcase my experience.","User Story:
As a Practitioner, I want to enhance my profile page with additional personal and professional details so that I can effectively showcase my experience and qualifications to potential clients and employers.

Acceptance Criteria:
- Include fields for at least 3 new sections: professional summary, key skills, and certifications.
- Ensure that users can input a minimum of 150 characters in the professional summary section to provide a comprehensive overview.
- Allow the upload of up to 5 certification documents to validate qualifications.

Test Outline:
- Verify that the new sections are present and functional on the profile page.
- Check that the character limit for the professional summary is enforced correctly.
- Confirm that users can successfully upload and display certification documents on their profile.","that (ISO 29148)
can (NASA ARM)",4,4,0.0,3,4,1.0,4,5,1.0,3,5,2.0,4,5,1.0,2,5,3.0,3,5,2.0,—
US004,"As a site member, I want to fill out an application to become a Certified Scrum Trainer, so that I can teach CSM and CSPO courses and certify others.","User Story:
As a site member, I want to complete an application process to obtain certification as a Certified Scrum Trainer, so that I can effectively teach Certified Scrum Master (CSM) and Certified Scrum Product Owner (CSPO) courses, enabling me to certify other professionals in Scrum methodologies.

Acceptance Criteria:
- Successfully submit the application form with all required documentation and information.
- Receive confirmation of application submission within 24 hours.
- Complete the certification process, including any necessary assessments, within 3 months of application approval.

Test Outline:
- Verify that the application form can be filled out and submitted without errors.
- Check for an automated confirmation email sent within 24 hours of submission.
- Track the timeline from application approval to certification completion to ensure it meets the 3-month target.","it (ISO 29148)
that (ISO 29148)
all (ISO 29148)
can (NASA ARM)",3,4,1.0,3,4,1.0,4,5,1.0,3,5,2.0,4,5,1.0,2,5,3.0,3,5,2.0,—
US005,"As a Trainer, I want to include additional details in my profile page about me, so that others can learn about me and decide if I am the right trainer for them.","User Story:
As a Trainer, I want to enrich my profile page with comprehensive details about my qualifications and training philosophy so that potential clients can make informed decisions about whether I am the ideal trainer to meet their fitness goals.

Acceptance Criteria:
- Include at least 3 specific qualifications or certifications relevant to my training expertise.
- Provide a personal training philosophy statement that is at least 100 words long.
- Add testimonials from at least 2 previous clients to enhance credibility and attract new clients.

Test Outline:
- Review the profile page to ensure all specified qualifications and certifications are clearly listed.
- Check the length and content of the personal training philosophy statement to confirm it meets the 100-word requirement.
- Verify the presence of client testimonials and assess their relevance and impact on the profile.","it (ISO 29148)
that (ISO 29148)
all (ISO 29148)
can (NASA ARM)",3,4,1.0,3,4,1.0,4,5,1.0,3,5,2.0,3,5,2.0,2,5,3.0,3,5,2.0,—
US006,"As a Practitioner, I want to write an article for the site with a small graphic shown with the article showing my CSP or CST status, so that others know my certifications when reading.","User Story:
As a Practitioner, I want to publish an article on the website that includes a small graphic displaying my Certified Scrum Professional (CSP) or Certified Scrum Trainer (CST) status, so that readers can easily recognize my qualifications and expertise in the field.

Acceptance Criteria:
- Successfully submit an article that meets the site's content guidelines and is approved for publication.
- Include a graphic that clearly indicates my CSP or CST status, ensuring it is visible alongside the article.
- Ensure the article is published within 7 days of submission to maintain relevance and timeliness.

Test Outline:
- Review the article submission process to confirm it adheres to the site's guidelines and is approved.
- Check the published article to verify that the certification graphic is correctly displayed.
- Track the time from submission to publication to ensure it meets the 7-day timeframe.","it (ISO 29148)
that (ISO 29148)
can (NASA ARM)",4,4,0.0,3,4,1.0,4,5,1.0,3,5,2.0,3,5,2.0,2,5,3.0,3,5,2.0,—
US007,"As a trainer, I want to list my upcoming classes in my profile and include a link to a detailed page about each, so that prospective attendees can find my courses.","User Story:
As a trainer, I want to showcase my upcoming classes on my profile along with links to detailed pages for each class, so that potential attendees can easily discover and learn more about my offerings, ultimately increasing enrollment.

Acceptance Criteria:
- Display a list of at least 5 upcoming classes on the trainer's profile.
- Include a clickable link for each class that directs users to a detailed information page.
- Ensure that the class details page includes essential information such as date, time, location, and a brief description of the class.

Test Outline:
- Verify that the profile displays a minimum of 5 upcoming classes.
- Check that each class has a functional link leading to its respective detailed page.
- Confirm that the detailed page contains all required information about the class, including date, time, location, and description.","that (ISO 29148)
all (ISO 29148)
can (NASA ARM)
more (NASA ARM)",4,4,0.0,4,4,0.0,4,5,1.0,4,5,1.0,4,5,1.0,3,5,2.0,4,5,1.0,—
US008,"As a site member, I want to view the profiles of other members, so that I can find others I might want to connect with.","User Story:
As a site member, I want to access and view the profiles of other members so that I can identify potential connections and expand my network effectively.

Acceptance Criteria:
- Successfully load the profiles of at least 10 other members within 3 seconds of the request.
- Ensure that each profile displays key information, including name, interests, and connection status.
- Provide a search functionality that allows filtering profiles by specific criteria, such as location or shared interests.

Test Outline:
- Measure the loading time for member profiles to confirm it is within the 3-second limit.
- Verify that the displayed profiles include all required key information.
- Test the search functionality to ensure it accurately filters profiles based on the specified criteria.","it (ISO 29148)
that (ISO 29148)
all (ISO 29148)
can (NASA ARM)",4,4,0.0,3,5,2.0,4,5,1.0,3,5,2.0,4,5,1.0,2,5,3.0,3,5,2.0,—
US009,"As a site member, I want to search for profiles based on a few fields, so that I can find others I might want to connect with.","User Story:
As a site member, I want to perform searches for profiles using specific criteria so that I can efficiently discover potential connections that align with my interests and goals.

Acceptance Criteria:
- Enable search functionality that allows filtering by at least 5 key fields (e.g., location, interests, profession, skills, and availability).
- Ensure search results are returned within 3 seconds to maintain a smooth user experience.
- Provide an option to sort results by relevance or distance, allowing users to prioritize their connections.

Test Outline:
- Test the search feature by inputting various criteria and verifying that results match the specified fields.
- Measure the response time of the search function to confirm it meets the 3-second requirement.
- Check the sorting functionality to ensure it accurately reflects user preferences for relevance or distance.","it (ISO 29148)
that (ISO 29148)
can (NASA ARM)",4,4,0.0,3,4,1.0,4,5,1.0,3,5,2.0,4,5,1.0,2,5,3.0,3,5,2.0,—
US010,"As a site member, I want to mark my profile as private in which case only my name will appear, so that no one can learn things about me I don't want shared.","User Story:
As a site member, I want to set my profile to private mode, ensuring that only my name is visible to others, so that I can protect my personal information and control what details are shared publicly.

Acceptance Criteria:
- Enable the private profile setting, ensuring that only the member's name is displayed to other users.
- Confirm that all other personal information is hidden from public view when the profile is set to private.
- Provide a clear toggle option for members to switch between public and private profile settings at any time.

Test Outline:
- Verify that when the private profile setting is activated, only the member's name is visible to other users.
- Check that all other personal details are not accessible when the profile is marked as private.
- Test the functionality of the toggle option to ensure members can easily switch their profile visibility.","that (ISO 29148)
all (ISO 29148)
can (NASA ARM)",4,4,0.0,3,5,2.0,4,5,1.0,3,5,2.0,3,5,2.0,2,5,3.0,3,5,2.0,—
US011,"As a site member, I want to mark my email address as private even if the rest of my profile is not, so that no one can contact me.","User Story:
As a site member, I want the ability to designate my email address as private, even when my other profile information remains public, so that I can maintain my privacy and prevent unsolicited contact from other users.

Acceptance Criteria:
- Successfully toggle the email privacy setting to ""private"" while keeping other profile details visible.
- Ensure that no user can view my email address when the privacy setting is activated.
- Confirm that the privacy setting can be changed at any time without affecting other profile settings.

Test Outline:
- Verify that the email privacy setting can be adjusted in the user profile settings.
- Check that the email address is not visible to other users when the privacy setting is enabled.
- Test the functionality to change the privacy setting back and forth to ensure it works without issues.","it (ISO 29148)
that (ISO 29148)
can (NASA ARM)",4,4,0.0,3,4,1.0,4,5,1.0,3,5,2.0,4,5,1.0,2,5,3.0,3,5,2.0,—
US012,"As a site member, I want to send an email to any member via a form, so that we can connect.","User Story:
As a site member, I want to utilize a form to send emails to any other member, so that I can establish connections and foster collaboration within the community.

Acceptance Criteria:
- Successfully send an email to another member using the form, with a confirmation message displayed upon successful submission.
- Ensure that the email is delivered to the recipient's registered email address within 2 minutes of sending.
- Include a character limit of 500 for the message body to maintain clarity and conciseness.

Test Outline:
- Test the email sending functionality by sending a message to a fellow member and verifying the confirmation message appears.
- Monitor the delivery time of the email to ensure it arrives within the 2-minute timeframe.
- Check that the message body adheres to the 500-character limit by attempting to send messages of varying lengths.","it (ISO 29148)
that (ISO 29148)
can (NASA ARM)",4,4,0.0,3,4,1.0,4,5,1.0,3,5,2.0,4,5,1.0,2,5,3.0,3,5,2.0,—
US013,"As a site administrator, I want to read practicing and training applications and approve or reject them, so that only applicants who qualify can become CSPs or CSTs.","User Story:
As a site administrator, I want to review and evaluate applications for practicing and training so that I can ensure that only qualified candidates are approved as Certified Service Providers (CSPs) or Certified Service Trainers (CSTs).

Acceptance Criteria:
- Review all submitted applications within 3 business days of receipt.
- Approve or reject applications based on a standardized scoring system with a minimum qualification score of 75%.
- Notify applicants of their approval or rejection status within 1 business day after the decision is made.

Test Outline:
- Track the time taken to review applications to ensure it meets the 3-day requirement.
- Validate the scoring system used for approvals to confirm that it adheres to the minimum qualification score.
- Check the notification process to ensure all applicants receive their status updates within the 1-day timeframe.","it (ISO 29148)
that (ISO 29148)
all (ISO 29148)
can (NASA ARM)",3,4,1.0,3,4,1.0,4,5,1.0,3,5,2.0,4,5,1.0,2,5,3.0,3,5,2.0,—
US014,"As a site administrator, I want to edit any site member profile, so that I can correct problems for members.","User Story:
As a site administrator, I want the capability to modify any member's profile on the site so that I can promptly address and rectify issues for members, ensuring a seamless user experience.

Acceptance Criteria:
- Successfully access and edit any member profile within 2 minutes of identifying an issue.
- Ensure that all changes made to a member's profile are logged with timestamps and the administrator's ID for accountability.
- Confirm that members receive a notification of any profile changes made on their behalf within 10 minutes.

Test Outline:
- Track the time taken to edit a member profile from the moment an issue is identified to ensure it meets the 2-minute criterion.
- Review the change log to verify that all edits are recorded accurately with the necessary details.
- Check that members receive a notification email or message regarding the profile changes within the specified 10-minute timeframe.","it (ISO 29148)
that (ISO 29148)
all (ISO 29148)
capability to (NASA ARM)
can (NASA ARM)",4,4,0.0,3,4,1.0,4,5,1.0,3,5,2.0,4,5,1.0,2,5,3.0,3,5,2.0,—
US015,"As a site visitor, I want to read current news on the home page, so that I stay current on agile news.","User Story:
As a site visitor, I want to access the latest news articles directly on the home page so that I can stay informed about current developments in the agile community and enhance my knowledge.

Acceptance Criteria:
- Display at least 5 of the most recent news articles on the home page, updated daily.
- Ensure that each news article includes a publication date and a brief summary of 2-3 sentences.
- Provide a clear link to the full article for each news item, ensuring it opens within 2 clicks.

Test Outline:
- Verify that the home page shows a minimum of 5 recent news articles and that they are updated at least once every 24 hours.
- Check that each article includes the publication date and a summary of the specified length.
- Confirm that all links to full articles are functional and accessible within 2 clicks.","most (ISO 29148)
it (ISO 29148)
that (ISO 29148)
all (ISO 29148)
every (ISO 29148)
can (NASA ARM)",4,4,0.0,3,4,1.0,4,5,1.0,3,5,2.0,4,5,1.0,2,5,3.0,3,5,2.0,—
US016,"As a site visitor, I want to access old news that is no longer on the home page, so that I can access things I remember from the past or that others mention to me.","User Story:
As a site visitor, I want to retrieve archived news articles that are no longer featured on the home page, so that I can revisit content I recall or that has been referenced by others, enhancing my overall engagement with the site.

Acceptance Criteria:
- Provide a dedicated archive section accessible from the main navigation menu.
- Ensure that users can search for articles by date, keyword, or category, returning relevant results within 3 seconds.
- Display at least 10 articles per page in the archive, with pagination for easy navigation.

Test Outline:
- Verify that the archive section is present and easily accessible from the main navigation.
- Test the search functionality to confirm it returns results within the specified 3-second timeframe.
- Check that the pagination works correctly and that at least 10 articles are displayed per page in the archive.","easy (ISO 29148)
it (ISO 29148)
that (ISO 29148)
can (NASA ARM)",4,5,1.0,3,4,1.0,4,5,1.0,3,5,2.0,3,5,2.0,2,5,3.0,3,5,2.0,—
US017,"As a site visitor, I want to email news items to the editor, so that they can be considered for publication.","User Story:
As a site visitor, I want to submit news items via email to the editor so that my contributions can be evaluated for potential publication, enhancing community engagement and information sharing.

Acceptance Criteria:
- Provide a clear email submission form that allows users to send news items directly to the editor.
- Ensure that submissions are acknowledged with a confirmation email within 24 hours.
- Track and report the number of submitted news items considered for publication, aiming for at least a 10% acceptance rate.

Test Outline:
- Test the email submission form to confirm it successfully sends news items to the editor.
- Monitor the response time for confirmation emails to ensure they are sent within the 24-hour timeframe.
- Review the records of submitted news items to verify the acceptance rate meets or exceeds the 10% target.","it (ISO 29148)
that (ISO 29148)
can (NASA ARM)",4,4,0.0,3,4,1.0,4,5,1.0,3,5,2.0,4,5,1.0,2,5,3.0,3,5,2.0,—
US018,"As a site editor, I want to set the following dates on a news item: Start Publishing Date, Old News Date, Stop Publishing Date, so that articles are published on and through appropriate dates.","User Story:
As a site editor, I want to configure specific dates for a news article, including the Start Publishing Date, Old News Date, and Stop Publishing Date, so that articles are published accurately and remain relevant throughout their intended lifecycle.

Acceptance Criteria:
- Successfully set the Start Publishing Date to ensure articles go live on the intended date.
- Define the Old News Date to mark when the article transitions to an archived status.
- Establish the Stop Publishing Date to automatically remove the article from visibility after the specified date.

Test Outline:
- Verify that the article is published on the site starting from the designated Start Publishing Date.
- Check that the article is marked as ""old news"" on the Old News Date.
- Confirm that the article is no longer visible on the site after the Stop Publishing Date.",that (ISO 29148),3,4,1.0,3,4,1.0,4,5,1.0,3,5,2.0,3,5,2.0,2,5,3.0,3,5,2.0,—
US019,"As a site member, I want to subscribe to an RSS feed of news, so that I remain sufficiently and easily informed.","User Story:
As a site member, I want to subscribe to an RSS feed for news updates so that I can stay consistently informed about relevant topics with minimal effort.

Acceptance Criteria:
- Successfully subscribe to the RSS feed with a confirmation message displayed.
- Receive updates via the RSS feed at least once a day to ensure timely information.
- Ensure that the RSS feed includes a minimum of 5 news articles per update to provide comprehensive coverage.

Test Outline:
- Verify that the subscription process completes with a confirmation message.
- Check the frequency of updates to confirm that they occur daily.
- Review the content of the RSS feed to ensure it contains at least 5 articles in each update.","it (ISO 29148)
that (ISO 29148)
minimal (ISO 29148)
timely (NASA ARM)
can (NASA ARM)",3,5,2.0,3,4,1.0,4,5,1.0,3,5,2.0,4,5,1.0,2,5,3.0,3,5,2.0,—
US020,"As a site editor, I want to assign priority numbers to news items, so that I can indicate which articles I want featured most prominently on the site.","User Story:
As a site editor, I want to assign priority rankings to news articles so that I can effectively highlight the most important content on the site, ensuring that users see the most relevant information first.

Acceptance Criteria:
- Assign a priority number ranging from 1 to 10 for each news item, with 1 being the highest priority.
- Ensure that articles with a priority number of 1 to 3 are displayed in the top section of the homepage.
- Allow for the reassignment of priority numbers at any time, with changes reflected on the site within 5 minutes.

Test Outline:
- Verify that each news item can be assigned a priority number and that the system accepts values between 1 and 10.
- Check the homepage layout to confirm that articles with priority numbers 1 to 3 are prominently featured at the top.
- Test the reassignment feature to ensure that changes to priority numbers are updated on the site within the specified 5-minute timeframe.","most (ISO 29148)
that (ISO 29148)
can (NASA ARM)",4,5,1.0,3,4,1.0,4,5,1.0,3,5,2.0,4,5,1.0,2,5,3.0,3,5,2.0,—
US021,"As a site visitor, I want to see a list of all upcoming Certification Courses and can page through them if there are a lot, so that I can choose the best course for me.","User Story:
As a site visitor, I want to view a comprehensive list of all upcoming Certification Courses with pagination options, so that I can easily navigate and select the course that best fits my needs.

Acceptance Criteria:
- Display a complete list of upcoming Certification Courses, with at least 20 courses shown per page.
- Implement pagination that allows users to navigate through at least 5 pages of courses without performance issues.
- Ensure that each course entry includes essential details such as course title, date, duration, and a brief description.

Test Outline:
- Verify that the list of Certification Courses is displayed correctly with a minimum of 20 courses per page.
- Test the pagination functionality to ensure users can navigate through at least 5 pages seamlessly.
- Check that each course entry contains the required details and is formatted for easy readability.","best (ISO 29148)
easy (ISO 29148)
that (ISO 29148)
all (ISO 29148)
can (NASA ARM)
best (NASA ARM)",4,4,0.0,4,4,0.0,4,5,1.0,4,5,1.0,4,5,1.0,3,5,2.0,4,5,1.0,—
US022,"As a site visitor, I want to see a list of all upcoming Other Courses and can page through them if necessary, so that I can choose the best course for me.","User Story:
As a site visitor, I want to view a comprehensive list of all upcoming Other Courses with pagination options, so that I can easily find and select the course that best fits my needs and schedule.

Acceptance Criteria:
- Display a complete list of upcoming Other Courses with at least 20 entries per page.
- Implement pagination that allows users to navigate through at least 5 pages of course listings.
- Ensure that each course entry includes essential details such as course title, date, duration, and a brief description.

Test Outline:
- Verify that the list of upcoming Other Courses is displayed correctly with a minimum of 20 entries per page.
- Check the functionality of pagination to ensure users can navigate through at least 5 pages without issues.
- Confirm that each course entry contains the required details for informed decision-making.","best (ISO 29148)
that (ISO 29148)
all (ISO 29148)
can (NASA ARM)
best (NASA ARM)",3,4,1.0,3,4,1.0,4,5,1.0,3,5,2.0,3,5,2.0,2,5,3.0,3,5,2.0,—
US023,"As a site visitor, I want to see a list of all upcoming Events, so that I can decide if I want to attend any.","User Story:
As a site visitor, I want to access a comprehensive list of all upcoming events so that I can evaluate my options and make informed decisions about which events to attend.

Acceptance Criteria:
- Display a list of upcoming events that includes at least 10 entries, ensuring a variety of options.
- Each event entry must include the date, time, location, and a brief description to aid decision-making.
- Ensure the event list is updated in real-time, reflecting any changes or new additions within 30 minutes of updates.

Test Outline:
- Verify that the list contains a minimum of 10 upcoming events with all required details.
- Check that the information for each event is accurate and up-to-date.
- Monitor the event list for updates to confirm that changes are reflected within the specified 30-minute timeframe.","that (ISO 29148)
all (ISO 29148)
can (NASA ARM)",4,4,0.0,3,4,1.0,4,5,1.0,3,5,2.0,4,5,1.0,2,5,3.0,3,5,2.0,—
US024,"As a trainer, I want to create a new course or event, so that site visitors can see it.","User Story:
As a trainer, I want to develop and publish a new course or event on the platform so that site visitors can easily discover and enroll in it, thereby increasing engagement and participation rates.

Acceptance Criteria:
- Successfully create and publish the course or event with all relevant details (title, description, date, time) within 3 business days.
- Ensure the new course or event is visible on the site’s main event listing page immediately after publication.
- Track and report the number of site visitors who view the new course or event within the first week of its launch.

Test Outline:
- Verify that the course or event can be created and published within the specified timeframe.
- Check the event listing page to confirm the new course or event appears as expected.
- Monitor site analytics to count the number of views for the new course or event within the first week.","it (ISO 29148)
that (ISO 29148)
all (ISO 29148)
can (NASA ARM)",4,4,0.0,3,4,1.0,4,5,1.0,3,5,2.0,4,5,1.0,2,5,3.0,3,5,2.0,—
US025,"As a trainer, I want to create an Other Course or Event I am charged a listing fee for that activity, so that I don't list events I don't really intend to hold.","User Story:
As a trainer, I want to establish a new course or event with a mandatory listing fee so that I am incentivized to only list activities that I genuinely plan to conduct, ensuring quality and commitment.

Acceptance Criteria:
- Implement a listing fee structure that requires payment before an event can be published.
- Ensure that at least 90% of listed events are conducted as scheduled, reflecting the trainer's commitment.
- Provide a feedback mechanism to assess participant satisfaction for each event held.

Test Outline:
- Verify that the listing fee is charged successfully before an event is published.
- Track the percentage of events that are actually conducted versus those listed to ensure it meets the 90% threshold.
- Collect and analyze participant feedback to evaluate satisfaction levels for each event.","it (ISO 29148)
that (ISO 29148)
those (ISO 29148)
can (NASA ARM)",4,4,0.0,3,5,2.0,4,5,1.0,3,5,2.0,3,5,2.0,2,5,3.0,3,5,2.0,—
US026,"As a site administrator, I want to create an Other Course or Event that is not charged a listing fee, so that the Scrum Alliance doesn't charge itself for Scrum Gatherings that it puts on.","User Story:
As a site administrator, I want to establish an Other Course or Event that incurs no listing fee, ensuring that the Scrum Alliance can host Scrum Gatherings without incurring additional costs.

Acceptance Criteria:
- Successfully create an Other Course or Event entry that is exempt from any listing fees.
- Ensure that the event is clearly categorized as a Scrum Gathering within the system.
- Confirm that no charges are applied to the Scrum Alliance for the listing of these events.

Test Outline:
- Verify that the Other Course or Event is created without any listing fee in the system.
- Check the categorization of the event to ensure it is marked as a Scrum Gathering.
- Review the financial records to confirm that no fees have been charged to the Scrum Alliance for the listing.","it (ISO 29148)
that (ISO 29148)
these (ISO 29148)
can (NASA ARM)",4,4,0.0,3,4,1.0,4,4,0.0,3,5,2.0,3,5,2.0,2,5,3.0,3,4,1.0,—
US027,"As a site administrator, I want to set the listing fee per Other Course or Event, so that we have flexibility on what to charge in the future.","User Story:
As a site administrator, I want to establish a customizable listing fee for each Other Course or Event, so that we can adapt our pricing strategy based on market trends and maximize revenue potential.

Acceptance Criteria:
- Enable the setting of a listing fee for each Other Course or Event, with a minimum fee of $10 and a maximum fee of $500.
- Provide an interface that allows for fee adjustments at least once per month to ensure pricing remains competitive.
- Ensure that all changes to listing fees are logged and can be reviewed for accountability and analysis.

Test Outline:
- Verify that the listing fee can be set within the specified range for each course or event.
- Check that the fee adjustment interface is accessible and functional at least once a month.
- Review the logs to confirm that all fee changes are recorded accurately.","that (ISO 29148)
all (ISO 29148)
can (NASA ARM)",4,4,0.0,3,4,1.0,4,5,1.0,3,5,2.0,4,5,1.0,2,5,3.0,3,5,2.0,—
US028,"As a trainer, I want to update one of my existing courses or events, so that it reflects accurate information.","User Story:
As a trainer, I want to modify the details of one of my current courses or events so that it provides accurate and up-to-date information to participants, enhancing their learning experience.

Acceptance Criteria:
- Successfully update course/event details, including title, description, and schedule, within 24 hours of the request.
- Ensure that all changes are reflected in the course/event listing on the platform with no discrepancies.
- Notify all registered participants of the updates via email within 1 hour of the changes being made.

Test Outline:
- Review the course/event details before and after the update to confirm accuracy.
- Check the platform listing to ensure all modifications are visible and correct.
- Verify that an email notification is sent to all participants, confirming the updates.","it (ISO 29148)
that (ISO 29148)
all (ISO 29148)",4,4,0.0,3,4,1.0,4,5,1.0,3,5,2.0,4,5,1.0,2,5,3.0,3,5,2.0,—
US029,"As a trainer, I want to delete one of my courses or events, so that it's no longer listed if I cancel for some reason.","User Story:
As a trainer, I want the ability to remove a specific course or event from the platform so that it is no longer visible to users in case of cancellation or other reasons, ensuring clarity and accuracy in the offerings.

Acceptance Criteria:
- Successfully delete a course or event, ensuring it is removed from the listing within 5 minutes.
- Confirm that the deleted course or event is no longer accessible to users in the system.
- Provide a confirmation message to the trainer upon successful deletion of the course or event.

Test Outline:
- Attempt to delete a course or event and verify that it is removed from the listing within the specified time frame.
- Check user access to the deleted course or event to ensure it is no longer available.
- Validate that the confirmation message is displayed to the trainer after the deletion process.","it (ISO 29148)
that (ISO 29148)",4,4,0.0,3,4,1.0,4,5,1.0,3,5,2.0,4,5,1.0,2,5,3.0,3,5,2.0,—
US030,"As a trainer, I want to copy one of my courses or events, so that I can create a new one.","User Story:
As a trainer, I want to duplicate an existing course or event so that I can efficiently create a new offering while maintaining the original structure and content.

Acceptance Criteria:
- Successfully initiate the duplication process for a selected course or event with a single action.
- Ensure that all course details, including title, description, and schedule, are copied accurately to the new course.
- Allow for modifications to the new course or event before finalizing, ensuring at least 3 editable fields are available.

Test Outline:
- Verify that the duplication process can be initiated and completed without errors.
- Check that all relevant details from the original course or event are present in the new copy.
- Confirm that the trainer can edit at least 3 fields in the new course before saving it.","it (ISO 29148)
that (ISO 29148)
all (ISO 29148)
can (NASA ARM)",4,4,0.0,3,4,1.0,4,5,1.0,3,5,2.0,4,5,1.0,2,5,3.0,3,5,2.0,—
US031,"As a site admin, I want to delete any course or event, so that I can remove things that will no longer occur.","User Story:
As a site admin, I want the capability to permanently delete any course or event from the platform so that I can efficiently manage content and ensure that outdated or irrelevant offerings are removed, maintaining a streamlined user experience.

Acceptance Criteria:
- Successfully delete a course or event with a confirmation prompt to prevent accidental deletions.
- Ensure that the deletion process is completed within 3 seconds to minimize disruption.
- Verify that the deleted course or event no longer appears in the system or user-facing interfaces.

Test Outline:
- Attempt to delete a course or event and confirm that a confirmation prompt appears before finalizing the deletion.
- Measure the time taken to complete the deletion process to ensure it is within the 3-second target.
- Check the system and user interfaces to confirm that the deleted course or event is no longer listed.","it (ISO 29148)
that (ISO 29148)
capability to (NASA ARM)
can (NASA ARM)",4,4,0.0,3,4,1.0,4,5,1.0,3,5,2.0,4,5,1.0,2,5,3.0,3,5,2.0,—
US032,"As a site editor, I want to update any course or event, so that I can fix things the original author hasn't.","User Story:
As a site editor, I want the ability to modify any course or event details so that I can correct inaccuracies or enhance the content that the original author may have overlooked, ensuring the information is accurate and up-to-date.

Acceptance Criteria:
- Successfully access and edit any course or event entry within the content management system.
- Ensure that all changes are saved and reflected on the site within 2 minutes of submission.
- Implement a version control system that tracks changes made to each course or event, allowing for easy rollback if necessary.

Test Outline:
- Verify that the site editor can access and edit course or event details without restrictions.
- Check the time taken for changes to appear on the site after submission to confirm it is within the 2-minute timeframe.
- Review the version control logs to ensure that all edits are recorded and can be reverted if needed.","easy (ISO 29148)
it (ISO 29148)
that (ISO 29148)
all (ISO 29148)
can (NASA ARM)
may (NASA ARM)",4,4,0.0,3,4,1.0,4,5,1.0,3,5,2.0,4,5,1.0,2,5,3.0,3,5,2.0,—
US033,"As a trainer, I want to turn a course into an event or an event into a course, so that I can correctly classify anything that was entered incorrectly.","User Story:
As a trainer, I want to convert a course into an event or vice versa, so that I can accurately categorize and rectify any misclassified entries, ensuring proper organization and accessibility of training materials.

Acceptance Criteria:
- Successfully convert a course to an event or an event to a course with a confirmation message displayed to the user.
- Ensure that all associated data (e.g., participants, schedules) is correctly updated and reflected in the new classification.
- Maintain a log of all conversions for auditing purposes, with at least 95% accuracy in data retention.

Test Outline:
- Test the conversion process by attempting to change a course to an event and verify that the confirmation message appears.
- Check that all relevant data is correctly updated and accessible after the conversion.
- Review the conversion log to ensure it accurately reflects the changes made and meets the accuracy criteria.","it (ISO 29148)
that (ISO 29148)
all (ISO 29148)
can (NASA ARM)",4,4,0.0,3,4,1.0,4,5,1.0,3,5,2.0,4,5,1.0,2,5,3.0,3,5,2.0,—
US034,"As a site visitor, I want to have an advanced search option that lets me fill in a form of search criteria, so that I can quickly find what I am looking for.","User Story:
As a site visitor, I want to utilize an advanced search feature that allows me to input specific search criteria through a detailed form, so that I can efficiently locate the information or products I need within seconds.

Acceptance Criteria:
- Provide a form with at least 5 customizable search fields to refine search results.
- Ensure that search results are displayed within 3 seconds of submitting the search criteria.
- Allow users to save their search preferences for future use, with a success confirmation message.

Test Outline:
- Test the advanced search form to confirm it includes the required 5 customizable fields.
- Measure the time taken to display search results after submission to ensure it is within the 3-second limit.
- Verify that users can save their search preferences and receive a confirmation message upon successful saving.","it (ISO 29148)
that (ISO 29148)
can (NASA ARM)",4,5,1.0,3,4,1.0,4,5,1.0,3,5,2.0,3,5,2.0,2,5,3.0,3,5,2.0,—
US035,"As a site visitor, I want to view a course I can click on the trainer's name and be taken to the trainer's profile, so that I can read more about a trainer before registering for a course.","User Story:
As a site visitor, I want to access a course and click on the trainer's name to navigate to their profile, so that I can gather detailed information about the trainer's qualifications and experience before making a decision to register for the course.

Acceptance Criteria:
- Ensure that each trainer's name is a clickable link that redirects to their profile page.
- The trainer's profile must load within 3 seconds to maintain user engagement.
- Include at least 3 key pieces of information about the trainer (e.g., qualifications, experience, and student reviews) on their profile page.

Test Outline:
- Test the functionality of the clickable trainer's name to confirm it redirects to the correct profile page.
- Measure the loading time of the trainer's profile to ensure it meets the 3-second requirement.
- Review the trainer's profile content to verify that it includes the required key information.","it (ISO 29148)
that (ISO 29148)
can (NASA ARM)",3,4,1.0,3,4,1.0,4,5,1.0,3,5,2.0,3,5,2.0,2,5,3.0,3,5,2.0,—
US036,"As a site visitor, I want to subscribe to an RSS feed of upcoming courses and events, so that I am up to day without having to visit the site.","User Story:
As a site visitor, I want to easily subscribe to an RSS feed that provides updates on upcoming courses and events, so that I can stay informed in real-time without the need to frequently check the website.

Acceptance Criteria:
- Enable users to subscribe to the RSS feed with a single click, ensuring a seamless experience.
- Ensure that the RSS feed is updated at least once every hour with the latest course and event information.
- Provide a confirmation message upon successful subscription to the RSS feed.

Test Outline:
- Test the subscription process to confirm that it can be completed in one click.
- Monitor the RSS feed updates to verify that new information is added at least hourly.
- Check that users receive a confirmation message immediately after subscribing to the feed.","it (ISO 29148)
that (ISO 29148)
every (ISO 29148)
can (NASA ARM)",3,4,1.0,3,4,1.0,4,5,1.0,3,5,2.0,4,5,1.0,2,5,3.0,3,5,2.0,—
US037,"As a site visitor, I want to read FAQs, so that I can get quick answers.","User Story:
As a site visitor, I want to access a comprehensive FAQ section so that I can quickly find answers to common questions, enhancing my overall experience on the site.

Acceptance Criteria:
- Ensure the FAQ section contains at least 20 relevant questions and answers to cover common inquiries.
- Implement a search functionality that allows users to find specific FAQs within 3 seconds.
- Track user engagement metrics, aiming for at least 75% of visitors to find their answers without needing to contact support.

Test Outline:
- Review the FAQ section to confirm it includes a minimum of 20 questions and answers.
- Measure the response time of the search functionality to ensure it meets the 3-second requirement.
- Analyze user engagement data to verify that 75% or more of visitors are able to find answers independently.","it (ISO 29148)
that (ISO 29148)
can (NASA ARM)
more (NASA ARM)",4,5,1.0,3,4,1.0,4,5,1.0,3,5,2.0,4,5,1.0,2,5,3.0,3,5,2.0,—
US038,"As a site editor, I want to maintain a FAQ section, so that support gets fewer easily answered questions.","User Story:
As a site editor, I want to effectively manage a comprehensive FAQ section so that the support team experiences a reduction of at least 30% in easily answered inquiries, allowing them to focus on more complex issues.

Acceptance Criteria:
- Create and update at least 10 relevant FAQ entries based on common user queries within the first month.
- Monitor and report a decrease in support tickets related to these FAQs by 30% within three months of implementation.
- Ensure that the FAQ section is easily accessible and user-friendly, achieving a user satisfaction score of 80% or higher in feedback surveys.

Test Outline:
- Review the number of support tickets before and after the FAQ section is implemented to confirm the 30% reduction.
- Check the number of FAQ entries created and updated to ensure at least 10 are available.
- Conduct user surveys to assess satisfaction with the FAQ section and verify that the score meets or exceeds 80%.","that (ISO 29148)
these (ISO 29148)
more (NASA ARM)",4,5,1.0,3,5,2.0,4,5,1.0,3,5,2.0,4,5,1.0,2,5,3.0,3,5,2.0,—
US039,"As a site visitor, I want to do a full-text search of the FAQs, so that I can find an answer quickly.","User Story:
As a site visitor, I want to perform a comprehensive full-text search of the FAQs so that I can quickly locate the answers I need, enhancing my overall experience on the site.

Acceptance Criteria:
- Implement a full-text search feature that returns relevant FAQ results within 2 seconds.
- Ensure that at least 90% of search queries yield accurate and relevant answers from the FAQ database.
- Provide search suggestions for at least 5 related topics based on the user's input to facilitate quicker navigation.

Test Outline:
- Measure the response time of the full-text search to confirm it meets the 2-second requirement.
- Analyze the accuracy of search results by comparing them against a set of predefined queries to ensure 90% relevance.
- Test the search suggestion feature to verify that it generates at least 5 relevant topics based on user input.","it (ISO 29148)
that (ISO 29148)
can (NASA ARM)",4,5,1.0,3,4,1.0,4,5,1.0,3,5,2.0,4,5,1.0,2,5,3.0,3,5,2.0,—
US040,"As a site member, I want to download the latest training material and methodology PDFs, so that I have them.","User Story:
As a site member, I want to download the most recent training materials and methodology PDFs so that I can stay updated with the latest information and enhance my learning experience.

Acceptance Criteria:
- Provide access to download the latest training material PDFs, ensuring they are updated at least once every quarter.
- Ensure that the methodology PDFs are available for download within 24 hours of any updates.
- Confirm that all downloaded files are in a standard format (e.g., PDF) and are accessible on both desktop and mobile devices.

Test Outline:
- Verify that the latest training material PDFs are available for download on the site and check the update frequency.
- Test the download process for methodology PDFs to ensure they are accessible within the specified 24-hour timeframe after updates.
- Check the compatibility of downloaded files on various devices to ensure they open correctly.","most (ISO 29148)
that (ISO 29148)
all (ISO 29148)
every (ISO 29148)
can (NASA ARM)",3,4,1.0,3,4,1.0,4,5,1.0,3,5,2.0,4,5,1.0,2,5,3.0,3,5,2.0,—
US041,"As a visitor, I want to download presentations, PDFs, etc. on Scrum, so that I can learn from them or use them.","User Story:
As a visitor, I want to easily download various resources such as presentations and PDFs on Scrum methodologies so that I can enhance my knowledge and apply these insights effectively in my work.

Acceptance Criteria:
- Provide a clear download option for at least 10 different Scrum-related resources, including presentations and PDFs.
- Ensure that all downloadable files are accessible within 3 clicks from the homepage.
- Track and report the number of downloads per resource to assess their popularity and usefulness.

Test Outline:
- Verify that at least 10 Scrum resources are available for download on the site.
- Check the navigation path from the homepage to ensure it takes no more than 3 clicks to access the download section.
- Monitor and analyze the download statistics for each resource to evaluate user engagement.","it (ISO 29148)
that (ISO 29148)
these (ISO 29148)
all (ISO 29148)
can (NASA ARM)
more (NASA ARM)",4,4,0.0,3,4,1.0,4,5,1.0,3,5,2.0,4,5,1.0,2,5,3.0,3,5,2.0,—
US042,"As a site member, I want to scroll through a listing of jobs, so that I can see if there any I am interested in.","User Story:
As a site member, I want to browse through a comprehensive list of job postings so that I can identify opportunities that align with my skills and interests, ultimately enhancing my career prospects.

Acceptance Criteria:
- Display a minimum of 50 job listings per page to provide ample options for browsing.
- Implement a filter feature that allows users to refine job listings by criteria such as location, job type, and salary range.
- Ensure that the job listings load within 3 seconds to maintain a smooth user experience.

Test Outline:
- Count the number of job listings displayed on the page to confirm it meets or exceeds 50.
- Test the filter functionality to verify that it accurately narrows down job listings based on selected criteria.
- Measure the loading time of the job listings to ensure it is within the 3-second threshold.","it (ISO 29148)
that (ISO 29148)
can (NASA ARM)",4,4,0.0,3,4,1.0,4,5,1.0,3,5,2.0,4,5,1.0,2,5,3.0,3,5,2.0,—
US043,"As a recruiter, I want to post a help wanted ad, so that I can attract candidates.","User Story:
As a recruiter, I want to publish a job advertisement on multiple platforms so that I can effectively attract a diverse pool of qualified candidates and fill the position more efficiently.

Acceptance Criteria:
- Successfully post the job ad on at least 3 different job boards or social media platforms.
- Achieve a minimum of 50 applications received within the first 30 days of posting.
- Ensure that at least 20% of applicants meet the required qualifications for the position.

Test Outline:
- Verify that the job ad is live on the selected platforms by checking each site.
- Track the number of applications received within the first 30 days to confirm it meets or exceeds 50.
- Review the qualifications of applicants to ensure that at least 20% meet the specified criteria.","it (ISO 29148)
that (ISO 29148)
can (NASA ARM)
more (NASA ARM)",4,4,0.0,3,4,1.0,4,5,1.0,3,5,2.0,4,5,1.0,2,5,3.0,3,5,2.0,—
US044,"As a site admin, I want to approve each help wanted ad before it gets to the site, so that we're sure of the quality of jobs being listed.","User Story:
As a site admin, I want to review and approve every help wanted advertisement prior to publication on the site, ensuring that only high-quality job listings are displayed to users, thereby enhancing the overall credibility of the platform.

Acceptance Criteria:
- Implement a review process that requires all job ads to be approved before they go live on the site.
- Achieve a 95% approval rate for job ads that meet quality standards within 24 hours of submission.
- Maintain a feedback mechanism for rejected ads, providing clear reasons for disapproval to improve future submissions.

Test Outline:
- Track the time taken from job ad submission to approval to ensure it meets the 24-hour target.
- Monitor the percentage of job ads approved versus submitted to confirm the 95% approval rate.
- Review the feedback provided to users for rejected ads to ensure clarity and usefulness.","it (ISO 29148)
that (ISO 29148)
all (ISO 29148)
every (ISO 29148)",4,4,0.0,3,5,2.0,4,4,0.0,3,5,2.0,4,5,1.0,2,5,3.0,3,5,2.0,—
US045,"As a site admin, I want to be emailed whenever a job is submitted, so that I am aware of it and can decide if I want to post it.","User Story:
As a site admin, I want to receive an email notification each time a job is submitted so that I can promptly review the submission and determine whether to publish it on the site.

Acceptance Criteria:
- Receive an email notification within 2 minutes of a job submission.
- Ensure the email contains all relevant job details, including title, description, and submission date.
- Confirm that the notification system is operational 99% of the time, minimizing missed submissions.

Test Outline:
- Track the time taken to receive the email notification after a job is submitted to ensure it is within the 2-minute timeframe.
- Review the content of the email to verify that it includes all necessary job details.
- Monitor the notification system's uptime over a month to confirm it meets the 99% operational standard.","it (ISO 29148)
that (ISO 29148)
all (ISO 29148)
can (NASA ARM)",3,4,1.0,3,4,1.0,4,5,1.0,3,5,2.0,4,5,1.0,2,5,3.0,3,5,2.0,—
US046,"As a site member, I want to subscribe to an RSS feed of jobs available, so that I can read them without visiting the site.","User Story:
As a site member, I want to subscribe to an RSS feed that provides updates on available job listings, so that I can conveniently access and read them without needing to visit the website.

Acceptance Criteria:
- Successfully create an RSS feed that includes all job postings updated in real-time.
- Ensure that subscribers receive notifications for new job listings within 10 minutes of posting.
- Allow users to easily subscribe and unsubscribe from the RSS feed with a single click.

Test Outline:
- Verify that the RSS feed is correctly populated with the latest job postings and updates.
- Measure the time taken for subscribers to receive notifications after a job is posted to ensure it is within the 10-minute window.
- Test the subscription and unsubscription process to confirm it can be completed with one click.","it (ISO 29148)
that (ISO 29148)
all (ISO 29148)
can (NASA ARM)",4,4,0.0,3,4,1.0,4,5,1.0,3,5,2.0,4,5,1.0,2,5,3.0,3,5,2.0,—
US047,"As a site admin, I want to edit and delete help wanted ads, so that I can correct small problems or make sure each ad complies with site guidelines.","User Story:
As a site admin, I want the ability to modify and remove help wanted advertisements so that I can promptly address minor issues and ensure that all ads adhere to the established site guidelines, maintaining a high standard of content quality.

Acceptance Criteria:
- Successfully edit any help wanted ad within 5 minutes of identifying an issue.
- Remove any non-compliant ad within 10 minutes of detection, ensuring compliance with site guidelines.
- Confirm that all changes are logged and can be reviewed for accountability.

Test Outline:
- Track the time taken to edit an ad after an issue is reported to ensure it meets the 5-minute criterion.
- Monitor the removal process of non-compliant ads to verify that it occurs within the 10-minute timeframe.
- Review the change logs to ensure all modifications and deletions are accurately recorded.","it (ISO 29148)
that (ISO 29148)
all (ISO 29148)
can (NASA ARM)",3,4,1.0,3,4,1.0,4,5,1.0,3,5,2.0,4,5,1.0,2,5,3.0,3,5,2.0,—
US048,"As a site admin, I want to stop publishing jobs on the site 30 days after being posted, so that jobs that may have been filled aren't still listed when the hiring party forgets to come back and delete the ad.","User Story:
As a site admin, I want to automatically remove job postings from the site 30 days after their initial publication, so that outdated listings do not remain visible, ensuring that users only see current opportunities and reducing confusion for potential applicants.

Acceptance Criteria:
- Implement an automated system that flags job postings for removal exactly 30 days after they are published.
- Ensure that all flagged job postings are removed from the site within 24 hours of the 30-day mark.
- Provide a notification to the hiring party 7 days before the job posting is scheduled for removal, allowing them the option to extend the listing if needed.

Test Outline:
- Verify that job postings are flagged for removal precisely 30 days after publication by checking the system logs.
- Confirm that flagged postings are removed from the site within 24 hours by reviewing the listings.
- Check that notifications are sent to hiring parties 7 days prior to removal, ensuring they have the opportunity to extend their listings.","that (ISO 29148)
all (ISO 29148)",4,4,0.0,3,4,1.0,4,5,1.0,4,5,1.0,4,5,1.0,2,5,3.0,4,5,1.0,—
US049,"As a recruiter, I want to be able to extend an ad for another 30 days by visiting the site and updating the posting, so that my ad remains active.","User Story:
As a recruiter, I want to extend the duration of my job advertisement for an additional 30 days by accessing the site and updating the posting, so that my advertisement continues to attract potential candidates without interruption.

Acceptance Criteria:
- Successfully extend the job ad for 30 days with a single update action on the site.
- Ensure that the updated posting reflects the new expiration date immediately after the extension.
- Confirm that the ad remains active and visible to candidates throughout the extended period.

Test Outline:
- Verify that the job ad can be extended for 30 days through the site interface.
- Check that the new expiration date is accurately displayed after the update.
- Monitor the ad's visibility to ensure it remains active for the full 30-day extension.","it (ISO 29148)
that (ISO 29148)
can (NASA ARM)",3,4,1.0,3,4,1.0,4,5,1.0,3,5,2.0,4,5,1.0,2,5,3.0,3,5,2.0,—
US050,"As an advertiser, I want to be emailed a reminder seven day before an ad is about to expire, so that I can go extend the ad.","User Story:
As an advertiser, I want to receive an email notification seven days prior to the expiration of my advertisement so that I can proactively extend the ad and maintain its visibility without interruption.

Acceptance Criteria:
- Ensure that the reminder email is sent exactly 7 days before the ad expiration date.
- Include clear instructions in the email on how to extend the ad.
- Confirm that the email is delivered successfully to the advertiser's registered email address.

Test Outline:
- Verify that the reminder email is generated and sent 7 days before the ad expires.
- Check the content of the email to ensure it contains the necessary instructions for extending the ad.
- Validate the successful delivery of the email to the advertiser's inbox.","it (ISO 29148)
that (ISO 29148)
can (NASA ARM)",4,4,0.0,4,4,0.0,4,4,0.0,4,5,1.0,4,5,1.0,3,5,2.0,4,4,0.0,—
US051,"As a site visitor, I want to read a new article on the front page about once a week, so that I am up on all the latest happenings.","User Story:
As a site visitor, I want to access a new article featured on the front page at least once a week so that I can stay informed about the latest news and developments relevant to my interests.

Acceptance Criteria:
- Ensure that a new article is published and prominently displayed on the front page at least once every 7 days.
- Track user engagement metrics to confirm that at least 70% of visitors read the new article within 24 hours of publication.
- Provide a notification feature that alerts users when a new article is available, achieving a 50% opt-in rate for notifications.

Test Outline:
- Monitor the publication schedule to verify that a new article is consistently released weekly.
- Analyze user engagement data to ensure that the target of 70% readership is met within the specified timeframe.
- Evaluate the opt-in rate for the notification feature to confirm it reaches at least 50%.","it (ISO 29148)
that (ISO 29148)
every (ISO 29148)
can (NASA ARM)",4,4,0.0,3,4,1.0,4,5,1.0,3,5,2.0,4,5,1.0,2,5,3.0,3,5,2.0,—
US052,"As the site editor, I want to include a teaser with each article, so that site visitors can decide if they want to read the rest.","User Story:
As the site editor, I want to add a compelling teaser for each article so that site visitors can quickly assess the content and determine their interest in reading the full article, ultimately increasing engagement and page views.

Acceptance Criteria:
- Each article must have a teaser of at least 50 words that summarizes the main points.
- Teasers should be displayed prominently on the article listing page to ensure visibility.
- Track and report the click-through rate (CTR) of articles with teasers, aiming for a minimum CTR of 15%.

Test Outline:
- Review a sample of articles to confirm that each includes a teaser of the required length.
- Check the layout of the article listing page to ensure teasers are easily visible to visitors.
- Analyze the click-through rates for articles with teasers compared to those without to validate the effectiveness of the feature.","that (ISO 29148)
those (ISO 29148)
can (NASA ARM)",3,4,1.0,3,4,1.0,4,4,0.0,3,5,2.0,4,5,1.0,2,5,3.0,3,4,1.0,—
US053,"As a site member who has read a teaser on the front page, I want to read the entire article so that I can finish articles that appeal to me.","User Story:
As a site member who has read a teaser on the front page, I want to access the full article so that I can thoroughly enjoy and complete the content that interests me.

Acceptance Criteria:
- Ensure that the full article is accessible with a single click from the teaser, with no more than 2 seconds of loading time.
- Provide a seamless transition from the teaser to the article, maintaining the same user session.
- Track user engagement metrics to confirm that at least 75% of users who click on the teaser read the entire article.

Test Outline:
- Test the link from the teaser to the full article to verify it loads within the 2-second timeframe.
- Monitor user session continuity to ensure no interruptions occur during the transition.
- Analyze engagement data to confirm that 75% or more of users complete reading the article after clicking the teaser.","it (ISO 29148)
that (ISO 29148)
can (NASA ARM)
more (NASA ARM)",4,4,0.0,3,4,1.0,4,5,1.0,3,5,2.0,4,5,1.0,2,5,3.0,3,5,2.0,—
US054,"As the site editor, I want to add an article to the site, so that the site has plenty of content.","User Story:
As the site editor, I want to publish a new article on the website so that the site maintains a rich and diverse content library, enhancing user engagement and attracting more visitors.

Acceptance Criteria:
- Successfully create and publish the article within 2 hours of initiation.
- Ensure the article meets a minimum word count of 800 words to provide substantial information.
- Include at least 3 relevant images or graphics to enhance visual appeal and user interaction.

Test Outline:
- Track the time taken from article creation to publication to confirm it is within the 2-hour timeframe.
- Review the article to verify it meets the minimum word count requirement.
- Check that the published article contains at least 3 images or graphics as specified.","it (ISO 29148)
that (ISO 29148)
more (NASA ARM)",2,4,2.0,2,4,2.0,3,4,1.0,2,5,3.0,3,5,2.0,2,5,3.0,2,4,2.0,—
US055,"As a site editor, I want to set start publishing dates, old article date, and stop publishing dates for articles, so that articles appear only during appropriate periods.","User Story:
As a site editor, I want to define start and stop publishing dates, as well as the publication date for older articles, so that content is displayed only during designated timeframes, ensuring relevance and accuracy for our audience.

Acceptance Criteria:
- Set a start publishing date for each article that must be at least 24 hours in advance of the current date.
- Specify an end publishing date for articles that ensures they are removed from visibility after the designated period.
- Assign a publication date for older articles to maintain chronological accuracy in the content library.

Test Outline:
- Verify that the start publishing date is correctly enforced and prevents articles from being published prematurely.
- Check that articles are no longer visible after the stop publishing date has passed.
- Confirm that older articles display the correct publication date in the content management system.",that (ISO 29148),4,4,0.0,4,4,0.0,4,5,1.0,4,5,1.0,4,5,1.0,3,5,2.0,4,5,1.0,—
US056,"As a site editor, I want to be able to designate whether or not an ever makes the home page, so that the best content is featured most prominently.","User Story:
As a site editor, I want to have the capability to select which articles are featured on the home page, ensuring that the highest quality content is prominently displayed for maximum audience engagement.

Acceptance Criteria:
- Implement a feature that allows the editor to mark articles as ""homepage featured"" with a simple toggle option.
- Ensure that the selected articles appear on the home page within 1 minute of being designated as featured.
- Track and report the engagement metrics (e.g., views, shares) of featured articles to assess their impact on audience interaction.

Test Outline:
- Verify that the toggle option for marking articles as featured is functional and user-friendly.
- Check the time it takes for the selected articles to appear on the home page after being marked.
- Analyze the engagement metrics of featured articles to confirm an increase in audience interaction compared to non-featured articles.","it (ISO 29148)
that (ISO 29148)
capability to (NASA ARM)",4,4,0.0,3,4,1.0,4,4,0.0,3,5,2.0,4,5,1.0,2,5,3.0,3,4,1.0,—
US057,"As the site editor, I want to have pretty good control over how the article, so that articles are visually appealing.","User Story:
As the site editor, I want to have comprehensive control over the article formatting and layout so that the articles are visually engaging and enhance reader retention.

Acceptance Criteria:
- Provide at least 5 customizable formatting options (e.g., font size, color schemes, image placement) for articles.
- Ensure that the visual appeal of articles is rated at least 80% positive by user feedback surveys.
- Implement a preview feature that allows editors to see changes in real-time before publishing.

Test Outline:
- Test the functionality of each formatting option to confirm they can be applied successfully.
- Conduct user feedback surveys post-article publication to measure visual appeal ratings.
- Verify the real-time preview feature by making changes and checking if they reflect accurately before finalizing the article.","that (ISO 29148)
can (NASA ARM)",2,4,2.0,2,5,3.0,3,4,1.0,2,5,3.0,3,5,2.0,2,5,3.0,2,5,3.0,—
US058,"As a site visitor, I want to click the link from the article teaser to take me directly to the body of the article. not to another teaser setup, so that I can easily finish the article.","User Story:
As a site visitor, I want to click on the link from the article teaser to be directed straight to the full article content, rather than being redirected to another teaser, so that I can efficiently read and complete the article without unnecessary navigation.

Acceptance Criteria:
- Ensure that clicking the teaser link takes the user directly to the article body with no intermediate pages.
- Confirm that the article loads within 3 seconds of clicking the link to maintain user engagement.
- Validate that 95% of users report a seamless transition from teaser to article in user feedback surveys.

Test Outline:
- Test the link functionality to verify it directs users straight to the article body.
- Measure the loading time of the article after clicking the teaser link to ensure it meets the 3-second criterion.
- Conduct a user feedback survey to assess the satisfaction rate regarding the transition from teaser to article.","it (ISO 29148)
that (ISO 29148)
can (NASA ARM)",4,4,0.0,3,5,2.0,4,5,1.0,3,5,2.0,3,5,2.0,2,5,3.0,3,5,2.0,—
US059,"As a site editor, I want to be able to indicate whether an article is publicly available or for members only, so that visitors are incentivized to become members.","User Story:
As a site editor, I want to specify the accessibility status of each article as either publicly available or restricted to members only, so that potential visitors are motivated to subscribe for membership benefits.

Acceptance Criteria:
- Implement a toggle feature that allows editors to easily set the article's availability status.
- Ensure that at least 90% of articles have their accessibility status clearly displayed on the article page.
- Track and report the conversion rate of visitors to members, aiming for a minimum increase of 15% within three months of implementing this feature.

Test Outline:
- Verify that the toggle feature functions correctly and updates the article status in real-time.
- Check that the accessibility status is visible on all articles and meets the 90% clarity requirement.
- Analyze membership conversion rates before and after the feature launch to confirm the targeted increase.","this (ISO 29148)
that (ISO 29148)
all (ISO 29148)",4,5,1.0,4,4,0.0,4,5,1.0,4,5,1.0,4,5,1.0,3,5,2.0,4,5,1.0,—
US060,"As a site visitor, I want to be able to read some of your articles, so that I can learn without first joining the site.","User Story:
As a site visitor, I want to access a selection of articles without needing to register, so that I can evaluate the content quality and relevance before committing to membership.

Acceptance Criteria:
- Provide at least 5 articles available for reading without registration.
- Ensure that the articles cover a variety of topics to appeal to a broader audience.
- Track the number of visitors accessing these articles to measure engagement and interest.

Test Outline:
- Verify that at least 5 articles are accessible without requiring user registration.
- Review the topics of the available articles to confirm diversity in content.
- Analyze site analytics to assess the number of unique visitors reading the articles.","that (ISO 29148)
these (ISO 29148)
can (NASA ARM)",4,4,0.0,3,4,1.0,4,5,1.0,3,5,2.0,4,5,1.0,2,5,3.0,3,5,2.0,—
US061,"As a site member, I want to have full access to all articles, so that there is a benefit to being a member.","User Story:
As a site member, I want to gain unrestricted access to all articles so that I can fully utilize my membership benefits and enhance my knowledge base.

Acceptance Criteria:
- Ensure that 100% of articles are accessible to members upon login.
- Provide a clear indication of membership status on the site, confirming access rights.
- Track and report member engagement with articles, aiming for at least a 30% increase in article views within the first month of access.

Test Outline:
- Verify that all articles are accessible to members by attempting to open various articles while logged in.
- Check for visible membership status indicators on the site to confirm access rights.
- Analyze engagement metrics to ensure a 30% increase in article views is achieved within the specified timeframe.","that (ISO 29148)
all (ISO 29148)
can (NASA ARM)",4,4,0.0,3,4,1.0,4,5,1.0,3,5,2.0,4,5,1.0,2,5,3.0,3,5,2.0,—
US062,"As a site visitor, I want to do a full-text search of article body, title, and author name, so that I can find what I want.","User Story:
As a site visitor, I want to perform a comprehensive full-text search across the article body, title, and author name so that I can efficiently locate the specific content I am interested in.

Acceptance Criteria:
- Enable full-text search functionality that returns relevant results from the article body, title, and author name within 2 seconds.
- Ensure that at least 90% of search queries return accurate results that match the user's input.
- Provide a user-friendly interface that allows filtering of search results by date, relevance, and author.

Test Outline:
- Conduct search tests with various queries to measure the response time and confirm it is within the 2-second target.
- Analyze the accuracy of search results to ensure that 90% or more of the queries yield relevant matches.
- Evaluate the usability of the search interface by gathering user feedback on the filtering options and overall experience.","it (ISO 29148)
that (ISO 29148)
can (NASA ARM)
more (NASA ARM)",3,4,1.0,3,5,2.0,4,5,1.0,3,5,2.0,4,5,1.0,2,5,3.0,3,5,2.0,—
US063,"As a site visitor, I want to subscribe to an RSS feed of articles, so that I can read them without visiting the site.","User Story:
As a site visitor, I want to subscribe to an RSS feed of articles so that I can conveniently access and read the latest content without needing to navigate to the website.

Acceptance Criteria:
- Successfully subscribe to the RSS feed with a confirmation message displayed.
- Ensure that the RSS feed updates with new articles within 10 minutes of publication.
- Provide a clear option to unsubscribe from the RSS feed at any time.

Test Outline:
- Verify that the subscription process completes successfully and a confirmation message is shown.
- Check the frequency of updates to the RSS feed to confirm new articles appear within the 10-minute timeframe.
- Test the unsubscribe functionality to ensure users can easily remove themselves from the feed.","that (ISO 29148)
can (NASA ARM)",4,4,0.0,3,4,1.0,4,5,1.0,3,5,2.0,4,5,1.0,2,5,3.0,3,5,2.0,—
US064,"As a site visitor, I want to post comments about articles, so that others can read them.","User Story:
As a site visitor, I want to submit comments on articles so that other readers can engage with my thoughts and insights, fostering a community of discussion and interaction.

Acceptance Criteria:
- Enable users to post comments on articles with a character limit of 500 characters.
- Ensure that comments are visible to all visitors within 10 seconds of submission.
- Allow users to edit or delete their comments within 5 minutes of posting.

Test Outline:
- Verify that users can successfully submit comments and that they adhere to the character limit.
- Check the visibility of comments to ensure they appear within the 10-second timeframe after submission.
- Confirm that users can edit or delete their comments within the specified 5-minute window.","that (ISO 29148)
all (ISO 29148)
can (NASA ARM)",4,4,0.0,3,4,1.0,4,5,1.0,3,5,2.0,4,5,1.0,2,5,3.0,3,5,2.0,—
US065,"As a site editor, I want to have a prominent area on the home page where I can put special announcements not necessarily news or articles, so that I can give them additional exposure.","User Story:
As a site editor, I want to establish a dedicated section on the home page for highlighting special announcements that are not limited to news or articles, so that I can significantly increase their visibility and engagement among site visitors.

Acceptance Criteria:
- Create a visually distinct area on the home page specifically for special announcements, ensuring it is easily identifiable.
- Ensure that the announcements section can accommodate at least 5 different announcements simultaneously without compromising layout.
- Track user engagement metrics, aiming for a minimum of 20% click-through rate on announcements displayed in this section.

Test Outline:
- Review the home page layout to confirm the presence and visibility of the dedicated announcements area.
- Test the section's capacity by adding multiple announcements and ensuring they display correctly.
- Analyze user interaction data to verify that the click-through rate meets or exceeds the 20% target.","it (ISO 29148)
this (ISO 29148)
that (ISO 29148)
can (NASA ARM)",4,4,0.0,3,4,1.0,4,5,1.0,3,5,2.0,3,5,2.0,2,5,3.0,3,5,2.0,—
US066,"As a site editor, I want to have some flexibility as to where things appear, so that I can accommodate different types of content.","User Story:
As a site editor, I want the ability to customize the placement of content elements on the page so that I can effectively showcase various types of content and enhance user engagement.

Acceptance Criteria:
- Enable drag-and-drop functionality for at least 5 different content types to allow flexible positioning.
- Provide a preview feature that shows changes in real-time before publishing.
- Ensure that content placement adjustments are saved and can be reverted within 30 minutes of changes.

Test Outline:
- Test the drag-and-drop feature with different content types to confirm flexibility in placement.
- Verify that the preview feature accurately reflects changes made to content positioning.
- Check the functionality of the save and revert options to ensure they work within the specified time frame.","that (ISO 29148)
can (NASA ARM)",4,4,0.0,3,4,1.0,4,5,1.0,3,5,2.0,4,5,1.0,2,5,3.0,3,5,2.0,—
US067,"As a trainer, I want to see the upcoming courses are what I want visitors to notice, so that they register and there's a benefit to my membership.","User Story:
As a trainer, I want to prominently display the upcoming courses to ensure they capture the attention of potential registrants, thereby increasing enrollment and maximizing the value of my membership.

Acceptance Criteria:
- Ensure that at least 80% of website visitors can easily identify the upcoming courses within 3 seconds of landing on the page.
- Track registration rates for the displayed courses, aiming for a minimum increase of 25% in sign-ups compared to the previous quarter.
- Implement a feedback mechanism to gather visitor insights on course visibility and relevance, targeting a satisfaction score of 4 out of 5 or higher.

Test Outline:
- Conduct user testing to measure the time taken for visitors to locate the upcoming courses on the website.
- Analyze registration data before and after the changes to confirm the targeted increase in sign-ups.
- Review feedback collected from visitors to assess their perception of course visibility and make adjustments as necessary.","that (ISO 29148)
can (NASA ARM)",2,4,2.0,2,5,3.0,3,4,1.0,2,5,3.0,3,5,2.0,2,5,3.0,2,5,3.0,—
US068,"As a site visitor, I want to see new content when I come to the site, so that I come back more often.","User Story:
As a site visitor, I want to access fresh content each time I visit the site so that I am encouraged to return more frequently, enhancing user engagement and retention.

Acceptance Criteria:
- Ensure that at least 80% of the content displayed is updated or new since the last visit.
- Implement a content refresh mechanism that updates the homepage every 24 hours.
- Track user return visits and aim for a 20% increase in repeat visits within the next quarter.

Test Outline:
- Analyze the content displayed to confirm that 80% is new or updated for returning visitors.
- Monitor the content refresh frequency to ensure it occurs every 24 hours.
- Measure the rate of repeat visits over the next quarter to verify the 20% increase goal.","it (ISO 29148)
that (ISO 29148)
every (ISO 29148)
more (NASA ARM)",4,4,0.0,3,4,1.0,4,5,1.0,3,5,2.0,4,5,1.0,2,5,3.0,3,5,2.0,—
US069,"As a site visitor, I want to have articles that interest me and are easy to get to, so that I come to the site for my agile news and learning.","User Story:
As a site visitor, I want to access articles tailored to my interests and easily navigate to them, so that I consistently return to the site for the latest news and learning resources on agile methodologies.

Acceptance Criteria:
- Implement a recommendation system that suggests at least 5 relevant articles based on user preferences and browsing history.
- Ensure that the average time to find and access an article is 3 clicks or less.
- Achieve a user satisfaction score of 80% or higher in post-visit surveys regarding content relevance and accessibility.

Test Outline:
- Analyze user interaction data to verify that the recommendation system provides at least 5 personalized article suggestions.
- Track the number of clicks required for users to access articles and confirm it does not exceed 3.
- Conduct user surveys to measure satisfaction levels and ensure they meet or exceed the 80% threshold.","it (ISO 29148)
that (ISO 29148)
less (NASA ARM)",3,4,1.0,3,4,1.0,4,5,1.0,3,5,2.0,3,5,2.0,2,5,3.0,3,5,2.0,—
US070,"As a site visitor, I want to know as soon as I visit what on earth Scrum is and why it needs an alliance, so that I don't bounce immediately oﬀ the page.","User Story:
As a site visitor, I want to quickly understand the concept of Scrum and the importance of an alliance upon landing on the page, so that I am engaged and less likely to leave the site immediately.

Acceptance Criteria:
- Provide a clear and concise definition of Scrum within the first 10 seconds of page load.
- Explain the significance of the Scrum alliance in 3 bullet points that highlight its benefits.
- Ensure that at least 70% of visitors stay on the page for more than 30 seconds after reading the content.

Test Outline:
- Measure the time taken for the definition of Scrum to appear on the page using analytics tools.
- Review the content to confirm that it includes 3 compelling bullet points about the Scrum alliance.
- Analyze user engagement metrics to determine the percentage of visitors who remain on the page for over 30 seconds.","it (ISO 29148)
that (ISO 29148)
more (NASA ARM)
less (NASA ARM)",3,4,1.0,3,4,1.0,4,5,1.0,3,5,2.0,3,5,2.0,2,5,3.0,3,5,2.0,—
US071,"As a site visitor, I want to know as I glance around the home page what on earth a CSM is and why I'd want to be one, so that I read more.","User Story:
As a site visitor, I want to quickly understand the role of a Customer Success Manager (CSM) and the benefits of pursuing this career path, so that I am encouraged to explore further information on the website.

Acceptance Criteria:
- Provide a clear and concise definition of a CSM within the first 100 words on the home page.
- Highlight at least 3 key benefits of being a CSM, such as career growth opportunities, impact on customer satisfaction, and potential earnings.
- Ensure that the information is visually engaging and easily accessible, with a prominent link to detailed resources about the CSM role.

Test Outline:
- Review the home page content to confirm that the CSM definition is present and within the specified word limit.
- Check that the benefits of being a CSM are clearly listed and visually distinct.
- Click on the link to detailed resources to ensure it directs to relevant and informative content.","it (ISO 29148)
this (ISO 29148)
that (ISO 29148)",3,4,1.0,3,4,1.0,4,5,1.0,3,5,2.0,3,5,2.0,2,5,3.0,3,5,2.0,—
US072,"As a site visitor, I want to be able to get back to the home page quickly and easily, so that I don't get lost navigating.","User Story:
As a site visitor, I want to quickly and easily return to the home page so that I can navigate the site without confusion and enhance my overall browsing experience.

Acceptance Criteria:
- Provide a prominent home button that is accessible from every page within 2 clicks.
- Ensure the home page loads within 3 seconds after clicking the home button.
- Include a breadcrumb navigation feature that clearly indicates the current page and allows one-click access back to the home page.

Test Outline:
- Test the accessibility of the home button from various pages to confirm it is reachable within 2 clicks.
- Measure the load time of the home page after clicking the home button to ensure it meets the 3-second requirement.
- Verify the functionality of the breadcrumb navigation to ensure it accurately reflects the user's current location and allows easy return to the home page.","easy (ISO 29148)
it (ISO 29148)
that (ISO 29148)
every (ISO 29148)
can (NASA ARM)",3,4,1.0,3,4,1.0,4,5,1.0,3,5,2.0,4,5,1.0,2,5,3.0,3,5,2.0,—
US073,"As a site visitor, I want to see a list of the most popular items on the site, so that I am most likely to read the most important or best content.","User Story:
As a site visitor, I want to access a curated list of the top 10 most popular items on the website so that I can easily engage with the most relevant and high-quality content, enhancing my browsing experience.

Acceptance Criteria:
- Display a list of the top 10 popular items based on user engagement metrics, such as views and shares.
- Update the list dynamically at least once every 24 hours to reflect current trends and interests.
- Ensure that each item in the list includes a brief description and a direct link for easy access.

Test Outline:
- Verify that the list of popular items is displayed prominently on the site and includes exactly 10 items.
- Check the update frequency of the list to confirm it refreshes at least once every 24 hours.
- Test the links for each item to ensure they direct users to the correct content.","most (ISO 29148)
easy (ISO 29148)
it (ISO 29148)
that (ISO 29148)
every (ISO 29148)
can (NASA ARM)",4,4,0.0,3,4,1.0,4,5,1.0,3,5,2.0,3,5,2.0,2,5,3.0,3,5,2.0,—
US074,"As a trainer, I want to be assured that no one can submit the same answers multiple time and skew my results, so that my ratings are accurate.","User Story:
As a trainer, I want to ensure that each participant can submit their answers only once to prevent any duplication that could distort my evaluation metrics, thereby maintaining the integrity and accuracy of the ratings.

Acceptance Criteria:
- Implement a system that restricts each participant to a single submission per session.
- Conduct a verification check to confirm that duplicate submissions are flagged and not counted in the final results.
- Provide a report indicating the number of unique submissions versus duplicates to assess the effectiveness of the system.

Test Outline:
- Test the submission process to ensure that attempting to submit the same answers again results in an error message or notification.
- Review the final results to confirm that only unique submissions are included in the ratings.
- Analyze the report generated to verify the count of unique versus duplicate submissions.","that (ISO 29148)
can (NASA ARM)",3,4,1.0,3,4,1.0,4,4,0.0,3,5,2.0,4,5,1.0,2,5,3.0,3,4,1.0,—
US075,"As a trainer, I want to be notified about the results of surveys about my classes, so that I can read them.","User Story:
As a trainer, I want to receive timely notifications regarding the survey results for my classes so that I can review feedback and make informed improvements to enhance the learning experience.

Acceptance Criteria:
- Receive survey result notifications within 24 hours of survey completion.
- Access a summary report of survey feedback that includes at least 3 key metrics (e.g., satisfaction score, engagement level, and areas for improvement).
- Ensure that notifications are sent via email and include a direct link to the detailed survey results.

Test Outline:
- Track the time taken to send notifications after survey completion to confirm it is within the 24-hour timeframe.
- Review the content of the summary report to ensure it includes the specified key metrics.
- Verify that the email notifications contain a functional link to the detailed survey results.","it (ISO 29148)
that (ISO 29148)
timely (NASA ARM)
can (NASA ARM)",4,4,0.0,3,5,2.0,4,5,1.0,3,5,2.0,4,5,1.0,2,5,3.0,3,5,2.0,—
US076,"As a site admin, I want to see the results for each trainer and averages for the class, so that I can identify any outliers or possible problems.","User Story:
As a site admin, I want to access detailed performance results for each trainer along with average metrics for the entire class, so that I can effectively identify outliers and address potential issues proactively.

Acceptance Criteria:
- Display individual performance results for each trainer, including key metrics such as completion rates and feedback scores.
- Calculate and present the average performance metrics for the class, ensuring they are updated in real-time.
- Highlight any trainer whose performance deviates by more than 15% from the class average, allowing for quick identification of potential problems.

Test Outline:
- Verify that the performance results for each trainer are accurately displayed and updated.
- Check that the average metrics for the class are calculated correctly and reflect real-time data.
- Confirm that any trainer with performance metrics deviating by more than 15% from the average is clearly highlighted for review.","that (ISO 29148)
can (NASA ARM)
more (NASA ARM)",3,4,1.0,3,5,2.0,4,5,1.0,3,5,2.0,4,5,1.0,2,5,3.0,3,5,2.0,—
US077,"As a site visitor, I want to see a trainer's rating, so that I choose a course from an appropriate trainer.","User Story:
As a site visitor, I want to view the rating of each trainer so that I can select a course from a highly-rated trainer, ensuring a quality learning experience.

Acceptance Criteria:
- Display the trainer's rating prominently on the course selection page, using a 5-star system.
- Ensure that the rating is updated in real-time based on user feedback, with at least 10 ratings required for a valid score.
- Provide a tooltip or additional information that explains how the rating is calculated, enhancing transparency.

Test Outline:
- Check that the trainer's rating is visible and correctly formatted on the course selection page.
- Verify that the rating updates correctly after new feedback is submitted, ensuring it reflects the latest data.
- Confirm that the tooltip or information about the rating calculation is accessible and informative for users.","it (ISO 29148)
that (ISO 29148)
can (NASA ARM)",4,5,1.0,3,5,2.0,4,5,1.0,3,5,2.0,4,5,1.0,2,5,3.0,3,5,2.0,—
US078,"As a trainer, I want to show my rating up on my profile page, so that site visitors can choose wisely.","User Story:
As a trainer, I want to prominently display my rating on my profile page so that potential clients can make informed decisions based on my qualifications and feedback from previous clients.

Acceptance Criteria:
- Ensure the trainer's rating is visible on the profile page with a clear numerical score (e.g., 4.5 out of 5).
- Update the rating in real-time to reflect any new reviews or changes, ensuring accuracy.
- Include a minimum of 10 reviews to validate the rating's credibility and provide a comprehensive overview for site visitors.

Test Outline:
- Check the visibility of the rating on the profile page to confirm it is prominently displayed.
- Monitor the rating update process to ensure it reflects changes within 24 hours of receiving new reviews.
- Verify that at least 10 reviews are associated with the rating to ensure it meets the credibility requirement.","it (ISO 29148)
that (ISO 29148)
can (NASA ARM)",4,4,0.0,3,5,2.0,4,5,1.0,3,5,2.0,4,5,1.0,2,5,3.0,3,5,2.0,—
US079,"As a site visitor, I want to view a section of the website that teaches me the basics of what Scrum is, so that I can learn that quickly.","User Story:
As a site visitor, I want to access a dedicated section that provides a comprehensive overview of Scrum fundamentals so that I can quickly grasp the essential concepts and principles of this agile framework.

Acceptance Criteria:
- The section must contain at least 500 words covering key Scrum concepts, including roles, events, and artifacts.
- Users should be able to complete a brief quiz with at least 5 questions to assess their understanding of Scrum after reading the content.
- The section should load within 3 seconds to ensure a smooth user experience.

Test Outline:
- Review the content to confirm it meets the 500-word requirement and covers all key concepts.
- Administer the quiz to a sample group of users to evaluate their understanding and ensure at least 80% pass rate.
- Measure the loading time of the section to verify it meets the 3-second threshold.","it (ISO 29148)
this (ISO 29148)
that (ISO 29148)
all (ISO 29148)
be able to (NASA ARM)
can (NASA ARM)",4,4,0.0,3,4,1.0,4,5,1.0,3,5,2.0,4,5,1.0,2,5,3.0,3,5,2.0,—
US080,"As a site editor, I want to create the content of the What Is Scrum section, so that it's there for visitors.","User Story:
As a site editor, I want to develop comprehensive content for the ""What Is Scrum"" section so that visitors can easily understand the Scrum framework and its benefits, enhancing their engagement with our site.

Acceptance Criteria:
- Create a detailed overview of Scrum that is at least 500 words long, covering its principles and practices.
- Include at least 3 real-world examples of Scrum implementation to illustrate its effectiveness.
- Ensure the content is optimized for SEO, targeting at least 5 relevant keywords to improve search visibility.

Test Outline:
- Review the content length to confirm it meets the 500-word requirement.
- Check for the inclusion of 3 or more real-world examples within the section.
- Analyze the content for SEO optimization using a keyword analysis tool to ensure the targeted keywords are present.","it (ISO 29148)
that (ISO 29148)
can (NASA ARM)
more (NASA ARM)",3,4,1.0,2,4,2.0,3,5,2.0,2,5,3.0,3,5,2.0,2,5,3.0,3,5,2.0,—
US081,"As a site visitor, I want to view lists on the site of all Certified Scrum Masters, Practitioners, Trainers, and Certified Scrum Product Owners.","User Story:
As a site visitor, I want to access comprehensive lists of all Certified Scrum Masters, Practitioners, Trainers, and Certified Scrum Product Owners on the website so that I can easily find qualified professionals for collaboration or learning opportunities.

Acceptance Criteria:
- Display a complete list of Certified Scrum Masters, Practitioners, Trainers, and Certified Scrum Product Owners, with at least 95% of the entries verified for accuracy.
- Ensure that the lists are searchable and filterable by certification type, allowing users to find specific professionals within 3 clicks.
- Update the lists at least quarterly to maintain current and relevant information.

Test Outline:
- Verify that the lists include all required certification categories and check the accuracy of at least 10% of the entries.
- Test the search and filter functionality to confirm that users can find specific professionals within 3 clicks.
- Review the update logs to ensure the lists are refreshed at least every three months.","that (ISO 29148)
all (ISO 29148)
every (ISO 29148)
can (NASA ARM)",3,4,1.0,3,4,1.0,3,5,2.0,3,5,2.0,4,5,1.0,2,5,3.0,3,5,2.0,—
US082,"As a CSM, I want to have my name listed in the registry without becoming a member of the site, so that employers or others can verify my certification.","User Story:
As a CSM, I want my name to be included in the certification registry without requiring full membership on the site, so that potential employers and other stakeholders can easily verify my certification status.

Acceptance Criteria:
- Ensure my name is listed in the registry within 24 hours of submission.
- Provide a verification link that employers can use to confirm my certification.
- Maintain the accuracy of my listing, with updates made within 48 hours of any changes to my certification status.

Test Outline:
- Check the registry to confirm that my name appears within the specified 24-hour timeframe.
- Test the verification link to ensure it correctly leads to my certification details.
- Review the listing for accuracy and verify that updates are reflected within the 48-hour window.","it (ISO 29148)
that (ISO 29148)
can (NASA ARM)",4,4,0.0,3,4,1.0,4,5,1.0,3,5,2.0,4,5,1.0,2,5,3.0,3,5,2.0,—
US083,"As a trainer, I want to load an Excel file into the site, so that the course participants are added to the Scrum Alliance records.","User Story:
As a trainer, I want to upload an Excel file to the platform so that I can efficiently add course participants to the Scrum Alliance records, ensuring accurate tracking and compliance.

Acceptance Criteria:
- Successfully upload an Excel file containing participant data with a maximum file size of 5 MB.
- Validate that the uploaded file includes all required fields for each participant, such as name, email, and registration ID.
- Confirm that all participants from the Excel file are accurately reflected in the Scrum Alliance records within 24 hours of upload.

Test Outline:
- Test the upload functionality with a sample Excel file to ensure it meets the size and format requirements.
- Check the validation process to ensure that all required fields are present in the uploaded file.
- Verify that the participant data appears correctly in the Scrum Alliance records after the upload process is completed.","it (ISO 29148)
that (ISO 29148)
all (ISO 29148)
can (NASA ARM)",4,4,0.0,3,4,1.0,4,5,1.0,3,5,2.0,4,5,1.0,2,5,3.0,3,5,2.0,—
US084,"As a site admin, I want to view all classes in a pending state, so that I can approve any that need to be approved.","User Story:
As a site admin, I want to access a comprehensive list of all classes currently in a pending state so that I can efficiently review and approve those that require my authorization, ensuring timely updates to the course offerings.

Acceptance Criteria:
- Display a list of all classes in a pending state, updated in real-time.
- Include filtering options to sort classes by submission date and instructor name.
- Ensure that the approval process can be completed within 3 clicks for each class.

Test Outline:
- Verify that the list of pending classes is accurate and reflects real-time data.
- Check the functionality of filtering options to ensure they work as intended.
- Confirm that the approval process for each class can be completed in 3 clicks or fewer.","that (ISO 29148)
those (ISO 29148)
all (ISO 29148)
timely (NASA ARM)
can (NASA ARM)",4,4,0.0,3,4,1.0,4,5,1.0,3,5,2.0,4,5,1.0,2,5,3.0,3,5,2.0,—
US085,"As a site admin, I want to move people in a trainer's class from a pending state to the registry once I have received proof of payment from the trainer.","User Story:
As a site admin, I want to transition participants in a trainer's class from a pending status to the official registry upon receiving verified proof of payment from the trainer, ensuring accurate record-keeping and compliance.

Acceptance Criteria:
- Confirm receipt of proof of payment within 24 hours of submission.
- Successfully move participants from pending to registered status in the system, with a completion rate of 100%.
- Generate a confirmation report detailing the number of participants transitioned, to be completed within 1 hour of the status change.

Test Outline:
- Track the time taken to receive proof of payment to ensure it is within the 24-hour window.
- Verify that all participants marked as pending are updated to registered status in the system.
- Review the confirmation report for accuracy and completeness of the transitioned participants.","it (ISO 29148)
that (ISO 29148)
all (ISO 29148)",4,4,0.0,3,4,1.0,3,4,1.0,3,5,2.0,3,5,2.0,2,5,3.0,3,4,1.0,—
US086,"As a CSM, I want to be sent an email welcoming me to the Scrum Alliance and with instructions to register or activate my membership once my name has been loaded to the registry.","User Story:
As a CSM, I want to receive a welcome email from the Scrum Alliance that includes clear instructions for registering or activating my membership once my name is added to the registry, ensuring a smooth onboarding process.

Acceptance Criteria:
- Receive the welcome email within 24 hours of my name being loaded into the registry.
- The email must contain step-by-step instructions for membership registration or activation.
- Confirm that the email includes contact information for support in case of any issues during the registration process.

Test Outline:
- Track the time from when my name is added to the registry to when the welcome email is received to ensure it is within the 24-hour timeframe.
- Review the content of the email to verify that it includes comprehensive registration or activation instructions.
- Test the support contact information provided in the email to ensure it is accurate and responsive.","it (ISO 29148)
that (ISO 29148)",3,4,1.0,3,4,1.0,3,4,1.0,3,5,2.0,3,5,2.0,2,5,3.0,3,4,1.0,—
US087,"As a site editor, I want to edit the content of the email automatically sent to new Certified Scrum Masters and Product Owners, so that I don't need to involve a programmer on simple email edits.","User Story:
As a site editor, I want to have the ability to modify the content of the automated emails sent to newly certified Scrum Masters and Product Owners, so that I can make simple updates independently without requiring assistance from a programmer, thereby increasing efficiency and reducing turnaround time.

Acceptance Criteria:
- Enable a user-friendly interface for editing email content, allowing changes to be made within 10 minutes.
- Ensure that all edits are saved and reflected in the next email sent without any programming intervention.
- Provide a preview option to review changes before finalizing the email content.

Test Outline:
- Test the editing interface to confirm that changes can be made and saved within the specified time frame.
- Send a test email to verify that the edited content appears correctly in the automated email.
- Check the functionality of the preview option to ensure it accurately displays the updated email content before sending.","it (ISO 29148)
that (ISO 29148)
all (ISO 29148)
can (NASA ARM)",4,4,0.0,4,4,0.0,4,5,1.0,4,5,1.0,4,5,1.0,3,5,2.0,4,5,1.0,—
US088,"As a company, I want to join the Scrum Alliance by paying a corporate membership fee, so that I can show the company's support of Scrum.","User Story:
As a company, I want to secure a corporate membership with the Scrum Alliance by paying the required fee, so that I can visibly demonstrate our commitment to Scrum methodologies and enhance our organizational credibility within the Agile community.

Acceptance Criteria:
- Complete the corporate membership application process and submit the membership fee within 14 days.
- Receive confirmation of membership approval from the Scrum Alliance within 5 business days of application submission.
- Display the Scrum Alliance membership badge on our company website and marketing materials within 7 days of receiving approval.

Test Outline:
- Verify that the membership application is submitted and the fee is processed within the specified 14-day timeframe.
- Check for the confirmation email from the Scrum Alliance to ensure it is received within 5 business days.
- Confirm that the Scrum Alliance membership badge is visible on the company website and in marketing materials within the 7-day period.","secure (ISO 29148)
it (ISO 29148)
that (ISO 29148)
can (NASA ARM)",4,4,0.0,3,4,1.0,4,5,1.0,3,5,2.0,4,5,1.0,2,5,3.0,3,5,2.0,—
US089,"As a corporatesponsor, I want to display my logo on a corporate sponsors page, so that others see the company's support of Scrum.","User Story:
As a corporatesponsor, I want to prominently showcase my company logo on the corporate sponsors page so that potential clients and partners can recognize our commitment to supporting Scrum, thereby enhancing our brand visibility and reputation in the industry.

Acceptance Criteria:
- Ensure the logo is displayed in a high-resolution format that meets branding guidelines.
- Position the logo in a prominent location on the corporate sponsors page to maximize visibility.
- Track the number of page views and interactions with the corporate sponsors page to measure the impact of logo visibility.

Test Outline:
- Verify that the logo is uploaded and displayed correctly according to the specified branding guidelines.
- Check the placement of the logo on the page to ensure it is in a high-visibility area.
- Analyze web analytics data to assess the number of views and interactions with the corporate sponsors page post-implementation.","it (ISO 29148)
that (ISO 29148)
can (NASA ARM)",4,4,0.0,3,4,1.0,4,5,1.0,3,5,2.0,4,5,1.0,2,5,3.0,3,5,2.0,—
US090,"As a corporatesponsor, I want to make my logo randomly appear on the home page, so that others see the company's support of Scrum.","User Story:
As a corporatesponsor, I want my logo to be displayed randomly on the home page so that visitors can recognize and appreciate my company's support for Scrum, enhancing brand visibility and engagement.

Acceptance Criteria:
- Ensure the logo appears on the home page at least 10 times per hour, randomly distributed among other content.
- Track and report the number of unique visitors who see the logo, aiming for at least 1,000 views per month.
- Implement a mechanism to rotate the logo every 30 seconds to maintain dynamic visibility.

Test Outline:
- Monitor the home page to confirm that the logo appears randomly and meets the frequency requirement of 10 times per hour.
- Analyze website analytics to verify that the logo has been viewed by at least 1,000 unique visitors within the specified month.
- Check the rotation mechanism to ensure the logo changes every 30 seconds during user sessions.","that (ISO 29148)
every (ISO 29148)
can (NASA ARM)",4,4,0.0,3,4,1.0,4,5,1.0,3,5,2.0,4,5,1.0,2,5,3.0,3,5,2.0,—
US091,"As a CSM, I want to be charged a fee once I am approved for Practitioner status, so that my certification status can be activated.","User Story:
As a CSM, I want to incur a fee upon receiving approval for Practitioner status so that my certification can be activated promptly, enabling me to leverage my credentials effectively.

Acceptance Criteria:
- Charge the certification fee immediately after approval for Practitioner status.
- Ensure that the certification status is activated within 24 hours of fee payment.
- Provide confirmation of certification activation via email to the CSM.

Test Outline:
- Verify that the fee is charged as soon as the Practitioner status is approved.
- Check the time taken to activate the certification status after payment to ensure it is within the 24-hour timeframe.
- Confirm that the CSM receives an email notification regarding the activation of their certification.","it (ISO 29148)
that (ISO 29148)
can (NASA ARM)",4,5,1.0,3,4,1.0,4,5,1.0,3,5,2.0,4,5,1.0,2,5,3.0,3,5,2.0,—
US092,"As a CST, I want to pay an annual fee, so that my CST status is active.","User Story:
As a CST, I want to pay my annual membership fee to ensure that my CST status remains active and I can continue to provide certified support services without interruption.

Acceptance Criteria:
- Successfully complete the payment of the annual fee by the due date to maintain active status.
- Receive confirmation of payment within 24 hours to ensure timely processing.
- Verify that my CST status is updated and active in the system within 48 hours of payment.

Test Outline:
- Check the payment processing system to confirm that the fee payment is recorded accurately.
- Monitor the confirmation email or notification to ensure it is received within the specified timeframe.
- Validate the CST status in the user profile to confirm it reflects active status post-payment.","it (ISO 29148)
that (ISO 29148)
timely (NASA ARM)
can (NASA ARM)",4,4,0.0,3,4,1.0,4,4,0.0,3,5,2.0,4,5,1.0,2,5,3.0,3,4,1.0,—
US093,"As a site administrator, I want to set the annual fees for members, Practitioners and Trainers, so that fees can be set without involving a programmer.","User Story:
As a site administrator, I want to independently configure the annual fees for members, practitioners, and trainers through an intuitive interface so that I can manage pricing efficiently without needing to rely on a programmer.

Acceptance Criteria:
- Enable the site administrator to set and update annual fees for each category (members, practitioners, trainers) through a user-friendly dashboard.
- Ensure that changes to the fees are saved and reflected in the system within 2 minutes of being updated.
- Provide a confirmation message upon successful fee updates to ensure clarity and reduce errors.

Test Outline:
- Verify that the site administrator can access the fee configuration interface and make changes.
- Check the system to confirm that updated fees are displayed correctly within 2 minutes.
- Ensure that a confirmation message appears after the fees are successfully updated.","intuitive (ISO 29148)
that (ISO 29148)
can (NASA ARM)",4,4,0.0,4,4,0.0,4,5,1.0,4,5,1.0,4,5,1.0,3,5,2.0,4,5,1.0,—
US094,"As a member, I want to receive a reminder and a link, so that I can renew my membership.","User Story:
As a member, I want to receive a timely reminder along with a renewal link so that I can easily renew my membership before it expires, ensuring uninterrupted access to member benefits.

Acceptance Criteria:
- Send a reminder email at least 30 days prior to membership expiration, including a direct renewal link.
- Ensure that the renewal link is functional and leads to a secure payment page.
- Track and confirm that at least 80% of members who receive the reminder complete their renewal within 14 days.

Test Outline:
- Verify that reminder emails are sent out 30 days before expiration and contain the renewal link.
- Test the functionality of the renewal link to ensure it directs users to the correct payment page.
- Analyze renewal rates to confirm that at least 80% of members who received the reminder renew their membership within the specified timeframe.","secure (ISO 29148)
it (ISO 29148)
that (ISO 29148)
timely (NASA ARM)
can (NASA ARM)",3,5,2.0,3,4,1.0,4,5,1.0,3,5,2.0,4,5,1.0,2,5,3.0,3,5,2.0,—
US095,"As a member, I want to have the system email me a new password or a password reminder since i have short-term memory problems.","User Story:
As a member, I want the system to automatically send me a new password or a password reminder via email so that I can easily access my account without frustration.

Acceptance Criteria:
- Receive an email with a new password or reminder within 3 minutes of the request.
- Ensure the email includes clear instructions on how to use the new password or reminder.
- Confirm that the password reset or reminder process can be completed in 2 steps or less.

Test Outline:
- Track the time taken to receive the email after the request to ensure it is within the 3-minute timeframe.
- Review the content of the email to verify that it contains clear instructions for the user.
- Test the process to ensure that the user can successfully reset or retrieve their password in 2 steps or fewer.","it (ISO 29148)
that (ISO 29148)
can (NASA ARM)
less (NASA ARM)",4,5,1.0,3,4,1.0,3,5,2.0,3,5,2.0,4,5,1.0,2,5,3.0,3,5,2.0,—
US096,"As a trainer, I want to read information of relevance only to trainers, so that the Scrum Alliance can share information with me easily.","User Story:
As a trainer, I want to access content specifically tailored for trainers, so that the Scrum Alliance can efficiently provide me with relevant updates and resources that enhance my training effectiveness.

Acceptance Criteria:
- Filter content to ensure that 100% of the information displayed is relevant to trainers.
- Provide a dedicated section for trainers that is updated at least once a week with new resources and information.
- Ensure that the information is easily accessible within 3 clicks from the main dashboard.

Test Outline:
- Verify that all displayed content in the trainer section is exclusively relevant to trainers by reviewing the content categories.
- Check the frequency of updates to confirm that new resources are added weekly.
- Test the navigation process to ensure that users can access the trainer-specific information within 3 clicks.","that (ISO 29148)
all (ISO 29148)
can (NASA ARM)",4,4,0.0,3,4,1.0,4,5,1.0,3,5,2.0,4,5,1.0,2,5,3.0,3,5,2.0,—
US097,"As a site editor, I want to post information in a trainers-only section, so that only trainers see it.","User Story:
As a site editor, I want to publish content in a dedicated trainers-only section so that only authorized trainers can access this information, ensuring confidentiality and relevance.

Acceptance Criteria:
- Ensure that the trainers-only section is accessible exclusively to users with trainer roles.
- Implement a verification process that confirms the user's role before displaying the content.
- Provide a notification system to alert trainers when new information is posted in their section.

Test Outline:
- Test access to the trainers-only section with both trainer and non-trainer accounts to confirm restricted access.
- Verify the role verification process by attempting to access the section with different user roles.
- Check that trainers receive notifications for new posts to ensure they are informed of updates.","this (ISO 29148)
that (ISO 29148)
can (NASA ARM)",4,4,0.0,3,4,1.0,4,5,1.0,3,5,2.0,4,5,1.0,2,5,3.0,3,5,2.0,—
