ID,Original User Story,Rewritten User Story,Fuzzy Terms (with source),I_before,I_after,delta_I,N_before,N_after,delta_N,V_before,V_after,delta_V,E_before,E_after,delta_E,S_before,S_after,delta_S,T_before,T_after,delta_T,overall_before,overall_after,delta_overall,Low-score Explanation (<2)
A1US1Ge,"As a driver, I want a car that uses AI and real-time data to react faster than humans in emergency situations, reducing my risk of accidents.","User Story:
As a driver, I want a vehicle equipped with AI technology and real-time data analytics to respond more swiftly than human reflexes in emergency scenarios, thereby significantly lowering my chances of being involved in an accident.

Acceptance Criteria:
- The AI system must demonstrate a reaction time of less than 0.5 seconds in emergency situations, compared to the average human reaction time of 1.5 seconds.
- The vehicle should utilize real-time data from at least 10 sensors to assess and respond to potential hazards on the road.
- A reduction in accident risk by at least 30% must be validated through controlled testing scenarios.

Test Outline:
- Conduct tests to measure the AI's reaction time in various emergency situations and compare it to human response times.
- Verify that the vehicle's AI system is actively using data from the specified number of sensors during operation.
- Analyze accident data from controlled tests to confirm a minimum 30% reduction in risk compared to traditional vehicles.","it (ISO 29148)
that (ISO 29148)
more (NASA ARM)
less (NASA ARM)",3,4,1.0,3,4,1.0,3,4,1.0,3,5,2.0,4,5,1.0,2,5,3.0,3,4,1.0,—
A1US2Ge,"As a city planner, I want a traffic management system that uses AI and connected vehicles to optimize traffic flow and reduce congestion.","User Story:
As a city planner, I want to implement an AI-driven traffic management system that integrates with connected vehicles to enhance traffic flow and significantly decrease congestion levels across the city.

Acceptance Criteria:
- Achieve a minimum 20% reduction in average traffic congestion during peak hours within the first 6 months of implementation.
- Ensure real-time traffic data is collected and analyzed from at least 75% of connected vehicles in the area.
- Provide actionable insights and recommendations for traffic signal adjustments that can be executed within 2 minutes of data analysis.

Test Outline:
- Monitor and compare traffic congestion levels before and after the system's implementation to verify the targeted reduction.
- Validate the percentage of connected vehicles providing data to ensure it meets or exceeds the 75% threshold.
- Test the system's response time for generating traffic signal adjustment recommendations to confirm it operates within the 2-minute timeframe.","it (ISO 29148)
that (ISO 29148)
can (NASA ARM)",2,4,2.0,1,4,3.0,2,4,2.0,2,5,3.0,3,5,2.0,1,5,4.0,2,4,2.0,—
A1US3Ge,"As a car manufacturer, I want to develop AVs with advanced sensors and AI algorithms that can accurately perceive their surroundings and make safe driving decisions.","User Story:
As a car manufacturer, I want to create autonomous vehicles (AVs) equipped with cutting-edge sensors and sophisticated AI algorithms so that they can reliably detect their environment and execute safe driving maneuvers, enhancing overall road safety and user trust.

Acceptance Criteria:
- Achieve a perception accuracy rate of at least 95% in identifying obstacles and road conditions.
- Ensure that the AI algorithms can make safe driving decisions with a response time of ≤200 milliseconds in various driving scenarios.
- Conduct extensive testing to validate that the AVs can operate safely in 90% of real-world driving conditions without human intervention.

Test Outline:
- Perform a series of tests to measure the perception accuracy of the sensors against known obstacles and conditions.
- Time the AI's decision-making process in simulated driving scenarios to confirm it meets the response time criteria.
- Analyze the results of real-world driving tests to ensure the AVs can handle the specified percentage of driving conditions autonomously.","it (ISO 29148)
that (ISO 29148)
can (NASA ARM)",2,4,2.0,1,4,3.0,2,5,3.0,2,5,3.0,3,5,2.0,1,5,4.0,2,5,3.0,—
A1US4Ge,"As a blind or visually impaired person, I want an AV that can safely navigate me around town, giving me greater independence.","User Story:
As a blind or visually impaired person, I want an autonomous vehicle (AV) equipped with advanced navigation capabilities so that I can travel around town safely and independently, enhancing my mobility and quality of life.

Acceptance Criteria:
- The AV must successfully navigate urban environments with a 95% accuracy rate in obstacle detection and avoidance.
- The system should provide real-time audio feedback about surroundings and navigation instructions with a response time of less than 2 seconds.
- The AV must complete a predefined route without human intervention in at least 90% of test scenarios.

Test Outline:
- Conduct a series of test drives in various urban settings to measure the accuracy of obstacle detection and navigation.
- Evaluate the responsiveness of the audio feedback system during navigation to ensure it meets the specified time criteria.
- Analyze the completion rate of the predefined routes to confirm the AV's ability to operate autonomously.","it (ISO 29148)
that (ISO 29148)
can (NASA ARM)
less (NASA ARM)",3,4,1.0,1,4,3.0,1,5,4.0,2,5,3.0,3,5,2.0,1,5,4.0,2,5,3.0,—
A1US5Ge,"As an environmentalist, I want AVs that are programmed for fuel efficiency and can reduce overall emissions and pollution in our cities.","User Story:
As an environmentalist, I want autonomous vehicles (AVs) designed with a focus on fuel efficiency so that they can significantly lower overall emissions and reduce urban pollution levels, contributing to a cleaner environment.

Acceptance Criteria:
- AVs must achieve a minimum fuel efficiency of 50 miles per gallon (mpg) or equivalent energy consumption.
- Emissions from AVs should be reduced by at least 30% compared to traditional vehicles.
- The implementation of AVs should lead to a measurable decrease in urban air pollution levels by 15% within the first year of deployment.

Test Outline:
- Conduct fuel efficiency tests on AVs to ensure they meet or exceed the 50 mpg target.
- Measure emissions from AVs and compare them to baseline data from traditional vehicles to confirm a 30% reduction.
- Analyze air quality data in urban areas before and after AV deployment to verify a 15% reduction in pollution levels.","that (ISO 29148)
can (NASA ARM)",2,4,2.0,1,4,3.0,2,4,2.0,2,5,3.0,3,5,2.0,1,5,4.0,2,4,2.0,—
A1US6Ge,"As a busy professional, I want an AV that can take me to meetings or appointments while I work on other tasks, saving me valuable time.","User Story:
As a busy professional, I want an autonomous vehicle (AV) that can transport me to meetings or appointments while I focus on other tasks, enabling me to maximize my productivity and save at least 30 minutes of valuable time per day.

Acceptance Criteria:
- The AV must successfully navigate to the specified destination without human intervention in 95% of trips.
- The vehicle should allow for multitasking, enabling me to complete at least 2 work-related tasks during the journey.
- The AV must provide real-time updates on travel time and route changes, ensuring I am informed throughout the trip.

Test Outline:
- Track the number of successful autonomous trips versus total trips to verify the 95% success rate.
- Monitor the tasks completed during the journey to confirm that at least 2 tasks are achievable.
- Evaluate the accuracy and timeliness of real-time updates provided by the AV during the trip.","that (ISO 29148)
can (NASA ARM)",4,4,0.0,2,4,2.0,3,4,1.0,2,5,3.0,4,5,1.0,2,5,3.0,3,4,1.0,—
A1US7Ge,"As a safety advocate, I want clear regulations and safety standards for AVs to ensure the well-being of all road users.","User Story:
As a safety advocate, I want to establish comprehensive regulations and safety standards for autonomous vehicles (AVs) so that all road users can be assured of their safety and well-being while using public roads.

Acceptance Criteria:
- Develop and publish a set of at least 10 clear safety regulations for AVs that address critical areas such as collision avoidance, emergency response, and user interaction.
- Ensure that these regulations are reviewed and approved by relevant safety authorities within 6 months of proposal.
- Conduct a public awareness campaign to inform at least 75% of road users about the new AV safety standards within 3 months of their implementation.

Test Outline:
- Review the published regulations to confirm they meet the specified criteria and cover all necessary safety aspects.
- Track the approval process to ensure it is completed within the designated 6-month timeframe.
- Measure public awareness through surveys to verify that at least 75% of road users are informed about the new safety standards.","it (ISO 29148)
that (ISO 29148)
these (ISO 29148)
all (ISO 29148)
can (NASA ARM)",2,3,1.0,1,4,3.0,2,5,3.0,2,4,2.0,3,3,0.0,1,4,3.0,2,4,2.0,—
A1US8Ge,"As a cybersecurity expert, I want AVs to be equipped with robust security measures to protect them from hacking and cyberattacks.","User Story:
As a cybersecurity expert, I want autonomous vehicles (AVs) to incorporate advanced security protocols and measures so that they can effectively safeguard against hacking attempts and cyberattacks, ensuring the safety of passengers and data integrity.

Acceptance Criteria:
- Implement multi-layered security frameworks that reduce vulnerability to cyber threats by at least 90%.
- Conduct regular penetration testing and vulnerability assessments every quarter to identify and mitigate potential security risks.
- Ensure that all security updates and patches are deployed within 48 hours of release to maintain up-to-date protection against emerging threats.

Test Outline:
- Evaluate the effectiveness of the security measures through simulated hacking attempts to confirm a 90% reduction in vulnerabilities.
- Review the schedule and results of quarterly penetration tests to ensure compliance with the assessment criteria.
- Monitor the deployment timeline of security updates to verify that all patches are applied within the specified 48-hour window.","that (ISO 29148)
all (ISO 29148)
every (ISO 29148)
can (NASA ARM)",2,4,2.0,1,4,3.0,2,5,3.0,2,5,3.0,3,5,2.0,1,5,4.0,2,5,3.0,—
A1US9Ge,"As a data privacy advocate, I want control over the data collected by AVs and ensure it's used responsibly and securely.","User Story:
As a data privacy advocate, I want to have comprehensive control over the data collected by autonomous vehicles (AVs) so that I can ensure it is utilized responsibly and securely, protecting user privacy and fostering trust in AV technology.

Acceptance Criteria:
- Implement a user interface that allows individuals to view and manage their data preferences, with at least 90% of users able to access it easily.
- Establish clear guidelines for data usage that comply with privacy regulations, ensuring that 100% of data handling practices are transparent and documented.
- Conduct regular audits to verify that data is being used securely, with a target of identifying and addressing any potential breaches within 24 hours.

Test Outline:
- Test the user interface for accessibility and ease of use, ensuring that at least 90% of users can navigate it without assistance.
- Review the data usage guidelines to confirm compliance with relevant privacy regulations and transparency standards.
- Monitor audit results to ensure that any identified data security issues are resolved within the specified timeframe.","it (ISO 29148)
that (ISO 29148)
can (NASA ARM)",2,4,2.0,1,4,3.0,2,5,3.0,2,5,3.0,3,5,2.0,1,5,4.0,2,5,3.0,—
A1US10Ge,"As a delivery company, I want to explore the use of AVs for efficient and cost-effective last-mile delivery services.","User Story:
As a delivery company, I want to investigate the implementation of autonomous vehicles (AVs) for last-mile delivery services so that we can enhance operational efficiency and reduce delivery costs by at least 20%.

Acceptance Criteria:
- Conduct a feasibility study to assess the potential cost savings and efficiency improvements of using AVs for last-mile deliveries.
- Identify and evaluate at least three different AV models suitable for our delivery needs, including their operational costs and capabilities.
- Develop a pilot program to test AVs in a selected urban area, aiming for a minimum of 100 successful deliveries within the first month.

Test Outline:
- Review the findings of the feasibility study to ensure it outlines potential savings and efficiency metrics.
- Analyze the performance data from the pilot program to confirm that at least 100 deliveries were completed successfully.
- Compare the operational costs of AVs against traditional delivery methods to validate the projected cost reduction.","it (ISO 29148)
that (ISO 29148)
can (NASA ARM)",2,4,2.0,1,4,3.0,2,5,3.0,2,5,3.0,3,5,2.0,1,5,4.0,2,5,3.0,—
A2US1Ge,"As a parent, I want a device that can track my child's physical activity and potentially identify aggressive episodes so that I can intervene and provide support.","User Story:
As a parent, I want a wearable device that monitors my child's physical activity levels and detects potential aggressive behavior episodes so that I can proactively intervene and offer timely support to promote their well-being.

Acceptance Criteria:
- The device must accurately track and log at least 90% of daily physical activity minutes.
- It should identify and alert me to aggressive behavior episodes with a detection accuracy of 85% or higher.
- The device must provide a user-friendly app interface that allows me to review activity data and behavior alerts in real-time.

Test Outline:
- Validate the accuracy of the physical activity tracking by comparing logged minutes against a known standard over a week.
- Test the device's ability to detect aggressive episodes by simulating various scenarios and measuring the alert response rate.
- Review the app interface for usability and ensure that all data is accessible and understandable within 2 taps.","it (ISO 29148)
that (ISO 29148)
all (ISO 29148)
timely (NASA ARM)
can (NASA ARM)",3,4,1.0,3,4,1.0,4,5,1.0,3,5,2.0,4,5,1.0,2,5,3.0,3,5,2.0,—
A2US2Ge,"As a teacher, I want a tool that can discreetly monitor student activity levels in the classroom and alert me to potential aggression so that I can de-escalate situations before they escalate.","User Story:
As a teacher, I want an advanced monitoring tool that can unobtrusively track student engagement and activity levels in the classroom, alerting me to signs of potential aggression, so that I can proactively intervene and de-escalate conflicts before they escalate.

Acceptance Criteria:
- The tool must provide real-time analytics on student activity levels with a response time of less than 2 seconds.
- Alerts for potential aggression should be triggered based on predefined behavioral thresholds, with at least 90% accuracy in identifying concerning behaviors.
- The system should allow for customizable alert settings, enabling teachers to adjust sensitivity based on classroom dynamics.

Test Outline:
- Test the tool's response time to ensure it provides real-time analytics within the specified limit.
- Evaluate the accuracy of aggression alerts by comparing them against observed behaviors in the classroom to confirm at least 90% accuracy.
- Review the customization options for alert settings to ensure they meet the needs of different classroom environments.","it (ISO 29148)
that (ISO 29148)
can (NASA ARM)
less (NASA ARM)",2,4,2.0,2,4,2.0,3,5,2.0,2,5,3.0,2,5,3.0,2,5,3.0,2,5,3.0,—
A2US3Ge,"As a therapist working with aggressive children, I want objective data on their physical activity patterns to track progress in anger management and de-escalation techniques.","User Story:
As a therapist working with aggressive children, I want to obtain quantifiable data on their physical activity patterns so that I can effectively monitor their progress in anger management and the application of de-escalation techniques.

Acceptance Criteria:
- Collect and analyze physical activity data for each child at least 3 times per week.
- Establish baseline activity levels and track changes with a minimum of 20% improvement over a 3-month period.
- Generate weekly reports summarizing activity patterns and correlating them with incidents of aggression or successful de-escalation.

Test Outline:
- Review the data collection process to ensure it captures physical activity accurately and consistently.
- Compare baseline activity levels with follow-up data to confirm at least a 20% improvement.
- Assess the weekly reports for clarity and relevance in relation to the children's behavioral progress.","it (ISO 29148)
that (ISO 29148)
can (NASA ARM)",3,4,1.0,3,4,1.0,3,5,2.0,2,5,3.0,4,5,1.0,2,5,3.0,3,5,2.0,—
A2US4Ge,"As a researcher studying childhood aggression, I want access to a non-invasive method for collecting real-time data on physical aggression in children so that I can better understand its triggers and consequences.","User Story:
As a researcher studying childhood aggression, I want to utilize a non-invasive technique for gathering real-time data on physical aggression in children so that I can gain deeper insights into its triggers and consequences, ultimately contributing to effective interventions.

Acceptance Criteria:
- Implement a non-invasive data collection method that captures instances of physical aggression with at least 90% accuracy.
- Ensure that data is collected in real-time, with updates occurring every 5 seconds or less.
- Provide a comprehensive report on triggers and consequences of aggression based on the collected data within 2 weeks of data collection.

Test Outline:
- Validate the accuracy of the data collection method by comparing it against observed instances of aggression in a controlled environment.
- Monitor the frequency and timeliness of data updates to confirm they meet the specified interval.
- Analyze the generated report for completeness and relevance to the research objectives, ensuring it addresses key triggers and consequences.","effective (ISO 29148)
it (ISO 29148)
that (ISO 29148)
every (ISO 29148)
effective (NASA ARM)
can (NASA ARM)
less (NASA ARM)",3,4,1.0,3,4,1.0,4,5,1.0,3,5,2.0,3,5,2.0,2,5,3.0,3,5,2.0,—
A2US5Ge,"As a school administrator, I want a system that helps identify students at risk of aggressive behavior so that I can implement targeted interventions and create a safer learning environment.","User Story:
As a school administrator, I want to utilize a comprehensive system that accurately identifies students exhibiting signs of aggressive behavior so that I can implement specific interventions and foster a safer educational environment for all students.

Acceptance Criteria:
- The system must analyze behavioral data and flag at least 90% of students at risk of aggressive behavior based on predefined criteria.
- Generate actionable reports on identified students within 24 hours of data analysis to facilitate timely interventions.
- Provide a dashboard that tracks the effectiveness of interventions, showing at least a 30% reduction in reported aggressive incidents within one semester.

Test Outline:
- Review the system's identification accuracy by comparing flagged students against actual behavioral incidents over a defined period.
- Check the report generation time to ensure it meets the 24-hour requirement after data analysis.
- Monitor the dashboard metrics to evaluate the impact of interventions on aggressive behavior incidents over the semester.","it (ISO 29148)
that (ISO 29148)
all (ISO 29148)
timely (NASA ARM)
can (NASA ARM)",3,4,1.0,3,4,1.0,4,5,1.0,3,5,2.0,4,5,1.0,2,5,3.0,3,5,2.0,—
A2US6Ge,"As a child with a history of aggression, I want a wearable device that helps me and my parents monitor my activity levels and receive alerts when aggressive behavior might be escalating.","User Story:
As a child with a history of aggression, I want a wearable device that enables both me and my parents to track my activity levels and receive timely alerts when my behavior shows signs of escalation, so that we can proactively manage my emotions and improve my interactions.

Acceptance Criteria:
- The device must accurately monitor and log activity levels, providing data on at least 90% of daily activities.
- Alerts for potential aggressive behavior must be triggered with a response time of less than 5 seconds when predefined thresholds are met.
- The device should include a user-friendly interface for both the child and parents to review activity data and alerts at least once a day.

Test Outline:
- Validate the accuracy of the activity monitoring by comparing device logs with actual activities over a week.
- Test the alert system by simulating behavior changes and measuring the response time for alerts.
- Review the interface usability by conducting user testing sessions with both the child and parents to ensure they can easily access and understand the data.","that (ISO 29148)
timely (NASA ARM)
can (NASA ARM)
less (NASA ARM)",3,4,1.0,3,4,1.0,2,5,3.0,2,5,3.0,4,5,1.0,2,5,3.0,3,5,2.0,—
A2US7Ge,"As a healthcare provider working with children with ADHD, I want a tool that can differentiate between ADHD-related hyperactivity and physical aggression so that I can provide the most appropriate treatment.","User Story:
As a healthcare provider working with children with ADHD, I want a diagnostic tool that accurately distinguishes between hyperactivity associated with ADHD and physical aggression, so that I can tailor the most effective treatment plans for each child.

Acceptance Criteria:
- The tool must achieve at least 90% accuracy in differentiating between ADHD-related hyperactivity and physical aggression based on clinical assessments.
- It should provide actionable insights and recommendations for treatment within 2 minutes of input data.
- The tool must be user-friendly, requiring no more than 3 steps to complete the assessment.

Test Outline:
- Conduct a series of assessments using the tool and compare the results against expert evaluations to verify accuracy.
- Measure the time taken from data input to receiving treatment recommendations to ensure it meets the 2-minute requirement.
- Evaluate the user interface with healthcare providers to confirm that the assessment process is completed in 3 steps or fewer.","most (ISO 29148)
effective (ISO 29148)
it (ISO 29148)
that (ISO 29148)
effective (NASA ARM)
can (NASA ARM)
more (NASA ARM)",3,4,1.0,3,4,1.0,4,5,1.0,3,5,2.0,4,5,1.0,2,5,3.0,3,5,2.0,—
A2US8Ge,"As a developer of wearable technology for children, I want to integrate machine learning models for aggression detection into my devices to provide parents and educators with additional insights into children's behavior.","User Story:
As a developer of wearable technology for children, I want to implement machine learning algorithms for detecting aggressive behavior in my devices so that parents and educators can gain actionable insights into children's emotional well-being and behavioral patterns.

Acceptance Criteria:
- Achieve an accuracy rate of at least 85% in detecting instances of aggression through the machine learning model.
- Provide real-time alerts to parents and educators within 2 seconds of detecting aggressive behavior.
- Generate a weekly report summarizing detected behaviors, including frequency and context, to help track behavioral trends over time.

Test Outline:
- Validate the machine learning model's accuracy by comparing its predictions against a labeled dataset of children's behaviors.
- Monitor the system's response time to ensure alerts are sent within the specified 2-second window.
- Review the generated weekly reports for completeness and relevance, ensuring they include all necessary behavioral insights.","that (ISO 29148)
all (ISO 29148)
can (NASA ARM)",3,4,1.0,3,4,1.0,3,5,2.0,2,5,3.0,3,5,2.0,2,5,3.0,3,5,2.0,—
A2US9Ge,"As a data privacy advocate, I want assurances that any wearable device used for aggression detection collects data securely and protects children's privacy.","User Story:
As a data privacy advocate, I want to ensure that any wearable device designed for aggression detection implements robust data security measures and prioritizes the protection of children's privacy, so that parents and guardians can trust the technology.

Acceptance Criteria:
- The device must utilize end-to-end encryption for all data collected to prevent unauthorized access.
- A clear privacy policy must be provided, detailing how data is collected, stored, and used, with explicit consent required from parents or guardians.
- Regular security audits must be conducted, with results made publicly available to demonstrate compliance with data protection standards.

Test Outline:
- Verify that all data transmitted by the device is encrypted and assess the effectiveness of the encryption methods used.
- Review the privacy policy to ensure it meets legal requirements and includes comprehensive information on data handling practices.
- Check for documentation of security audits and assess whether they are conducted at least annually, along with the transparency of the findings.","robust (ISO 29148)
it (ISO 29148)
that (ISO 29148)
all (ISO 29148)
can (NASA ARM)",2,4,2.0,2,4,2.0,2,5,3.0,2,5,3.0,4,5,1.0,1,5,4.0,2,5,3.0,—
A2US10Ge,"As a policymaker, I want to explore the potential of wearable-based aggression detection for early intervention programs and violence prevention initiatives in schools and childcare settings.","User Story:
As a policymaker, I want to investigate the feasibility of utilizing wearable technology for detecting aggressive behavior, so that we can implement early intervention programs and enhance violence prevention strategies in educational and childcare environments.

Acceptance Criteria:
- Conduct a comprehensive analysis of at least 3 wearable devices capable of detecting aggression, including their accuracy rates and user feedback.
- Develop a pilot program proposal that outlines the integration of wearable technology in at least 5 schools or childcare facilities.
- Establish measurable outcomes for the pilot program, aiming for a reduction in reported incidents of aggression by at least 20% within the first year.

Test Outline:
- Review and compare the performance data of the selected wearable devices to assess their effectiveness in aggression detection.
- Present the pilot program proposal to stakeholders and gather feedback to refine the implementation strategy.
- Monitor and evaluate the pilot program's impact on aggression incidents, collecting data to verify the targeted reduction percentage.","that (ISO 29148)
can (NASA ARM)",2,4,2.0,1,5,4.0,2,5,3.0,2,5,3.0,3,5,2.0,1,5,4.0,2,5,3.0,—
A3US1Ge,"As a social media platform developer, I want a system that can detect aggressive content on my platform in real-time so that I can promote a safer and more positive user experience.","User Story:
As a social media platform developer, I want to implement a real-time content detection system for aggressive behavior so that I can enhance user safety and foster a more positive community environment.

Acceptance Criteria:
- The system must identify and flag at least 90% of aggressive content within 2 seconds of posting.
- Provide a detailed report of detected aggressive content, including the type and frequency, at least once every hour.
- Ensure that user reports of aggressive content are processed and addressed within 5 minutes.

Test Outline:
- Conduct tests to measure the accuracy and speed of the content detection system against a dataset of known aggressive posts.
- Review the reporting functionality to confirm that it generates accurate and timely reports on flagged content.
- Simulate user reports and track the response time to ensure compliance with the 5-minute resolution target.","it (ISO 29148)
that (ISO 29148)
every (ISO 29148)
timely (NASA ARM)
can (NASA ARM)
more (NASA ARM)",3,4,1.0,3,4,1.0,4,5,1.0,3,5,2.0,3,5,2.0,2,5,3.0,3,5,2.0,—
A3US2Ge,"As a content moderator, I want a tool that identifies potentially aggressive tweets with high accuracy so that I can prioritize them for review and take appropriate action.","User Story:
As a content moderator, I want an advanced tool that accurately detects potentially aggressive tweets with a precision rate of at least 90% so that I can efficiently prioritize these tweets for review and implement necessary actions promptly.

Acceptance Criteria:
- The tool must achieve a detection accuracy of 90% or higher for identifying aggressive tweets.
- It should provide a prioritized list of flagged tweets within 2 minutes of submission for review.
- The system must allow moderators to take action (e.g., flag, delete, or escalate) on at least 95% of the identified tweets directly from the interface.

Test Outline:
- Evaluate the tool's performance by comparing its flagged tweets against a manually curated list to confirm the accuracy rate.
- Measure the time taken from tweet submission to the generation of the prioritized list to ensure it meets the 2-minute requirement.
- Test the action functionality by attempting to flag or delete identified tweets and verify that the actions are successfully executed.","it (ISO 29148)
that (ISO 29148)
these (ISO 29148)
can (NASA ARM)",3,4,1.0,3,4,1.0,4,5,1.0,3,5,2.0,4,5,1.0,2,5,3.0,3,5,2.0,—
A3US3Ge,"As a researcher studying online behavior, I want access to a system that detects aggression on Twitter in real-time so that I can analyze trends and patterns in online discourse.","User Story:
As a researcher studying online behavior, I want to utilize a real-time system that identifies aggressive interactions on Twitter so that I can effectively analyze trends and patterns in online discourse, contributing to a deeper understanding of social dynamics.

Acceptance Criteria:
- The system must detect and categorize aggressive tweets with at least 90% accuracy in real-time.
- Provide analysis reports on aggression trends at least once every hour.
- Enable filtering options to analyze specific time frames or user demographics.

Test Outline:
- Validate the accuracy of aggression detection by comparing system outputs against a manually curated dataset.
- Monitor the frequency and timeliness of the analysis reports generated by the system.
- Test the filtering functionality by applying various criteria and ensuring the results align with expectations.","that (ISO 29148)
every (ISO 29148)
can (NASA ARM)",3,4,1.0,3,4,1.0,4,5,1.0,3,5,2.0,3,5,2.0,2,5,3.0,3,5,2.0,—
A3US4Ge,"As a user who has been targeted by online aggression, I want a platform that can flag aggressive messages so that I can avoid them and report the abuse.","User Story:
As a user who has been targeted by online aggression, I want a platform that automatically identifies and flags aggressive messages so that I can effectively avoid harmful content and report abusive behavior to maintain a safe online environment.

Acceptance Criteria:
- Implement a system that flags at least 90% of aggressive messages based on predefined criteria.
- Provide users with the ability to report flagged messages within 2 clicks.
- Ensure that users receive feedback on the status of their reports within 24 hours.

Test Outline:
- Test the flagging system by sending various aggressive messages and measuring the percentage of messages correctly identified.
- Verify the reporting process by tracking the number of clicks required to report a flagged message.
- Monitor the response time for user feedback on reported messages to ensure it meets the 24-hour requirement.","it (ISO 29148)
that (ISO 29148)
can (NASA ARM)",3,4,1.0,3,5,2.0,4,5,1.0,3,5,2.0,4,5,1.0,2,5,3.0,3,5,2.0,—
A3US5Ge,"As a mental health professional, I want to identify individuals who exhibit aggressive behavior online so that I can offer them support and resources.","User Story:
As a mental health professional, I want to detect individuals displaying aggressive behavior on online platforms so that I can proactively provide them with appropriate support and resources to improve their mental well-being.

Acceptance Criteria:
- Implement a monitoring system that flags at least 90% of posts containing aggressive language or behavior.
- Ensure that identified individuals receive a follow-up message offering support within 24 hours of detection.
- Track the engagement rate of users who receive support, aiming for at least a 30% response rate to the resources provided.

Test Outline:
- Review the monitoring system's accuracy by analyzing flagged posts and confirming the percentage of correctly identified aggressive behaviors.
- Check the response time for follow-up messages to ensure they are sent within the 24-hour window.
- Measure the engagement rate by tracking responses to the support resources sent to the identified individuals.","that (ISO 29148)
appropriate (ISO 29148)
can (NASA ARM)",3,4,1.0,3,4,1.0,4,5,1.0,3,5,2.0,4,5,1.0,2,5,3.0,3,5,2.0,—
A3US6Ge,"As a brand manager, I want a system that can detect aggressive mentions of my brand on Twitter so that I can address any negativity and protect our reputation.","User Story:
As a brand manager, I want an advanced monitoring system that identifies aggressive or negative mentions of my brand on Twitter in real-time so that I can promptly address any issues and safeguard our brand reputation.

Acceptance Criteria:
- The system must detect and flag at least 90% of aggressive mentions within 5 minutes of posting.
- Provide a daily summary report of flagged mentions, including sentiment analysis, with a minimum of 10 actionable insights.
- Enable direct response capabilities to engage with users who post negative comments within 10 minutes of detection.

Test Outline:
- Test the system's ability to identify aggressive mentions by comparing flagged posts against a manually curated list of known negative comments.
- Review the daily summary report for accuracy and the number of actionable insights provided.
- Simulate a negative mention and measure the response time to ensure it meets the 10-minute engagement criterion.","it (ISO 29148)
that (ISO 29148)
can (NASA ARM)",3,4,1.0,3,4,1.0,4,5,1.0,3,5,2.0,4,5,1.0,2,5,3.0,3,5,2.0,—
A3US7Ge,"As a journalist, I want a tool that helps me identify potential sources of misinformation and disinformation that are spread through aggressive online behavior.","User Story:
As a journalist, I want an advanced tool that enables me to detect and analyze potential sources of misinformation and disinformation propagated through aggressive online behavior, so that I can ensure the accuracy of my reporting and protect the integrity of information.

Acceptance Criteria:
- The tool must identify at least 90% of flagged misinformation sources based on a predefined set of criteria.
- It should provide a detailed report on aggressive online behavior patterns within 2 minutes of analysis.
- The tool must allow for the tracking of misinformation trends over time, with updates at least once a week.

Test Outline:
- Conduct tests to verify that the tool accurately flags misinformation sources and meets the 90% identification rate.
- Measure the time taken for the tool to generate reports on aggressive online behavior to ensure it meets the 2-minute requirement.
- Review the trend tracking feature to confirm it updates weekly and provides actionable insights.","it (ISO 29148)
that (ISO 29148)
can (NASA ARM)",2,4,2.0,2,4,2.0,2,5,3.0,2,5,3.0,4,5,1.0,2,5,3.0,2,5,3.0,—
A3US8Ge,"As a law enforcement officer, I want a system that can detect real-time threats of violence or harm made on social media so that I can intervene and prevent potential crimes.","User Story:
As a law enforcement officer, I want an advanced system that identifies and analyzes real-time threats of violence or harm expressed on social media platforms so that I can proactively intervene and mitigate potential criminal activities.

Acceptance Criteria:
- The system must analyze social media posts and flag at least 90% of relevant threats within 5 minutes of their occurrence.
- Provide a user-friendly dashboard that displays flagged threats with actionable insights, updated in real-time.
- Ensure that the system integrates with existing law enforcement databases to facilitate immediate response actions for at least 80% of identified threats.

Test Outline:
- Conduct tests to measure the system's accuracy in detecting threats and the time taken to flag them.
- Review the dashboard functionality to ensure it displays flagged threats and insights effectively.
- Verify the integration with law enforcement databases by tracking response actions taken on flagged threats.","it (ISO 29148)
that (ISO 29148)
can (NASA ARM)",2,4,2.0,1,4,3.0,2,5,3.0,2,5,3.0,2,5,3.0,1,5,4.0,2,5,3.0,—
A3US9Ge,"As a developer, I want access to the underlying machine learning model and its training data so that I can integrate this real-time aggression detection framework into other applications.","User Story:
As a developer, I want to obtain access to the core machine learning model and its associated training data so that I can effectively integrate the real-time aggression detection framework into various applications, enhancing their functionality and responsiveness.

Acceptance Criteria:
- Ensure that the machine learning model is accessible via a secure API endpoint for integration purposes.
- Provide comprehensive documentation detailing the model's architecture, training data sources, and usage guidelines.
- Confirm that the training data is available in a structured format, allowing for easy manipulation and analysis.

Test Outline:
- Test the API endpoint to verify that the machine learning model can be accessed without errors.
- Review the documentation for completeness and clarity, ensuring it covers all necessary aspects for integration.
- Validate the format and structure of the training data to ensure it meets the specified requirements for usability.","easy (ISO 29148)
secure (ISO 29148)
it (ISO 29148)
that (ISO 29148)
all (ISO 29148)
can (NASA ARM)",2,4,2.0,2,4,2.0,3,5,2.0,2,5,3.0,4,5,1.0,2,5,3.0,3,5,2.0,—
A3US10Ge,"As a person concerned about online harassment, I want a browser extension or mobile app that filters out potentially aggressive content from my social media feeds so that I can curate a more positive online experience.","User Story:
As a person concerned about online harassment, I want a browser extension or mobile application that effectively filters out potentially aggressive content from my social media feeds so that I can create a more positive and supportive online environment.

Acceptance Criteria:
- The extension/app must successfully identify and filter out at least 90% of aggressive or harmful content based on user-defined keywords and phrases.
- Users should be able to customize their filtering settings, allowing for at least 5 different categories of content to be blocked.
- The solution should provide a summary report of filtered content, showing the number of posts hidden and the types of content removed on a weekly basis.

Test Outline:
- Test the filtering capability by inputting known aggressive content and verifying that it is successfully blocked.
- Check the customization options to ensure users can select and modify at least 5 categories for filtering.
- Review the summary report feature to confirm it accurately reflects the number of posts filtered and the categories of content removed.","it (ISO 29148)
that (ISO 29148)
be able to (NASA ARM)
can (NASA ARM)
more (NASA ARM)",4,4,0.0,3,4,1.0,4,5,1.0,3,5,2.0,3,5,2.0,2,5,3.0,3,5,2.0,—
A4US1Ge,"As a military leader, I want to leverage AI for improved situational awareness and faster decision-making on the battlefield to gain a tactical advantage.","User Story:
As a military leader, I want to utilize artificial intelligence to enhance situational awareness and accelerate decision-making processes on the battlefield, enabling us to achieve a significant tactical advantage over adversaries.

Acceptance Criteria:
- Implement AI systems that can analyze real-time data from at least 5 different sources to provide comprehensive situational insights.
- Reduce the average decision-making time from 10 minutes to 3 minutes or less through AI-driven recommendations.
- Ensure that AI-generated reports are accessible to all command levels within 30 seconds of data collection.

Test Outline:
- Evaluate the AI system's ability to integrate and analyze data from multiple sources by conducting a series of simulated scenarios.
- Measure the time taken for decision-making before and after AI implementation to confirm the reduction in time.
- Test the speed of report generation and distribution to verify that it meets the 30-second requirement.","it (ISO 29148)
that (ISO 29148)
significant (ISO 29148)
all (ISO 29148)
can (NASA ARM)
less (NASA ARM)",2,4,2.0,1,4,3.0,2,4,2.0,2,5,3.0,3,5,2.0,1,5,4.0,2,4,2.0,—
A4US2Ge,"As a cybersecurity expert, I want AI tools that can detect and respond to cyberattacks in real-time, protecting critical infrastructure and national security information.","User Story:
As a cybersecurity expert, I want to implement AI-driven tools that can identify and mitigate cyberattacks in real-time, ensuring the protection of critical infrastructure and safeguarding national security data.

Acceptance Criteria:
- Achieve a detection rate of at least 95% for known cyber threats within the first 5 minutes of an attack.
- Ensure that the response time to neutralize threats is reduced to under 10 seconds for critical incidents.
- Maintain a false positive rate of less than 2% to minimize unnecessary alerts and focus on genuine threats.

Test Outline:
- Conduct simulated cyberattacks to evaluate the AI tools' detection capabilities and confirm they meet the 95% detection rate.
- Measure the time taken from detection to response for various attack scenarios to ensure it meets the 10-second threshold.
- Analyze the logs of alerts generated by the system to verify that the false positive rate remains below 2%.","it (ISO 29148)
that (ISO 29148)
can (NASA ARM)
less (NASA ARM)",2,4,2.0,2,4,2.0,2,4,2.0,2,5,3.0,3,5,2.0,1,5,4.0,2,4,2.0,—
A4US3Ge,"As an intelligence analyst, I want AI to help me analyze vast amounts of data and identify potential threats and emerging conflicts before they escalate.","User Story:
As an intelligence analyst, I want to leverage AI technology to efficiently process and analyze large datasets so that I can proactively identify potential threats and emerging conflicts, thereby preventing escalation and enhancing national security.

Acceptance Criteria:
- The AI system must analyze at least 1 million data points within a 30-minute timeframe.
- It should provide a threat assessment report with a minimum of 5 actionable insights for each identified risk.
- The system must demonstrate a detection accuracy of 90% or higher for potential threats based on historical data.

Test Outline:
- Conduct a performance test to measure the time taken by the AI to analyze the specified volume of data.
- Review the generated threat assessment reports to ensure they contain the required number of actionable insights.
- Validate the accuracy of the AI's threat detection by comparing its findings against known historical incidents.","it (ISO 29148)
that (ISO 29148)
can (NASA ARM)",2,4,2.0,1,4,3.0,1,4,3.0,2,5,3.0,3,5,2.0,1,5,4.0,2,4,2.0,—
A4US4Ge,"As a diplomat working on crisis management, I want AI to assist in simulating different scenarios and predicting potential outcomes of international negotiations.","User Story:
As a diplomat working on crisis management, I want to leverage AI technology to simulate various negotiation scenarios and forecast potential outcomes, enabling me to make informed decisions that enhance diplomatic effectiveness.

Acceptance Criteria:
- The AI must generate at least 5 distinct negotiation scenarios based on current geopolitical data.
- Each scenario should include a prediction of at least 3 potential outcomes with associated probabilities (≥70% accuracy).
- The system should provide actionable insights and recommendations for each scenario to guide negotiation strategies.

Test Outline:
- Validate that the AI can produce multiple negotiation scenarios by reviewing the generated outputs for diversity and relevance.
- Assess the accuracy of the predicted outcomes by comparing them against historical negotiation data to ensure a minimum accuracy threshold.
- Review the actionable insights provided by the AI to confirm they are practical and applicable to real-world negotiation contexts.","that (ISO 29148)
can (NASA ARM)",3,4,1.0,3,4,1.0,3,4,1.0,3,5,2.0,4,5,1.0,2,5,3.0,3,4,1.0,—
A4US5Ge,"As a peacekeeper deployed to a conflict zone, I want AI-powered systems that can translate languages in real-time and help me build trust with local communities.","User Story:
As a peacekeeper deployed to a conflict zone, I want access to AI-driven translation systems that provide real-time language translation so that I can effectively communicate and foster trust with local communities, enhancing collaboration and peacebuilding efforts.

Acceptance Criteria:
- The AI translation system must support at least 5 different local languages with a translation accuracy of 90% or higher.
- Real-time translation should occur with a latency of 2 seconds or less to facilitate smooth conversations.
- The system should allow for at least 100 interactions per hour without degradation in performance.

Test Outline:
- Test the translation accuracy by conducting conversations in each supported language and measuring the correctness of translations.
- Measure the latency of the translation system during live interactions to ensure it meets the 2-second requirement.
- Monitor the system's performance during high-volume interactions to confirm it can handle 100 interactions per hour without issues.","it (ISO 29148)
that (ISO 29148)
can (NASA ARM)
less (NASA ARM)",3,4,1.0,3,4,1.0,3,5,2.0,2,5,3.0,4,5,1.0,2,5,3.0,3,5,2.0,—
A4US6Ge,"As a non-proliferation expert, I want AI to analyze data on weapons development and identify potential threats of nuclear or biological weapons proliferation.","User Story:
As a non-proliferation expert, I want an AI system to systematically analyze data related to weapons development so that I can accurately identify and assess potential threats associated with the proliferation of nuclear or biological weapons.

Acceptance Criteria:
- The AI must process and analyze at least 95% of relevant data sources within a 24-hour period.
- The system should generate a threat assessment report that highlights at least 3 potential proliferation risks based on the analysis.
- The AI should provide actionable insights with a confidence level of 85% or higher regarding identified threats.

Test Outline:
- Validate the AI's data processing capabilities by measuring the percentage of data sources analyzed within the specified timeframe.
- Review the generated threat assessment report to ensure it identifies the required number of potential risks.
- Assess the accuracy of the AI's insights by comparing them against expert evaluations to confirm the stated confidence level.","it (ISO 29148)
that (ISO 29148)
can (NASA ARM)",3,4,1.0,3,4,1.0,3,5,2.0,2,5,3.0,4,5,1.0,2,5,3.0,3,5,2.0,—
A4US7Ge,"As a defense contractor, I want to develop AI-powered weapons systems that operate with high precision and minimize civilian casualties.","User Story:
As a defense contractor, I want to create advanced AI-driven weapon systems that achieve operational accuracy of 95% or higher while ensuring that civilian casualties are reduced to less than 1% in conflict zones.

Acceptance Criteria:
- Demonstrate that the AI systems can identify and engage targets with a precision rate of at least 95%.
- Implement safety protocols that limit civilian casualties to below 1% during operational testing.
- Conduct thorough simulations and real-world tests to validate the effectiveness and safety of the AI systems.

Test Outline:
- Analyze the targeting accuracy of the AI systems through controlled testing scenarios to confirm the precision rate.
- Review incident reports and data from operational tests to ensure civilian casualty rates remain below the established threshold.
- Evaluate the performance of the AI systems in various environments to assess their reliability and adherence to safety standards.","that (ISO 29148)
can (NASA ARM)
less (NASA ARM)",2,4,2.0,1,4,3.0,1,4,3.0,2,5,3.0,3,5,2.0,1,5,4.0,2,4,2.0,—
A4US8Ge,"As a human rights advocate, I want international regulations and ethical guidelines established to prevent the misuse of AI in warfare and ensure accountability for its actions.","User Story:
As a human rights advocate, I want to establish comprehensive international regulations and ethical guidelines to prevent the misuse of artificial intelligence in military operations, ensuring accountability and transparency for all AI-driven actions.

Acceptance Criteria:
- Develop a draft of international regulations that addresses AI usage in warfare, with input from at least 10 countries and 5 human rights organizations.
- Create a framework for ethical guidelines that includes specific accountability measures for AI actions, to be reviewed and approved by a global coalition within 12 months.
- Conduct a public awareness campaign to educate stakeholders on the implications of AI in warfare, aiming to reach at least 100,000 individuals within the first year.

Test Outline:
- Review the draft regulations and ethical guidelines for compliance with international standards and stakeholder feedback.
- Monitor the approval process of the guidelines by the global coalition to ensure timely completion.
- Assess the reach and impact of the public awareness campaign through surveys and engagement metrics.","that (ISO 29148)
all (ISO 29148)
timely (NASA ARM)",2,2,0.0,1,4,3.0,2,2,0.0,2,4,2.0,3,3,0.0,1,4,3.0,2,3,1.0,—
A4US9Ge,"As a citizen concerned about national security, I want transparency from governments regarding the use of AI in military applications to ensure public trust.","User Story:
As a citizen concerned about national security, I want clear and accessible information from government entities about the deployment of artificial intelligence in military operations so that I can foster public trust and ensure accountability in these critical areas.

Acceptance Criteria:
- Government agencies must publish detailed reports on AI military applications at least biannually.
- Establish a public forum for citizen feedback and inquiries regarding AI use in defense, with responses provided within 30 days.
- Ensure that 90% of citizens surveyed express confidence in the transparency of AI military applications following the implementation of these measures.

Test Outline:
- Review the published reports to confirm they meet the required frequency and detail.
- Monitor the public forum for citizen engagement and track response times to inquiries.
- Conduct surveys before and after the transparency initiatives to measure changes in public confidence.","that (ISO 29148)
these (ISO 29148)
can (NASA ARM)",3,4,1.0,2,4,2.0,2,5,3.0,2,5,3.0,3,5,2.0,1,5,4.0,2,5,3.0,—
A4US10Ge,"As a researcher in international security, I want to collaborate with policymakers and military leaders to develop a framework for responsible and cooperative development of AI for international security purposes.","User Story:
As a researcher in international security, I want to engage in collaborative efforts with policymakers and military leaders to establish a comprehensive framework that promotes the responsible and cooperative advancement of artificial intelligence for enhancing international security.

Acceptance Criteria:
- Conduct at least 3 collaborative workshops with policymakers and military leaders to gather insights and feedback on AI development.
- Develop a draft framework document that outlines key principles and guidelines for responsible AI use in international security by the end of Q2.
- Achieve consensus from at least 75% of stakeholders on the proposed framework to ensure broad support and implementation.

Test Outline:
- Review workshop agendas and participant feedback to assess the effectiveness of collaboration.
- Evaluate the draft framework document for completeness and alignment with stakeholder input.
- Survey stakeholders to measure their agreement with the framework and identify areas for further refinement.",that (ISO 29148),2,4,2.0,1,5,4.0,2,4,2.0,2,5,3.0,3,5,2.0,1,5,4.0,2,5,3.0,—
A5US1Ge,"As a healthcare staff member, I want to efficiently deliver items using the robot to reduce my workload and improve patient care.","User Story:
As a healthcare staff member, I want to utilize a delivery robot to streamline the transportation of items within the facility so that I can significantly reduce my workload by at least 30% and enhance the quality of patient care.

Acceptance Criteria:
- The robot must successfully deliver items within a maximum time frame of 10 minutes for 90% of requests.
- Staff workload should decrease by at least 30% as measured by the number of manual deliveries performed weekly.
- Patient satisfaction scores should improve by at least 15% as a result of faster item delivery.

Test Outline:
- Track and analyze the delivery times of the robot to ensure it meets the 10-minute target for 90% of deliveries.
- Compare the number of manual deliveries before and after the robot's implementation to confirm a 30% reduction in workload.
- Conduct patient satisfaction surveys to measure the improvement in scores following the introduction of the delivery robot.","it (ISO 29148)
that (ISO 29148)
faster (ISO 29148)
can (NASA ARM)",3,4,1.0,3,4,1.0,3,5,2.0,3,5,2.0,4,5,1.0,2,5,3.0,3,5,2.0,—
A5US2Ge,"As a lab technician, I want to easily track the location and status of blood and urine samples using the robot to ensure timely processing.","User Story:
As a lab technician, I want to efficiently monitor the location and status of blood and urine samples through the robotic system so that I can ensure timely processing and minimize delays in laboratory workflows.

Acceptance Criteria:
- The robotic system must provide real-time tracking of sample locations with an accuracy of 95% or higher.
- Status updates for each sample should be available within 2 minutes of any change in condition.
- The system should allow for at least 10 simultaneous sample tracking operations without performance degradation.

Test Outline:
- Validate the accuracy of the robotic system's location tracking by cross-referencing with physical sample placements.
- Monitor the time taken for status updates to ensure they are delivered within the specified 2-minute window.
- Test the system's performance by initiating tracking for 10 samples at once and assessing response times and functionality.","that (ISO 29148)
timely (NASA ARM)
can (NASA ARM)",3,4,1.0,3,4,1.0,3,5,2.0,3,5,2.0,4,5,1.0,2,5,3.0,3,5,2.0,—
A5US3Ge,"As a nurse, I want to request and receive deliveries from the robot to optimize my time and improve patient care.","User Story:
As a nurse, I want to efficiently request and receive deliveries from the robotic assistant so that I can maximize my time management and enhance the quality of care provided to my patients.

Acceptance Criteria:
- Successfully submit a delivery request to the robot within 2 minutes of initiating the process.
- Receive the requested items from the robot within 5 minutes of the request submission.
- Ensure that at least 90% of delivery requests are fulfilled accurately without errors.

Test Outline:
- Track the time taken from the moment a delivery request is submitted to when it is received to confirm it meets the time criteria.
- Verify the accuracy of the items delivered by cross-referencing with the original request.
- Monitor the percentage of successful deliveries over a defined period to ensure it meets the accuracy threshold.","it (ISO 29148)
that (ISO 29148)
can (NASA ARM)",3,4,1.0,3,4,1.0,3,5,2.0,2,5,3.0,4,5,1.0,2,5,3.0,3,5,2.0,—
A5US4Ge,"As a kitchen staff member, I want to schedule and manage meal deliveries using the robot to streamline kitchen operations.","User Story:
As a kitchen staff member, I want to efficiently schedule and oversee meal deliveries utilizing the robot, so that I can optimize kitchen operations and enhance service speed.

Acceptance Criteria:
- The system must allow scheduling of meal deliveries with at least a 30-minute lead time.
- The robot should successfully complete 95% of scheduled deliveries within the designated time frame.
- Staff should be able to manage and adjust delivery schedules in real-time with updates reflected within 2 minutes.

Test Outline:
- Test the scheduling feature to ensure it accepts delivery requests with the required lead time.
- Monitor the robot's delivery performance to confirm it meets the 95% success rate for timely deliveries.
- Evaluate the real-time management functionality by making schedule adjustments and checking for prompt updates.","it (ISO 29148)
that (ISO 29148)
be able to (NASA ARM)
timely (NASA ARM)
can (NASA ARM)",2,4,2.0,2,4,2.0,2,5,3.0,2,5,3.0,4,5,1.0,2,5,3.0,2,5,3.0,—
A5US5Ge,"As a patient, I want to receive my meals promptly and accurately delivered by the robot to enhance my hospital stay.","User Story:
As a patient, I want to have my meals delivered accurately and on time by a robot so that I can enjoy a more comfortable and efficient hospital experience.

Acceptance Criteria:
- Ensure that 95% of meal deliveries occur within a 15-minute window of the scheduled time.
- Achieve an accuracy rate of 98% for meal orders delivered to patients.
- Provide a feedback mechanism for patients to rate their meal delivery experience, with a target of ≥80% satisfaction.

Test Outline:
- Track and analyze the delivery times of meals to confirm that 95% meet the 15-minute requirement.
- Review order accuracy by cross-referencing delivered meals with patient orders to ensure the 98% accuracy target is met.
- Collect and evaluate patient feedback on meal delivery satisfaction to ensure the ≥80% satisfaction goal is achieved.","efficient (ISO 29148)
that (ISO 29148)
can (NASA ARM)
more (NASA ARM)",3,4,1.0,3,5,2.0,3,5,2.0,3,5,2.0,4,5,1.0,2,5,3.0,3,5,2.0,—
A5US6Ge,"As a resident, I want to have a positive and easy-to-use experience interacting with the delivery robot.","User Story:
As a resident, I want to enjoy a seamless and user-friendly experience when interacting with the delivery robot so that I can receive my deliveries efficiently and with minimal hassle.

Acceptance Criteria:
- The delivery robot must respond to user commands within 2 seconds to ensure quick interaction.
- At least 90% of users should report a satisfaction rating of 4 out of 5 or higher regarding their experience with the robot.
- The robot should successfully complete deliveries without errors in 95% of cases.

Test Outline:
- Measure the response time of the delivery robot to user commands to confirm it meets the 2-second requirement.
- Conduct a user satisfaction survey to assess the experience and ensure that at least 90% of respondents rate it positively.
- Track the success rate of deliveries completed by the robot to verify that it meets the 95% accuracy target.","it (ISO 29148)
that (ISO 29148)
minimal (ISO 29148)
can (NASA ARM)",2,4,2.0,2,4,2.0,2,5,3.0,2,5,3.0,3,5,2.0,2,5,3.0,2,5,3.0,—
A5US7Ge,"As a facility manager, I want to monitor the robot's performance and utilization to optimize its effectiveness and identify areas for improvement.","User Story:
As a facility manager, I want to track and analyze the robot's performance and utilization metrics so that I can enhance its operational efficiency and pinpoint specific areas for improvement.

Acceptance Criteria:
- Collect and report on at least 5 key performance indicators (KPIs) related to the robot's operation, such as uptime, task completion rate, and energy consumption.
- Achieve a utilization rate of ≥85% during operational hours to ensure optimal deployment of resources.
- Identify and document at least 3 actionable insights or improvement opportunities based on performance data analysis each month.

Test Outline:
- Review the performance dashboard to ensure all 5 KPIs are being tracked and reported accurately.
- Analyze utilization data to confirm that the robot's operational rate meets or exceeds the 85% threshold.
- Conduct monthly performance reviews to assess the identification of actionable insights and improvements.","that (ISO 29148)
all (ISO 29148)
can (NASA ARM)",3,4,1.0,3,4,1.0,3,5,2.0,2,5,3.0,4,5,1.0,2,5,3.0,3,5,2.0,—
A5US8Ge,"As a facility manager, I want to ensure the robot operates safely and securely within the facility.","User Story:
As a facility manager, I want to implement safety and security protocols for the robot's operation within the facility so that I can minimize risks and ensure a safe working environment for all personnel.

Acceptance Criteria:
- Conduct a comprehensive safety assessment to identify potential hazards associated with the robot's operation, achieving a risk mitigation score of 90% or higher.
- Establish and document security protocols that ensure the robot operates within designated areas, with a compliance rate of 100% during audits.
- Implement real-time monitoring systems that track the robot's movements and status, ensuring alerts are generated for any unauthorized access or operational anomalies within 2 seconds.

Test Outline:
- Review the safety assessment report to confirm that all identified risks have been addressed and the mitigation score meets the target.
- Perform regular audits to verify adherence to the established security protocols and document compliance rates.
- Test the real-time monitoring system by simulating unauthorized access and measuring the response time of alerts to ensure they meet the specified criteria.","that (ISO 29148)
all (ISO 29148)
can (NASA ARM)",2,4,2.0,1,4,3.0,2,5,3.0,2,5,3.0,3,5,2.0,1,5,4.0,2,5,3.0,—
A5US9Ge,"As a facility manager, I want to be able to easily adapt the robot to different areas and tasks within the facility.","User Story:
As a facility manager, I want to efficiently configure the robot for various zones and tasks within the facility so that operational flexibility is maximized and productivity is enhanced.

Acceptance Criteria:
- The robot must support at least 5 different configurations for distinct areas within the facility.
- The adaptation process should take no longer than 10 minutes per configuration change.
- User documentation must be provided to facilitate the setup of at least 3 different tasks with clear step-by-step instructions.

Test Outline:
- Test the robot's ability to switch between configurations and verify that it can be set up for at least 5 different areas.
- Measure the time taken to adapt the robot to a new configuration to ensure it meets the 10-minute requirement.
- Review the user documentation for clarity and completeness in guiding the setup of the specified tasks.","it (ISO 29148)
that (ISO 29148)
can (NASA ARM)",2,4,2.0,2,4,2.0,2,5,3.0,2,5,3.0,4,5,1.0,2,5,3.0,2,5,3.0,—
A5US10Ge,"As the system, I should be able to navigate the facility autonomously and avoid obstacles.","User Story:
As an autonomous system, I want to navigate the facility independently while effectively avoiding obstacles so that I can ensure safe and efficient operations without human intervention.

Acceptance Criteria:
- The system must successfully navigate through the facility with a minimum accuracy rate of 95% in obstacle detection and avoidance.
- The system should complete a designated navigation route within a maximum time limit of 10 minutes.
- The system must log and report any obstacles encountered during navigation, with a detailed summary of avoidance maneuvers taken.

Test Outline:
- Conduct a series of navigation tests to measure the accuracy of obstacle detection and avoidance, ensuring it meets the 95% threshold.
- Time the system's navigation for the designated route to confirm it adheres to the 10-minute limit.
- Review the obstacle encounter logs to verify that all obstacles are documented and avoidance actions are recorded.","efficient (ISO 29148)
it (ISO 29148)
that (ISO 29148)
all (ISO 29148)
can (NASA ARM)",2,4,2.0,1,4,3.0,2,4,2.0,2,5,3.0,4,5,1.0,1,5,4.0,2,4,2.0,—
A6US1Ge,"As a driver using ADAS features, I want the system to anticipate my braking intentions and provide smoother and more natural assistance during forward collision avoidance scenarios.","User Story:
As a driver using ADAS features, I want the system to accurately predict my braking intentions so that I receive seamless and intuitive support during forward collision avoidance situations, enhancing safety and driving comfort.

Acceptance Criteria:
- The system must detect and respond to braking intentions with a reaction time of less than 0.5 seconds.
- Achieve a reduction in abrupt braking events by at least 30% during forward collision scenarios.
- Ensure that the assistance provided maintains a natural driving feel, with user satisfaction ratings of 85% or higher in post-drive surveys.

Test Outline:
- Conduct tests to measure the system's reaction time to braking intentions and confirm it meets the specified threshold.
- Analyze driving data to quantify the reduction in abrupt braking events during forward collision avoidance.
- Gather user feedback through surveys after test drives to assess satisfaction with the naturalness of the assistance provided.","intuitive (ISO 29148)
it (ISO 29148)
that (ISO 29148)
less (NASA ARM)",3,4,1.0,3,4,1.0,3,5,2.0,3,5,2.0,4,5,1.0,2,5,3.0,3,5,2.0,—
A6US2Ge,"As an engineer developing ADAS systems, I want a reliable method to recognize driver intention and driving behavior, allowing for a more personalized and human-like response from the system.","User Story:
As an engineer developing ADAS systems, I want to implement a robust mechanism for accurately identifying driver intentions and behaviors so that the system can provide tailored, human-like responses that enhance safety and user experience.

Acceptance Criteria:
- Achieve at least 90% accuracy in recognizing driver intentions based on real-time data analysis.
- Ensure the system can adapt to at least 5 different driving behaviors, providing appropriate responses for each.
- Reduce response time for system actions to under 1 second after detecting driver behavior.

Test Outline:
- Conduct tests to evaluate the accuracy of intention recognition against a predefined dataset and confirm it meets the 90% threshold.
- Simulate various driving scenarios to assess the system's ability to identify and respond to the 5 specified driving behaviors.
- Measure the time taken for the system to react to detected behaviors and ensure it consistently falls below the 1-second mark.","robust (ISO 29148)
it (ISO 29148)
that (ISO 29148)
appropriate (ISO 29148)
can (NASA ARM)",2,4,2.0,2,4,2.0,2,4,2.0,2,5,3.0,3,5,2.0,1,5,4.0,2,4,2.0,—
A6US3Ge,"As a safety researcher evaluating ADAS performance, I want to understand how driver intention recognition using Gaussian Mixture Models (GMM) can improve the effectiveness of forward collision avoidance (FCA) and autonomous emergency braking (AEB) systems.","User Story:
As a safety researcher evaluating ADAS performance, I want to analyze the impact of driver intention recognition through Gaussian Mixture Models (GMM) so that I can enhance the effectiveness of Forward Collision Avoidance (FCA) and Autonomous Emergency Braking (AEB) systems, ultimately reducing accident rates.

Acceptance Criteria:
- Conduct a comparative analysis demonstrating at least a 20% improvement in FCA and AEB response times when integrating GMM for driver intention recognition.
- Validate the accuracy of driver intention predictions with a minimum precision rate of 85% in real-world scenarios.
- Assess the overall reduction in collision incidents by at least 15% in test environments utilizing the improved systems.

Test Outline:
- Perform controlled tests to measure the response times of FCA and AEB systems with and without GMM integration, documenting the differences.
- Analyze the prediction accuracy of driver intentions using GMM and compare it against established benchmarks.
- Review incident reports and collision data from test environments to quantify the effectiveness of the enhanced systems.","it (ISO 29148)
that (ISO 29148)
improved (ISO 29148)
can (NASA ARM)
improved (NASA ARM)",2,4,2.0,1,4,3.0,2,5,3.0,2,5,3.0,2,5,3.0,1,5,4.0,2,5,3.0,—
A6US4Ge,"As a car manufacturer integrating ADAS features, I want a cost-effective and efficient method for driver intention recognition that can be implemented and optimized for real-time use in various driving scenarios.","User Story:
As a car manufacturer integrating ADAS features, I want to develop a cost-efficient and high-performance solution for recognizing driver intentions so that it can be effectively utilized and fine-tuned for real-time application across diverse driving conditions.

Acceptance Criteria:
- Achieve a recognition accuracy of at least 90% for driver intentions in various scenarios.
- Ensure the system can process data and provide feedback within 200 milliseconds to support real-time decision-making.
- Maintain implementation costs below $500 per vehicle for the driver intention recognition system.

Test Outline:
- Conduct tests to measure the accuracy of driver intention recognition across different driving scenarios and verify it meets the 90% threshold.
- Evaluate the system's response time to confirm it processes inputs and delivers outputs within the 200-millisecond requirement.
- Analyze the overall cost of the system's implementation to ensure it remains under the specified budget per vehicle.","efficient (ISO 29148)
it (ISO 29148)
that (ISO 29148)
can (NASA ARM)",2,4,2.0,2,5,3.0,2,5,3.0,2,5,3.0,2,5,3.0,2,5,3.0,2,5,3.0,—
A6US5Ge,"As a driver concerned about automation dependence, I want clear information and transparency about how the ADAS interprets my driving behavior and when it might intervene.","User Story:
As a driver concerned about automation dependence, I want comprehensive insights and transparency regarding how the Advanced Driver Assistance Systems (ADAS) analyzes my driving patterns and the specific scenarios in which it may take action.

Acceptance Criteria:
- Provide detailed documentation on the algorithms used by ADAS to interpret driving behavior, including at least 3 key metrics it evaluates.
- Ensure that users receive real-time notifications when the system is about to intervene, with a clear explanation of the circumstances prompting the action.
- Implement a user-friendly dashboard that allows drivers to review their driving data and ADAS interactions over the past month.

Test Outline:
- Review the documentation to confirm it includes the specified metrics and is accessible to users.
- Simulate driving scenarios to verify that real-time notifications are triggered appropriately before any ADAS intervention.
- Check the functionality of the dashboard to ensure it accurately displays driving data and ADAS interactions for the specified time frame.","it (ISO 29148)
that (ISO 29148)
may (NASA ARM)",3,4,1.0,3,4,1.0,2,4,2.0,2,5,3.0,4,5,1.0,2,5,3.0,3,4,1.0,—
A6US6Ge,"As a human-factors specialist, I want to ensure that driver intention recognition in ADAS prioritizes human control and reduces the potential for automation over-reliance.","User Story:
As a human-factors specialist, I want to enhance driver intention recognition in Advanced Driver Assistance Systems (ADAS) so that human control is prioritized, minimizing the risk of users becoming overly reliant on automation.

Acceptance Criteria:
- Implement a system that accurately identifies driver intentions with a recognition accuracy of at least 90%.
- Ensure that the system provides timely feedback to the driver within 1 second of detecting an intention.
- Conduct user testing to confirm that at least 80% of participants feel more in control when using the system compared to previous versions.

Test Outline:
- Evaluate the accuracy of the driver intention recognition system through controlled testing scenarios.
- Measure the response time of the system to ensure it meets the 1-second feedback requirement.
- Gather user feedback through surveys to assess their perceived control and reliance on the system.","it (ISO 29148)
that (ISO 29148)
timely (NASA ARM)
more (NASA ARM)",2,5,3.0,2,5,3.0,2,5,3.0,2,5,3.0,3,5,2.0,2,5,3.0,2,5,3.0,—
A6US7Ge,"As a data scientist working with driving data, I want access to tools and techniques like GMM for accurate driver behavior classification and prediction.","User Story:
As a data scientist working with driving data, I want to utilize advanced tools and methodologies, such as Gaussian Mixture Models (GMM), to enhance the accuracy of classifying and predicting driver behavior patterns.

Acceptance Criteria:
- Access to GMM and other relevant statistical tools must be provided within 2 weeks of the request.
- Achieve at least a 15% improvement in classification accuracy of driver behavior compared to previous methods.
- Generate predictive models that can forecast driver behavior with a confidence level of 90% or higher.

Test Outline:
- Verify that the GMM and other tools are accessible and operational within the specified timeframe.
- Compare the classification accuracy of driver behavior before and after implementing GMM to confirm the improvement.
- Evaluate the predictive models against a validation dataset to ensure they meet the required confidence level.","that (ISO 29148)
can (NASA ARM)",2,4,2.0,2,4,2.0,2,4,2.0,2,5,3.0,4,5,1.0,2,5,3.0,2,4,2.0,—
A6US8Ge,"As a participant in ADAS testing, I want to feel comfortable and confident in a safe testing environment while providing valuable data on driver intention and behavior.","User Story:
As a participant in ADAS testing, I want to experience a secure and reassuring testing environment so that I can confidently contribute valuable insights regarding driver intentions and behaviors.

Acceptance Criteria:
- Ensure that all safety protocols are clearly communicated and adhered to, with a satisfaction rating of at least 90% from participants regarding their comfort level.
- Provide a structured feedback mechanism that allows participants to report their experiences, aiming for a minimum of 80% of participants to provide actionable data.
- Conduct pre-test briefings to ensure participants understand the testing process, achieving a comprehension score of 95% or higher in follow-up surveys.

Test Outline:
- Survey participants post-testing to assess their comfort and confidence levels, ensuring the results meet the satisfaction target.
- Analyze the feedback collected to determine the volume and quality of insights provided by participants, confirming the target participation rate.
- Review the effectiveness of pre-test briefings through participant comprehension assessments to validate the understanding of the testing process.","secure (ISO 29148)
that (ISO 29148)
all (ISO 29148)
can (NASA ARM)",2,4,2.0,2,5,3.0,2,5,3.0,2,5,3.0,4,5,1.0,1,5,4.0,2,5,3.0,—
A6US9Ge,"As a regulator overseeing ADAS safety, I want rigorous testing and validation procedures to ensure that driver intention recognition systems are reliable and contribute to overall driving safety.","User Story:
As a regulator overseeing ADAS safety, I want to implement comprehensive testing and validation protocols to guarantee that driver intention recognition systems are dependable, thereby enhancing overall road safety.

Acceptance Criteria:
- Establish a standardized testing framework that evaluates driver intention recognition systems under various real-world scenarios, achieving a minimum reliability score of 95%.
- Conduct validation tests that demonstrate a reduction in false positives and false negatives to less than 2% in driver intention recognition.
- Ensure that all testing procedures are documented and reviewed quarterly to maintain compliance with safety regulations and standards.

Test Outline:
- Review the testing framework and results to confirm that the reliability score meets or exceeds the target.
- Analyze the data from validation tests to verify that the rates of false positives and false negatives are within acceptable limits.
- Audit the documentation and review process to ensure that it is conducted as scheduled and meets regulatory requirements.","it (ISO 29148)
that (ISO 29148)
all (ISO 29148)
less (NASA ARM)",2,4,2.0,2,4,2.0,2,4,2.0,2,5,3.0,3,5,2.0,2,5,3.0,2,4,2.0,—
A6US10Ge,"As a driving instructor, I want educational resources that explain ADAS features and how driver behavior can influence the system's response, promoting responsible use and driver awareness.","User Story:
As a driving instructor, I want comprehensive educational materials that detail Advanced Driver Assistance Systems (ADAS) features and illustrate how driver behavior impacts these systems, fostering responsible usage and enhancing driver awareness.

Acceptance Criteria:
- Provide at least 5 detailed resources that cover various ADAS features and their functionalities.
- Include case studies or examples demonstrating how different driver behaviors can affect ADAS performance.
- Ensure that the materials are accessible and understandable for all levels of drivers, with a feedback mechanism to assess comprehension.

Test Outline:
- Review the educational resources to confirm they cover the required ADAS features and driver behavior influences.
- Conduct a survey with students to evaluate their understanding of the materials and the effectiveness of the examples provided.
- Monitor the implementation of the knowledge in practical driving sessions to assess improvements in responsible driving behavior.","that (ISO 29148)
these (ISO 29148)
all (ISO 29148)
can (NASA ARM)",3,4,1.0,3,5,2.0,2,4,2.0,3,5,2.0,4,5,1.0,2,5,3.0,3,5,2.0,—
A7US1Ge,"As a young person (high school/college student) concerned about my mental health, I want an anonymous and accessible tool that can help me identify potential signs of mental illness.","User Story:
As a young person (high school/college student) concerned about my mental health, I want to access an anonymous and user-friendly tool that can assist me in recognizing potential indicators of mental illness, so that I can take proactive steps towards my well-being.

Acceptance Criteria:
- The tool must allow users to remain completely anonymous while using it.
- It should be accessible on both mobile and desktop platforms, ensuring usability for at least 90% of students.
- The tool must provide a clear assessment of potential mental health signs within 5 minutes of use.

Test Outline:
- Verify that the tool maintains user anonymity throughout the assessment process.
- Test the tool's accessibility on various devices to confirm it works seamlessly on both mobile and desktop.
- Measure the time taken to complete the assessment to ensure it meets the 5-minute requirement.","it (ISO 29148)
that (ISO 29148)
can (NASA ARM)",3,4,1.0,3,4,1.0,2,5,3.0,2,5,3.0,4,5,1.0,2,5,3.0,3,5,2.0,—
A7US2Ge,"As a working professional experiencing stress, I want a user-friendly app that suggests resources and coping mechanisms based on my responses to a mental health screening.","User Story:
As a working professional experiencing stress, I want an intuitive mobile application that provides tailored resources and coping strategies based on my answers to a mental health assessment, so that I can effectively manage my stress levels and improve my overall well-being.

Acceptance Criteria:
- The app must deliver personalized resource suggestions within 2 minutes of completing the mental health screening.
- At least 80% of users should report finding the suggested coping mechanisms helpful in a follow-up survey.
- The app should include a minimum of 10 different resources or strategies for users to choose from based on their screening results.

Test Outline:
- Conduct user testing to measure the time taken from screening completion to resource suggestion delivery.
- Implement a follow-up survey to assess user satisfaction and the perceived effectiveness of the coping mechanisms provided.
- Review the app's resource database to ensure it contains at least 10 diverse options for users.","intuitive (ISO 29148)
it (ISO 29148)
that (ISO 29148)
can (NASA ARM)",3,4,1.0,3,4,1.0,3,5,2.0,3,5,2.0,4,5,1.0,2,5,3.0,3,5,2.0,—
A7US3Ge,"As a mental health professional, I want access to machine learning models that can support early detection of mental illness and inform better treatment decisions.","User Story:
As a mental health professional, I want to utilize advanced machine learning models that facilitate the early identification of mental health disorders so that I can make more informed treatment decisions and improve patient outcomes.

Acceptance Criteria:
- Access to at least 3 validated machine learning models that demonstrate ≥80% accuracy in early detection of mental illnesses.
- Integration of these models into the existing patient management system within 3 months.
- Provide training sessions for staff to ensure at least 90% of users can effectively utilize the models within 1 month of implementation.

Test Outline:
- Evaluate the accuracy of the machine learning models through clinical trials to confirm they meet the specified accuracy threshold.
- Monitor the integration process to ensure it is completed within the designated timeframe.
- Conduct user feedback sessions to assess the effectiveness of the training and the users' ability to apply the models in practice.","it (ISO 29148)
that (ISO 29148)
these (ISO 29148)
can (NASA ARM)
more (NASA ARM)",2,4,2.0,2,5,3.0,2,5,3.0,2,5,3.0,3,5,2.0,2,5,3.0,2,5,3.0,—
A7US4Ge,"As a parent or guardian concerned about a child's mental well-being, I want age-appropriate resources and clear guidance based on the machine learning prediction.","User Story:
As a parent or guardian concerned about a child's mental well-being, I want access to tailored, age-appropriate resources and explicit guidance derived from machine learning predictions so that I can effectively address and nurture my child's emotional well-being.

Acceptance Criteria:
- Provide a curated list of resources categorized by age group, ensuring relevance for children aged 5-18.
- Deliver clear, actionable guidance based on machine learning insights, with at least 3 specific recommendations for each age category.
- Ensure that resources and guidance are updated quarterly to reflect the latest research and trends in child mental health.

Test Outline:
- Review the resource list to confirm it includes age-specific materials for the designated age groups.
- Evaluate the clarity and applicability of the guidance provided, ensuring it includes measurable outcomes for implementation.
- Check for updates to the resources and guidance to verify they are refreshed at least every three months.","it (ISO 29148)
that (ISO 29148)
appropriate (ISO 29148)
every (ISO 29148)
can (NASA ARM)",3,4,1.0,3,4,1.0,2,5,3.0,2,5,3.0,4,5,1.0,2,5,3.0,3,5,2.0,—
A7US5Ge,"As a data scientist developing the mental health prediction tool, I want access to anonymized data sets and ethical frameworks to ensure responsible development and implementation.","User Story:
As a data scientist developing the mental health prediction tool, I want to obtain access to anonymized datasets and established ethical frameworks so that I can ensure the responsible development and deployment of the tool, prioritizing user privacy and compliance with regulations.

Acceptance Criteria:
- Secure access to at least 3 anonymized datasets relevant to mental health within 2 weeks.
- Obtain a comprehensive ethical framework document that outlines best practices for data usage and user consent.
- Conduct a review of the ethical guidelines with the team to ensure all members understand and commit to responsible practices before development begins.

Test Outline:
- Verify that the requested anonymized datasets are accessible and meet the specified criteria.
- Review the ethical framework document to confirm it includes necessary guidelines for responsible data handling.
- Conduct a team meeting to discuss the ethical guidelines and document attendance to ensure all team members are informed.","best (ISO 29148)
secure (ISO 29148)
it (ISO 29148)
that (ISO 29148)
all (ISO 29148)
can (NASA ARM)
best (NASA ARM)",3,4,1.0,3,4,1.0,3,5,2.0,3,5,2.0,4,5,1.0,2,5,3.0,3,5,2.0,—
A7US6Ge,"As a user of the mental health prediction tool, I want to be informed about the limitations of the tool and understand that it's not a replacement for professional diagnosis.","User Story:
As a user of the mental health prediction tool, I want to receive clear information regarding the tool's limitations so that I can understand that it is not a substitute for professional diagnosis and treatment.

Acceptance Criteria:
- Provide a detailed disclaimer outlining the limitations of the tool, emphasizing that it is not intended for diagnostic purposes.
- Ensure that users can access this information easily within the tool, ideally within 2 clicks from the main interface.
- Include a prompt encouraging users to seek professional help if they have concerns about their mental health.

Test Outline:
- Review the tool's interface to confirm that the disclaimer is prominently displayed and accessible within the specified number of clicks.
- Conduct user testing to ensure that users understand the limitations of the tool and the importance of consulting a professional.","it (ISO 29148)
this (ISO 29148)
that (ISO 29148)
can (NASA ARM)",3,4,1.0,3,4,1.0,3,4,1.0,2,4,2.0,4,4,0.0,2,4,2.0,3,4,1.0,—
A7US7Ge,"As a privacy advocate, I want to be assured that the tool protects user data confidentiality and complies with privacy regulations.","User Story:
As a privacy advocate, I want to ensure that the tool guarantees user data confidentiality and adheres to all relevant privacy regulations so that users can trust the platform with their sensitive information.

Acceptance Criteria:
- Confirm that the tool implements end-to-end encryption for all user data, ensuring that unauthorized access is prevented.
- Validate compliance with major privacy regulations, such as GDPR and CCPA, through regular audits and reports.
- Provide users with clear documentation outlining data handling practices and their rights regarding personal information.

Test Outline:
- Conduct penetration testing to verify the effectiveness of the encryption measures in place.
- Review compliance audit reports to ensure adherence to privacy regulations and identify any areas for improvement.
- Assess user documentation for clarity and completeness regarding data privacy practices and user rights.","that (ISO 29148)
all (ISO 29148)
can (NASA ARM)",2,4,2.0,1,4,3.0,2,5,3.0,2,5,3.0,4,5,1.0,1,5,4.0,2,5,3.0,—
A7US8Ge,"As a public health official, I want to understand the potential impact of machine learning tools on mental health awareness and access to resources in the community.","User Story:
As a public health official, I want to analyze the effects of machine learning tools on enhancing mental health awareness and improving access to community resources so that I can implement data-driven strategies that effectively address mental health needs.

Acceptance Criteria:
- Conduct a comprehensive study to quantify the increase in mental health awareness in the community by at least 30% within 6 months of implementing machine learning tools.
- Measure the improvement in access to mental health resources, aiming for a 25% increase in resource utilization by community members within the same timeframe.
- Gather feedback from at least 100 community members to assess their perception of the effectiveness of machine learning tools in addressing mental health issues.

Test Outline:
- Analyze pre- and post-implementation survey data to evaluate changes in mental health awareness levels.
- Track resource utilization metrics before and after the introduction of machine learning tools to confirm the targeted increase.
- Review qualitative feedback from community members to gauge their experiences and satisfaction with the new resources.","that (ISO 29148)
can (NASA ARM)",2,4,2.0,2,5,3.0,2,5,3.0,2,5,3.0,3,5,2.0,1,5,4.0,2,5,3.0,—
A7US9Ge,"As a developer of the mobile app for the tool, I want to develop a user-friendly interface that is culturally sensitive and inclusive for diverse target groups.","User Story:
As a developer of the mobile app for the tool, I want to create an intuitive and culturally inclusive user interface so that users from diverse backgrounds can easily navigate and engage with the app, enhancing overall user experience and satisfaction.

Acceptance Criteria:
- Conduct user testing with at least 3 diverse target groups to gather feedback on interface usability and cultural relevance.
- Implement design elements that reflect the cultural preferences of at least 4 different demographic segments.
- Achieve a user satisfaction score of 85% or higher in post-launch surveys regarding the interface's inclusivity and ease of use.

Test Outline:
- Organize and analyze feedback sessions with diverse user groups to identify areas for improvement in the interface.
- Review design choices against cultural guidelines to ensure they resonate with the intended audience.
- Distribute user satisfaction surveys post-launch and evaluate the results to confirm the target score is met.","intuitive (ISO 29148)
that (ISO 29148)
can (NASA ARM)",2,4,2.0,2,5,3.0,2,5,3.0,2,5,3.0,3,5,2.0,2,5,3.0,2,5,3.0,—
A7US10Ge,"As a researcher evaluating the tool, I want transparent reporting on the performance and potential biases of the machine learning algorithms used in mental health prediction.","User Story:
As a researcher evaluating the tool, I want comprehensive and transparent reporting on the performance metrics and potential biases of the machine learning algorithms utilized in mental health predictions so that I can ensure the reliability and fairness of the tool's outcomes.

Acceptance Criteria:
- Provide detailed performance metrics, including accuracy, precision, recall, and F1 score, for each algorithm used in the predictions.
- Include an analysis of potential biases, highlighting any demographic disparities in the algorithm's predictions with specific percentages or ratios.
- Ensure that all reports are accessible and understandable, allowing for independent verification of the findings.

Test Outline:
- Review the performance report to confirm that all specified metrics are included and meet the required standards.
- Analyze the bias assessment to check for documented disparities and ensure they are presented with clear statistical evidence.
- Validate that the reporting format is user-friendly and allows for easy interpretation by researchers and stakeholders.","easy (ISO 29148)
that (ISO 29148)
all (ISO 29148)
can (NASA ARM)",3,4,1.0,3,4,1.0,2,5,3.0,2,5,3.0,4,5,1.0,2,5,3.0,3,5,2.0,—
A8US1Ge,"As a patient wearing a health monitoring device, I want to be alerted of any potential health issues detected by the anomaly detection system.","User Story:
As a patient wearing a health monitoring device, I want to receive timely alerts regarding any potential health anomalies identified by the detection system so that I can take proactive measures to address my health concerns.

Acceptance Criteria:
- The anomaly detection system must accurately identify and alert the patient of any health issues with a detection accuracy of at least 95%.
- Alerts should be delivered to the patient within 2 minutes of an anomaly being detected.
- The system must provide clear, actionable recommendations alongside the alerts to guide the patient on the next steps.

Test Outline:
- Validate the accuracy of the anomaly detection system by comparing its alerts against a control group of health data.
- Monitor the time taken from anomaly detection to alert delivery to ensure it meets the 2-minute requirement.
- Review the content of the alerts to confirm that they include specific recommendations for the patient.","it (ISO 29148)
that (ISO 29148)
timely (NASA ARM)
can (NASA ARM)",4,5,1.0,3,4,1.0,3,5,2.0,3,5,2.0,4,5,1.0,2,5,3.0,3,5,2.0,—
A8US2Ge,"As a caregiver monitoring a patient remotely, I want a clear visualization of the patient's health data with anomalies highlighted for quick intervention.","User Story:
As a caregiver monitoring a patient remotely, I want an intuitive dashboard that visually represents the patient's health data, with any anomalies clearly marked, so that I can quickly identify issues and take timely action to ensure the patient's well-being.

Acceptance Criteria:
- The dashboard must display real-time health data with a user-friendly interface that highlights anomalies in red or another distinct color.
- Anomalies should be flagged within 2 seconds of detection to facilitate immediate intervention.
- The system must provide a summary of health trends over the past week, allowing caregivers to assess changes in the patient's condition.

Test Outline:
- Review the dashboard to ensure that health data is presented clearly and that anomalies are visually distinct.
- Simulate health data changes to confirm that anomalies are flagged within the specified time frame.
- Analyze the summary report for the past week to verify that it accurately reflects the patient's health trends.","intuitive (ISO 29148)
it (ISO 29148)
that (ISO 29148)
timely (NASA ARM)
can (NASA ARM)",4,4,0.0,3,4,1.0,2,5,3.0,2,5,3.0,4,5,1.0,2,5,3.0,3,5,2.0,—
A8US3Ge,"As a healthcare provider using smart health data, I want machine learning algorithms like K-means clustering to detect early-stage anomalies that might indicate potential health problems.","User Story:
As a healthcare provider using smart health data, I want to implement machine learning algorithms, such as K-means clustering, to identify early-stage anomalies in patient data so that I can proactively address potential health issues and improve patient outcomes.

Acceptance Criteria:
- Achieve a minimum detection accuracy of 90% for early-stage anomalies using K-means clustering.
- Reduce the time taken to analyze patient data for anomalies to under 10 seconds per patient.
- Generate actionable insights from detected anomalies within 5 minutes of analysis completion.

Test Outline:
- Validate the accuracy of the K-means clustering algorithm by comparing detected anomalies against a verified dataset.
- Measure the time taken for the algorithm to process and analyze patient data to ensure it meets the time requirement.
- Review the generated insights for clarity and relevance to ensure they are actionable within the specified timeframe.","it (ISO 29148)
that (ISO 29148)
can (NASA ARM)",4,4,0.0,3,4,1.0,3,5,2.0,3,5,2.0,4,5,1.0,2,5,3.0,3,5,2.0,—
A8US4Ge,"As a developer of the anomaly detection system, I want to ensure the system can handle the continuous stream of data generated by wearable devices.","User Story:
As a developer of the anomaly detection system, I want to optimize the system's capacity to process a continuous influx of data from wearable devices so that it can accurately identify anomalies in real-time without data loss.

Acceptance Criteria:
- The system must be capable of processing at least 10,000 data points per second from wearable devices.
- Ensure that the anomaly detection algorithm maintains an accuracy rate of 95% or higher when analyzing the incoming data stream.
- The system should have a latency of no more than 1 second from data ingestion to anomaly detection notification.

Test Outline:
- Conduct stress tests to measure the system's data processing capabilities and confirm it can handle the specified volume of data.
- Evaluate the accuracy of the anomaly detection results against a known dataset to ensure it meets the required accuracy threshold.
- Monitor the time taken from data reception to anomaly detection alert to verify it adheres to the latency requirement.","it (ISO 29148)
that (ISO 29148)
be capable of (NASA ARM)
can (NASA ARM)
more (NASA ARM)",3,5,2.0,2,4,2.0,2,5,3.0,2,5,3.0,4,5,1.0,2,5,3.0,3,5,2.0,—
A8US5Ge,"As a data scientist working with health sensor data, I want tools like K-medoids partitioning to improve the accuracy of anomaly detection in identifying unusual health patterns.","User Story:
As a data scientist working with health sensor data, I want to utilize advanced tools such as K-medoids partitioning to enhance the precision of anomaly detection, thereby enabling the identification of unusual health patterns with greater accuracy.

Acceptance Criteria:
- Implement K-medoids partitioning to achieve at least a 15% increase in the accuracy of anomaly detection compared to previous methods.
- Validate the effectiveness of the tool by successfully identifying at least 10 distinct unusual health patterns within the dataset.
- Ensure that the processing time for anomaly detection does not exceed 30 seconds for datasets of up to 10,000 records.

Test Outline:
- Compare the accuracy metrics of anomaly detection before and after implementing K-medoids to confirm the targeted improvement.
- Review the results to ensure that at least 10 unique health patterns are identified and documented.
- Measure the processing time for anomaly detection on a sample dataset to verify it meets the specified time constraint.","it (ISO 29148)
that (ISO 29148)
greater (NASA ARM)",4,4,0.0,3,4,1.0,3,4,1.0,3,5,2.0,4,5,1.0,2,5,3.0,3,4,1.0,—
A8US6Ge,"As a researcher evaluating the system, I want access to performance metrics comparing the effectiveness of K-means and K-medoids for anomaly detection in healthcare data.","User Story:
As a researcher evaluating the system, I want to obtain detailed performance metrics that compare the effectiveness of K-means and K-medoids algorithms for detecting anomalies in healthcare datasets, so that I can make informed decisions on the most suitable method for my analysis.

Acceptance Criteria:
- Provide a comprehensive report that includes at least 5 key performance indicators (KPIs) such as precision, recall, F1 score, execution time, and clustering accuracy for both algorithms.
- Ensure that the comparison is based on a minimum of 3 distinct healthcare datasets to validate the findings.
- Include visual representations (e.g., graphs or charts) to illustrate the performance differences between K-means and K-medoids.

Test Outline:
- Review the generated report to confirm it contains the required KPIs and datasets.
- Validate the accuracy of the visual representations by cross-referencing them with the underlying data analysis.","most (ISO 29148)
it (ISO 29148)
that (ISO 29148)
can (NASA ARM)",2,4,2.0,2,4,2.0,2,5,3.0,2,5,3.0,4,5,1.0,2,5,3.0,2,5,3.0,—
A8US7Ge,"As a system administrator, I want the anomaly detection system to be secure and patient data to be anonymized to protect privacy.","User Story:
As a system administrator, I want the anomaly detection system to implement robust security measures and ensure that all patient data is anonymized, so that we can protect user privacy and comply with regulatory standards.

Acceptance Criteria:
- All patient data must be anonymized with a minimum of 95% data obfuscation before being processed by the anomaly detection system.
- Security protocols must be established to prevent unauthorized access, achieving a security audit score of at least 90%.
- Regular security assessments should be conducted quarterly to identify and mitigate potential vulnerabilities.

Test Outline:
- Verify that patient data is anonymized by checking the obfuscation percentage before it enters the anomaly detection system.
- Conduct a security audit to assess the system's compliance with established security protocols and confirm the audit score.
- Review the results of quarterly security assessments to ensure vulnerabilities are addressed promptly.","robust (ISO 29148)
it (ISO 29148)
that (ISO 29148)
all (ISO 29148)
can (NASA ARM)",2,4,2.0,2,4,2.0,2,5,3.0,2,5,3.0,4,5,1.0,2,5,3.0,2,5,3.0,—
A8US8Ge,"As a user of the anomaly detection system, I want clear explanations and context about the detected anomalies to aid in understanding their potential significance.","User Story:
As a user of the anomaly detection system, I want to receive detailed explanations and contextual information regarding the identified anomalies so that I can better comprehend their implications and make informed decisions based on their significance.

Acceptance Criteria:
- Provide a comprehensive description of each detected anomaly, including the specific metrics and thresholds involved.
- Include contextual data that outlines the historical trends related to the anomalies, allowing users to assess their relevance.
- Ensure that the explanations are presented in a user-friendly format, with visual aids or summaries that enhance understanding.

Test Outline:
- Review the output of the anomaly detection system to confirm that each anomaly includes a detailed explanation and context.
- Analyze the historical data provided alongside the anomalies to ensure it accurately reflects past trends.
- Gather user feedback on the clarity and usefulness of the explanations to validate that they meet user needs.","it (ISO 29148)
that (ISO 29148)
better (ISO 29148)
can (NASA ARM)
better (NASA ARM)",3,4,1.0,3,5,2.0,3,5,2.0,3,5,2.0,4,5,1.0,2,5,3.0,3,5,2.0,—
A8US9Ge,"As a healthcare provider utilizing the system, I want the ability to adjust anomaly detection thresholds based on the patient's specific medical history and needs.","User Story:
As a healthcare provider utilizing the system, I want to customize the anomaly detection thresholds according to each patient's unique medical history and requirements so that I can enhance the accuracy of alerts and improve patient care outcomes.

Acceptance Criteria:
- Enable the adjustment of anomaly detection thresholds for at least 5 different medical parameters based on individual patient data.
- Provide a user-friendly interface that allows changes to be made within 2 minutes for each patient.
- Ensure that the system logs all threshold adjustments with timestamps and user identification for accountability.

Test Outline:
- Test the functionality to modify anomaly detection thresholds for various medical parameters and confirm that changes are saved correctly.
- Measure the time taken to adjust thresholds to ensure it meets the 2-minute requirement.
- Review the system logs to verify that all adjustments are recorded accurately with the necessary details.","it (ISO 29148)
that (ISO 29148)
all (ISO 29148)
can (NASA ARM)",3,4,1.0,3,4,1.0,3,5,2.0,3,5,2.0,4,5,1.0,2,5,3.0,3,5,2.0,—
A8US10Ge,"As a patient advocate, I want to be assured that the anomaly detection system is constantly monitored and improved to minimize false alarms and ensure timely detection of real health concerns.","User Story:
As a patient advocate, I want to ensure that the anomaly detection system undergoes continuous monitoring and enhancement so that we can significantly reduce false alarms and guarantee prompt identification of genuine health issues.

Acceptance Criteria:
- Achieve a reduction in false alarm rates to less than 5% through ongoing system adjustments and evaluations.
- Implement a monitoring protocol that reviews system performance at least once a week to identify areas for improvement.
- Ensure that real health concerns are detected with a response time of 90% within 1 hour of anomaly identification.

Test Outline:
- Analyze the system's false alarm rate over a defined period to confirm it meets the target threshold.
- Review monitoring logs to verify that performance assessments are conducted weekly.
- Track the response times for detected health concerns to ensure that 90% are addressed within the specified timeframe.","it (ISO 29148)
that (ISO 29148)
can (NASA ARM)
less (NASA ARM)",2,4,2.0,2,4,2.0,2,5,3.0,2,5,3.0,2,5,3.0,2,5,3.0,2,5,3.0,—
A9US1Ge,"As a doctor diagnosing heart disease, I want a fast and accurate prediction tool that can handle missing data in patient records.","User Story:
As a doctor diagnosing heart disease, I want a rapid and precise predictive tool for diagnosing heart disease that effectively manages incomplete patient data, so that I can make informed decisions quickly and improve patient outcomes.

Acceptance Criteria:
- The prediction tool must provide results within 3 seconds for 95% of cases.
- It should accurately predict heart disease with at least 90% sensitivity and specificity, even when up to 20% of patient data is missing.
- The tool must be able to integrate seamlessly with existing electronic health record (EHR) systems to ensure smooth data flow.

Test Outline:
- Measure the response time of the prediction tool to ensure it meets the 3-second requirement for 95% of cases.
- Validate the accuracy of the predictions by comparing them against confirmed diagnoses in a sample of patients with missing data.
- Test the integration of the tool with EHR systems to confirm that data is processed without errors.","it (ISO 29148)
that (ISO 29148)
be able to (NASA ARM)
can (NASA ARM)",3,4,1.0,3,4,1.0,2,5,3.0,2,5,3.0,4,5,1.0,2,5,3.0,3,5,2.0,—
A9US2Ge,"As a researcher developing clinical decision support systems, I want to explore machine learning techniques like Fuzzy SVM for improved heart disease diagnosis.","User Story:
As a researcher developing clinical decision support systems, I want to investigate advanced machine learning methodologies, such as Fuzzy Support Vector Machines (SVM), to enhance the accuracy and reliability of heart disease diagnoses.

Acceptance Criteria:
- Conduct a comparative analysis of Fuzzy SVM against traditional diagnostic methods, aiming for at least a 15% improvement in diagnostic accuracy.
- Implement a prototype model that processes a minimum of 1,000 patient records to validate the effectiveness of the Fuzzy SVM approach.
- Present findings in a peer-reviewed publication, demonstrating measurable improvements in diagnostic outcomes.

Test Outline:
- Evaluate the diagnostic accuracy of the Fuzzy SVM model using a validation dataset and compare it to existing methods.
- Analyze the performance metrics of the prototype model to ensure it processes the required number of patient records effectively.
- Review the publication process to confirm that the findings are submitted to a reputable journal for peer evaluation.","it (ISO 29148)
that (ISO 29148)",3,4,1.0,2,4,2.0,2,4,2.0,2,5,3.0,4,5,1.0,1,5,4.0,2,4,2.0,—
A9US3Ge,"As a healthcare administrator, I am concerned about the computational cost of diagnostic tools. I want a system that uses incremental learning to reduce processing time for heart disease prediction.","User Story:
As a healthcare administrator, I want to implement a system that leverages incremental learning techniques to minimize the computational costs and processing time associated with heart disease prediction, thereby enhancing operational efficiency and patient care.

Acceptance Criteria:
- Achieve a reduction in processing time for heart disease predictions by at least 30% compared to the current system.
- Ensure that the system can update its predictive model with new data in real-time, maintaining accuracy without requiring complete retraining.
- Validate that the computational resources used for predictions do not exceed a predefined threshold, ensuring cost-effectiveness.

Test Outline:
- Measure the processing time for heart disease predictions before and after implementing incremental learning to confirm the targeted reduction.
- Test the system's ability to incorporate new data and update predictions without full retraining, ensuring real-time functionality.
- Monitor the computational resource usage during predictions to ensure it remains within the established limits.","it (ISO 29148)
that (ISO 29148)
can (NASA ARM)",3,4,1.0,2,4,2.0,2,4,2.0,2,5,3.0,3,5,2.0,2,5,3.0,2,4,2.0,—
A9US4Ge,"As a data scientist working with medical datasets, I want tools like Principal Component Analysis (PCA) and Self-Organizing Maps (SOM) to help me pre-process and analyze data for heart disease diagnosis.","User Story:
As a data scientist working with medical datasets, I want to utilize advanced analytical tools such as Principal Component Analysis (PCA) and Self-Organizing Maps (SOM) so that I can effectively pre-process and analyze data, ultimately enhancing the accuracy of heart disease diagnosis.

Acceptance Criteria:
- Implement PCA to reduce dimensionality of the dataset, achieving at least a 70% variance retention.
- Utilize SOM to cluster patient data, ensuring that at least 85% of heart disease cases are correctly identified within the clusters.
- Provide a comprehensive report detailing the insights gained from PCA and SOM, including visualizations of the data transformations and clustering results.

Test Outline:
- Validate the PCA implementation by checking the variance explained by the principal components to confirm it meets the retention threshold.
- Assess the clustering results from SOM by comparing the identified clusters against known heart disease cases to ensure the accuracy rate is met.
- Review the final report for completeness and clarity, ensuring it includes all required visualizations and insights.","it (ISO 29148)
that (ISO 29148)
all (ISO 29148)
can (NASA ARM)",3,4,1.0,3,4,1.0,3,5,2.0,3,5,2.0,3,5,2.0,2,5,3.0,3,5,2.0,—
A9US5Ge,"As a patient undergoing a heart disease diagnosis, I want to be assured that the tools used are accurate and up-to-date with the latest medical data.","User Story:
As a patient undergoing a heart disease diagnosis, I want to have confidence that the diagnostic tools utilized are precise and incorporate the most current medical data, ensuring my treatment decisions are based on reliable information.

Acceptance Criteria:
- Confirm that all diagnostic tools are validated for accuracy with a minimum accuracy rate of 95%.
- Ensure that the tools are updated with the latest medical guidelines and data at least every 6 months.
- Provide documentation or certification that verifies the tools meet industry standards for heart disease diagnostics.

Test Outline:
- Review the accuracy reports of the diagnostic tools to ensure they meet the required accuracy threshold.
- Check the update logs to verify that the tools have been refreshed with the latest medical data within the specified timeframe.
- Obtain and assess the certification documents to confirm compliance with industry standards.","most (ISO 29148)
reliable (ISO 29148)
that (ISO 29148)
all (ISO 29148)
every (ISO 29148)",2,4,2.0,2,4,2.0,2,4,2.0,2,5,3.0,4,5,1.0,1,5,4.0,2,4,2.0,—
A9US6Ge,"As a developer of the heart disease prediction system, I want the ability to continuously update the model with new patient data using incremental learning techniques.","User Story:
As a developer of the heart disease prediction system, I want to implement incremental learning techniques that allow for the continuous integration of new patient data into the model so that the predictions remain accurate and reflect the most current information available.

Acceptance Criteria:
- The model must be able to incorporate new patient data updates at least once a week without requiring a complete retraining.
- The accuracy of the model should be maintained or improved, with a target of at least 90% accuracy on validation datasets after each update.
- The system should log and report the performance metrics before and after each incremental update to ensure transparency and track improvements.

Test Outline:
- Schedule and execute weekly updates to the model with new patient data, verifying that the process completes successfully.
- Evaluate the model's accuracy on a validation dataset before and after the update to confirm it meets the target.
- Review the logs generated during the update process to ensure performance metrics are recorded and accessible for analysis.","most (ISO 29148)
it (ISO 29148)
that (ISO 29148)
improved (ISO 29148)
be able to (NASA ARM)
improved (NASA ARM)",4,4,0.0,3,4,1.0,3,5,2.0,3,5,2.0,4,5,1.0,2,5,3.0,3,5,2.0,—
A9US7Ge,"As a healthcare provider using the system, I want clear explanations and visualizations of the model's predictions, along with information about the confidence level of the diagnosis.","User Story:
As a healthcare provider using the system, I want comprehensive explanations and visual representations of the model's predictions, along with detailed information regarding the confidence level of each diagnosis, so that I can make informed clinical decisions based on reliable data.

Acceptance Criteria:
- Provide clear, interpretable explanations for each prediction made by the model, ensuring they are understandable to healthcare professionals.
- Include visualizations that effectively illustrate the model's predictions and the underlying data trends.
- Display the confidence level for each diagnosis, with a threshold of ≥85% to indicate high reliability.

Test Outline:
- Review the explanations provided for model predictions to ensure clarity and relevance to clinical practice.
- Assess the quality and effectiveness of the visualizations in conveying the model's predictions and data insights.
- Verify that the confidence levels are accurately calculated and displayed, ensuring they meet the specified threshold for reliability.","reliable (ISO 29148)
that (ISO 29148)
can (NASA ARM)",3,4,1.0,4,4,0.0,3,5,2.0,3,5,2.0,4,5,1.0,2,5,3.0,3,5,2.0,—
A9US8Ge,"As a system administrator, I want the heart disease prediction system to be secure and compliant with patient data privacy regulations.","User Story:
As a system administrator, I want the heart disease prediction system to implement robust security measures and adhere to patient data privacy regulations so that we can protect sensitive information and maintain compliance with legal standards.

Acceptance Criteria:
- Ensure that all patient data is encrypted both in transit and at rest, achieving a minimum encryption standard of AES-256.
- Conduct a compliance audit to verify adherence to HIPAA regulations, with a target of 100% compliance.
- Implement access controls that restrict data access to authorized personnel only, with an audit log tracking all access attempts.

Test Outline:
- Test the encryption methods used for patient data to confirm they meet the required AES-256 standard.
- Review the compliance audit results to ensure that all aspects of HIPAA regulations are satisfied.
- Check the access control logs to verify that only authorized personnel have accessed patient data and that all access attempts are logged.","robust (ISO 29148)
that (ISO 29148)
all (ISO 29148)
can (NASA ARM)",2,4,2.0,1,4,3.0,2,5,3.0,2,5,3.0,3,5,2.0,1,5,4.0,2,5,3.0,—
A9US9Ge,"As a user of the system, I want a user-friendly interface that allows me to easily input patient data and receive clear results.","User Story:
As a user of the system, I want an intuitive interface that enables me to efficiently enter patient data and obtain clear, actionable results so that I can enhance patient care and streamline my workflow.

Acceptance Criteria:
- The interface must allow for patient data entry with no more than 3 clicks to complete the process.
- Results should be displayed within 2 seconds of data submission, ensuring timely access to information.
- User feedback should indicate a satisfaction rate of at least 85% regarding the ease of use and clarity of the results.

Test Outline:
- Conduct usability testing to measure the number of clicks required to input patient data and confirm it does not exceed the limit.
- Time the response for displaying results after data submission to ensure it meets the 2-second requirement.
- Distribute a user satisfaction survey to gather feedback on the interface's usability and clarity of results.","intuitive (ISO 29148)
it (ISO 29148)
that (ISO 29148)
timely (NASA ARM)
can (NASA ARM)
more (NASA ARM)",3,4,1.0,3,4,1.0,3,5,2.0,2,5,3.0,4,5,1.0,2,5,3.0,3,5,2.0,—
A9US10Ge,"As a researcher evaluating the system, I want access to performance metrics and detailed results to assess the effectiveness of the incremental learning approach in heart disease diagnosis.","User Story:
As a researcher evaluating the system, I want to obtain comprehensive performance metrics and in-depth results so that I can rigorously evaluate the effectiveness of the incremental learning methodology applied to heart disease diagnosis.

Acceptance Criteria:
- Access to performance metrics must include at least 5 key indicators, such as accuracy, precision, recall, F1 score, and AUC-ROC.
- Detailed results should provide insights from a minimum of 100 patient cases to ensure statistical significance in the evaluation.
- The system must allow for the comparison of incremental learning results against traditional diagnostic methods to quantify improvements.

Test Outline:
- Verify that the performance metrics dashboard displays the required key indicators with up-to-date data.
- Check that the detailed results report includes data from at least 100 patient cases and is accessible for review.
- Conduct a comparative analysis of the incremental learning approach against traditional methods to confirm measurable enhancements in diagnosis.","that (ISO 29148)
can (NASA ARM)",3,4,1.0,3,4,1.0,3,5,2.0,3,5,2.0,4,5,1.0,2,5,3.0,3,5,2.0,—
A10US1Ge,"As a person with type 1 diabetes, I want a tool that can predict potential drops in my blood sugar levels 30 minutes in advance so I can take preventative action and avoid hypoglycemia.","User Story:
As a person with type 1 diabetes, I want a predictive tool that alerts me to potential drops in my blood sugar levels at least 30 minutes in advance so that I can proactively take measures to prevent hypoglycemia and maintain stable glucose levels.

Acceptance Criteria:
- The tool must accurately predict blood sugar drops with a lead time of 30 minutes or more in at least 90% of cases.
- Notifications should be sent to the user via a mobile app or device alert to ensure timely action can be taken.
- The system should provide actionable recommendations based on predicted drops, such as suggested food intake or activity adjustments.

Test Outline:
- Validate the accuracy of the predictions by comparing them against actual blood sugar readings over a defined period.
- Check that notifications are received by the user within the specified time frame before a predicted drop.
- Review the recommendations provided by the tool to ensure they are relevant and actionable for the user.","that (ISO 29148)
timely (NASA ARM)
can (NASA ARM)
more (NASA ARM)",4,4,0.0,4,4,0.0,3,5,2.0,3,5,2.0,4,5,1.0,2,5,3.0,3,5,2.0,—
A10US2Ge,"As a caregiver for someone with diabetes, I want a system that can alert me when their blood sugar is about to drop so I can assist them in taking corrective measures.","User Story:
As a caregiver for someone with diabetes, I want a monitoring system that provides timely alerts when their blood sugar levels are approaching a critical low threshold so that I can promptly assist them in taking necessary corrective actions.

Acceptance Criteria:
- The system must send an alert when blood sugar levels are predicted to drop below 70 mg/dL, allowing for immediate intervention.
- Alerts should be delivered via both mobile notifications and email within 2 minutes of detection.
- The system should log all alerts and actions taken, providing a report that can be reviewed weekly to assess the effectiveness of interventions.

Test Outline:
- Simulate blood sugar readings to verify that alerts are triggered accurately when levels approach the defined threshold.
- Check the delivery time of alerts to ensure they are received within the specified 2-minute window.
- Review the alert log to confirm that all notifications and subsequent actions are recorded correctly for weekly analysis.","that (ISO 29148)
all (ISO 29148)
timely (NASA ARM)
can (NASA ARM)",4,5,1.0,3,4,1.0,3,5,2.0,3,5,2.0,4,5,1.0,2,5,3.0,3,5,2.0,—
A10US3Ge,"As a doctor treating patients with diabetes, I want a tool that can help me personalize insulin dosing recommendations based on real-time blood glucose predictions.","User Story:
As a doctor treating patients with diabetes, I want an advanced tool that delivers personalized insulin dosing recommendations based on real-time blood glucose forecasts, so that I can optimize treatment plans and improve patient outcomes.

Acceptance Criteria:
- The tool must provide insulin dosing recommendations that are tailored to individual patient profiles, incorporating at least 3 key variables (e.g., current blood glucose level, carbohydrate intake, and activity level).
- Real-time blood glucose predictions should be updated at least every 5 minutes to ensure timely adjustments to dosing.
- The effectiveness of the recommendations should be measurable, with a target of achieving at least a 20% reduction in average blood glucose levels over a 3-month period for patients using the tool.

Test Outline:
- Validate that the tool generates personalized insulin recommendations based on the specified patient variables.
- Monitor the frequency of blood glucose updates to confirm they occur within the 5-minute window.
- Analyze patient data over 3 months to assess the impact of the tool on average blood glucose levels and confirm the targeted reduction.","that (ISO 29148)
every (ISO 29148)
timely (NASA ARM)
can (NASA ARM)",4,4,0.0,3,4,1.0,2,5,3.0,2,5,3.0,4,5,1.0,2,5,3.0,3,5,2.0,—
A10US4Ge,"As a researcher studying diabetes management, I want to explore the potential of using this model to improve the overall health outcomes for people with diabetes.","User Story:
As a researcher studying diabetes management, I want to investigate the effectiveness of this model in enhancing health outcomes for individuals living with diabetes so that we can implement evidence-based strategies that lead to measurable improvements in patient care.

Acceptance Criteria:
- Conduct a comprehensive analysis of health outcomes, aiming for at least a 15% improvement in key metrics such as blood glucose levels and patient adherence to treatment plans.
- Gather data from a minimum of 200 participants to ensure statistical significance in the findings.
- Present findings in a peer-reviewed publication within 12 months of the study's initiation.

Test Outline:
- Evaluate the health metrics of participants before and after implementing the model to confirm the targeted improvement.
- Ensure that the sample size meets the required threshold for robust analysis and report the results accordingly.
- Track the timeline of the research process to verify that the publication is submitted within the specified timeframe.","robust (ISO 29148)
this (ISO 29148)
that (ISO 29148)
can (NASA ARM)",3,5,2.0,1,4,3.0,2,5,3.0,2,5,3.0,3,5,2.0,1,5,4.0,2,5,3.0,—
A10US5Ge,"As a developer of diabetes management apps, I want to integrate this prediction model into my app to provide users with more actionable insights into their blood sugar levels.","User Story:
As a developer of diabetes management apps, I want to incorporate a predictive analytics model into my app so that users can receive timely and actionable insights regarding their blood sugar levels, ultimately enhancing their ability to manage their condition effectively.

Acceptance Criteria:
- The prediction model must analyze user data and provide insights with at least 85% accuracy in forecasting blood sugar fluctuations.
- Users should receive actionable recommendations based on the model's predictions within 2 minutes of data entry.
- The integration should not increase the app's loading time by more than 1 second.

Test Outline:
- Validate the accuracy of the prediction model by comparing its forecasts against actual blood sugar readings over a defined period.
- Measure the time taken to deliver recommendations after user data input to ensure it meets the 2-minute requirement.
- Assess the app's loading time before and after the integration to confirm it remains within the specified limit.","it (ISO 29148)
that (ISO 29148)
timely (NASA ARM)
can (NASA ARM)
more (NASA ARM)",4,4,0.0,3,4,1.0,3,5,2.0,3,5,2.0,4,5,1.0,2,5,3.0,3,5,2.0,—
A10US6Ge,"As a health insurance provider, I want to see if this model can be used to reduce the risk of complications and hospitalizations for people with diabetes.","User Story:
As a health insurance provider, I want to evaluate the effectiveness of this model in minimizing complications and hospitalizations for individuals diagnosed with diabetes so that we can enhance patient outcomes and reduce overall healthcare costs.

Acceptance Criteria:
- Conduct a pilot study with at least 100 diabetic patients to assess the model's impact on hospitalization rates.
- Achieve a reduction in hospitalization rates by at least 15% within a 6-month period.
- Monitor and report on the incidence of diabetes-related complications, aiming for a decrease of 20% over the same timeframe.

Test Outline:
- Analyze hospitalization data before and after implementing the model to confirm the percentage reduction.
- Track and compare the rates of diabetes-related complications among participants to validate the effectiveness of the model.","this (ISO 29148)
that (ISO 29148)
can (NASA ARM)",2,4,2.0,1,4,3.0,2,5,3.0,2,5,3.0,3,5,2.0,1,5,4.0,2,5,3.0,—
A10US7Ge,"As a patient advocate, I want to ensure that this model is accessible and affordable for all people with diabetes, regardless of their socioeconomic background.","User Story:
As a patient advocate, I want to guarantee that this diabetes management model is both accessible and affordable for every individual living with diabetes, irrespective of their socioeconomic status, to promote equitable health outcomes.

Acceptance Criteria:
- Ensure that at least 90% of users can access the model without facing financial barriers, with costs not exceeding $50 per month.
- Conduct outreach programs to engage with at least 500 individuals from diverse socioeconomic backgrounds to gather feedback on accessibility.
- Achieve a satisfaction rate of 85% or higher among users regarding the affordability and accessibility of the model.

Test Outline:
- Analyze user data to confirm that the majority can utilize the model within the financial constraints set.
- Review feedback collected from outreach programs to assess engagement and identify areas for improvement.
- Distribute a satisfaction survey to users and evaluate the results to ensure the target satisfaction rate is met.","this (ISO 29148)
that (ISO 29148)
every (ISO 29148)
can (NASA ARM)",2,4,2.0,1,5,4.0,2,4,2.0,2,5,3.0,3,5,2.0,1,5,4.0,2,5,3.0,—
A10US8Ge,"As a regulatory body, I want to evaluate the safety and effectiveness of this model before it is widely adopted for clinical use.","User Story:
As a regulatory body, I want to conduct a comprehensive assessment of the safety and efficacy of this model prior to its widespread implementation in clinical settings, ensuring it meets established health standards.

Acceptance Criteria:
- Complete a detailed safety evaluation that identifies any potential risks associated with the model, with a target of ≤5% adverse events reported.
- Conduct effectiveness trials that demonstrate at least a 90% success rate in achieving desired clinical outcomes.
- Compile a final report summarizing findings and recommendations within 3 months of initiating the evaluation process.

Test Outline:
- Review documentation and data from safety evaluations to confirm that the adverse event rate is within acceptable limits.
- Analyze trial results to verify that the model meets or exceeds the 90% success rate for clinical outcomes.
- Ensure the final report is delivered on time and includes all necessary findings and recommendations for stakeholders.","it (ISO 29148)
this (ISO 29148)
that (ISO 29148)
all (ISO 29148)",2,4,2.0,1,4,3.0,2,4,2.0,2,5,3.0,4,5,1.0,1,5,4.0,2,4,2.0,—
A10US8Ge,"As a regulatory body, I want to evaluate the safety and effectiveness of this model before it is widely adopted for clinical use.","User Story:
As a regulatory body, I want to conduct a comprehensive assessment of the safety and efficacy of this model prior to its widespread implementation in clinical settings, ensuring it meets established health standards.

Acceptance Criteria:
- Complete a detailed safety evaluation that identifies any potential risks associated with the model, with a target of ≤5% adverse events reported.
- Conduct effectiveness trials that demonstrate at least a 90% success rate in achieving desired clinical outcomes.
- Compile a final report summarizing findings and recommendations within 3 months of initiating the evaluation process.

Test Outline:
- Review documentation and data from safety evaluations to confirm that the adverse event rate is within acceptable limits.
- Analyze trial results to verify that the model meets or exceeds the 90% success rate for clinical outcomes.
- Ensure the final report is delivered on time and includes all necessary findings and recommendations for stakeholders.","it (ISO 29148)
this (ISO 29148)
that (ISO 29148)
all (ISO 29148)",2,4,2.0,1,4,3.0,2,4,2.0,2,5,3.0,4,5,1.0,1,5,4.0,2,4,2.0,—
A10US10Ge,"As a person with a fear of needles, I want to explore if this model can help me reduce the frequency of finger pricks for blood sugar monitoring.","User Story:
As a person with a fear of needles, I want to investigate whether this model can minimize the need for finger pricks in blood sugar monitoring so that I can manage my health more comfortably and with less distress.

Acceptance Criteria:
- Conduct a trial to determine if the model can reduce finger prick frequency by at least 50% compared to traditional methods.
- Measure user-reported anxiety levels before and after using the model to assess any reduction in discomfort.
- Ensure that the model provides accurate blood sugar readings with a variance of no more than ±10% compared to standard testing methods.

Test Outline:
- Track the number of finger pricks required during a defined monitoring period with and without the model to confirm the reduction.
- Administer a survey to evaluate changes in anxiety levels related to blood sugar monitoring before and after using the model.
- Compare the accuracy of the model's readings against traditional methods to validate its reliability.","this (ISO 29148)
that (ISO 29148)
can (NASA ARM)
more (NASA ARM)
less (NASA ARM)",3,4,1.0,2,4,2.0,2,5,3.0,2,5,3.0,4,5,1.0,1,5,4.0,2,5,3.0,—
A11US1Ge,"As a brand security specialist, I want to use the ML-ACS to generate and predict variations of our anti-counterfeiting patterns (CDP) on different printing and imaging devices to stay ahead of counterfeiters.","User Story:
As a brand security specialist, I want to leverage the Machine Learning Anti-Counterfeiting System (ML-ACS) to create and forecast variations of our anti-counterfeiting patterns (CDP) across various printing and imaging devices, enabling us to proactively combat counterfeiting threats.

Acceptance Criteria:
- Generate at least 10 unique variations of anti-counterfeiting patterns using ML-ACS for different printing technologies.
- Achieve a prediction accuracy of 90% or higher in identifying potential counterfeiting attempts based on the generated patterns.
- Implement a monitoring system that tracks the effectiveness of the new patterns in real-world applications, with a goal of reducing counterfeiting incidents by 25% within the first year.

Test Outline:
- Validate the number of unique anti-counterfeiting pattern variations produced by the ML-ACS.
- Assess the prediction accuracy by comparing the system's forecasts against actual counterfeiting cases.
- Review incident reports to measure the reduction in counterfeiting incidents attributed to the newly implemented patterns.",that (ISO 29148),3,4,1.0,3,4,1.0,3,4,1.0,3,5,2.0,3,5,2.0,2,5,3.0,3,4,1.0,—
A11US2Ge,"As a printing press operator, I want the platform to analyze digital templates containing CDPs and predict how they will appear on the final printed product, ensuring accurate replication.","User Story:
As a printing press operator, I want the platform to evaluate digital templates that include color design patterns (CDPs) and forecast their appearance on the final printed product, ensuring precise and consistent replication.

Acceptance Criteria:
- The platform must analyze at least 95% of digital templates and provide a visual prediction of the final print outcome.
- Predictions should be accurate within a color deviation of ≤5% compared to the actual printed product.
- The analysis process should complete within 10 seconds for each template to maintain workflow efficiency.

Test Outline:
- Validate the accuracy of the visual predictions by comparing them to the actual printed products for a sample of templates.
- Measure the time taken for the platform to analyze each template and ensure it meets the 10-second requirement.
- Check the percentage of templates analyzed successfully to confirm it meets or exceeds the 95% threshold.","it (ISO 29148)
that (ISO 29148)",3,4,1.0,3,4,1.0,3,4,1.0,2,5,3.0,4,5,1.0,2,5,3.0,3,4,1.0,—
A11US3Ge,"As a quality control inspector, I want the ML-ACS to compare authentic and potentially counterfeit products based on their CDP patterns, facilitating efficient identification of fakes.","User Story:
As a quality control inspector, I want the ML-ACS system to analyze and compare the CDP patterns of authentic products against those of potentially counterfeit items, enabling swift and accurate identification of fakes to enhance product integrity.

Acceptance Criteria:
- The system must successfully analyze at least 95% of CDP patterns within a 2-second response time for each comparison.
- The accuracy of counterfeit detection should reach a minimum of 90%, reducing false positives and negatives.
- The system should provide a detailed report of the comparison results, highlighting discrepancies in CDP patterns for further investigation.

Test Outline:
- Conduct a series of tests comparing known authentic and counterfeit products to verify the system's analysis speed and accuracy.
- Review the output reports to ensure they clearly indicate the results of the CDP pattern comparisons and any identified discrepancies.",those (ISO 29148),3,4,1.0,3,4,1.0,3,4,1.0,2,5,3.0,4,5,1.0,2,5,3.0,3,4,1.0,—
A11US4Ge,"As a researcher, I want to explore the impact of different printing and imaging devices on CDP patterns using the platform's image-to-image translation capabilities.","User Story:
As a researcher, I want to analyze how various printing and imaging devices influence color distribution patterns in CDP using the platform's advanced image-to-image translation features, so that I can derive actionable insights for optimizing print quality.

Acceptance Criteria:
- Successfully conduct experiments with at least 5 different printing and imaging devices to gather comparative data.
- Generate and analyze image-to-image translations for a minimum of 100 samples to ensure robust results.
- Document findings in a report that highlights the impact of each device on CDP patterns, with clear visual examples.

Test Outline:
- Verify that experiments are conducted with the specified number of devices and that data is collected systematically.
- Check the output of image-to-image translations to confirm that at least 100 samples are processed and analyzed.
- Review the final report for clarity, completeness, and the inclusion of visual examples that illustrate the findings.","robust (ISO 29148)
that (ISO 29148)
can (NASA ARM)",2,4,2.0,2,4,2.0,2,5,3.0,2,5,3.0,4,5,1.0,2,5,3.0,2,5,3.0,—
A11US5Ge,"As a data scientist, I want the system to allow for training with paired, unpaired, or hybrid datasets depending on data availability.","User Story:
As a data scientist, I want the system to support training with paired, unpaired, or hybrid datasets based on the availability of data, so that I can optimize model performance and flexibility in various data scenarios.

Acceptance Criteria:
- The system must enable training with paired datasets, ensuring that each input has a corresponding output.
- The system must allow for training with unpaired datasets, where inputs and outputs are independent.
- The system must facilitate hybrid training, combining both paired and unpaired datasets, to maximize the use of available data.

Test Outline:
- Validate that the system can successfully train a model using a paired dataset and evaluate its performance metrics.
- Test the training process with an unpaired dataset and confirm that the model can still learn effectively.
- Assess the hybrid training capability by combining both dataset types and measuring the resulting model accuracy and efficiency.","that (ISO 29148)
can (NASA ARM)",4,4,0.0,3,4,1.0,3,5,2.0,3,5,2.0,4,5,1.0,2,5,3.0,3,5,2.0,—
A11US6Ge,"As a system developer, I want the ML-ACS to adapt to different image formats and resolutions commonly used in product packaging and branding.","User Story:
As a system developer, I want the Machine Learning Automated Classification System (ML-ACS) to seamlessly accommodate various image formats and resolutions that are frequently utilized in product packaging and branding, ensuring versatility and accuracy in processing.

Acceptance Criteria:
- The system must support at least 5 different image formats (e.g., JPEG, PNG, TIFF, BMP, GIF) for input.
- The ML-ACS should successfully process images with resolutions ranging from 72 DPI to 300 DPI without loss of classification accuracy.
- The system must demonstrate a classification accuracy of 90% or higher across all supported formats and resolutions.

Test Outline:
- Test the system with each supported image format to confirm successful processing and classification.
- Evaluate the performance of the ML-ACS with images at varying resolutions to ensure it meets the accuracy requirement.
- Conduct a series of classification tests to verify that the accuracy remains above the specified threshold across all formats and resolutions.","it (ISO 29148)
that (ISO 29148)
all (ISO 29148)",3,4,1.0,3,4,1.0,3,4,1.0,3,5,2.0,4,5,1.0,2,5,3.0,3,4,1.0,—
A11US7Ge,"As a security consultant, I want the platform to be secure and prevent unauthorized access to sensitive CDP designs and training data.","User Story:
As a security consultant, I want the platform to implement robust security measures to prevent unauthorized access to sensitive Customer Data Platform (CDP) designs and training data, ensuring compliance with industry standards and protecting user privacy.

Acceptance Criteria:
- Conduct a comprehensive security audit to identify vulnerabilities and ensure that all sensitive data is encrypted both in transit and at rest.
- Implement multi-factor authentication (MFA) for all user accounts, achieving at least a 95% adoption rate among users within the first month of rollout.
- Establish access controls that restrict sensitive data access to authorized personnel only, with a review process in place to audit access logs monthly.

Test Outline:
- Verify the completion of the security audit and review the findings to ensure all vulnerabilities are addressed.
- Check the implementation of MFA and track user adoption rates to confirm it meets the target.
- Review access logs to ensure that only authorized personnel have accessed sensitive CDP designs and training data, and confirm that the audit process is functioning as intended.","robust (ISO 29148)
it (ISO 29148)
that (ISO 29148)
all (ISO 29148)",2,4,2.0,1,4,3.0,1,4,3.0,2,5,3.0,3,5,2.0,1,5,4.0,2,4,2.0,—
A11US8Ge,"As a manufacturer, I want the ML-ACS to integrate with existing design and printing workflows, streamlining the incorporation of secure CDPs into product packaging.","User Story:
As a manufacturer, I want the Machine Learning Automated Control System (ML-ACS) to seamlessly integrate with our current design and printing workflows so that we can efficiently incorporate secure Consumer Data Platforms (CDPs) into our product packaging, enhancing operational efficiency and compliance.

Acceptance Criteria:
- Achieve a successful integration of ML-ACS with existing workflows, verified by a 90% reduction in manual intervention during the design and printing process.
- Ensure that the incorporation of secure CDPs into packaging is completed within a 2-week timeframe from the start of the integration.
- Validate that at least 95% of product packaging meets compliance standards for secure CDP usage post-integration.

Test Outline:
- Monitor the workflow processes before and after integration to quantify the reduction in manual tasks.
- Track the timeline from the initiation of integration to the completion of secure CDP incorporation to ensure it meets the 2-week target.
- Conduct compliance audits on the product packaging to confirm that the required standards are met.","secure (ISO 29148)
it (ISO 29148)
that (ISO 29148)
can (NASA ARM)",2,4,2.0,2,4,2.0,2,5,3.0,2,5,3.0,3,5,2.0,2,5,3.0,2,5,3.0,—
A11US9Ge,"As a law enforcement officer investigating counterfeiting, I want the system to analyze CDP patterns from seized products and compare them against a database of authentic patterns to identify the source of the counterfeit operation.","User Story:
As a law enforcement officer investigating counterfeiting, I want the system to systematically analyze CDP (Counterfeit Detection Patterns) from seized counterfeit products and cross-reference them with a comprehensive database of verified authentic patterns, so that I can accurately trace and identify the origin of the counterfeit operation.

Acceptance Criteria:
- The system must successfully analyze and extract CDP data from at least 95% of the seized products.
- The comparison process should yield results within 10 seconds for each product analyzed.
- At least 80% of identified counterfeit sources must match known patterns in the database to ensure reliability.

Test Outline:
- Validate the system's ability to extract CDP data from a sample of seized products and confirm the extraction rate.
- Measure the time taken for the system to compare CDP patterns against the database for each product.
- Review the matches found between counterfeit and authentic patterns to ensure the accuracy rate meets the specified threshold.","that (ISO 29148)
can (NASA ARM)",3,4,1.0,3,4,1.0,3,5,2.0,3,5,2.0,4,5,1.0,2,5,3.0,3,5,2.0,—
A11US10Ge,"As a policymaker, I want to explore how the ML-ACS can be used to strengthen anti-counterfeiting regulations and enforcement mechanisms.","User Story:
As a policymaker, I want to investigate the application of Machine Learning-based Anti-Counterfeiting Solutions (ML-ACS) to enhance the effectiveness of anti-counterfeiting regulations and enforcement strategies, thereby reducing counterfeit incidents by at least 30% within the next year.

Acceptance Criteria:
- Conduct a comprehensive analysis of ML-ACS capabilities and their potential impact on current anti-counterfeiting laws.
- Develop a proposal outlining specific ML-ACS implementations that could be integrated into existing enforcement mechanisms.
- Establish measurable benchmarks to assess the reduction in counterfeit goods, aiming for a minimum of 30% decrease in reported cases within 12 months of implementation.

Test Outline:
- Review and document findings from the analysis of ML-ACS applications in anti-counterfeiting.
- Present the proposal to stakeholders and gather feedback on the suggested implementations.
- Monitor and report on counterfeit incident statistics before and after the implementation of ML-ACS to evaluate effectiveness.",that (ISO 29148),2,4,2.0,2,5,3.0,2,4,2.0,2,5,3.0,4,5,1.0,1,5,4.0,2,5,3.0,—
A12US1Ge,"As a law enforcement officer, I want to use the FVVI to identify high-risk communities for firearm violence to allocate resources for patrolling and prevention.","User Story:
As a law enforcement officer, I want to utilize the Firearm Violence Vulnerability Index (FVVI) to pinpoint high-risk communities for firearm-related violence so that I can strategically allocate resources for enhanced patrolling and effective prevention measures.

Acceptance Criteria:
- Identify at least 5 high-risk communities based on FVVI data analysis.
- Allocate a minimum of 20% more patrol hours to these identified communities within the next quarter.
- Implement at least 3 targeted prevention initiatives in the identified areas within 6 months.

Test Outline:
- Review the FVVI reports to confirm the identification of the specified number of high-risk communities.
- Track and document the increase in patrol hours allocated to these communities to ensure it meets the target percentage.
- Evaluate the implementation and effectiveness of the prevention initiatives through community feedback and crime rate analysis.","effective (ISO 29148)
it (ISO 29148)
that (ISO 29148)
these (ISO 29148)
effective (NASA ARM)
can (NASA ARM)
more (NASA ARM)",3,4,1.0,3,5,2.0,3,5,2.0,2,5,3.0,4,5,1.0,2,5,3.0,3,5,2.0,—
A12US2Ge,"As a public health official, I want to use the FVVI to target social programs and interventions in areas with the highest predicted rates of firearm violence.","User Story:
As a public health official, I want to leverage the Firearm Violence Vulnerability Index (FVVI) to strategically implement social programs and interventions in communities identified as having the highest projected rates of firearm violence, thereby maximizing the impact of our resources.

Acceptance Criteria:
- Identify and prioritize at least 5 geographic areas with the highest FVVI scores for targeted interventions.
- Develop and deploy at least 3 tailored social programs aimed at reducing firearm violence in these high-risk areas within the next fiscal year.
- Measure and report a reduction in firearm violence incidents by at least 15% in the targeted areas within 12 months of program implementation.

Test Outline:
- Analyze FVVI data to confirm the selection of the top 5 areas based on the highest vulnerability scores.
- Review the implementation plan for the 3 social programs to ensure they are designed specifically for the identified communities.
- Collect and evaluate firearm violence incident reports before and after the program implementation to assess the effectiveness of the interventions.",these (ISO 29148),3,4,1.0,3,4,1.0,3,4,1.0,3,5,2.0,4,5,1.0,2,5,3.0,3,4,1.0,—
A12US3Ge,"As a community leader, I want to access the FVVI data for my community to understand the factors contributing to local firearm violence risk.","User Story:
As a community leader, I want to obtain the FVVI (Firearm Violence Vulnerability Index) data specific to my community so that I can analyze the key factors influencing the risk of firearm violence and implement targeted interventions.

Acceptance Criteria:
- Access to the FVVI data must be granted within 24 hours of the request.
- The data should include at least 5 key risk factors relevant to firearm violence in the community.
- A summary report of the findings must be generated, highlighting actionable insights within 7 days of data access.

Test Outline:
- Track the time taken from the request to the granting of access to ensure it meets the 24-hour requirement.
- Review the FVVI data to confirm it includes the specified number of risk factors.
- Evaluate the summary report for clarity and relevance of the actionable insights provided.","it (ISO 29148)
that (ISO 29148)
can (NASA ARM)",4,4,0.0,3,4,1.0,3,5,2.0,2,5,3.0,4,5,1.0,2,5,3.0,3,5,2.0,—
A12US4Ge,"As a researcher, I want to be able to analyze the FVVI model and identify the population characteristics that have the strongest impact on firearm violence prediction.","User Story:
As a researcher, I want to conduct a comprehensive analysis of the FVVI model to pinpoint the population characteristics that most significantly influence predictions of firearm violence, enabling targeted interventions and policy recommendations.

Acceptance Criteria:
- Identify and quantify at least 5 key population characteristics that correlate with firearm violence predictions.
- Achieve a minimum accuracy improvement of 15% in the FVVI model's predictive capabilities based on the identified characteristics.
- Document findings in a report that includes statistical significance and actionable insights for stakeholders.

Test Outline:
- Utilize statistical analysis tools to evaluate the correlation between population characteristics and firearm violence predictions, ensuring at least 5 characteristics are identified.
- Compare the predictive accuracy of the FVVI model before and after incorporating the identified characteristics to confirm the 15% improvement.
- Review the final report for clarity, comprehensiveness, and the inclusion of actionable recommendations based on the analysis.","most (ISO 29148)
that (ISO 29148)",3,4,1.0,3,4,1.0,3,4,1.0,3,5,2.0,4,5,1.0,2,5,3.0,3,4,1.0,—
A12US5Ge,"As a policymaker, I want to use the FVVI data to inform the development of data-driven strategies for firearm violence prevention.","User Story:
As a policymaker, I want to leverage the FVVI data to create evidence-based strategies aimed at reducing firearm violence, ensuring that our initiatives are grounded in reliable insights and measurable outcomes.

Acceptance Criteria:
- Analyze FVVI data to identify at least 3 key trends or patterns related to firearm violence within the last year.
- Develop a comprehensive strategy document that outlines specific, actionable recommendations based on the data analysis.
- Present the findings and proposed strategies to stakeholders, ensuring at least 80% of them express support for the initiatives.

Test Outline:
- Review the analysis report to confirm that it includes the identified trends and patterns from the FVVI data.
- Evaluate the strategy document for clarity, actionable recommendations, and alignment with the data insights.
- Conduct a stakeholder meeting and gather feedback to assess the level of support for the proposed strategies.","reliable (ISO 29148)
it (ISO 29148)
that (ISO 29148)",3,4,1.0,2,4,2.0,2,3,1.0,2,4,2.0,4,4,0.0,2,4,2.0,3,4,1.0,—
A12US6Ge,"As a data scientist, I want the system to be able to incorporate additional data sources (e.g., mental health statistics, social media activity) to potentially improve the accuracy of the FVVI.","User Story:
As a data scientist, I want the system to integrate supplementary data sources, such as mental health statistics and social media activity, so that we can enhance the accuracy of the FVVI (Future Value of Vulnerability Index) by at least 15%.

Acceptance Criteria:
- Successfully incorporate at least 2 new data sources into the existing system architecture.
- Achieve a measurable improvement in FVVI accuracy, targeting an increase of 15% or more in predictive reliability.
- Ensure that the integration process does not exceed a 10% increase in processing time for data analysis.

Test Outline:
- Validate the successful integration of the new data sources by checking system logs and data flow.
- Compare FVVI accuracy metrics before and after the integration to confirm the targeted improvement.
- Monitor processing times during data analysis to ensure they remain within the acceptable limits.","that (ISO 29148)
can (NASA ARM)
more (NASA ARM)",4,4,0.0,3,4,1.0,3,5,2.0,3,5,2.0,3,5,2.0,2,5,3.0,3,5,2.0,—
A12US7Ge,"As a civil liberties advocate, I want the system to be designed with safeguards to prevent misuse and ensure that individuals are not discriminated against based on their zip code.","User Story:
As a civil liberties advocate, I want the system to incorporate robust safeguards that actively prevent misuse and discrimination, ensuring that individuals are treated equitably regardless of their zip code.

Acceptance Criteria:
- Implement at least 3 distinct safeguards that monitor and restrict access based on zip code to prevent discriminatory practices.
- Conduct quarterly audits to assess the effectiveness of these safeguards, aiming for a compliance rate of 95% or higher.
- Provide a transparent reporting mechanism that allows users to report potential misuse or discrimination, with a response time of 48 hours or less.

Test Outline:
- Review the system's safeguards to confirm that they are in place and functioning as intended.
- Analyze audit results to ensure compliance rates meet or exceed the target.
- Test the reporting mechanism by submitting a report and measuring the response time to verify it meets the specified criteria.","robust (ISO 29148)
it (ISO 29148)
that (ISO 29148)
these (ISO 29148)
less (NASA ARM)",2,4,2.0,2,4,2.0,2,4,2.0,2,5,3.0,3,5,2.0,2,5,3.0,2,4,2.0,—
A12US8Ge,"As a public health researcher, I want the system to be transparent about the methodology used to develop the FVVI and allow for independent validation of the model.","User Story:
As a public health researcher, I want the system to clearly disclose the methodology employed in the development of the FVVI (Food Value and Vulnerability Index) so that independent validation of the model can be conducted, ensuring its credibility and reliability.

Acceptance Criteria:
- Provide a detailed documentation of the FVVI development methodology, including data sources, analytical techniques, and assumptions made.
- Ensure that the methodology is accessible to external researchers for review and validation purposes.
- Facilitate independent validation by allowing access to the underlying data and model parameters used in the FVVI.

Test Outline:
- Review the documentation to confirm it includes comprehensive details about the methodology and is publicly accessible.
- Check that external researchers can access the necessary data and model parameters to perform independent validation.
- Validate that independent researchers can successfully replicate the FVVI results using the provided methodology and data.","it (ISO 29148)
that (ISO 29148)
can (NASA ARM)",3,4,1.0,3,4,1.0,3,5,2.0,3,5,2.0,4,5,1.0,2,5,3.0,3,5,2.0,—
A12US9Ge,"As a community organizer, I want the FVVI to be accompanied by resources and guidance for implementing effective prevention programs in high-risk communities.","User Story:
As a community organizer, I want the FVVI to be supported by comprehensive resources and actionable guidance so that I can effectively implement prevention programs in high-risk communities, ultimately reducing risk factors and enhancing community resilience.

Acceptance Criteria:
- Provide a detailed resource toolkit that includes at least 5 evidence-based strategies for prevention program implementation.
- Ensure that guidance materials are accessible and tailored to the specific needs of at least 3 different high-risk community profiles.
- Facilitate a workshop or training session with a minimum of 20 participants to educate on the effective use of these resources.

Test Outline:
- Review the resource toolkit to confirm it includes the required number of strategies and is evidence-based.
- Assess the accessibility and relevance of the guidance materials for the identified community profiles through user feedback.
- Track attendance and participant engagement during the workshop or training session to ensure it meets the target number.","effective (ISO 29148)
it (ISO 29148)
that (ISO 29148)
these (ISO 29148)
effective (NASA ARM)
can (NASA ARM)",3,4,1.0,3,5,2.0,3,5,2.0,2,5,3.0,4,5,1.0,2,5,3.0,3,5,2.0,—
A12US10Ge,"As a system developer, I want the FVVI to be accessible through a user-friendly interface that allows users to easily visualize risk data at different geographic levels.","User Story:
As a system developer, I want to create an intuitive interface for the FVVI that enables users to effortlessly visualize risk data across various geographic levels, enhancing their ability to make informed decisions.

Acceptance Criteria:
- The interface must allow users to select and view risk data at a minimum of three geographic levels (e.g., national, regional, local).
- Users should be able to generate visualizations with a response time of 3 seconds or less for any selected geographic level.
- The interface must include tooltips and help features that improve user understanding, achieving a user satisfaction score of 80% or higher in feedback surveys.

Test Outline:
- Test the interface to ensure users can successfully select and visualize risk data at the specified geographic levels.
- Measure the response time for generating visualizations to confirm it meets the 3-second requirement.
- Conduct user feedback surveys to assess satisfaction levels and identify areas for improvement.","intuitive (ISO 29148)
it (ISO 29148)
that (ISO 29148)
be able to (NASA ARM)
can (NASA ARM)
less (NASA ARM)",4,4,0.0,3,4,1.0,3,4,1.0,3,5,2.0,4,5,1.0,2,5,3.0,3,4,1.0,—
A13US1Ge,"As a drug researcher, I want to use AI-DrugNet to identify existing drugs that could be repurposed for treating Alzheimer's disease (AD) based on their target interactions.","User Story:
As a drug researcher, I want to leverage the AI-DrugNet platform to discover existing pharmaceuticals that can be repurposed for the treatment of Alzheimer's disease (AD) by analyzing their target interactions, thereby accelerating the drug development process.

Acceptance Criteria:
- Identify at least 5 existing drugs with potential repurposing opportunities for AD based on their interaction profiles.
- Validate the target interactions of these drugs with a success rate of ≥80% through computational analysis.
- Generate a report detailing the findings, including potential mechanisms of action and supporting data, within 2 weeks of analysis initiation.

Test Outline:
- Review the output from AI-DrugNet to ensure it lists a minimum of 5 drugs suitable for repurposing.
- Cross-reference the identified drugs' target interactions with existing literature to confirm the accuracy of the findings.
- Assess the completeness and clarity of the generated report to ensure it meets the specified criteria.","it (ISO 29148)
that (ISO 29148)
these (ISO 29148)
can (NASA ARM)",4,4,0.0,3,4,1.0,3,4,1.0,2,5,3.0,4,5,1.0,2,5,3.0,3,4,1.0,—
A13US2Ge,"As a pharmaceutical company scientist, I want the platform to predict potential combinations of existing drugs that may have a synergistic effect in treating AD.","User Story:
As a pharmaceutical company scientist, I want the platform to analyze and predict potential drug combinations from existing medications that could exhibit a synergistic effect in the treatment of Alzheimer's Disease (AD), thereby accelerating the discovery of effective therapies.

Acceptance Criteria:
- The platform must generate a list of at least 10 potential drug combinations that demonstrate a predicted synergistic effect based on existing clinical data.
- Each predicted combination should include a confidence score of ≥80% based on historical efficacy and interaction data.
- The platform should provide a detailed report on the mechanism of action for each suggested combination, highlighting how they may work together to enhance treatment outcomes.

Test Outline:
- Validate the accuracy of the predicted drug combinations by cross-referencing with existing clinical trial results and literature.
- Assess the confidence scores for each combination to ensure they meet or exceed the 80% threshold.
- Review the generated reports for clarity and comprehensiveness regarding the mechanisms of action for the proposed combinations.","effective (ISO 29148)
that (ISO 29148)
effective (NASA ARM)
may (NASA ARM)",3,4,1.0,2,4,2.0,2,4,2.0,2,5,3.0,3,5,2.0,2,5,3.0,2,4,2.0,—
A13US3Ge,"As a neurologist, I want to use AI-DrugNet to explore potential treatment options for my patients with AD that could be readily available based on existing drugs.","User Story:
As a neurologist, I want to leverage the AI-DrugNet platform to identify and evaluate potential treatment options for my patients diagnosed with Alzheimer's Disease (AD) that can be accessed using currently available medications.

Acceptance Criteria:
- Generate a list of at least 5 existing drugs that could be repurposed for AD treatment based on AI-DrugNet analysis.
- Provide evidence-based recommendations for each drug, including potential efficacy and safety profiles.
- Ensure that the treatment options can be implemented within 30 days of identification, facilitating timely patient care.

Test Outline:
- Validate the output from AI-DrugNet to confirm it includes a minimum of 5 viable drug options for AD.
- Review the provided recommendations for each drug to ensure they are backed by clinical data and relevant studies.
- Track the implementation timeline to ensure that identified treatment options are actionable within the specified 30-day period.","it (ISO 29148)
that (ISO 29148)
timely (NASA ARM)
can (NASA ARM)",4,4,0.0,3,4,1.0,3,4,1.0,2,5,3.0,4,5,1.0,2,5,3.0,3,4,1.0,—
A13US4Ge,"As a computational biologist, I want to access the underlying network model and data used in AI-DrugNet to understand the rationale behind the predicted drug repurposing or combinations.","User Story:
As a computational biologist, I want to obtain access to the foundational network model and the associated data utilized in AI-DrugNet so that I can analyze and comprehend the reasoning behind the suggested drug repurposing strategies or combinations.

Acceptance Criteria:
- Provide access to the complete network model and data set used in AI-DrugNet within 5 business days of the request.
- Ensure that documentation is available to explain the model's architecture and data sources.
- Allow for reproducibility of the drug repurposing predictions using the provided model and data.

Test Outline:
- Verify that the network model and data are accessible and can be downloaded without issues.
- Review the documentation for clarity and completeness regarding the model's structure and data utilization.
- Conduct a test to replicate a drug repurposing prediction using the provided resources to confirm functionality.","that (ISO 29148)
can (NASA ARM)",3,4,1.0,3,4,1.0,3,5,2.0,2,5,3.0,4,5,1.0,2,5,3.0,3,5,2.0,—
A13US5Ge,"As a data scientist, I want the platform to allow for the integration of additional disease data and drug-target interaction information to expand its applicability to other neurological or developmental disorders.","User Story:
As a data scientist, I want the platform to support the integration of supplementary disease data and drug-target interaction information so that it can be effectively utilized for a broader range of neurological and developmental disorders, enhancing its research and clinical applications.

Acceptance Criteria:
- Enable the integration of at least 5 new disease datasets related to neurological or developmental disorders.
- Incorporate drug-target interaction data for a minimum of 10 additional compounds relevant to the newly integrated diseases.
- Ensure that the platform can process and analyze the new data without exceeding a 10% increase in processing time.

Test Outline:
- Verify that the platform successfully integrates the specified number of new disease datasets.
- Check that the drug-target interaction information for the additional compounds is accessible and correctly linked to the relevant diseases.
- Measure the processing time before and after the integration to confirm it remains within the acceptable limits.","it (ISO 29148)
that (ISO 29148)
can (NASA ARM)",3,4,1.0,3,4,1.0,3,5,2.0,3,5,2.0,3,5,2.0,2,5,3.0,3,5,2.0,—
A13US6Ge,"As a regulatory scientist, I want the AI-DrugNet predictions to be accompanied by information on the existing safety and efficacy profiles of the repurposed or combined drugs.","User Story:
As a regulatory scientist, I want the AI-DrugNet predictions to include comprehensive details on the established safety and efficacy profiles of repurposed or combined drugs so that I can make informed decisions regarding their regulatory approval and clinical application.

Acceptance Criteria:
- Each AI-DrugNet prediction must be linked to a summary of the safety profile, including at least 3 key safety metrics (e.g., adverse event rates, contraindications, and drug interactions).
- The efficacy profile must provide evidence from at least 2 clinical studies or trials demonstrating the effectiveness of the repurposed or combined drugs.
- The information should be presented in a standardized format that allows for easy comparison across different drug predictions.

Test Outline:
- Review the AI-DrugNet output to ensure that safety and efficacy information is included for each prediction.
- Validate the accuracy and relevance of the safety metrics and clinical study references provided.
- Check the format of the information to confirm it meets the established standards for clarity and comparability.","easy (ISO 29148)
it (ISO 29148)
that (ISO 29148)
can (NASA ARM)",3,4,1.0,3,4,1.0,3,5,2.0,3,5,2.0,4,5,1.0,2,5,3.0,3,5,2.0,—
A13US7Ge,"As a patient advocate, I want the platform to be transparent about the limitations of AI-based predictions and the need for further clinical trials to validate potential drug repurposing or combinations.","User Story:
As a patient advocate, I want the platform to clearly communicate the limitations of AI-driven predictions and emphasize the necessity for additional clinical trials to substantiate the efficacy of potential drug repurposing or combination therapies, ensuring informed decision-making for patients.

Acceptance Criteria:
- Provide a detailed explanation of the limitations of AI predictions on the platform, including at least 3 specific examples.
- Clearly state the requirement for further clinical trials, outlining the expected timeline and criteria for validation.
- Ensure that this information is easily accessible and understandable for patients, with a satisfaction rating of 80% or higher in user feedback surveys.

Test Outline:
- Review the platform content to confirm that it includes the specified limitations and the need for clinical trials.
- Conduct user surveys to assess the clarity and accessibility of the information provided, aiming for a minimum satisfaction rating of 80%.
- Monitor user engagement metrics to evaluate how often patients access this information.","it (ISO 29148)
this (ISO 29148)
that (ISO 29148)",3,4,1.0,3,5,2.0,3,4,1.0,2,5,3.0,3,5,2.0,2,5,3.0,3,5,2.0,—
A13US8Ge,"As a system developer, I want AI-DrugNet to be user-friendly and allow researchers to input specific drug targets or disease characteristics for focused drug repurposing analysis.","User Story:
As a system developer, I want AI-DrugNet to provide an intuitive user interface that enables researchers to easily input specific drug targets or disease characteristics, facilitating targeted drug repurposing analysis for enhanced research outcomes.

Acceptance Criteria:
- The user interface must allow researchers to input at least 5 distinct drug targets or disease characteristics without encountering usability issues.
- The system should provide real-time feedback or suggestions based on the input to guide researchers in their analysis.
- Ensure that the drug repurposing analysis results are generated within 10 seconds of input submission, improving efficiency for users.

Test Outline:
- Conduct usability testing with researchers to confirm that they can input the required data smoothly and without confusion.
- Monitor the system's response time to ensure that results are delivered within the specified timeframe after input.
- Evaluate the accuracy and relevance of the feedback or suggestions provided during the input process.","intuitive (ISO 29148)
that (ISO 29148)
can (NASA ARM)",2,4,2.0,2,4,2.0,2,4,2.0,2,5,3.0,4,5,1.0,2,5,3.0,2,4,2.0,—
A13US9Ge,"As a drug discovery company executive, I want the platform to offer different subscription tiers with access to additional features like detailed network visualizations and prioritized drug recommendations.","User Story:
As a drug discovery company executive, I want our platform to provide multiple subscription tiers that unlock advanced features such as comprehensive network visualizations and prioritized drug recommendations, enabling us to enhance our research capabilities and decision-making processes.

Acceptance Criteria:
- Implement at least three distinct subscription tiers, each offering progressively more features.
- Ensure that detailed network visualizations are available in the mid-tier and top-tier subscriptions.
- Provide prioritized drug recommendations exclusively in the top-tier subscription.

Test Outline:
- Review the subscription options to confirm the presence of at least three tiers with defined features.
- Validate that network visualizations are accessible to users on the mid-tier and top-tier plans.
- Check that prioritized drug recommendations are only available to users subscribed to the top-tier plan.","that (ISO 29148)
more (NASA ARM)",3,4,1.0,3,4,1.0,3,4,1.0,3,5,2.0,4,5,1.0,2,5,3.0,3,4,1.0,—
A13US10Ge,"As a policymaker, I want to explore how AI-DrugNet can be integrated into drug discovery pipelines to streamline the development of new treatment options for various diseases.","User Story:
As a policymaker, I want to investigate the integration of AI-DrugNet into drug discovery workflows so that we can accelerate the development of innovative treatment options for a range of diseases, ultimately improving patient outcomes.

Acceptance Criteria:
- Conduct a comprehensive analysis of AI-DrugNet's capabilities in enhancing drug discovery efficiency, aiming for a reduction in development time by at least 30%.
- Identify and document at least three specific disease areas where AI-DrugNet can significantly impact treatment development.
- Develop a pilot program proposal that outlines the integration process, including measurable milestones and expected outcomes within a 12-month timeframe.

Test Outline:
- Review the analysis report to ensure it includes data on time savings and efficiency improvements.
- Validate the identified disease areas through expert consultations and literature reviews.
- Assess the pilot program proposal for clarity, feasibility, and alignment with strategic health objectives.","it (ISO 29148)
that (ISO 29148)
can (NASA ARM)",3,5,2.0,2,4,2.0,2,5,3.0,2,5,3.0,4,5,1.0,2,5,3.0,3,5,2.0,—
A14US1Ge,"As a taxi dispatcher, I want to use the system in real-time to identify areas with high demand for taxi services and dispatch vehicles accordingly.","User Story:
As a taxi dispatcher, I want to utilize a real-time analytics system to pinpoint regions experiencing high demand for taxi services so that I can efficiently allocate vehicles and reduce wait times for customers.

Acceptance Criteria:
- The system must provide real-time data on demand hotspots with updates every 30 seconds.
- Dispatch decisions should result in a 20% reduction in average customer wait times within the first month of implementation.
- The system should allow for the dispatch of at least 90% of available vehicles to high-demand areas within 5 minutes of identification.

Test Outline:
- Monitor the frequency and accuracy of demand updates to ensure they occur as specified.
- Analyze customer wait time data before and after implementing the system to confirm the targeted reduction.
- Track the percentage of vehicles dispatched to high-demand areas within the designated time frame to validate efficiency.","that (ISO 29148)
every (ISO 29148)
can (NASA ARM)",3,4,1.0,3,4,1.0,3,5,2.0,3,5,2.0,4,5,1.0,2,5,3.0,3,5,2.0,—
A14US2Ge,"As a city planner, I want to use the system to analyze historical and predicted ridership data to optimize taxi stand locations and traffic flow management.","User Story:
As a city planner, I want to leverage the system to analyze both historical and forecasted ridership data so that I can strategically optimize taxi stand placements and enhance traffic flow management across the city.

Acceptance Criteria:
- Analyze at least 3 years of historical ridership data to identify trends and patterns.
- Generate predictive models that forecast ridership changes with an accuracy of 90% or higher for the next 12 months.
- Provide actionable recommendations for taxi stand locations that improve accessibility by at least 20% in high-demand areas.

Test Outline:
- Review the analysis results to ensure they include comprehensive historical data and predictive insights.
- Validate the accuracy of the predictive models by comparing forecasted ridership against actual data over a 6-month period.
- Assess the proposed taxi stand locations to confirm they meet the accessibility improvement criteria.","that (ISO 29148)
can (NASA ARM)",3,4,1.0,3,4,1.0,3,5,2.0,3,5,2.0,4,5,1.0,2,5,3.0,3,5,2.0,—
A14US3Ge,"As a taxi company manager, I want the system to forecast future ridership trends to optimize fleet size and deployment strategies.","User Story:
As a taxi company manager, I want the system to accurately predict future ridership trends so that I can strategically optimize fleet size and deployment strategies, ultimately enhancing operational efficiency and customer satisfaction.

Acceptance Criteria:
- Generate ridership forecasts with at least 90% accuracy based on historical data and seasonal trends.
- Provide insights on peak demand times and locations to inform fleet deployment decisions.
- Allow for adjustments in fleet size recommendations based on forecasted ridership changes, with a minimum of 15% improvement in resource allocation efficiency.

Test Outline:
- Validate the accuracy of the ridership forecasts by comparing predicted trends against actual ridership data over a 3-month period.
- Analyze the insights provided for peak demand to ensure they align with historical patterns and inform deployment strategies.
- Assess the effectiveness of fleet size adjustments by measuring the impact on resource allocation efficiency before and after implementing the recommendations.","that (ISO 29148)
can (NASA ARM)",2,4,2.0,2,4,2.0,2,5,3.0,2,5,3.0,3,5,2.0,2,5,3.0,2,5,3.0,—
A14US4Ge,"As a researcher, I want to access the system's data and models to understand the factors influencing spatiotemporal distribution of taxi and ride-hailing demand (e.g., time of day, borough, special events).","User Story:
As a researcher, I want to obtain access to the system's comprehensive data and analytical models so that I can analyze the key factors affecting the spatiotemporal distribution of taxi and ride-hailing demand, such as time of day, geographic boroughs, and special events.

Acceptance Criteria:
- Gain access to a dataset that includes at least 12 months of historical ride-hailing demand data segmented by time of day and borough.
- Ensure that the data includes annotations for at least 5 major special events within the analysis period.
- Provide access to predictive models that can simulate demand fluctuations based on identified factors.

Test Outline:
- Verify that the dataset is accessible and contains the required historical data with the specified segmentation.
- Check that the dataset includes the necessary annotations for special events and that they are correctly identified.
- Validate the functionality of the predictive models by running simulations and comparing the output against actual demand data.","that (ISO 29148)
can (NASA ARM)",3,4,1.0,3,4,1.0,3,5,2.0,3,5,2.0,3,5,2.0,2,5,3.0,3,5,2.0,—
A14US5Ge,"As a public transportation official, I want to compare predicted taxi and ride-hailing ridership with public transport usage to plan for integrated transportation solutions.","User Story:
As a public transportation official, I want to analyze and compare projected ridership data for taxis and ride-hailing services against public transport usage so that I can develop effective integrated transportation solutions that meet community needs.

Acceptance Criteria:
- Gather and analyze ridership predictions for taxis and ride-hailing services, ensuring data is collected for at least the next 12 months.
- Compare the predicted ridership figures with public transport usage statistics, aiming for a comprehensive report that highlights trends and patterns.
- Identify at least three actionable insights or recommendations for integrating these transportation modes to enhance overall service efficiency.

Test Outline:
- Validate the accuracy of the collected ridership data by cross-referencing with existing transportation reports and surveys.
- Review the comparative analysis to ensure it includes a clear visual representation of the data trends over the specified period.
- Assess the feasibility of the proposed insights by consulting with stakeholders and transportation experts for their input and validation.","effective (ISO 29148)
it (ISO 29148)
that (ISO 29148)
these (ISO 29148)
effective (NASA ARM)
can (NASA ARM)",3,4,1.0,3,4,1.0,3,4,1.0,3,4,1.0,4,4,0.0,2,4,2.0,3,4,1.0,—
A14US6Ge,"As a policymaker, I want to use the system's data to assess the impact of ride-hailing services on traditional taxi ridership and develop regulations that ensure fair competition.","User Story:
As a policymaker, I want to analyze the system's data to evaluate the effects of ride-hailing services on traditional taxi ridership, enabling me to formulate regulations that promote equitable competition in the transportation sector.

Acceptance Criteria:
- Access comprehensive data sets that detail ride-hailing usage trends and traditional taxi ridership statistics over the past 12 months.
- Generate a report that quantifies the percentage change in traditional taxi ridership attributed to the rise of ride-hailing services, with a target of identifying at least a 10% impact.
- Develop a set of proposed regulations that address identified disparities, ensuring they are ready for stakeholder review within 30 days of data analysis completion.

Test Outline:
- Verify that the data sets accessed include relevant metrics and are updated regularly for accuracy.
- Review the generated report to confirm it includes the required analysis and meets the target impact percentage.
- Assess the proposed regulations for clarity and feasibility, ensuring they are prepared for stakeholder engagement within the specified timeframe.","it (ISO 29148)
that (ISO 29148)",2,4,2.0,2,4,2.0,2,4,2.0,2,5,3.0,4,5,1.0,1,5,4.0,2,4,2.0,—
A14US7Ge,"As a data scientist, I want the system to allow for the integration of additional data sources (e.g., weather, special events) to potentially improve the accuracy of ridership predictions.","User Story:
As a data scientist, I want the system to support the integration of various external data sources, such as weather conditions and special events, so that I can enhance the precision of ridership predictions, ultimately leading to more reliable forecasting.

Acceptance Criteria:
- The system must successfully integrate at least 2 new external data sources within the next quarter.
- The accuracy of ridership predictions should improve by a minimum of 15% after the integration of these data sources.
- The integration process should not exceed a 5% increase in overall system processing time.

Test Outline:
- Validate the successful integration of the new data sources by checking system logs and data flow.
- Compare the accuracy of ridership predictions before and after the integration to confirm the targeted improvement.
- Monitor system performance metrics to ensure that processing time remains within the acceptable limits.","reliable (ISO 29148)
that (ISO 29148)
these (ISO 29148)
can (NASA ARM)
more (NASA ARM)",4,4,0.0,3,4,1.0,3,5,2.0,3,5,2.0,4,5,1.0,2,5,3.0,3,5,2.0,—
A14US8Ge,"As a consumer, I want to use a mobile app connected to the system to see estimated taxi and ride-hailing wait times in different areas before requesting a ride.","User Story:
As a consumer, I want to access a mobile application linked to the system that provides real-time estimates of taxi and ride-hailing wait times across various locations, so that I can make informed decisions before requesting a ride.

Acceptance Criteria:
- Display estimated wait times for taxis and ride-hailing services in at least 5 different areas within the app.
- Ensure that wait time estimates are updated every 30 seconds to reflect real-time data.
- Allow users to filter wait time information based on their current location or selected area.

Test Outline:
- Verify that the app shows accurate estimated wait times for taxis and ride-hailing services in the specified areas.
- Check the frequency of updates to the wait time estimates to confirm they refresh every 30 seconds.
- Test the filtering functionality to ensure users can easily view wait times based on their location preferences.","that (ISO 29148)
every (ISO 29148)
can (NASA ARM)",3,4,1.0,3,4,1.0,3,5,2.0,3,5,2.0,4,5,1.0,2,5,3.0,3,5,2.0,—
A14US9Ge,"As a taxi driver, I want the system to provide real-time information on areas with high predicted demand to maximize ridership and earnings.","User Story:
As a taxi driver, I want the system to deliver real-time insights on regions with high predicted demand so that I can optimize my routes and increase my earnings by at least 20% during peak hours.

Acceptance Criteria:
- The system must provide demand predictions with at least 90% accuracy for the next hour.
- Notifications of high-demand areas should be sent to drivers within 2 minutes of detection.
- The system should allow drivers to view demand trends over the past week to identify patterns.

Test Outline:
- Validate the accuracy of demand predictions by comparing them against actual demand data for the specified time frame.
- Measure the time taken for notifications to be sent to drivers after high demand is detected.
- Review the demand trend reports to ensure they accurately reflect the data from the past week.","that (ISO 29148)
can (NASA ARM)",3,4,1.0,3,4,1.0,3,5,2.0,3,5,2.0,4,5,1.0,2,5,3.0,3,5,2.0,—
A14US10Ge,"As a system developer, I want the system to be scalable and efficient to handle large volumes of real-time and historical data for accurate ridership prediction.","User Story:
As a system developer, I want the architecture to be both scalable and efficient so that it can process large volumes of real-time and historical data, enabling precise ridership predictions that enhance operational decision-making.

Acceptance Criteria:
- The system must support a minimum of 10,000 concurrent data streams for real-time processing without degradation in performance.
- Historical data storage should accommodate at least 5 years of ridership data with retrieval times not exceeding 2 seconds.
- The prediction model's accuracy must achieve at least 90% when tested against historical ridership patterns.

Test Outline:
- Simulate 10,000 concurrent data streams to verify that the system maintains performance levels.
- Conduct tests to measure the retrieval time for historical data and ensure it meets the 2-second requirement.
- Evaluate the prediction model's accuracy by comparing its outputs against actual ridership data over a defined period.","efficient (ISO 29148)
it (ISO 29148)
that (ISO 29148)
can (NASA ARM)",2,4,2.0,2,4,2.0,2,5,3.0,2,5,3.0,3,5,2.0,1,5,4.0,2,5,3.0,—
A15US1Ge,"As a policymaker, I want to use machine learning to identify communities with high poverty rates so I can target resources and programs effectively.","User Story:
As a policymaker, I want to leverage machine learning algorithms to accurately identify communities exhibiting high poverty rates so that I can strategically allocate resources and implement targeted programs to maximize impact.

Acceptance Criteria:
- Utilize machine learning models to analyze socioeconomic data and generate a ranked list of communities with poverty rates exceeding 20%.
- Ensure that the model achieves at least 85% accuracy in identifying high-poverty areas based on historical data.
- Provide actionable insights and recommendations for resource allocation to at least 10 targeted communities identified by the model.

Test Outline:
- Validate the machine learning model's output by comparing its predictions against verified poverty statistics from the last census.
- Review the accuracy of the model by conducting a cross-validation with a separate dataset to ensure it meets the specified accuracy threshold.
- Assess the effectiveness of the resource allocation recommendations by tracking the outcomes in the targeted communities over a 12-month period.","it (ISO 29148)
that (ISO 29148)
can (NASA ARM)",3,4,1.0,3,4,1.0,3,5,2.0,3,5,2.0,4,5,1.0,2,5,3.0,3,5,2.0,—
A15US2Ge,"As a social worker, I want to use a tool that predicts income levels to help me assess the needs of my clients and connect them with appropriate support services.","User Story:
As a social worker, I want to utilize an income prediction tool so that I can accurately evaluate my clients' financial needs and effectively link them to relevant support services, enhancing their access to assistance.

Acceptance Criteria:
- The tool must provide income level predictions with an accuracy rate of at least 85%.
- It should allow for the assessment of at least 10 different client profiles simultaneously.
- The tool must generate a report that outlines recommended support services based on predicted income levels within 2 minutes of input.

Test Outline:
- Validate the accuracy of the income predictions by comparing them against actual client data.
- Test the tool's capability to handle multiple client profiles at once and ensure it functions without errors.
- Review the generated reports to confirm that they include appropriate support service recommendations based on the predicted income levels.","it (ISO 29148)
that (ISO 29148)
appropriate (ISO 29148)
capability to (NASA ARM)
can (NASA ARM)",3,4,1.0,3,4,1.0,3,5,2.0,3,5,2.0,4,5,1.0,2,5,3.0,3,5,2.0,—
A15US3Ge,"As a financial advisor, I want to use machine learning models to personalize financial advice for my clients based on their predicted income and lifestyle.","User Story:
As a financial advisor, I want to leverage machine learning algorithms to tailor financial recommendations for my clients based on their projected income and lifestyle choices, ensuring that the advice is relevant and actionable.

Acceptance Criteria:
- Implement machine learning models that accurately predict client income with an accuracy rate of at least 85%.
- Personalize financial advice for at least 90% of clients based on their unique lifestyle data.
- Provide clients with actionable insights that lead to a minimum of 15% improvement in their financial decision-making satisfaction scores.

Test Outline:
- Validate the accuracy of the income prediction models through a comparison of predicted versus actual income data.
- Assess the percentage of clients receiving personalized advice and gather feedback on its relevance and effectiveness.
- Measure client satisfaction scores before and after implementing the personalized advice to quantify improvements.",that (ISO 29148),3,4,1.0,3,5,2.0,3,4,1.0,2,5,3.0,4,5,1.0,2,5,3.0,3,5,2.0,—
A15US4Ge,"As a researcher studying economic inequality, I want to use machine learning to analyze trends and patterns in income distribution across different demographics and regions.","User Story:
As a researcher studying economic inequality, I want to leverage machine learning techniques to systematically analyze and identify trends and patterns in income distribution across various demographics and geographic regions, enabling data-driven insights for policy recommendations.

Acceptance Criteria:
- Implement machine learning models that can process and analyze income data from at least 5 different demographic groups and 10 distinct regions.
- Generate a comprehensive report detailing identified trends and patterns in income distribution with a minimum of 3 actionable insights.
- Validate the accuracy of the machine learning models with a precision rate of 85% or higher in predicting income distribution trends.

Test Outline:
- Review the machine learning model's performance metrics to ensure it effectively analyzes the specified demographic and regional data.
- Assess the generated report for clarity and the presence of actionable insights based on the analysis.
- Conduct a validation test on the model's predictions against actual income distribution data to confirm the required precision rate.","it (ISO 29148)
that (ISO 29148)
can (NASA ARM)",2,4,2.0,2,4,2.0,2,4,2.0,2,5,3.0,3,5,2.0,2,5,3.0,2,4,2.0,—
A15US5Ge,"As a non-profit organization, I want to use income prediction models to identify potential donors and target fundraising campaigns more effectively.","User Story:
As a non-profit organization, I want to implement income prediction models to accurately identify potential donors so that we can strategically target our fundraising campaigns, maximizing our outreach and increasing donations.

Acceptance Criteria:
- Develop and validate income prediction models that achieve at least 80% accuracy in identifying potential donors.
- Generate a prioritized list of at least 100 potential donors based on the model's predictions for targeted outreach.
- Increase the success rate of fundraising campaigns by at least 25% through targeted efforts based on the identified donor profiles.

Test Outline:
- Evaluate the accuracy of the income prediction models using a test dataset to ensure they meet the 80% accuracy threshold.
- Review the generated list of potential donors to confirm it contains at least 100 individuals prioritized by predicted income.
- Analyze the results of fundraising campaigns before and after implementing the targeted approach to measure the increase in success rates.","it (ISO 29148)
that (ISO 29148)
can (NASA ARM)",3,4,1.0,3,4,1.0,3,5,2.0,2,5,3.0,4,5,1.0,2,5,3.0,3,5,2.0,—
A15US6Ge,"As a marketing professional, I want to use machine learning to segment my audience based on predicted income levels and tailor marketing messages accordingly.","User Story:
As a marketing professional, I want to leverage machine learning algorithms to accurately segment my audience by predicting their income levels, enabling me to customize marketing messages that resonate with each segment for higher engagement and conversion rates.

Acceptance Criteria:
- Implement a machine learning model that achieves at least 85% accuracy in predicting audience income levels based on available data.
- Create at least 3 distinct audience segments based on predicted income levels for targeted marketing campaigns.
- Measure and report a minimum 20% increase in engagement rates for tailored marketing messages compared to generic messages.

Test Outline:
- Validate the accuracy of the machine learning model by comparing its predictions against actual income data.
- Review the segmentation process to ensure that at least 3 unique audience groups are created based on income predictions.
- Analyze engagement metrics from marketing campaigns to confirm the targeted messages yield a 20% or greater increase in user interaction.","that (ISO 29148)
greater (NASA ARM)",2,4,2.0,2,4,2.0,2,4,2.0,2,5,3.0,4,5,1.0,2,5,3.0,2,4,2.0,—
A15US7Ge,"As a credit risk analyst, I want to use machine learning models to assess the creditworthiness of loan applicants based on their predicted income and other relevant factors.","User Story:
As a credit risk analyst, I want to leverage advanced machine learning models to evaluate the creditworthiness of loan applicants by analyzing their predicted income and other significant financial indicators, so that I can make more informed lending decisions and reduce default rates.

Acceptance Criteria:
- Implement machine learning models that can accurately predict creditworthiness with at least 85% accuracy based on historical data.
- Ensure that the model incorporates at least 5 relevant factors, including predicted income, credit history, debt-to-income ratio, employment status, and existing liabilities.
- Provide a user-friendly interface that allows analysts to input applicant data and receive creditworthiness assessments within 10 seconds.

Test Outline:
- Validate the accuracy of the machine learning models by comparing predictions against actual loan performance data.
- Review the model's input parameters to confirm that all required factors are included and correctly weighted.
- Test the interface by inputting sample applicant data and measuring the response time for creditworthiness assessments.","that (ISO 29148)
significant (ISO 29148)
all (ISO 29148)
can (NASA ARM)
more (NASA ARM)",3,4,1.0,3,4,1.0,3,5,2.0,2,5,3.0,4,5,1.0,2,5,3.0,3,5,2.0,—
A15US8Ge,"As a human resources professional, I want to use machine learning to identify potential salary discrepancies within my organization and ensure fair compensation practices.","User Story:
As a human resources professional, I want to leverage machine learning algorithms to detect and analyze potential salary discrepancies within my organization so that I can promote equitable compensation practices and enhance employee satisfaction.

Acceptance Criteria:
- Implement a machine learning model that identifies salary discrepancies with at least 90% accuracy.
- Generate a report highlighting any identified discrepancies, with a minimum of 5 actionable insights for addressing inequities.
- Ensure that the model is updated quarterly to reflect changes in compensation data and organizational structure.

Test Outline:
- Validate the accuracy of the machine learning model by comparing its findings against a manually audited sample of salaries.
- Review the generated report to confirm it includes at least 5 actionable insights and that discrepancies are clearly outlined.
- Check the update process of the model to ensure it is functioning correctly and reflects the latest compensation data every quarter.","it (ISO 29148)
that (ISO 29148)
every (ISO 29148)
can (NASA ARM)",3,4,1.0,3,4,1.0,3,5,2.0,3,5,2.0,4,5,1.0,2,5,3.0,3,5,2.0,—
A15US9Ge,"As a citizen concerned about income inequality, I want to see the results of machine learning models used to inform policy decisions and promote economic justice.","User Story:
As a citizen concerned about income inequality, I want to access the outcomes of machine learning models that are utilized in shaping policy decisions so that I can better understand their impact on addressing income inequality and fostering economic justice.

Acceptance Criteria:
- Provide a detailed report on the machine learning models used, including their methodologies and data sources, within 30 days of request.
- Ensure that at least 3 key policy decisions influenced by these models are highlighted, with measurable outcomes related to income inequality.
- Make the results publicly available on a dedicated platform, ensuring accessibility for all citizens within 60 days.

Test Outline:
- Review the report for clarity and comprehensiveness regarding the machine learning models and their applications.
- Verify that the highlighted policy decisions include quantifiable impacts on income inequality, such as percentage changes in income distribution.
- Check the dedicated platform to confirm that the results are accessible and user-friendly for the general public.","that (ISO 29148)
these (ISO 29148)
better (ISO 29148)
all (ISO 29148)
can (NASA ARM)
better (NASA ARM)",2,4,2.0,1,4,3.0,2,5,3.0,2,5,3.0,4,5,1.0,1,5,4.0,2,5,3.0,—
A15US10Ge,"As a data scientist, I want to develop and evaluate different machine learning algorithms for income forecasting, ensuring accuracy, fairness, and responsible use of data.","User Story:
As a data scientist, I want to design and assess various machine learning algorithms for predicting income levels, ensuring that the models achieve a minimum accuracy of 90%, promote fairness across demographic groups, and adhere to ethical data usage standards.

Acceptance Criteria:
- Achieve an accuracy rate of at least 90% on the validation dataset for all developed algorithms.
- Conduct fairness assessments to ensure that the prediction outcomes do not exhibit bias across different demographic categories, with a fairness score of ≥0.8.
- Document and implement responsible data usage practices, ensuring compliance with relevant regulations and ethical guidelines.

Test Outline:
- Evaluate the accuracy of each machine learning model using a validation dataset and confirm that the accuracy meets or exceeds the target.
- Perform fairness analysis on the model predictions to verify that the fairness score aligns with the established criteria.
- Review the documentation and practices related to data usage to ensure compliance with ethical standards and regulations.","that (ISO 29148)
all (ISO 29148)",2,4,2.0,2,4,2.0,2,4,2.0,2,5,3.0,3,5,2.0,2,5,3.0,2,4,2.0,—
A16US1Ge,"As a pediatrician, I want a non-invasive tool that can analyze a newborn's cry and help me identify potential health issues early on.","User Story:
As a pediatrician, I want to utilize a non-invasive diagnostic tool that analyzes a newborn's cry so that I can detect potential health issues early, improving patient outcomes and facilitating timely interventions.

Acceptance Criteria:
- The tool must accurately analyze and categorize at least 90% of recorded cries to identify potential health concerns.
- Provide results within 30 seconds of analysis to ensure prompt decision-making.
- Include a user-friendly interface that allows for easy interpretation of results by healthcare professionals.

Test Outline:
- Conduct a series of tests with the tool to verify its accuracy in identifying health issues based on cry analysis.
- Measure the time taken for the tool to provide results after a cry is recorded to ensure it meets the 30-second criterion.
- Evaluate the interface usability through feedback from pediatricians to confirm it is intuitive and effective for clinical use.","easy (ISO 29148)
effective (ISO 29148)
intuitive (ISO 29148)
it (ISO 29148)
that (ISO 29148)
effective (NASA ARM)
timely (NASA ARM)
can (NASA ARM)",3,4,1.0,3,4,1.0,2,5,3.0,2,5,3.0,4,5,1.0,2,5,3.0,3,5,2.0,—
A16US2Ge,"As a nurse in the neonatal intensive care unit, I want a system that can continuously monitor newborn cries and alert me to any concerning changes.","User Story:
As a nurse in the neonatal intensive care unit, I want an advanced monitoring system that continuously analyzes newborn cries and promptly alerts me to any significant changes in their sound patterns, so that I can respond quickly to potential health issues.

Acceptance Criteria:
- The system must accurately detect and analyze at least 95% of all newborn cries in real-time.
- Alerts should be generated within 3 seconds of identifying a concerning change in the cry pattern.
- The system should provide a detailed report of cry patterns and alerts for review at the end of each shift.

Test Outline:
- Conduct tests to verify the system's accuracy in detecting and analyzing newborn cries against a control group.
- Measure the time taken from the detection of a concerning change to the generation of an alert to ensure it meets the 3-second requirement.
- Review the generated reports at the end of each shift to confirm the system logs all relevant cry patterns and alerts accurately.","it (ISO 29148)
that (ISO 29148)
significant (ISO 29148)
all (ISO 29148)
can (NASA ARM)",3,4,1.0,3,4,1.0,3,5,2.0,3,5,2.0,4,5,1.0,2,5,3.0,3,5,2.0,—
A16US3Ge,"As a parent of a newborn, I want a device that can help me understand my baby's cries and determine if they need medical attention.","User Story:
As a parent of a newborn, I want a smart device that analyzes and interprets my baby's cries so that I can quickly assess whether they require medical attention, ensuring their health and well-being.

Acceptance Criteria:
- The device must accurately identify and categorize at least 90% of different cry types (e.g., hunger, discomfort, illness).
- Provide real-time alerts within 2 minutes if a cry is detected that indicates potential medical concern.
- Include a user-friendly interface that allows parents to access cry analysis history and recommendations for care.

Test Outline:
- Conduct tests with various cry samples to verify the device's accuracy in identifying cry types and measuring the percentage of correct classifications.
- Monitor the response time of alerts to ensure they are delivered within the specified 2-minute window.
- Evaluate the usability of the interface by gathering feedback from parents on their experience accessing and interpreting the cry analysis data.","that (ISO 29148)
can (NASA ARM)",2,4,2.0,1,4,3.0,2,5,3.0,2,5,3.0,4,5,1.0,1,5,4.0,2,5,3.0,—
A16US4Ge,"As a researcher studying newborn health, I want to use this system to analyze large datasets of infant cries and identify patterns associated with different medical conditions.","User Story:
As a researcher studying newborn health, I want to leverage this system to analyze extensive datasets of infant cries so that I can identify specific patterns linked to various medical conditions, ultimately enhancing early diagnosis and intervention strategies.

Acceptance Criteria:
- Successfully process and analyze datasets containing at least 10,000 recorded infant cries.
- Identify and categorize at least 5 distinct cry patterns associated with different medical conditions.
- Generate a report summarizing findings within 2 weeks of data analysis completion.

Test Outline:
- Validate the system's capability to handle and analyze the specified volume of cry data without performance degradation.
- Review the identified cry patterns to ensure they are accurately linked to the corresponding medical conditions.
- Assess the timeliness and comprehensiveness of the generated report against the 2-week deadline.","this (ISO 29148)
that (ISO 29148)
capability to (NASA ARM)
can (NASA ARM)",3,4,1.0,3,4,1.0,3,5,2.0,3,5,2.0,4,5,1.0,2,5,3.0,3,5,2.0,—
A16US5Ge,"As a developer of medical devices, I want to explore the potential of integrating this technology into wearable devices for continuous monitoring of newborns.","User Story:
As a developer of medical devices, I want to investigate the feasibility of incorporating this technology into wearable devices to enable continuous monitoring of newborns, thereby enhancing early detection of health issues and improving patient outcomes.

Acceptance Criteria:
- Conduct a comprehensive analysis of at least 3 wearable technologies suitable for newborn monitoring.
- Identify and document at least 5 key health metrics that can be effectively monitored using the integrated technology.
- Develop a prototype that demonstrates the integration of the technology within a wearable device, with a focus on user safety and data accuracy.

Test Outline:
- Review the analysis report to ensure it includes evaluations of the selected wearable technologies and their applicability.
- Validate the identified health metrics through expert consultations and literature reviews to confirm their relevance and importance.
- Test the prototype for functionality and safety, ensuring it accurately monitors the specified health metrics in a controlled environment.","it (ISO 29148)
this (ISO 29148)
that (ISO 29148)
can (NASA ARM)",3,3,0.0,1,4,3.0,2,4,2.0,2,4,2.0,3,4,1.0,1,4,3.0,2,4,2.0,—
A16US6Ge,"As a public health official, I want to use this system to identify newborns at risk of health complications and ensure they receive timely interventions.","User Story:
As a public health official, I want to leverage this system to accurately identify newborns at risk for health complications so that we can implement timely interventions and improve health outcomes for these vulnerable infants.

Acceptance Criteria:
- The system must flag at least 90% of newborns who meet the risk criteria based on health data analysis.
- Ensure that interventions are initiated within 24 hours for 95% of identified at-risk newborns.
- Generate a report detailing the number of newborns identified and the interventions provided, with a target completion rate of 100%.

Test Outline:
- Validate the accuracy of the system by cross-referencing flagged newborns with actual health outcomes to ensure the 90% identification rate.
- Monitor the time taken from identification to intervention initiation to confirm that 95% of cases are addressed within the 24-hour window.
- Review the generated report for completeness and accuracy, ensuring all identified cases and interventions are documented.","this (ISO 29148)
that (ISO 29148)
these (ISO 29148)
all (ISO 29148)
timely (NASA ARM)
can (NASA ARM)",3,4,1.0,3,4,1.0,3,5,2.0,2,5,3.0,4,5,1.0,2,5,3.0,3,5,2.0,—
A16US7Ge,"As a data scientist, I want to improve the accuracy and efficiency of this system by exploring different machine learning algorithms and feature extraction techniques.","User Story:
As a data scientist, I want to enhance the system's predictive accuracy and processing efficiency by systematically evaluating various machine learning algorithms and implementing advanced feature extraction techniques, so that we can achieve measurable improvements in model performance.

Acceptance Criteria:
- Conduct experiments with at least 5 different machine learning algorithms and compare their accuracy metrics, aiming for an improvement of at least 10% over the current baseline.
- Implement at least 3 distinct feature extraction techniques and assess their impact on model efficiency, targeting a reduction in processing time by 20% or more.
- Document the findings and performance metrics for each algorithm and feature extraction method to facilitate informed decision-making.

Test Outline:
- Validate the accuracy of each machine learning algorithm by running cross-validation and comparing results against the baseline.
- Measure the processing time before and after applying the new feature extraction techniques to ensure the targeted efficiency improvements are met.
- Review the documentation to confirm that all experiments and results are clearly recorded and accessible for future reference.","that (ISO 29148)
all (ISO 29148)
can (NASA ARM)
more (NASA ARM)",2,4,2.0,2,4,2.0,2,5,3.0,2,5,3.0,4,5,1.0,1,5,4.0,2,5,3.0,—
A16US8Ge,"As an advocate for newborn health, I want to see this system implemented in hospitals and clinics around the world to improve early detection and treatment of health problems in newborns.","User Story:
As an advocate for newborn health, I want to ensure the implementation of this health monitoring system in hospitals and clinics globally so that we can enhance the early detection and treatment of health issues in newborns, ultimately reducing infant mortality rates.

Acceptance Criteria:
- Achieve deployment of the system in at least 500 hospitals and clinics within the first year.
- Ensure that 90% of healthcare providers using the system report improved early detection of health problems in newborns.
- Collect data showing a reduction in health complications in newborns by at least 25% within two years of implementation.

Test Outline:
- Track the number of hospitals and clinics that have successfully implemented the system within the specified timeframe.
- Conduct surveys with healthcare providers to assess their experiences and improvements in early detection rates.
- Analyze health outcome data for newborns before and after the system's implementation to measure the impact on health complications.","this (ISO 29148)
that (ISO 29148)
improved (ISO 29148)
can (NASA ARM)
improved (NASA ARM)",1,4,3.0,1,4,3.0,1,4,3.0,2,5,3.0,2,5,3.0,1,5,4.0,1,4,3.0,—
A16US9Ge,"As a parent who has experienced a newborn with health issues, I want to see this system available to all families to provide peace of mind and early intervention when needed.","User Story:
As a parent who has experienced a newborn with health issues, I want this system to be accessible to all families so that they can benefit from early intervention and gain peace of mind regarding their child's health.

Acceptance Criteria:
- Ensure the system is available to at least 90% of families with newborns within the first year of launch.
- Provide educational resources and support materials to at least 80% of users to facilitate understanding of health issues.
- Implement a feedback mechanism to gather insights from at least 70% of users to continuously improve the system's effectiveness.

Test Outline:
- Track the percentage of families who can access the system within the specified timeframe after launch.
- Assess the distribution and usage of educational resources among users to confirm that 80% engagement is achieved.
- Analyze user feedback collected through the mechanism to ensure that at least 70% of users provide insights for system enhancement.","this (ISO 29148)
that (ISO 29148)
all (ISO 29148)
can (NASA ARM)",2,4,2.0,1,5,4.0,2,5,3.0,2,5,3.0,2,5,3.0,1,5,4.0,2,5,3.0,—
A16US10Ge,"As an ethicist, I want to ensure that this system is used responsibly and ethically, with clear guidelines for data privacy and protection of sensitive information.","User Story:
As an ethicist, I want to establish comprehensive guidelines for the responsible and ethical use of this system, ensuring robust data privacy and the protection of sensitive information to foster trust and compliance.

Acceptance Criteria:
- Develop a detailed framework outlining data privacy policies that comply with relevant regulations (e.g., GDPR, CCPA).
- Implement training sessions for all users on ethical data handling practices, with at least 90% participation.
- Conduct regular audits to assess adherence to the established guidelines, aiming for a compliance rate of 95% or higher.

Test Outline:
- Review the developed framework to ensure it meets legal and ethical standards for data privacy.
- Track attendance and feedback from training sessions to confirm user understanding of ethical practices.
- Perform audits and document findings to verify compliance with the guidelines, ensuring corrective actions are taken as needed.","robust (ISO 29148)
it (ISO 29148)
this (ISO 29148)
that (ISO 29148)
all (ISO 29148)",2,4,2.0,2,5,3.0,2,4,2.0,2,5,3.0,3,5,2.0,2,5,3.0,2,5,3.0,—
A17US1Ge,"As a sleep specialist, I want to use an advanced prediction system to forecast episodes of apnea and hypopnea, enabling me to tailor treatment plans more effectively for individual patients.","User Story:
As a sleep specialist, I want to implement a sophisticated predictive analytics system to accurately forecast episodes of apnea and hypopnea, allowing me to customize treatment plans for each patient based on their specific needs and risk factors.

Acceptance Criteria:
- Achieve a prediction accuracy of at least 85% for identifying apnea and hypopnea episodes.
- Generate patient-specific reports that detail predicted episodes at least 24 hours in advance.
- Enable real-time monitoring and alerts for patients experiencing high-risk apnea or hypopnea events.

Test Outline:
- Validate the prediction accuracy by comparing forecasted episodes against actual occurrences in a sample of patients.
- Review the generated reports to ensure they provide timely and relevant information for at least 80% of patients.
- Test the real-time monitoring system to confirm that alerts are triggered appropriately for patients at risk.","that (ISO 29148)
timely (NASA ARM)",3,4,1.0,3,4,1.0,3,4,1.0,3,5,2.0,4,5,1.0,2,5,3.0,3,4,1.0,—
A17US2Ge,"As a medical researcher, I need to analyze the effectiveness of using LAMSTAR neural networks and wavelet transform-based preprocessing in predicting sleep disturbances, to advance understanding and technology in sleep medicine.","User Story:
As a medical researcher, I want to evaluate the efficacy of LAMSTAR neural networks combined with wavelet transform-based preprocessing in predicting sleep disturbances, so that I can contribute to advancements in sleep medicine technology and improve patient outcomes.

Acceptance Criteria:
- Conduct a comparative analysis demonstrating at least a 15% improvement in prediction accuracy over traditional methods.
- Collect and analyze data from a minimum of 200 sleep study participants to ensure statistical significance.
- Present findings in a peer-reviewed journal, targeting a publication within 12 months of study completion.

Test Outline:
- Validate the prediction accuracy of the LAMSTAR neural networks against baseline models using the collected data.
- Ensure that the sample size meets the required threshold for statistical analysis and significance.
- Track the submission and review process of the research paper to confirm it is published within the specified timeframe.","it (ISO 29148)
that (ISO 29148)
can (NASA ARM)",2,4,2.0,1,4,3.0,2,5,3.0,2,5,3.0,2,5,3.0,1,5,4.0,2,5,3.0,—
A17US3Ge,"As a biomedical engineer, I want to develop and refine technologies that integrate physiological signals to predict sleep disorders accurately, enhancing diagnostic tools available to clinicians.","User Story:
As a biomedical engineer, I want to innovate and optimize technologies that seamlessly integrate physiological signals to accurately predict sleep disorders, thereby improving the diagnostic tools accessible to healthcare professionals.

Acceptance Criteria:
- Develop a prototype that integrates at least 3 different physiological signals (e.g., EEG, heart rate, and respiratory patterns) for sleep disorder prediction.
- Achieve a prediction accuracy of ≥85% in clinical trials compared to existing diagnostic methods.
- Ensure that the technology can be implemented in a clinical setting with a user-friendly interface for clinicians.

Test Outline:
- Conduct trials to evaluate the prototype's ability to predict sleep disorders and measure its accuracy against established benchmarks.
- Gather feedback from clinicians on the usability and effectiveness of the diagnostic tool in real-world scenarios.
- Analyze the integration process of physiological signals to confirm seamless functionality and reliability.","that (ISO 29148)
can (NASA ARM)",2,4,2.0,2,5,3.0,2,4,2.0,2,5,3.0,3,5,2.0,2,5,3.0,2,5,3.0,—
A17US4Ge,"As a data scientist in healthcare, I need to employ machine learning models to predict health events from polysomnography data, ensuring that the models are trained and tested to optimize sensitivity and specificity.","User Story:
As a data scientist in healthcare, I need to implement machine learning models that analyze polysomnography data to accurately predict health events, ensuring that these models are rigorously trained and validated to achieve a sensitivity of at least 85% and a specificity of at least 90%.

Acceptance Criteria:
- Develop and train machine learning models that achieve a minimum sensitivity of 85% in predicting health events.
- Ensure that the models demonstrate a specificity of 90% or higher during testing.
- Validate the models using a diverse dataset to confirm their predictive accuracy across different patient demographics.

Test Outline:
- Evaluate the sensitivity and specificity of the models using a test dataset to ensure they meet the established criteria.
- Conduct cross-validation to assess the models' performance across various subsets of the data, ensuring robustness and reliability.","that (ISO 29148)
these (ISO 29148)",3,4,1.0,3,4,1.0,3,4,1.0,3,5,2.0,3,5,2.0,3,5,2.0,3,4,1.0,—
A17US5Ge,"As a clinical trial coordinator, I am interested in conducting a study to validate the effectiveness of the predictive system during non-REM and REM sleep phases, providing empirical support for its clinical use.","User Story:
As a clinical trial coordinator, I want to execute a comprehensive study to empirically validate the effectiveness of the predictive system during both non-REM and REM sleep phases, ensuring robust evidence for its clinical application.

Acceptance Criteria:
- Design and implement a clinical trial protocol that includes at least 100 participants to assess the predictive system's performance across different sleep phases.
- Collect and analyze data to demonstrate a statistically significant improvement in predictive accuracy, with a target of ≥85% accuracy during both non-REM and REM sleep.
- Generate a detailed report summarizing the findings, including recommendations for clinical use based on the study results.

Test Outline:
- Review the clinical trial protocol to ensure it meets regulatory standards and includes the required sample size.
- Analyze the collected data to confirm that the predictive system achieves the targeted accuracy levels during the specified sleep phases.
- Evaluate the final report for clarity, comprehensiveness, and actionable insights regarding the system's clinical applicability.","robust (ISO 29148)
it (ISO 29148)
that (ISO 29148)
significant (ISO 29148)",2,3,1.0,2,4,2.0,2,4,2.0,2,4,2.0,2,4,2.0,2,4,2.0,2,4,2.0,—
A17US6Ge,"As a software developer for medical devices, I need to integrate predictive algorithms into sleep monitoring equipment, allowing for real-time alerts and intervention during sleep studies.","User Story:
As a software developer for medical devices, I need to implement predictive algorithms into sleep monitoring systems so that we can provide real-time alerts and facilitate timely interventions during sleep studies, ultimately enhancing patient safety and care.

Acceptance Criteria:
- Integrate predictive algorithms that can analyze sleep data and generate alerts within 2 seconds of detecting anomalies.
- Ensure that at least 90% of alerts are actionable and lead to appropriate interventions during sleep studies.
- Validate that the system can handle a minimum of 100 simultaneous sleep studies without performance degradation.

Test Outline:
- Test the response time of the predictive algorithms to confirm alerts are generated within the specified 2-second window.
- Review the outcomes of alerts to ensure that at least 90% result in successful interventions.
- Simulate 100 concurrent sleep studies and monitor system performance to ensure stability and responsiveness.","that (ISO 29148)
appropriate (ISO 29148)
timely (NASA ARM)
can (NASA ARM)",2,4,2.0,2,4,2.0,3,5,2.0,2,5,3.0,4,5,1.0,2,5,3.0,3,5,2.0,—
A17US7Ge,"As a healthcare policy advisor, I want to understand the potential impact of predictive technologies on managing sleep apnea, to advocate for funding and research that support non-invasive management strategies.","User Story:
As a healthcare policy advisor, I want to analyze the potential effects of predictive technologies on the management of sleep apnea so that I can effectively advocate for increased funding and research dedicated to non-invasive treatment strategies.

Acceptance Criteria:
- Conduct a comprehensive review of at least 5 studies demonstrating the effectiveness of predictive technologies in sleep apnea management.
- Identify and quantify at least 3 specific non-invasive strategies that could be enhanced through predictive technology.
- Prepare a report outlining the potential cost savings and health benefits associated with implementing these technologies, aiming for a minimum of 20% improvement in patient outcomes.

Test Outline:
- Validate the findings by cross-referencing the identified studies with current healthcare data on sleep apnea management.
- Present the report to stakeholders and gather feedback to ensure clarity and persuasiveness of the advocacy message.","that (ISO 29148)
these (ISO 29148)
can (NASA ARM)",3,4,1.0,3,5,2.0,3,5,2.0,3,5,2.0,3,5,2.0,2,5,3.0,3,5,2.0,—
A17US8Ge,"As a patient with obstructive sleep apnea, I am interested in participating in a program that uses this predictive system, hoping to gain better control over my condition and improve my quality of sleep.","User Story:
As a patient with obstructive sleep apnea, I want to enroll in a predictive health management program so that I can actively monitor my condition and enhance my sleep quality through tailored interventions.

Acceptance Criteria:
- Successfully complete the enrollment process in the predictive health management program within 2 weeks of application.
- Receive personalized insights and recommendations based on my sleep data at least once a week.
- Achieve a measurable improvement in sleep quality, defined as a reduction in apnea episodes by at least 30% within 3 months of participation.

Test Outline:
- Verify that the enrollment process is completed within the specified timeframe by tracking application status.
- Monitor the frequency and relevance of personalized insights provided to ensure weekly engagement.
- Assess changes in sleep quality by analyzing sleep study results before and after program participation to confirm the targeted reduction in apnea episodes.","that (ISO 29148)
can (NASA ARM)",3,4,1.0,3,4,1.0,3,5,2.0,3,5,2.0,3,5,2.0,2,5,3.0,3,5,2.0,—
A17US9Ge,"As a medical device marketer, I need to highlight the capabilities of our new sleep apnea prediction technology, focusing on its accuracy and the benefits it offers to both patients and clinicians.","User Story:
As a medical device marketer, I need to effectively showcase the advanced capabilities of our new sleep apnea prediction technology, emphasizing its high accuracy and the significant benefits it provides to both patients and healthcare professionals.

Acceptance Criteria:
- Demonstrate that the technology achieves an accuracy rate of at least 90% in predicting sleep apnea events.
- Highlight the reduction in diagnosis time for clinicians by at least 30% compared to traditional methods.
- Present patient outcomes showing a minimum 20% improvement in treatment adherence due to the technology's user-friendly interface.

Test Outline:
- Conduct clinical trials to validate the accuracy rate of the prediction technology and document the results.
- Gather feedback from clinicians on the time taken to diagnose sleep apnea using the new technology versus previous methods.
- Survey patients to assess their adherence to treatment plans before and after using the new technology.","it (ISO 29148)
that (ISO 29148)
significant (ISO 29148)",3,4,1.0,3,5,2.0,3,4,1.0,2,5,3.0,3,5,2.0,2,5,3.0,3,5,2.0,—
A17US10Ge,"As a healthcare IT specialist, I am tasked with ensuring that the data from sleep studies are securely handled and that the systems integrating this new predictive technology comply with medical data regulations and privacy laws.","User Story:
As a healthcare IT specialist, I want to implement secure handling protocols for sleep study data and ensure that the systems integrating predictive technology adhere to medical data regulations and privacy laws, so that patient information is protected and compliance is maintained.

Acceptance Criteria:
- Establish data encryption standards that meet or exceed HIPAA requirements for all sleep study data.
- Conduct a compliance audit to verify that 100% of systems integrating predictive technology align with relevant medical data regulations.
- Implement access controls that limit data access to authorized personnel only, ensuring that at least 95% of access requests are logged and monitored.

Test Outline:
- Review encryption methods used for sleep study data to confirm they meet HIPAA standards.
- Perform a compliance audit and document findings to ensure all systems are compliant with medical regulations.
- Test access control mechanisms to verify that unauthorized access attempts are blocked and logged appropriately.","secure (ISO 29148)
it (ISO 29148)
that (ISO 29148)
all (ISO 29148)",2,4,2.0,2,4,2.0,2,5,3.0,2,5,3.0,2,5,3.0,2,5,3.0,2,5,3.0,—
A18US1Ge,"As a radiologist, I want a tool that can assist me in diagnosing TB disease from chest X-rays, improving accuracy and efficiency in my workflow.","User Story:
As a radiologist, I want an advanced diagnostic tool that aids in the identification of tuberculosis (TB) from chest X-rays so that I can enhance diagnostic accuracy by at least 20% and streamline my workflow, reducing the time spent on each case by 30%.

Acceptance Criteria:
- The tool must achieve a diagnostic accuracy rate of 90% or higher when tested against a standard dataset of chest X-rays.
- The average time taken to analyze and provide results for each X-ray should be reduced to 5 minutes or less.
- The tool should integrate seamlessly with existing radiology software to ensure a smooth workflow transition.

Test Outline:
- Conduct a comparative analysis of the tool's diagnostic accuracy against expert radiologists to validate the accuracy rate.
- Measure the time taken from X-ray upload to result generation to confirm it meets the time criteria.
- Test the integration of the tool with current radiology systems to ensure compatibility and ease of use.","it (ISO 29148)
that (ISO 29148)
can (NASA ARM)
less (NASA ARM)",3,4,1.0,3,4,1.0,2,5,3.0,2,5,3.0,4,5,1.0,2,5,3.0,3,5,2.0,—
A18US2Ge,"As a patient with suspected TB, I want access to a fast and reliable method for TB detection to receive timely treatment and prevent further complications.","User Story:
As a patient with suspected TB, I want to utilize a rapid and accurate TB detection method so that I can receive prompt treatment and minimize the risk of complications or transmission to others.

Acceptance Criteria:
- The TB detection method must provide results within 24 hours of testing.
- The accuracy of the detection method should be at least 95% to ensure reliable diagnosis.
- Patients should be able to access the testing service at a minimum of 5 locations within a 10-mile radius.

Test Outline:
- Track the time taken from test administration to result delivery to confirm it meets the 24-hour requirement.
- Review the test results against confirmed cases to validate the accuracy rate of 95% or higher.
- Map the testing locations to ensure accessibility for patients within the specified distance.","reliable (ISO 29148)
it (ISO 29148)
that (ISO 29148)
be able to (NASA ARM)
can (NASA ARM)",3,4,1.0,3,4,1.0,3,5,2.0,3,5,2.0,4,5,1.0,2,5,3.0,3,5,2.0,—
A18US3Ge,"As a public health official, I want a cost-effective and scalable tool for TB screening in high-burden regions to facilitate early diagnosis and control the spread of the disease.","User Story:
As a public health official, I want to implement a scalable and budget-friendly tool for tuberculosis (TB) screening in high-burden areas so that we can achieve early diagnosis and effectively curb the transmission of the disease.

Acceptance Criteria:
- The tool must be deployable in at least 5 high-burden regions within the first year of implementation.
- The cost per screening must not exceed $10 to ensure affordability and accessibility.
- The tool should facilitate the identification of at least 80% of active TB cases during initial screenings.

Test Outline:
- Evaluate the deployment of the screening tool in the designated regions to confirm it meets the geographical criteria.
- Analyze the cost structure of the screening process to ensure it remains within the budgetary limits.
- Review screening results to verify that the tool successfully identifies a minimum of 80% of active TB cases.","it (ISO 29148)
that (ISO 29148)
can (NASA ARM)",3,4,1.0,2,4,2.0,3,5,2.0,2,5,3.0,3,5,2.0,2,5,3.0,3,5,2.0,—
A18US4Ge,"As a medical device developer, I want to integrate this technology into AI-powered diagnostic systems for use in hospitals and clinics.","User Story:
As a medical device developer, I want to seamlessly incorporate this technology into AI-driven diagnostic systems for deployment in hospitals and clinics, enhancing diagnostic accuracy and efficiency.

Acceptance Criteria:
- Successfully integrate the technology into at least 3 AI diagnostic systems within a 6-month timeframe.
- Achieve a minimum diagnostic accuracy improvement of 20% compared to existing systems.
- Ensure that the integrated system is compliant with relevant medical regulations and standards before deployment.

Test Outline:
- Conduct integration tests to verify that the technology functions correctly within the AI diagnostic systems.
- Measure and compare diagnostic accuracy before and after integration to confirm the targeted improvement.
- Review compliance documentation and perform audits to ensure adherence to medical regulations.","this (ISO 29148)
that (ISO 29148)",2,4,2.0,1,4,3.0,2,4,2.0,2,5,3.0,3,5,2.0,1,5,4.0,2,4,2.0,—
A18US5Ge,"As a researcher studying TB, I want to explore the potential of this method for analyzing large datasets of chest X-rays to identify patterns and improve our understanding of the disease.","User Story:
As a researcher studying TB, I want to investigate the efficacy of this analytical method for processing extensive datasets of chest X-rays so that I can uncover significant patterns and enhance our comprehension of the disease's progression and diagnosis.

Acceptance Criteria:
- Analyze a dataset of at least 10,000 chest X-ray images to identify relevant patterns associated with tuberculosis.
- Achieve a minimum accuracy rate of 85% in identifying TB-related anomalies compared to expert radiologist assessments.
- Generate a comprehensive report detailing the findings and insights derived from the analysis within 4 weeks of data processing.

Test Outline:
- Validate the analysis by comparing the identified patterns against a control group of chest X-rays reviewed by radiologists.
- Review the accuracy of the method by cross-referencing results with established TB diagnostic criteria.","this (ISO 29148)
that (ISO 29148)
significant (ISO 29148)
can (NASA ARM)",3,4,1.0,3,4,1.0,3,5,2.0,2,5,3.0,3,5,2.0,2,5,3.0,3,5,2.0,—
A18US6Ge,"As a data scientist, I want to compare the performance of different pre-trained CNN models and optimize the system for even higher accuracy in TB classification.","User Story:
As a data scientist, I want to evaluate and benchmark the performance of various pre-trained Convolutional Neural Network (CNN) models so that I can enhance the system's accuracy in tuberculosis (TB) classification, ultimately improving diagnostic outcomes.

Acceptance Criteria:
- Conduct performance comparisons of at least 5 different pre-trained CNN models, documenting accuracy metrics for each.
- Achieve a minimum accuracy improvement of 5% over the baseline model in TB classification.
- Optimize the selected model to ensure it processes images with a latency of 200 milliseconds or less per image.

Test Outline:
- Analyze and record the accuracy of each pre-trained CNN model on a standardized TB dataset to validate performance claims.
- Implement the optimized model and measure its accuracy against the baseline to confirm the targeted improvement.
- Test the image processing speed of the optimized model to ensure it meets the latency requirement.","it (ISO 29148)
that (ISO 29148)
can (NASA ARM)
less (NASA ARM)",3,4,1.0,3,4,1.0,3,5,2.0,3,5,2.0,4,5,1.0,2,5,3.0,3,5,2.0,—
A18US7Ge,"As a healthcare provider in a resource-limited setting, I want a TB detection tool that requires minimal training and computational resources for easy implementation.","User Story:
As a healthcare provider in a resource-limited setting, I want a tuberculosis (TB) detection tool that necessitates minimal training and utilizes limited computational resources so that I can implement it effectively and efficiently in my practice.

Acceptance Criteria:
- The tool should be operational with no more than 2 hours of training required for healthcare staff.
- It must function on devices with a minimum specification of 1GB RAM and a basic processor to ensure accessibility.
- The detection accuracy should be at least 85% to ensure reliable results in diagnosing TB.

Test Outline:
- Assess the training time required for healthcare staff to become proficient in using the tool.
- Test the tool on devices with the specified minimum requirements to confirm functionality.
- Conduct a series of tests to evaluate the detection accuracy of the tool against established TB cases.","reliable (ISO 29148)
it (ISO 29148)
that (ISO 29148)
minimal (ISO 29148)
can (NASA ARM)
more (NASA ARM)",3,4,1.0,3,4,1.0,2,5,3.0,3,5,2.0,4,5,1.0,2,5,3.0,3,5,2.0,—
A18US8Ge,"As a patient advocate, I want to ensure that this technology is accessible and affordable for all patients, regardless of their location or socioeconomic background.","User Story:
As a patient advocate, I want to guarantee that this technology is both accessible and affordable for every patient, irrespective of their geographic location or socioeconomic status, so that all individuals can benefit from it equally.

Acceptance Criteria:
- Ensure that the technology is available in at least 90% of healthcare facilities across diverse regions.
- Maintain a cost structure that allows for a maximum out-of-pocket expense of $50 per patient per month.
- Implement outreach programs that reach at least 75% of low-income communities to educate them about the technology.

Test Outline:
- Conduct a survey to verify the availability of the technology in healthcare facilities across various regions.
- Analyze billing data to confirm that the out-of-pocket costs for patients do not exceed the specified limit.
- Evaluate the effectiveness of outreach programs by measuring the percentage of low-income community members informed about the technology.","it (ISO 29148)
this (ISO 29148)
that (ISO 29148)
all (ISO 29148)
every (ISO 29148)
can (NASA ARM)",2,4,2.0,1,4,3.0,2,5,3.0,2,5,3.0,3,5,2.0,1,5,4.0,2,5,3.0,—
A18US9Ge,"As an ethicist, I want to see clear guidelines and safeguards in place to ensure responsible use of this technology, protecting patient privacy and data security.","User Story:
As an ethicist, I want to access comprehensive guidelines and robust safeguards to ensure the responsible application of this technology, thereby protecting patient privacy and enhancing data security.

Acceptance Criteria:
- Establish a set of clear ethical guidelines that outline the responsible use of technology in healthcare, with at least 5 key principles.
- Implement data security measures that comply with industry standards, ensuring that patient data is encrypted and access is restricted to authorized personnel only.
- Conduct regular audits every 6 months to assess compliance with privacy regulations and the effectiveness of the safeguards in place.

Test Outline:
- Review the documented ethical guidelines to confirm they include the specified principles and are accessible to all stakeholders.
- Evaluate the data security protocols to ensure they meet the required standards and verify encryption and access controls.
- Schedule and perform audits to assess adherence to privacy regulations and report on the effectiveness of the implemented safeguards.","robust (ISO 29148)
this (ISO 29148)
that (ISO 29148)
all (ISO 29148)
every (ISO 29148)",2,4,2.0,2,4,2.0,2,4,2.0,2,5,3.0,4,5,1.0,1,5,4.0,2,4,2.0,—
A18US10Ge,"As a policymaker, I want to explore how this technology can be integrated into national TB control programs to improve early detection and treatment rates.","User Story:
As a policymaker, I want to investigate the integration of this technology into national tuberculosis (TB) control programs so that we can enhance early detection and treatment rates, ultimately reducing the incidence of TB across the population.

Acceptance Criteria:
- Conduct a comprehensive analysis of current TB control programs to identify at least 3 key areas where technology can be effectively implemented.
- Develop a pilot program that demonstrates a minimum 20% increase in early detection rates within the first 6 months of implementation.
- Establish a framework for evaluating treatment success rates, aiming for at least a 15% improvement in patient outcomes within the first year.

Test Outline:
- Review existing TB control program data to assess the impact of technology integration on early detection and treatment.
- Monitor and report on the early detection rates before and after the pilot program to confirm the targeted increase.
- Evaluate patient outcomes through follow-up assessments to ensure the treatment success rate meets or exceeds the established goal.","this (ISO 29148)
that (ISO 29148)
can (NASA ARM)",2,4,2.0,2,4,2.0,2,5,3.0,2,5,3.0,3,5,2.0,1,5,4.0,2,5,3.0,—
A19US1Ge,"As a bank risk analyst, I want to use a model that accurately predicts which credit card customers are most likely to default on their payments, allowing me to make better lending decisions and reduce financial losses for the bank.","User Story:
As a bank risk analyst, I want to implement a predictive model that reliably identifies credit card customers at high risk of defaulting on their payments, enabling me to enhance lending decisions and minimize potential financial losses for the bank.

Acceptance Criteria:
- Achieve a model accuracy of at least 85% in predicting customer defaults based on historical data.
- Ensure the model can process and analyze data from a minimum of 10,000 customer accounts to validate its effectiveness.
- Reduce the rate of financial losses from defaults by at least 15% within the first year of implementation.

Test Outline:
- Validate the model's accuracy by comparing its predictions against actual default rates in a test dataset.
- Analyze the model's performance on a sample of at least 10,000 customer accounts to ensure it meets the required processing capability.
- Monitor the financial loss metrics over the year following implementation to confirm a reduction of 15% or more.","it (ISO 29148)
that (ISO 29148)
can (NASA ARM)
more (NASA ARM)",4,4,0.0,4,4,0.0,4,4,0.0,2,5,3.0,4,5,1.0,2,5,3.0,3,4,1.0,—
A19US2Ge,"As a credit card customer, I want to understand the factors that banks consider when assessing my creditworthiness and how I can improve my credit score to qualify for better interest rates and loan terms.","User Story:
As a credit card customer, I want to gain insights into the criteria that banks evaluate when determining my creditworthiness, as well as actionable steps I can take to enhance my credit score, enabling me to qualify for more favorable interest rates and loan terms.

Acceptance Criteria:
- Identify and list at least 5 key factors that influence creditworthiness, such as payment history, credit utilization, and length of credit history.
- Provide a clear, step-by-step guide with a minimum of 3 specific actions I can take to improve my credit score by at least 50 points within 6 months.
- Offer a comparison of interest rates and loan terms available for different credit score ranges to illustrate potential benefits of improvement.

Test Outline:
- Review the educational materials provided to ensure they cover all identified factors affecting creditworthiness.
- Track the implementation of suggested actions and measure the change in credit score over the specified period.
- Analyze the interest rates and loan terms offered to customers in different credit score brackets to validate the benefits of improved credit scores.","that (ISO 29148)
improved (ISO 29148)
all (ISO 29148)
can (NASA ARM)
improved (NASA ARM)
more (NASA ARM)",3,4,1.0,3,4,1.0,3,4,1.0,3,5,2.0,3,5,2.0,2,5,3.0,3,4,1.0,—
A19US3Ge,"As a financial advisor, I want to use credit card default prediction models to help my clients make informed decisions about their credit card usage and avoid potential financial difficulties.","User Story:
As a financial advisor, I want to leverage credit card default prediction models so that my clients can make data-driven decisions regarding their credit card usage, thereby minimizing the risk of financial hardships.

Acceptance Criteria:
- Implement a predictive model that accurately forecasts credit card default risk with at least 85% accuracy.
- Provide clients with personalized insights based on their credit usage patterns, aiming for a 20% reduction in potential defaults.
- Ensure that clients receive actionable recommendations to improve their credit behavior, with at least 70% of clients reporting increased confidence in their financial decisions.

Test Outline:
- Validate the accuracy of the prediction model by comparing its forecasts against actual default rates over a 6-month period.
- Track the changes in client default rates before and after implementing the model to measure the effectiveness of the insights provided.
- Conduct surveys to assess client confidence levels in their financial decisions before and after receiving the recommendations.","that (ISO 29148)
can (NASA ARM)",3,5,2.0,3,4,1.0,3,5,2.0,2,5,3.0,4,5,1.0,2,5,3.0,3,5,2.0,—
A19US4Ge,"As a data scientist, I want to explore different machine learning algorithms and data analysis techniques to further improve the accuracy and efficiency of credit card default prediction models.","User Story:
As a data scientist, I want to investigate various machine learning algorithms and advanced data analysis techniques so that I can significantly enhance the accuracy and efficiency of credit card default prediction models, ultimately reducing financial risk.

Acceptance Criteria:
- Evaluate at least 5 different machine learning algorithms to determine their effectiveness in predicting credit card defaults.
- Achieve an improvement in model accuracy by at least 10% compared to the current baseline.
- Implement data analysis techniques that reduce processing time by 20% while maintaining or improving prediction quality.

Test Outline:
- Compare the performance metrics of the new algorithms against the existing model to validate accuracy improvements.
- Measure the processing time for data analysis before and after implementing the new techniques to ensure the targeted reduction is met.
- Conduct cross-validation to confirm that the enhancements lead to consistent performance across different datasets.","that (ISO 29148)
can (NASA ARM)",2,4,2.0,2,4,2.0,2,5,3.0,2,5,3.0,4,5,1.0,2,5,3.0,2,5,3.0,—
A19US5Ge,"As a developer of financial software, I want to integrate credit card default prediction models into banking systems to provide real-time insights to loan officers and risk managers.","User Story:
As a developer of financial software, I want to implement credit card default prediction models within banking systems so that loan officers and risk managers can access real-time insights, enhancing their decision-making capabilities and reducing financial risk.

Acceptance Criteria:
- Integrate predictive models that achieve at least 85% accuracy in forecasting credit card defaults.
- Ensure that real-time insights are delivered to loan officers and risk managers within 2 seconds of data input.
- Provide a user-friendly dashboard that displays key metrics and predictions, with at least 90% of users reporting satisfaction with the interface.

Test Outline:
- Validate the accuracy of the credit card default prediction models through a series of test cases and historical data comparisons.
- Measure the response time for delivering insights to ensure it meets the 2-second requirement.
- Conduct user feedback sessions to assess the usability and satisfaction of the dashboard interface.","it (ISO 29148)
that (ISO 29148)
can (NASA ARM)",3,4,1.0,3,5,2.0,3,5,2.0,3,5,2.0,4,5,1.0,2,5,3.0,3,5,2.0,—
A19US6Ge,"As a regulator of the financial industry, I want to ensure that credit card default prediction models are used responsibly and ethically, preventing discrimination and protecting consumer privacy.","User Story:
As a regulator of the financial industry, I want to oversee the responsible and ethical use of credit card default prediction models so that we can prevent discrimination and safeguard consumer privacy effectively.

Acceptance Criteria:
- Establish guidelines that ensure credit card default prediction models are compliant with anti-discrimination laws, with a review process in place for at least 95% of models.
- Implement a monitoring system that audits the use of these models quarterly to ensure adherence to privacy standards, with a target of 100% compliance.
- Provide training sessions for stakeholders on ethical model usage, aiming for at least 80% participation from relevant personnel within the first year.

Test Outline:
- Review a sample of credit card default prediction models to confirm they meet established anti-discrimination guidelines.
- Conduct quarterly audits to assess compliance with privacy standards and document findings.
- Track attendance and feedback from training sessions to evaluate the effectiveness and reach of the educational initiatives.","that (ISO 29148)
these (ISO 29148)
can (NASA ARM)",2,4,2.0,2,5,3.0,2,5,3.0,2,5,3.0,3,5,2.0,2,5,3.0,2,5,3.0,—
A19US7Ge,"As a researcher studying consumer behavior, I want to analyze large datasets of credit card transactions to identify patterns and risk factors associated with default behavior.","User Story:
As a researcher studying consumer behavior, I want to conduct a comprehensive analysis of extensive credit card transaction datasets so that I can uncover significant patterns and risk factors linked to default behavior, ultimately enhancing predictive accuracy.

Acceptance Criteria:
- Analyze a minimum of 1 million credit card transactions to ensure a robust dataset.
- Identify at least 5 key patterns or risk factors associated with default behavior with a confidence level of 95% or higher.
- Generate a detailed report summarizing findings and actionable insights within 4 weeks of data analysis initiation.

Test Outline:
- Validate the dataset size to confirm it meets the minimum requirement of 1 million transactions.
- Review the analysis results to ensure that at least 5 distinct patterns or risk factors are identified with the specified confidence level.
- Assess the completeness and clarity of the final report to ensure it is delivered within the 4-week timeframe.","robust (ISO 29148)
it (ISO 29148)
that (ISO 29148)
significant (ISO 29148)
can (NASA ARM)",2,4,2.0,2,4,2.0,2,5,3.0,2,5,3.0,3,5,2.0,2,5,3.0,2,5,3.0,—
A19US8Ge,"As a credit card company executive, I want to use credit card default prediction models to optimize marketing campaigns and target new customers with lower default risks.","User Story:
As a credit card company executive, I want to implement predictive models for credit card defaults so that I can enhance marketing strategies and effectively target potential customers who exhibit a lower risk of default, ultimately increasing profitability.

Acceptance Criteria:
- Develop and validate a predictive model that achieves at least 85% accuracy in identifying low-risk customers.
- Increase the conversion rate of marketing campaigns targeting these customers by a minimum of 20% within the first quarter of implementation.
- Reduce the overall default rate among newly acquired customers by at least 15% within six months of targeted marketing efforts.

Test Outline:
- Evaluate the predictive model's accuracy by comparing its predictions against actual default rates in a controlled test group.
- Analyze the conversion rates of marketing campaigns before and after implementing the targeted approach to measure improvement.
- Monitor the default rates of new customers acquired through the optimized campaigns to assess the effectiveness of the strategy.","that (ISO 29148)
these (ISO 29148)
can (NASA ARM)",4,4,0.0,4,4,0.0,4,5,1.0,2,5,3.0,4,5,1.0,2,5,3.0,3,5,2.0,—
A19US9Ge,"As a consumer advocate, I want to ensure that credit card companies use these models transparently and fairly, and that consumers have access to their credit scores and the factors used to assess their creditworthiness.","User Story:
As a consumer advocate, I want to promote transparency and fairness in the use of credit assessment models by credit card companies, ensuring that consumers can access their credit scores and understand the factors influencing their creditworthiness.

Acceptance Criteria:
- Credit card companies must publicly disclose the models used for credit assessments, including their methodologies and criteria.
- Consumers should be able to access their credit scores at no cost at least once a year.
- Provide a detailed breakdown of the factors that contribute to each consumer's credit score, ensuring clarity and understanding.

Test Outline:
- Review the disclosures from credit card companies to confirm that the models and methodologies are clearly outlined.
- Check the process for consumers to obtain their credit scores to ensure it is accessible and free of charge.
- Validate that consumers receive a comprehensive explanation of the factors affecting their credit scores when they access this information.","it (ISO 29148)
this (ISO 29148)
that (ISO 29148)
be able to (NASA ARM)
can (NASA ARM)",2,4,2.0,2,3,1.0,2,3,1.0,2,4,2.0,2,4,2.0,2,4,2.0,2,4,2.0,—
A19US10Ge,"As a policymaker, I want to explore the potential of using credit card default prediction models to inform broader financial regulations and promote responsible credit card usage.","User Story:
As a policymaker, I want to investigate the effectiveness of credit card default prediction models so that I can develop informed financial regulations that encourage responsible credit card usage and reduce consumer debt.

Acceptance Criteria:
- Analyze at least 3 different credit card default prediction models to assess their accuracy and reliability.
- Identify key metrics that demonstrate the impact of these models on consumer behavior, aiming for a minimum 20% reduction in default rates.
- Propose at least 2 actionable regulatory recommendations based on the findings from the model analysis.

Test Outline:
- Review the performance data of the selected prediction models to ensure they meet the accuracy criteria.
- Conduct a study to measure changes in consumer default rates before and after implementing the proposed regulations.
- Present the regulatory recommendations to stakeholders and gather feedback on their feasibility and potential impact.","that (ISO 29148)
these (ISO 29148)
can (NASA ARM)",2,4,2.0,2,5,3.0,2,5,3.0,2,5,3.0,4,5,1.0,1,5,4.0,2,5,3.0,—
A20US1Ge,"As a healthcare professional, I want to input a person's personality traits (Big Five), sensation seeking scores, impulsivity measures, and demographic information into a system to predict their likelihood of drug abuse.","User Story:
As a healthcare professional, I want to enter a patient's Big Five personality traits, sensation-seeking scores, impulsivity metrics, and demographic data into a predictive analytics system so that I can accurately assess their risk of drug abuse and tailor interventions accordingly.

Acceptance Criteria:
- Successfully input and store at least 5 distinct personality trait scores, sensation-seeking levels, and impulsivity measures for each patient.
- Ensure that the system generates a risk assessment report within 10 seconds of data entry.
- Provide actionable insights and recommendations based on the risk assessment for at least 90% of the cases analyzed.

Test Outline:
- Validate that all required personality and demographic data can be entered and saved without errors.
- Measure the time taken for the system to generate a risk assessment report after data submission.
- Review the generated reports to confirm that they include actionable insights for the majority of patients assessed.","that (ISO 29148)
all (ISO 29148)
can (NASA ARM)",3,4,1.0,3,4,1.0,3,5,2.0,3,5,2.0,4,5,1.0,2,5,3.0,3,5,2.0,—
A20US2Ge,"As a researcher, I want to access the system's performance metrics, such as accuracy and feature importance, to evaluate the effectiveness of the drug abuse prediction models.","User Story:
As a researcher, I want to retrieve detailed performance metrics of the drug abuse prediction models, including accuracy rates and feature importance scores, so that I can rigorously assess their effectiveness and make data-driven decisions for further research.

Acceptance Criteria:
- Access to accuracy metrics must be provided, with a minimum threshold of 85% accuracy for the models.
- Feature importance scores should be available for all input features, ranked by their contribution to the model's predictions.
- The performance metrics should be updated in real-time, allowing for continuous evaluation of model effectiveness.

Test Outline:
- Validate that the accuracy metrics are displayed and meet or exceed the 85% threshold.
- Check that the feature importance scores are accessible and correctly ranked according to their impact on predictions.
- Monitor the system to ensure that performance metrics are refreshed and reflect the latest model evaluations.","that (ISO 29148)
all (ISO 29148)
can (NASA ARM)",3,4,1.0,3,4,1.0,3,5,2.0,3,5,2.0,4,5,1.0,2,5,3.0,3,5,2.0,—
A20US3Ge,"As a data scientist, I want to be able to compare and contrast the performance of different machine learning algorithms (logistic regression, decision tree, random forest) for drug abuse prediction.","User Story:
As a data scientist, I want to analyze and evaluate the effectiveness of various machine learning algorithms, specifically logistic regression, decision trees, and random forests, for predicting drug abuse, so that I can identify the most accurate model for implementation.

Acceptance Criteria:
- Conduct performance comparisons using at least three metrics: accuracy, precision, and recall, with results documented for each algorithm.
- Ensure that each algorithm is tested on the same dataset, with a minimum of 1,000 samples to ensure statistical significance.
- Present findings in a clear visual format, such as a comparative performance chart, to facilitate easy interpretation of results.

Test Outline:
- Execute the algorithms on the specified dataset and record the performance metrics for each.
- Validate that the results are reproducible by running the tests multiple times and confirming consistency in the performance metrics.
- Review the visual presentation of the results to ensure clarity and comprehensibility for stakeholders.","most (ISO 29148)
easy (ISO 29148)
that (ISO 29148)
can (NASA ARM)",3,4,1.0,3,4,1.0,3,5,2.0,3,5,2.0,4,5,1.0,2,5,3.0,3,5,2.0,—
A20US4Ge,"As a public health official, I want to use the system to identify high-risk populations for drug abuse based on their characteristics and demographics.","User Story:
As a public health official, I want to leverage the system to accurately identify high-risk populations for drug abuse by analyzing specific characteristics and demographic data, so that targeted interventions can be implemented effectively.

Acceptance Criteria:
- The system must analyze at least 10 demographic factors (e.g., age, income, education level) to identify high-risk groups.
- Generate a report that highlights at least 3 distinct high-risk populations based on the analysis.
- Ensure that the identification process can be completed within 30 minutes to facilitate timely decision-making.

Test Outline:
- Validate that the system can process and analyze the specified demographic factors to identify high-risk populations.
- Review the generated report to confirm it accurately lists the identified high-risk groups.
- Measure the time taken to complete the identification process to ensure it meets the 30-minute requirement.","it (ISO 29148)
that (ISO 29148)
timely (NASA ARM)
can (NASA ARM)",3,4,1.0,3,4,1.0,3,5,2.0,3,5,2.0,4,5,1.0,2,5,3.0,3,5,2.0,—
A20US5Ge,"As a social worker, I want the system to provide resources and intervention programs tailored to the specific factors contributing to a person's risk of drug abuse.","User Story:
As a social worker, I want the system to deliver customized resources and intervention programs that address the unique factors influencing an individual's risk of drug abuse, so that I can effectively support clients in reducing their risk and improving their well-being.

Acceptance Criteria:
- The system must analyze at least 5 specific risk factors for each individual and provide tailored resources based on these factors.
- Users should receive a list of at least 3 relevant intervention programs within 2 minutes of inputting the individual's data.
- The effectiveness of the provided resources should be tracked, with a goal of achieving a 20% improvement in client engagement with intervention programs over a 6-month period.

Test Outline:
- Validate that the system correctly identifies and analyzes the specified risk factors for each individual.
- Measure the time taken to generate and display the tailored resources and intervention programs after data input.
- Collect feedback from clients on their engagement with the provided resources and analyze the data to assess the improvement in engagement rates.","that (ISO 29148)
these (ISO 29148)
can (NASA ARM)",3,4,1.0,3,4,1.0,3,5,2.0,3,5,2.0,4,5,1.0,2,5,3.0,3,5,2.0,—
A20US6Ge,"As an individual, I want to have the option to anonymously assess their own risk of drug abuse through the system.","User Story:
As an individual, I want to anonymously evaluate my potential risk of drug abuse using the system so that I can gain insights into my behavior and make informed decisions about seeking help if necessary.

Acceptance Criteria:
- The system must provide a user-friendly questionnaire that allows for anonymous self-assessment of drug abuse risk.
- Users should receive a risk score immediately upon completion of the assessment, with clear categorization (e.g., low, moderate, high).
- The system must offer personalized resources or recommendations based on the assessed risk level to guide users toward appropriate support.

Test Outline:
- Conduct a test to ensure the questionnaire can be completed anonymously without requiring personal information.
- Verify that the risk score is calculated and displayed correctly based on user responses.
- Check that relevant resources or recommendations are provided based on the user's risk score.","that (ISO 29148)
appropriate (ISO 29148)
can (NASA ARM)",3,4,1.0,3,4,1.0,3,4,1.0,3,5,2.0,4,5,1.0,2,5,3.0,3,4,1.0,—
A20US7Ge,"As a data scientist, I want the system to allow for the inclusion of additional data sources (e.g., social media) to potentially improve the accuracy of drug abuse predictions.","User Story:
As a data scientist, I want the system to support the integration of supplementary data sources, such as social media platforms, so that we can enhance the precision of drug abuse predictions and drive more informed decision-making.

Acceptance Criteria:
- The system must successfully integrate at least 2 new data sources, including social media, within the next quarter.
- Achieve a minimum 15% improvement in prediction accuracy as measured by the F1 score after incorporating the new data sources.
- Ensure that the data ingestion process for these sources is completed within 30 minutes of data availability.

Test Outline:
- Validate the successful integration of the new data sources by checking system logs and data flow.
- Compare the prediction accuracy metrics before and after the integration to confirm the targeted improvement.
- Monitor the data ingestion time to ensure it meets the specified 30-minute requirement.","it (ISO 29148)
that (ISO 29148)
these (ISO 29148)
can (NASA ARM)
more (NASA ARM)",4,4,0.0,3,4,1.0,3,5,2.0,3,5,2.0,4,5,1.0,2,5,3.0,3,5,2.0,—
A20US8Ge,"As a system developer, I want the system to be designed with strong privacy protections to ensure the confidentiality and security of user data.","User Story:
As a system developer, I want the system architecture to incorporate robust privacy safeguards so that user data remains confidential and secure, thereby enhancing user trust and compliance with data protection regulations.

Acceptance Criteria:
- Implement encryption protocols for all user data at rest and in transit, ensuring that sensitive information is protected.
- Conduct a privacy impact assessment to identify and mitigate potential risks to user data before deployment.
- Achieve compliance with relevant data protection standards (e.g., GDPR, CCPA) by the time of system launch.

Test Outline:
- Verify that all user data is encrypted using industry-standard algorithms during storage and transmission.
- Review the privacy impact assessment documentation to ensure all identified risks have been addressed.
- Confirm compliance with data protection regulations through an external audit prior to system release.","robust (ISO 29148)
secure (ISO 29148)
that (ISO 29148)
all (ISO 29148)",2,4,2.0,1,4,3.0,2,5,3.0,2,5,3.0,3,5,2.0,1,5,4.0,2,5,3.0,—
A20US9Ge,"As a policy maker, I want to use the system's insights on the impact of environmental factors to develop targeted prevention strategies for drug abuse.","User Story:
As a policy maker, I want to leverage the system's analytical insights regarding the influence of environmental factors on drug abuse so that I can formulate effective, data-driven prevention strategies that address specific community needs.

Acceptance Criteria:
- Access comprehensive reports detailing the correlation between environmental factors and drug abuse rates within 24 hours of request.
- Identify at least 3 targeted prevention strategies based on the insights derived from the data analysis.
- Implement a feedback mechanism to evaluate the effectiveness of the prevention strategies within 6 months of deployment.

Test Outline:
- Review the generated reports to ensure they provide actionable insights within the specified timeframe.
- Validate that the identified prevention strategies are directly linked to the insights from the data analysis.
- Assess the feedback mechanism's implementation and gather data on the effectiveness of the strategies after 6 months.","effective (ISO 29148)
that (ISO 29148)
effective (NASA ARM)
can (NASA ARM)",3,4,1.0,2,4,2.0,2,4,2.0,2,4,2.0,3,4,1.0,2,4,2.0,2,4,2.0,—
A20US10Ge,"As a healthcare professional, I want the system to integrate with existing electronic health records to streamline data collection and risk assessment for patients.","User Story:
As a healthcare professional, I want the system to seamlessly integrate with current electronic health records (EHR) so that I can efficiently collect patient data and conduct risk assessments, ultimately enhancing patient care and operational efficiency.

Acceptance Criteria:
- Achieve integration with at least 95% of existing EHR systems used within the organization.
- Reduce the time spent on data collection by 30% through automated data retrieval from EHRs.
- Ensure that risk assessment tools can access and analyze patient data within 10 seconds of retrieval.

Test Outline:
- Verify the successful integration with the specified EHR systems by checking data flow and accessibility.
- Measure the time taken for data collection before and after integration to confirm a 30% reduction.
- Test the response time of risk assessment tools to ensure they meet the 10-second retrieval criterion.","that (ISO 29148)
can (NASA ARM)",2,4,2.0,1,4,3.0,2,5,3.0,2,5,3.0,3,5,2.0,1,5,4.0,2,5,3.0,—
A21US1Ge,"As a freelancer on an online platform, I want to be judged based on my skills and experience, not on my race or gender.","User Story:
As a freelancer on an online platform, I want my skills and experience to be the primary criteria for evaluation, ensuring that my race or gender does not influence the judgment of my work.

Acceptance Criteria:
- Implement a skills assessment feature that evaluates freelancers based on their expertise, with a minimum of 3 skill-based tests available.
- Ensure that 100% of client reviews focus on project outcomes and freelancer performance, excluding any personal attributes.
- Achieve a minimum satisfaction rating of 90% from freelancers regarding the fairness of the evaluation process.

Test Outline:
- Review the implementation of the skills assessment feature to confirm it is operational and accessible to all freelancers.
- Analyze client reviews to ensure they adhere to the criteria of focusing solely on skills and project results.
- Conduct a survey among freelancers to measure their satisfaction with the evaluation process and confirm it meets the target rating.","it (ISO 29148)
that (ISO 29148)
all (ISO 29148)",2,4,2.0,1,4,3.0,2,4,2.0,2,5,3.0,4,5,1.0,1,5,4.0,2,4,2.0,—
A21US2Ge,"As a client on an online platform, I want to be aware of potential biases in my own hiring decisions and strive to be fair and objective.","User Story:
As a client on an online platform, I want to identify and understand potential biases in my hiring decisions so that I can make fair and objective selections, ultimately improving the diversity and quality of my candidate pool.

Acceptance Criteria:
- Complete a bias awareness assessment that highlights at least 3 common biases in hiring practices.
- Access tailored recommendations for mitigating identified biases, with a goal of implementing at least 2 strategies in the next hiring cycle.
- Track and report on the diversity metrics of candidates selected before and after implementing bias mitigation strategies, aiming for a minimum 15% increase in diverse hires.

Test Outline:
- Evaluate the results of the bias awareness assessment to ensure it identifies relevant biases.
- Review the implementation of recommended strategies to confirm at least 2 have been adopted.
- Analyze the diversity metrics of candidates hired before and after the implementation to verify the targeted increase.","it (ISO 29148)
that (ISO 29148)
can (NASA ARM)",2,4,2.0,2,4,2.0,2,5,3.0,2,5,3.0,4,5,1.0,1,5,4.0,2,5,3.0,—
A21US3Ge,"As a developer of an online platform, I want to ensure that the platform's algorithms and design do not perpetuate or amplify existing societal biases.","User Story:
As a developer of an online platform, I want to implement robust algorithms and inclusive design practices to actively prevent the reinforcement or escalation of existing societal biases, ensuring equitable user experiences for all demographics.

Acceptance Criteria:
- Conduct a comprehensive bias assessment on all algorithms, achieving a minimum of 90% accuracy in identifying potential biases.
- Implement design changes that enhance accessibility and inclusivity, with at least 3 measurable improvements based on user feedback.
- Establish a monitoring system to evaluate bias in real-time, with reports generated quarterly to track progress and adjustments.

Test Outline:
- Review algorithm outputs against a diverse dataset to confirm that bias detection meets the accuracy threshold.
- Gather user feedback through surveys to assess the effectiveness of the design changes and ensure they meet the inclusivity criteria.
- Analyze quarterly reports to verify that the monitoring system is effectively identifying and addressing biases in the platform.","robust (ISO 29148)
that (ISO 29148)
all (ISO 29148)",2,4,2.0,2,5,3.0,2,4,2.0,2,5,3.0,4,5,1.0,1,5,4.0,2,5,3.0,—
A21US4Ge,"As a researcher studying online labor markets, I want to understand the mechanisms and consequences of racial and gender bias on online platforms.","User Story:
As a researcher studying online labor markets, I want to analyze the mechanisms and impacts of racial and gender biases on digital platforms so that I can provide actionable insights that promote equity and inclusivity in these environments.

Acceptance Criteria:
- Conduct a comprehensive literature review to identify at least 10 key studies on racial and gender bias in online labor markets.
- Collect and analyze data from a minimum of 500 user interactions on various platforms to quantify the effects of bias.
- Develop a report outlining findings and recommendations, with at least 3 specific strategies for mitigating bias in online labor markets.

Test Outline:
- Review the literature to ensure the inclusion of the identified studies and assess their relevance to the research.
- Validate the data collection process by cross-referencing user interactions to confirm the sample size and diversity.
- Present the findings to a panel of experts for feedback on the report's conclusions and proposed strategies.","that (ISO 29148)
these (ISO 29148)
can (NASA ARM)",2,4,2.0,1,5,4.0,2,5,3.0,2,5,3.0,3,5,2.0,1,5,4.0,2,5,3.0,—
A21US5Ge,"As a policymaker, I want to explore ways to regulate online platforms to prevent discrimination and promote fair competition.","User Story:
As a policymaker, I want to investigate and implement regulatory frameworks for online platforms to effectively prevent discrimination and foster a level playing field for all competitors, ensuring equitable access and opportunities.

Acceptance Criteria:
- Conduct a comprehensive analysis of at least 5 major online platforms to identify discriminatory practices and competitive imbalances.
- Develop a set of regulatory proposals that include at least 3 actionable strategies aimed at promoting fairness and preventing discrimination.
- Engage with stakeholders, including at least 10 representatives from diverse sectors, to gather feedback on proposed regulations and ensure broad support.

Test Outline:
- Review the findings from the analysis of online platforms to confirm the identification of discriminatory practices.
- Evaluate the proposed regulatory strategies for clarity, feasibility, and potential impact on competition.
- Document stakeholder feedback sessions and assess the level of support for the proposed regulations.","that (ISO 29148)
all (ISO 29148)",2,3,1.0,1,4,3.0,2,3,1.0,2,4,2.0,3,4,1.0,1,4,3.0,2,4,2.0,—
A21US6Ge,"As an advocate for diversity and inclusion, I want to raise awareness about the issue of bias in online freelancing and work towards creating more equitable platforms.","User Story:
As an advocate for diversity and inclusion, I want to promote awareness of bias in online freelancing platforms so that we can foster a more equitable environment for all freelancers, ultimately increasing opportunities for underrepresented groups.

Acceptance Criteria:
- Conduct at least 3 awareness campaigns within the next quarter that reach a minimum of 500 participants each.
- Collaborate with 5 online freelancing platforms to implement bias training for their hiring processes within 6 months.
- Measure and report a 20% increase in engagement from underrepresented freelancers on these platforms within one year.

Test Outline:
- Track participation numbers and feedback from the awareness campaigns to assess reach and impact.
- Verify the implementation of bias training by reviewing training materials and participant feedback from the partnered platforms.
- Analyze engagement metrics from the platforms to confirm the targeted increase in participation from underrepresented groups.","that (ISO 29148)
these (ISO 29148)
all (ISO 29148)
can (NASA ARM)
more (NASA ARM)",2,4,2.0,1,5,4.0,2,4,2.0,2,5,3.0,3,5,2.0,1,5,4.0,2,5,3.0,—
A21US7Ge,"As a platform user safety advocate, I want to see platforms implement clear policies and procedures to address and prevent discrimination against workers.","User Story:
As a platform user safety advocate, I want to ensure that platforms establish and enforce transparent policies and procedures aimed at preventing and addressing discrimination against workers, so that all users can operate in a fair and equitable environment.

Acceptance Criteria:
- Platforms must publish comprehensive anti-discrimination policies that are easily accessible to all users within 30 days.
- Implement a reporting mechanism that allows users to report discrimination incidents, with a response time of 48 hours or less for initial acknowledgment.
- Conduct quarterly reviews of discrimination cases and publish findings to demonstrate accountability and progress in addressing issues.

Test Outline:
- Verify that the anti-discrimination policies are available on the platform and assess their clarity and comprehensiveness.
- Test the reporting mechanism by submitting a mock report and tracking the response time for acknowledgment.
- Review the published findings from the quarterly discrimination case reviews to ensure transparency and accountability.","that (ISO 29148)
all (ISO 29148)
can (NASA ARM)
less (NASA ARM)",2,4,2.0,1,4,3.0,2,5,3.0,2,5,3.0,3,5,2.0,1,5,4.0,2,5,3.0,—
A21US8Ge,"As a data scientist, I want to develop tools and techniques to identify and mitigate bias in online platform algorithms and data.","User Story:
As a data scientist, I want to create advanced tools and methodologies to detect and reduce bias in algorithms and datasets used by online platforms, ensuring fairer outcomes for all users.

Acceptance Criteria:
- Develop at least 3 distinct tools or techniques for bias detection that can be applied to existing algorithms.
- Achieve a measurable reduction in bias metrics by at least 20% in the algorithms tested.
- Implement a framework for ongoing bias assessment that can be utilized quarterly to ensure continuous improvement.

Test Outline:
- Validate the effectiveness of the developed tools by applying them to a sample of algorithms and measuring bias before and after implementation.
- Analyze the results to confirm that bias metrics have decreased by the targeted percentage.
- Review the framework's application in quarterly assessments to ensure it is being utilized effectively and yielding actionable insights.","it (ISO 29148)
that (ISO 29148)
all (ISO 29148)
can (NASA ARM)",2,4,2.0,2,4,2.0,2,4,2.0,2,5,3.0,3,5,2.0,2,5,3.0,2,4,2.0,—
A21US9Ge,"As a consumer of online services, I want to choose platforms that are actively working to create a fair and inclusive environment for all workers.","User Story:
As a consumer of online services, I want to select platforms that demonstrate a commitment to fostering a fair and inclusive environment for all workers, ensuring that my choices support ethical practices and social responsibility.

Acceptance Criteria:
- Platforms must provide documented policies and initiatives aimed at promoting diversity and inclusion, with measurable goals such as increasing workforce diversity by at least 20% within the next year.
- Transparency reports should be published quarterly, detailing progress on inclusivity efforts and worker satisfaction metrics, with a target satisfaction rate of 85% or higher.
- Platforms must engage in regular third-party audits to assess their inclusivity practices, with results made publicly available to ensure accountability.

Test Outline:
- Review the platforms' diversity and inclusion policies to confirm they include specific, measurable goals.
- Check for the availability and content of quarterly transparency reports to evaluate progress and worker satisfaction.
- Verify the existence of third-party audit reports and assess their findings on the platforms' inclusivity practices.","that (ISO 29148)
all (ISO 29148)",2,4,2.0,1,4,3.0,2,4,2.0,2,5,3.0,3,5,2.0,1,5,4.0,2,4,2.0,—
A21US10Ge,"As a global citizen, I want to see online platforms used to empower individuals and promote economic opportunities without discrimination.","User Story:
As a global citizen, I want to access online platforms that actively empower individuals and foster economic opportunities for all, ensuring that these services are free from discrimination based on race, gender, or socioeconomic status.

Acceptance Criteria:
- Identify and list at least 5 online platforms that provide resources for economic empowerment without discrimination.
- Ensure that each platform has a documented policy or feature that promotes inclusivity and equal access for all users.
- Measure user engagement metrics, aiming for a minimum of 75% positive feedback from users regarding the platform's inclusivity.

Test Outline:
- Conduct research to compile a list of qualifying online platforms and verify their commitment to empowerment and non-discrimination.
- Review the policies of each platform to confirm the presence of inclusivity measures.
- Collect user feedback through surveys or reviews to assess satisfaction levels related to the platforms' commitment to equality.","that (ISO 29148)
these (ISO 29148)
all (ISO 29148)",2,4,2.0,2,5,3.0,2,4,2.0,2,5,3.0,3,5,2.0,2,5,3.0,2,5,3.0,—
A22US1Ge,"As a client on an online labor marketplace, I want to find the best freelancer for my job, but sifting through hundreds of applicants with inflated ratings is overwhelming.","User Story:
As a client on an online labor marketplace, I want to efficiently identify the most suitable freelancer for my project so that I can make informed hiring decisions without being overwhelmed by numerous applicants with misleading ratings.

Acceptance Criteria:
- Implement a filtering system that allows clients to sort freelancers based on verified ratings and relevant experience, reducing the applicant pool by at least 50%.
- Provide a comparison tool that highlights key qualifications and past project success rates for the top 5 freelancers, ensuring clarity in decision-making.
- Enable a feedback mechanism where clients can report inflated ratings, with a target of addressing at least 80% of reported cases within 48 hours.

Test Outline:
- Test the filtering system to confirm it effectively narrows down the freelancer list by the specified percentage.
- Evaluate the comparison tool to ensure it accurately displays qualifications and success rates for the selected freelancers.
- Monitor the feedback mechanism to verify that reported cases are resolved within the designated time frame.","most (ISO 29148)
it (ISO 29148)
that (ISO 29148)
can (NASA ARM)",3,5,2.0,2,5,3.0,2,5,3.0,2,5,3.0,3,5,2.0,2,5,3.0,2,5,3.0,—
A22US2Ge,"As a freelancer on an online labor marketplace, I want a fair and accurate assessment of my skills and experience, not just based on unreliable ratings.","User Story:
As a freelancer on an online labor marketplace, I want to receive a comprehensive and reliable evaluation of my skills and experience, ensuring that it reflects my true capabilities rather than being solely dependent on potentially biased ratings.

Acceptance Criteria:
- Implement a multi-faceted assessment system that includes peer reviews, project outcomes, and skill tests to provide a holistic view of freelancer capabilities.
- Ensure that at least 80% of assessments are based on verified project completions and client feedback to enhance reliability.
- Provide freelancers with a detailed report of their skill assessment, highlighting strengths and areas for improvement, within 7 days of evaluation.

Test Outline:
- Review the assessment process to confirm it incorporates diverse evaluation methods and meets the 80% reliability threshold.
- Analyze the feedback reports provided to freelancers to ensure they include actionable insights and are delivered within the specified timeframe.","reliable (ISO 29148)
it (ISO 29148)
that (ISO 29148)",2,4,2.0,2,5,3.0,2,4,2.0,2,5,3.0,4,5,1.0,2,5,3.0,2,5,3.0,—
A22US3Ge,"As a developer of an online labor marketplace, I want a system that helps clients hire the right freelancers for their jobs, leading to better project outcomes and increased platform satisfaction.","User Story:
As a developer of an online labor marketplace, I want to implement an intelligent matching system that assists clients in selecting the most suitable freelancers for their specific projects, resulting in enhanced project success rates and higher user satisfaction on the platform.

Acceptance Criteria:
- The system must match clients with freelancers based on at least 5 relevant criteria, such as skills, experience, ratings, availability, and budget.
- Achieve a minimum project success rate of 85% for matched freelancers within the first 3 months of implementation.
- Increase client satisfaction scores by at least 20% as measured by post-project feedback surveys.

Test Outline:
- Evaluate the matching algorithm's effectiveness by analyzing the success rates of projects completed by matched freelancers.
- Conduct client satisfaction surveys before and after the implementation to measure the increase in satisfaction scores.
- Review the criteria used for matching to ensure they align with client needs and project requirements.","most (ISO 29148)
that (ISO 29148)",3,4,1.0,3,4,1.0,3,4,1.0,2,5,3.0,3,5,2.0,2,5,3.0,3,4,1.0,—
A22US4Ge,"As a data scientist, I want to explore ways to improve the accuracy and fairness of freelancer assessment on online platforms.","User Story:
As a data scientist, I want to investigate and implement strategies to enhance both the accuracy and fairness of freelancer assessments on online platforms so that the evaluation process is more reliable and equitable for all users.

Acceptance Criteria:
- Identify and analyze at least 3 key metrics that impact assessment accuracy and fairness.
- Develop and test at least 2 new algorithms or models that improve assessment outcomes by a minimum of 15% in accuracy.
- Conduct a fairness audit to ensure that the assessment process does not favor any demographic group, aiming for a fairness score of 90% or higher.

Test Outline:
- Review the identified metrics and their impact on current assessment processes to validate findings.
- Compare the performance of the new algorithms against existing models to confirm the targeted improvement in accuracy.
- Perform statistical analysis on assessment results to ensure compliance with fairness standards and document the findings.","reliable (ISO 29148)
that (ISO 29148)
all (ISO 29148)
more (NASA ARM)",2,4,2.0,2,4,2.0,2,5,3.0,2,5,3.0,3,5,2.0,2,5,3.0,2,5,3.0,—
A22US5Ge,"As a researcher studying online labor markets, I want to understand how different factors, such as past job performance and skills, influence the success of freelancers.","User Story:
As a researcher studying online labor markets, I want to analyze the impact of various factors, including historical job performance metrics and skill sets, on the success rates of freelancers so that I can derive actionable insights to enhance their opportunities.

Acceptance Criteria:
- Collect and analyze data on at least 500 freelancers, including their past job performance ratings and skill endorsements.
- Identify correlations between specific skills and job success rates, aiming for a statistical significance level of p<0.05.
- Produce a comprehensive report detailing findings, including at least 3 actionable recommendations for freelancers to improve their success.

Test Outline:
- Validate the data collection process by ensuring a diverse sample of freelancers is included in the analysis.
- Use statistical analysis tools to confirm the correlation between skills and success rates, checking for the specified significance level.
- Review the final report for clarity, relevance, and the presence of actionable recommendations.","that (ISO 29148)
can (NASA ARM)",2,4,2.0,2,4,2.0,2,5,3.0,2,5,3.0,4,5,1.0,2,5,3.0,2,5,3.0,—
A22US6Ge,"As a platform user safety advocate, I want to ensure that the assessment framework is transparent and unbiased, preventing discrimination against any freelancer.","User Story:
As a platform user safety advocate, I want to establish a transparent and impartial assessment framework so that all freelancers are evaluated fairly, minimizing the risk of discrimination and promoting equal opportunities.

Acceptance Criteria:
- Develop and publish clear guidelines for the assessment framework that outline criteria and processes, ensuring transparency.
- Implement a review mechanism to monitor assessments for bias, with at least 95% of assessments passing the bias check.
- Conduct quarterly audits of the assessment outcomes to ensure no freelancer experiences discrimination, aiming for a 0% discrimination rate.

Test Outline:
- Review the published guidelines to confirm they are accessible and clearly define the assessment criteria.
- Analyze a sample of assessments to verify that the bias review mechanism is functioning effectively.
- Evaluate the results of quarterly audits to ensure compliance with the discrimination prevention goals.","that (ISO 29148)
all (ISO 29148)",2,4,2.0,2,4,2.0,2,5,3.0,2,5,3.0,4,5,1.0,2,5,3.0,2,5,3.0,—
A22US7Ge,"As a freelancer with limited work history, I want the assessment framework to consider my potential and ability to learn, not just my past experience.","User Story:
As a freelancer with limited work history, I want the evaluation framework to prioritize my potential and capacity for growth, rather than solely focusing on my previous work experience, so that I can secure opportunities that align with my skills and aspirations.

Acceptance Criteria:
- The assessment framework must include criteria that evaluate learning agility and adaptability, with a minimum score threshold of 70% for potential assessment.
- At least 3 specific examples of skills or projects demonstrating my ability to learn quickly should be included in the evaluation process.
- Feedback from the assessment should provide actionable insights on areas for improvement and development opportunities.

Test Outline:
- Review the assessment framework to ensure it incorporates metrics for evaluating potential and learning ability.
- Analyze the scoring results to confirm that the minimum threshold for potential assessment is met.
- Collect and assess the feedback provided to ensure it includes constructive suggestions for skill enhancement.","secure (ISO 29148)
it (ISO 29148)
that (ISO 29148)
can (NASA ARM)",3,4,1.0,3,4,1.0,3,5,2.0,2,5,3.0,4,5,1.0,2,5,3.0,3,5,2.0,—
A22US8Ge,"As a client with a specific project requirement, I want the assessment framework to prioritize freelancers with relevant skills and experience for my job.","User Story:
As a client with a specific project requirement, I want the assessment framework to effectively prioritize freelancers who possess the necessary skills and relevant experience for my specific job, ensuring that I can quickly identify the best candidates.

Acceptance Criteria:
- The framework must filter and rank freelancers based on at least 3 key skills relevant to the project.
- Ensure that at least 80% of the top-ranked freelancers have a minimum of 3 years of experience in the required field.
- Provide a summary of the top 5 freelancers, highlighting their skills and experience levels for easy comparison.

Test Outline:
- Test the framework by inputting various project requirements and verifying that the output prioritizes freelancers according to the specified criteria.
- Review the profiles of the top-ranked freelancers to confirm they meet the experience threshold and possess the required skills.
- Validate that the summary report accurately reflects the skills and experience of the top 5 freelancers.","best (ISO 29148)
easy (ISO 29148)
that (ISO 29148)
can (NASA ARM)
best (NASA ARM)",3,4,1.0,3,4,1.0,3,4,1.0,3,5,2.0,4,5,1.0,2,5,3.0,3,4,1.0,—
A22US9Ge,"As a policymaker, I want to consider the implications of using data-driven assessment frameworks for online labor, ensuring ethical practices and fair competition.","User Story:
As a policymaker, I want to evaluate the potential impacts of implementing data-driven assessment frameworks for online labor, ensuring that ethical standards are upheld and that competition remains fair and equitable across the industry.

Acceptance Criteria:
- Conduct a comprehensive analysis of at least 3 ethical implications associated with data-driven assessments in online labor.
- Identify and document 5 key factors that contribute to fair competition within the online labor market.
- Develop a set of guidelines that outline best practices for ethical data usage in online labor assessments.

Test Outline:
- Review the analysis report to ensure it covers the identified ethical implications and factors for fair competition.
- Validate that the guidelines for ethical practices are clear, actionable, and based on the findings from the analysis.","best (ISO 29148)
it (ISO 29148)
that (ISO 29148)
best (NASA ARM)",2,3,1.0,2,4,2.0,2,3,1.0,2,4,2.0,3,4,1.0,2,4,2.0,2,4,2.0,—
A22US10Ge,"As a global citizen, I want to see online labor platforms promote a fair and meritocratic system for connecting clients with skilled freelancers, contributing to a thriving gig economy.","User Story:
As a global citizen, I want online labor platforms to actively foster a fair and merit-based system that effectively connects clients with qualified freelancers, thereby enhancing the overall health and sustainability of the gig economy.

Acceptance Criteria:
- Ensure that at least 80% of job postings are matched with freelancers based on skill and experience rather than arbitrary factors.
- Implement a transparent rating system that allows clients and freelancers to provide feedback, achieving a minimum of 90% user satisfaction in ratings.
- Track and report the growth of the gig economy, aiming for a 15% increase in successful project completions within the first year of implementing these changes.

Test Outline:
- Analyze the matching algorithm to confirm that it prioritizes skill and experience in at least 80% of cases.
- Review user feedback and satisfaction ratings to ensure they meet or exceed the 90% threshold.
- Monitor the number of successful project completions and calculate the percentage increase over the year to validate growth in the gig economy.","it (ISO 29148)
that (ISO 29148)
these (ISO 29148)",2,4,2.0,1,5,4.0,2,4,2.0,2,5,3.0,3,5,2.0,1,5,4.0,2,5,3.0,—
A23US1Ge,"As a researcher studying search engine algorithms, I want to understand how different search engines prioritize and rank content, including potential biases and favoritism.","User Story:
As a researcher studying search engine algorithms, I want to analyze the content prioritization and ranking methodologies employed by various search engines, including identifying any inherent biases or favoritism, so that I can provide insights into their impact on information accessibility and fairness.

Acceptance Criteria:
- Conduct a comparative analysis of at least 3 different search engines to document their ranking criteria and algorithms.
- Identify and report on at least 5 specific instances of potential bias or favoritism in content ranking across the analyzed search engines.
- Present findings in a comprehensive report that includes data visualizations illustrating the differences in content prioritization.

Test Outline:
- Review and compare the ranking algorithms of the selected search engines through their official documentation and third-party analyses.
- Collect and analyze search results for specific queries to identify patterns of bias or favoritism in content display.
- Validate the findings by cross-referencing with user feedback and expert opinions on search engine performance.","that (ISO 29148)
can (NASA ARM)",2,4,2.0,1,4,3.0,2,4,2.0,2,4,2.0,4,4,0.0,1,4,3.0,2,4,2.0,—
A23US2Ge,"As a journalist or media analyst, I want to compare and contrast the results of different search engines to ensure I'm getting a comprehensive and diverse perspective on a topic.","User Story:
As a journalist or media analyst, I want to evaluate and analyze the results from various search engines so that I can obtain a well-rounded and diverse understanding of a topic, enhancing the quality and depth of my reporting.

Acceptance Criteria:
- Conduct searches on at least 3 different search engines to gather a variety of perspectives on the topic.
- Document and compare the top 10 results from each search engine to identify differences in coverage and viewpoints.
- Ensure that at least 5 unique sources are cited across the results to support a comprehensive analysis.

Test Outline:
- Verify that searches are performed on the specified number of search engines and results are collected.
- Review the documented results to confirm that the comparison includes the required number of sources and perspectives.","that (ISO 29148)
can (NASA ARM)",3,4,1.0,3,4,1.0,3,5,2.0,2,5,3.0,3,5,2.0,2,5,3.0,3,5,2.0,—
A23US3Ge,"As a developer of search engine optimization (SEO) tools, I want to analyze how different search engines prioritize different types of content and adjust my strategies accordingly.","User Story:
As a developer of search engine optimization (SEO) tools, I want to conduct a comprehensive analysis of how various search engines rank different content types so that I can refine my optimization strategies to enhance visibility and drive more organic traffic.

Acceptance Criteria:
- Identify and document at least 5 distinct content types and their corresponding ranking factors across 3 major search engines.
- Develop a strategy adjustment plan that outlines at least 3 actionable changes based on the analysis findings.
- Measure the impact of the adjusted strategies on organic traffic, aiming for a minimum increase of 15% within 3 months.

Test Outline:
- Review and compare the ranking criteria for the identified content types across the selected search engines.
- Present the strategy adjustment plan to stakeholders for feedback and approval.
- Track organic traffic metrics before and after implementing the new strategies to evaluate effectiveness.","that (ISO 29148)
can (NASA ARM)
more (NASA ARM)",3,4,1.0,3,5,2.0,3,5,2.0,3,5,2.0,4,5,1.0,2,5,3.0,3,5,2.0,—
A23US4Ge,"As a policymaker concerned with online information access, I want to monitor potential biases and manipulation within search engine algorithms and ensure fair and transparent access to information.","User Story:
As a policymaker concerned with online information access, I want to systematically evaluate and address potential biases and manipulations in search engine algorithms so that all users can access information fairly and transparently.

Acceptance Criteria:
- Conduct a comprehensive audit of search engine algorithms to identify at least 3 specific instances of bias or manipulation.
- Develop and implement a framework for ongoing monitoring that reports findings quarterly.
- Ensure that 100% of identified biases are addressed within 6 months of detection, with clear documentation of corrective actions taken.

Test Outline:
- Review the audit report to confirm the identification of biases and manipulations in the algorithms.
- Check the monitoring framework for its effectiveness and adherence to the quarterly reporting schedule.
- Validate that corrective actions for identified biases are documented and completed within the specified timeframe.","that (ISO 29148)
all (ISO 29148)
can (NASA ARM)",2,4,2.0,1,4,3.0,2,5,3.0,2,5,3.0,4,5,1.0,1,5,4.0,2,5,3.0,—
A23US5Ge,"As a consumer of online information, I want to be aware of how search engines might influence the information I see and be able to make informed choices about which sources to trust.","User Story:
As a consumer of online information, I want to understand the impact of search engine algorithms on the information presented to me so that I can make informed decisions about which sources to trust and rely on for accurate content.

Acceptance Criteria:
- Provide educational resources that explain how search engine algorithms prioritize content, ensuring at least 80% of users can articulate this influence.
- Implement a feature that allows users to view the credibility ratings of sources, with a target of ≥70% user engagement in utilizing this feature.
- Offer a feedback mechanism for users to report misleading information, aiming for a response rate of ≤24 hours for all reported cases.

Test Outline:
- Conduct user surveys to assess understanding of search engine influences before and after resource implementation.
- Track usage statistics of the credibility rating feature to ensure it meets the engagement target.
- Monitor the feedback mechanism for response times and user satisfaction with the resolution process.","it (ISO 29148)
this (ISO 29148)
that (ISO 29148)
all (ISO 29148)
can (NASA ARM)",3,4,1.0,3,5,2.0,3,5,2.0,3,5,2.0,3,5,2.0,2,5,3.0,3,5,2.0,—
A23US6Ge,"As a developer of educational tools, I want to integrate PAWS into my resources to teach students about the potential biases and limitations of search engines.","User Story:
As a developer of educational tools, I want to incorporate the PAWS framework into my resources so that students can critically analyze and understand the inherent biases and limitations of search engines, enhancing their digital literacy skills.

Acceptance Criteria:
- Develop at least 3 interactive modules that utilize the PAWS framework to illustrate different types of biases in search results.
- Ensure that 80% of students demonstrate improved understanding of search engine limitations through pre- and post-module assessments.
- Gather feedback from at least 50 students to evaluate the effectiveness and engagement level of the PAWS-integrated resources.

Test Outline:
- Review the interactive modules to confirm they effectively incorporate the PAWS framework and cover various bias types.
- Administer assessments before and after the modules to measure the percentage of students showing improved understanding.
- Analyze student feedback to assess the perceived value and engagement of the educational resources.","that (ISO 29148)
improved (ISO 29148)
can (NASA ARM)
improved (NASA ARM)",3,4,1.0,3,5,2.0,3,5,2.0,3,5,2.0,4,5,1.0,2,5,3.0,3,5,2.0,—
A23US7Ge,"As a librarian or information professional, I want to use PAWS to understand the strengths and weaknesses of different search engines and guide my users towards reliable and diverse information sources.","User Story:
As a librarian or information professional, I want to utilize the PAWS framework to analyze the strengths and weaknesses of various search engines so that I can effectively direct my users to trustworthy and diverse information sources, enhancing their research experience.

Acceptance Criteria:
- Conduct a comparative analysis of at least 5 different search engines using the PAWS criteria.
- Provide a detailed report highlighting the strengths and weaknesses of each search engine, with at least 3 specific metrics for evaluation.
- Develop a user guide that outlines how to access and utilize the recommended search engines for diverse information needs.

Test Outline:
- Review the comparative analysis report to ensure it includes evaluations of at least 5 search engines based on the PAWS framework.
- Validate that the report contains at least 3 measurable metrics for each search engine's strengths and weaknesses.
- Test the user guide by having users follow it to access the recommended search engines and assess their satisfaction with the information obtained.","it (ISO 29148)
that (ISO 29148)
can (NASA ARM)",3,4,1.0,3,4,1.0,3,5,2.0,3,5,2.0,3,5,2.0,2,5,3.0,3,5,2.0,—
A23US8Ge,"As a developer of metasearch engines, I want to use PAWS to aggregate results from different search engines while providing users with transparency about potential biases and emphasis.","User Story:
As a developer of metasearch engines, I want to implement the PAWS framework to effectively aggregate search results from various engines while ensuring users are informed about any potential biases and the emphasis of the results.

Acceptance Criteria:
- Integrate PAWS to aggregate results from at least 3 different search engines, providing a comprehensive view of search outcomes.
- Display a transparency report that highlights any biases or emphasis in the aggregated results, updated in real-time.
- Ensure that user feedback mechanisms are in place to gather insights on perceived biases, with a target of collecting feedback from at least 100 users within the first month of deployment.

Test Outline:
- Verify that the PAWS framework successfully aggregates results from the specified search engines and displays them correctly.
- Check the transparency report for clarity and accuracy regarding biases and emphasis in the results.
- Analyze user feedback data to confirm that at least 100 responses are collected and assess the insights for potential improvements.",that (ISO 29148),3,4,1.0,3,5,2.0,3,4,1.0,3,5,2.0,4,5,1.0,2,5,3.0,3,5,2.0,—
A23US9Ge,"As a data scientist, I want to explore new ways to analyze and visualize the differences between search engine results, including using machine learning and natural language processing techniques.","User Story:
As a data scientist, I want to investigate innovative methods for analyzing and visualizing the variances in search engine results by leveraging machine learning and natural language processing techniques, so that I can derive actionable insights and enhance the relevance of search outcomes.

Acceptance Criteria:
- Implement at least 3 distinct machine learning models to compare search result effectiveness based on user engagement metrics.
- Utilize natural language processing to extract and visualize key themes from search results, achieving a minimum of 80% accuracy in topic identification.
- Generate a comprehensive report detailing the findings and visualizations, with at least 5 actionable recommendations for improving search result relevance.

Test Outline:
- Evaluate the performance of the machine learning models by measuring user engagement metrics before and after implementation.
- Assess the accuracy of the natural language processing techniques by comparing identified themes against a manually curated dataset.
- Review the final report to ensure it includes the required visualizations and actionable recommendations.","it (ISO 29148)
that (ISO 29148)
can (NASA ARM)",2,4,2.0,2,4,2.0,2,5,3.0,2,5,3.0,4,5,1.0,2,5,3.0,2,5,3.0,—
A23US10Ge,"As a global citizen, I want to see a more transparent and balanced online information landscape where users can access diverse perspectives and make informed decisions about the information they consume.","User Story:
As a global citizen, I want to access a more transparent and equitable online information environment so that I can explore a variety of viewpoints and make well-informed decisions regarding the content I engage with.

Acceptance Criteria:
- Ensure that at least 80% of the information sources presented offer diverse perspectives on current topics.
- Implement a feedback mechanism that allows users to rate the balance and transparency of the information, aiming for an average rating of 4 out of 5 or higher.
- Provide educational resources that help users critically evaluate information, with at least 5 new resources added quarterly.

Test Outline:
- Analyze the diversity of information sources to confirm that 80% meet the criteria for varied perspectives.
- Collect and review user feedback ratings to ensure the average meets or exceeds the target.
- Track the addition of educational resources and verify that at least 5 new resources are published every quarter.","that (ISO 29148)
every (ISO 29148)
can (NASA ARM)
more (NASA ARM)",2,4,2.0,2,5,3.0,2,5,3.0,2,5,3.0,2,5,3.0,1,5,4.0,2,5,3.0,—
A24US1Ge,"As a researcher, I want to easily discover other researchers with expertise in my field, allowing me to connect and collaborate on projects.","User Story:
As a researcher, I want to efficiently identify and connect with fellow researchers who have specialized knowledge in my field, enabling me to foster collaboration on projects and enhance the quality of my work.

Acceptance Criteria:
- Implement a search feature that allows users to filter researchers by specific expertise areas, with at least 5 distinct categories available.
- Ensure that the platform displays a list of at least 10 relevant researchers based on the search criteria within 3 seconds.
- Provide a direct messaging option that allows users to initiate contact with researchers, with a response rate of at least 70% within 48 hours.

Test Outline:
- Test the search functionality to confirm that it accurately filters researchers based on expertise and displays the results within the specified time.
- Verify the number of researchers listed in response to various search queries to ensure it meets the minimum requirement.
- Monitor the messaging feature to assess the response rate and time taken for replies from contacted researchers.","it (ISO 29148)
that (ISO 29148)",3,4,1.0,3,4,1.0,3,4,1.0,2,5,3.0,4,5,1.0,2,5,3.0,3,4,1.0,—
A24US2Ge,"As a research administrator, I want to efficiently identify potential reviewers for manuscripts based on their expertise and publication history.","User Story:
As a research administrator, I want to effectively identify suitable reviewers for manuscripts by analyzing their expertise and publication history, so that I can streamline the peer review process and ensure high-quality evaluations.

Acceptance Criteria:
- Generate a list of potential reviewers with at least 3 relevant publications in the last 5 years.
- Ensure that the selected reviewers have expertise ratings of 80% or higher in the relevant subject area.
- Provide a matching score for each reviewer based on their publication history and expertise alignment with the manuscript topic.

Test Outline:
- Review the generated list of potential reviewers to confirm that each has the required number of relevant publications.
- Validate the expertise ratings of the selected reviewers against the specified threshold.
- Check the matching scores to ensure they accurately reflect the alignment between reviewers' backgrounds and the manuscript's subject matter.","that (ISO 29148)
can (NASA ARM)",2,4,2.0,2,4,2.0,2,5,3.0,2,5,3.0,4,5,1.0,2,5,3.0,2,5,3.0,—
A24US3Ge,"As a librarian, I want to provide my users with a powerful tool to explore the academic landscape and discover new research areas.","User Story:
As a librarian, I want to equip my users with an advanced research exploration tool so that they can effectively navigate the academic landscape and uncover emerging research areas, enhancing their scholarly pursuits.

Acceptance Criteria:
- The tool must allow users to search and filter through at least 10,000 academic papers and articles.
- Users should be able to identify at least 5 new research areas based on their interests within 10 minutes of using the tool.
- The tool should provide recommendations for related research topics with a minimum accuracy rate of 85%.

Test Outline:
- Conduct a search using the tool to verify that it returns results from a database of at least 10,000 academic resources.
- Track user interactions to confirm that they can discover at least 5 new research areas within the specified time frame.
- Evaluate the relevance of the recommended topics by comparing them to user-selected interests to ensure the accuracy rate meets or exceeds 85%.","it (ISO 29148)
that (ISO 29148)
be able to (NASA ARM)
can (NASA ARM)",2,4,2.0,2,4,2.0,2,5,3.0,2,5,3.0,3,5,2.0,1,5,4.0,2,5,3.0,—
A24US4Ge,"As a student, I want to easily find relevant publications and researchers for my research projects and assignments.","User Story:
As a student, I want to efficiently locate pertinent publications and researchers for my research projects and assignments so that I can enhance the quality of my work and ensure I am using credible sources.

Acceptance Criteria:
- Implement a search feature that returns relevant publications and researchers based on keywords, achieving at least an 80% relevance rate.
- Ensure that users can filter results by publication date, type, and author, with at least 3 filtering options available.
- Provide access to at least 100,000 publications and 10,000 researchers in the database to ensure comprehensive coverage.

Test Outline:
- Conduct keyword searches to evaluate the relevance of the returned results and confirm the 80% relevance rate.
- Test the filtering options to ensure they function correctly and provide the expected number of results.
- Verify the total number of publications and researchers available in the database to ensure it meets the specified criteria.","it (ISO 29148)
that (ISO 29148)
can (NASA ARM)",2,4,2.0,2,4,2.0,2,5,3.0,2,5,3.0,4,5,1.0,2,5,3.0,2,5,3.0,—
A24US5Ge,"As a university administrator, I want to gain insights into the research strengths and collaborations within my institution.","User Story:
As a university administrator, I want to analyze the research strengths and collaboration patterns within my institution so that I can make informed decisions to enhance funding opportunities and foster interdisciplinary partnerships.

Acceptance Criteria:
- Generate a comprehensive report detailing the top 5 research areas based on publication volume and citation impact.
- Identify at least 10 active collaborations with external institutions or industry partners within the last academic year.
- Provide visual analytics that illustrate trends in research output and collaboration over the past 3 years.

Test Outline:
- Review the generated report to ensure it accurately reflects the top research areas and their metrics.
- Cross-check the list of collaborations to confirm the number and relevance of partnerships identified.
- Analyze the visual analytics for clarity and accuracy in representing research trends and collaboration data.","it (ISO 29148)
that (ISO 29148)
can (NASA ARM)",2,4,2.0,2,4,2.0,2,5,3.0,2,5,3.0,4,5,1.0,2,5,3.0,2,5,3.0,—
A24US6Ge,"As a research funder, I want to identify promising research areas and researchers for potential funding opportunities.","User Story:
As a research funder, I want to systematically identify high-potential research areas and outstanding researchers to target for funding opportunities, ensuring that our investments yield significant advancements in innovation and societal impact.

Acceptance Criteria:
- Compile a list of at least 10 emerging research areas with a growth potential of 20% or more in the next 5 years.
- Evaluate and shortlist a minimum of 15 researchers based on their publication impact factor, aiming for an average of ≥3.0.
- Develop a scoring system to rank research areas and researchers, ensuring that at least 75% of the top-ranked candidates align with our funding priorities.

Test Outline:
- Review and analyze research trends and publications to confirm the identified areas meet the growth criteria.
- Assess the impact factors of shortlisted researchers through citation analysis to validate their ranking.
- Implement the scoring system and present the top candidates to stakeholders for approval.","that (ISO 29148)
significant (ISO 29148)
more (NASA ARM)",2,4,2.0,2,4,2.0,2,4,2.0,2,5,3.0,4,5,1.0,1,5,4.0,2,4,2.0,—
A24US7Ge,"As a data scientist, I want to explore the potential of ArnetMiner's data and network analysis for further research and development.","User Story:
As a data scientist, I want to leverage ArnetMiner's data and network analysis capabilities so that I can uncover insights that drive innovative research and development initiatives.

Acceptance Criteria:
- Access a comprehensive dataset from ArnetMiner that includes at least 10,000 research papers and their associated metadata.
- Utilize network analysis tools to identify and visualize at least 5 key research trends or collaborations within the dataset.
- Generate a report summarizing findings and potential areas for further research, with at least 3 actionable recommendations.

Test Outline:
- Verify the availability and completeness of the dataset by checking the number of research papers and metadata fields.
- Conduct network analysis and present visualizations to confirm the identification of key trends and collaborations.
- Review the generated report to ensure it includes the required recommendations and insights for future research directions.","it (ISO 29148)
that (ISO 29148)
can (NASA ARM)",2,4,2.0,2,4,2.0,2,5,3.0,2,5,3.0,4,5,1.0,1,5,4.0,2,5,3.0,—
A24US8Ge,"As a developer of academic search engines, I want to integrate ArnetMiner's features and data to provide a more comprehensive and informative search experience.","User Story:
As a developer of academic search engines, I want to seamlessly integrate ArnetMiner's advanced features and extensive data sets so that users can access a more thorough and insightful search experience, ultimately enhancing their research capabilities.

Acceptance Criteria:
- Successfully incorporate at least 5 key features from ArnetMiner into the search engine interface.
- Ensure that the integration provides access to a minimum of 1 million additional academic records.
- Achieve a user satisfaction score of 85% or higher in post-integration surveys regarding the search experience.

Test Outline:
- Test the functionality of the integrated features to confirm they operate as intended within the search engine.
- Verify the total number of academic records available post-integration to ensure it meets the target.
- Conduct user surveys to assess satisfaction levels and gather feedback on the enhanced search experience.","it (ISO 29148)
that (ISO 29148)
can (NASA ARM)
more (NASA ARM)",2,4,2.0,1,5,4.0,2,5,3.0,2,5,3.0,3,5,2.0,1,5,4.0,2,5,3.0,—
A24US9Ge,"As a publisher, I want to leverage ArnetMiner's network analysis to understand the reach and impact of published research.","User Story:
As a publisher, I want to utilize ArnetMiner's network analysis tools to gain insights into the reach and impact of my published research, enabling data-driven decisions to enhance visibility and citation rates.

Acceptance Criteria:
- Generate a comprehensive report detailing the reach of published research, including metrics such as citation counts and publication visibility across relevant networks.
- Analyze the impact of research by identifying at least 5 key metrics, such as h-index, citation trends, and collaboration networks.
- Provide actionable recommendations based on the analysis to improve future publication strategies and increase engagement by at least 20%.

Test Outline:
- Validate the accuracy of the reach report by cross-referencing citation data from multiple sources.
- Review the identified metrics to ensure they align with industry standards for measuring research impact.
- Assess the effectiveness of the recommendations by tracking engagement metrics over the next publication cycle.",—,2,4,2.0,2,4,2.0,2,4,2.0,2,5,3.0,3,5,2.0,2,5,3.0,2,4,2.0,—
A24US10Ge,"As a policymaker, I want to use ArnetMiner's insights to inform policies and initiatives that support research collaboration and innovation.","User Story:
As a policymaker, I want to leverage insights from ArnetMiner to shape effective policies and initiatives that foster research collaboration and drive innovation across various sectors.

Acceptance Criteria:
- Identify at least 3 actionable insights from ArnetMiner that can be directly applied to enhance research collaboration.
- Develop 2 specific policy proposals based on the insights that aim to increase innovation by at least 15% within the next fiscal year.
- Establish a feedback mechanism to assess the impact of implemented policies on research collaboration and innovation, with measurable outcomes reported quarterly.

Test Outline:
- Review the insights extracted from ArnetMiner to ensure they are relevant and actionable for policy development.
- Present the policy proposals to stakeholders and gather feedback to refine them before implementation.
- Monitor and evaluate the effectiveness of the policies through surveys and performance metrics to confirm the targeted increase in innovation.","effective (ISO 29148)
that (ISO 29148)
effective (NASA ARM)
can (NASA ARM)",2,4,2.0,2,5,3.0,2,4,2.0,2,5,3.0,3,5,2.0,2,5,3.0,2,5,3.0,—
A25US1Ge,"As a customer on an online store, I want to see personalized recommendations that reflect my unique interests, even if I haven't explicitly rated many items.","User Story:
As a customer on an online store, I want to receive tailored product recommendations based on my browsing history and preferences, even if I have not provided explicit ratings for many items, so that I can discover products that align with my interests and enhance my shopping experience.

Acceptance Criteria:
- Generate personalized recommendations for at least 10 products based on user behavior and preferences, regardless of explicit ratings.
- Ensure that the recommendations are updated in real-time, reflecting any changes in browsing patterns or interests within a 24-hour period.
- Achieve a minimum click-through rate (CTR) of 15% on the recommended products displayed to users.

Test Outline:
- Analyze the recommendation algorithm to confirm it utilizes browsing history and inferred interests to generate suggestions.
- Monitor the frequency of updates to the recommendations to ensure they are refreshed within the specified time frame.
- Track user interactions with the recommended products to measure the click-through rate and validate it meets the target.","it (ISO 29148)
that (ISO 29148)
can (NASA ARM)",4,4,0.0,3,4,1.0,3,5,2.0,3,5,2.0,4,5,1.0,2,5,3.0,3,5,2.0,—
A25US2Ge,"As a developer of an e-commerce platform, I want a recommendation system that can scale efficiently with a large product catalog and customer base.","User Story:
As a developer of an e-commerce platform, I want to implement a scalable recommendation system that can efficiently handle a vast product catalog and a growing customer base, ensuring personalized shopping experiences for users.

Acceptance Criteria:
- The recommendation system must support at least 100,000 products and 1 million active users without performance degradation.
- The system should generate personalized recommendations within 2 seconds for each user request.
- It must be capable of updating recommendations in real-time as user behavior changes, with updates occurring at least every 5 minutes.

Test Outline:
- Simulate user interactions with a product catalog of 100,000 items and measure the system's response time for generating recommendations.
- Monitor the system's performance under load to ensure it can handle 1 million concurrent users without significant delays.
- Track the frequency and speed of recommendation updates to confirm they occur within the specified time frame.","it (ISO 29148)
that (ISO 29148)
significant (ISO 29148)
every (ISO 29148)
be capable of (NASA ARM)
can (NASA ARM)",2,4,2.0,2,4,2.0,2,4,2.0,2,5,3.0,3,5,2.0,2,5,3.0,2,4,2.0,—
A25US3Ge,"As a data scientist, I want a recommendation algorithm that can leverage various user data points beyond purchases and ratings, such as viewed items and demographics.","User Story:
As a data scientist, I want to develop a comprehensive recommendation algorithm that utilizes a diverse set of user data points, including viewed items and demographic information, in addition to purchase history and ratings, so that we can enhance the accuracy and relevance of product suggestions for users.

Acceptance Criteria:
- The algorithm must incorporate at least 5 different user data points, including viewed items and demographics, to generate recommendations.
- Achieve a minimum increase of 15% in recommendation accuracy as measured by user engagement metrics (e.g., click-through rates).
- Ensure that the algorithm can process and analyze data in real-time, with a response time of less than 3 seconds for generating recommendations.

Test Outline:
- Validate that the algorithm successfully integrates the specified user data points by reviewing its input parameters.
- Measure the change in user engagement metrics before and after implementing the new algorithm to confirm the targeted accuracy improvement.
- Test the algorithm's response time by running multiple recommendation requests and ensuring they complete within the specified time frame.","that (ISO 29148)
can (NASA ARM)
less (NASA ARM)",3,4,1.0,3,4,1.0,2,5,3.0,3,5,2.0,4,5,1.0,2,5,3.0,3,5,2.0,—
A25US4Ge,"As a content creator on a platform like YouTube, I want to recommend relevant videos to viewers based on their watch history, even if they haven't explicitly rated many videos.","User Story:
As a content creator on a platform like YouTube, I want to suggest pertinent videos to viewers by analyzing their watch history, even when they have not provided explicit ratings for many videos, so that I can enhance viewer engagement and retention.

Acceptance Criteria:
- Implement a recommendation algorithm that utilizes at least 80% of the viewer's watch history to generate relevant video suggestions.
- Ensure that the system can provide personalized recommendations for users with fewer than 10 rated videos.
- Track and report an increase in viewer engagement metrics, such as average watch time per session, by at least 15% within the first month of implementation.

Test Outline:
- Analyze the recommendation algorithm's output to confirm it effectively uses the viewer's watch history for generating suggestions.
- Test the system with user accounts that have minimal ratings to verify that relevant recommendations are still provided.
- Measure viewer engagement metrics before and after the implementation to validate the expected increase in average watch time.","it (ISO 29148)
that (ISO 29148)
minimal (ISO 29148)
can (NASA ARM)",4,4,0.0,3,4,1.0,3,5,2.0,2,5,3.0,3,5,2.0,2,5,3.0,3,5,2.0,—
A25US5Ge,"As a music streaming service provider, I want to recommend songs to users based on the music they've recently listened to, even if they haven't built up a large listening history.","User Story:
As a music streaming service provider, I want to offer personalized song recommendations to users based on their recent listening activity, even if they have a limited listening history, so that they can discover new music that aligns with their tastes and preferences.

Acceptance Criteria:
- Generate song recommendations within 5 seconds of the user finishing their last track.
- Ensure that at least 80% of users engage with the recommended songs within their first week of use.
- Provide a feedback mechanism for users to rate the recommendations, aiming for a minimum of 50 ratings per week to refine the algorithm.

Test Outline:
- Measure the time taken to generate recommendations after the last track is played to confirm it meets the 5-second requirement.
- Track user engagement with the recommended songs over the first week to ensure the 80% engagement target is met.
- Analyze the feedback ratings collected weekly to assess the effectiveness of the recommendations and make necessary adjustments.","it (ISO 29148)
that (ISO 29148)
can (NASA ARM)",4,4,0.0,3,5,2.0,3,5,2.0,3,5,2.0,4,5,1.0,2,5,3.0,3,5,2.0,—
A25US6Ge,"As a researcher studying user behavior, I want to understand how different recommendation algorithms compare in terms of accuracy, scalability, and user satisfaction.","User Story:
As a researcher studying user behavior, I want to evaluate and compare various recommendation algorithms based on their accuracy, scalability, and user satisfaction metrics so that I can identify the most effective algorithm for enhancing user experience.

Acceptance Criteria:
- Conduct a comparative analysis of at least 5 different recommendation algorithms, measuring their accuracy with a minimum of 90% precision.
- Assess scalability by testing each algorithm with datasets of varying sizes, ensuring they maintain performance with at least 100,000 users.
- Gather user satisfaction feedback through surveys, aiming for a satisfaction score of 80% or higher for the top-performing algorithms.

Test Outline:
- Implement each recommendation algorithm and measure their accuracy using a standardized dataset to confirm precision levels.
- Test the algorithms with progressively larger datasets to evaluate their scalability and document performance metrics.
- Distribute user satisfaction surveys post-implementation to collect feedback and analyze the results for each algorithm.","most (ISO 29148)
effective (ISO 29148)
that (ISO 29148)
effective (NASA ARM)
can (NASA ARM)",2,4,2.0,2,5,3.0,2,5,3.0,2,5,3.0,4,5,1.0,2,5,3.0,2,5,3.0,—
A25US7Ge,"As a marketer, I want to use a recommendation system that can personalize product suggestions in real-time to increase conversion rates.","User Story:
As a marketer, I want to implement a real-time recommendation system that personalizes product suggestions for each user, so that we can boost conversion rates by at least 15% within the next quarter.

Acceptance Criteria:
- The recommendation system must analyze user behavior and preferences to generate personalized suggestions within 2 seconds.
- Achieve a minimum conversion rate increase of 15% compared to the previous quarter's baseline.
- Ensure that at least 80% of users receive personalized recommendations during their shopping session.

Test Outline:
- Monitor the response time of the recommendation system to confirm it meets the 2-second requirement.
- Analyze conversion rates before and after the implementation to verify the targeted increase.
- Track the percentage of users receiving personalized recommendations during their sessions to ensure it meets the 80% threshold.","it (ISO 29148)
that (ISO 29148)
can (NASA ARM)",4,5,1.0,3,4,1.0,3,5,2.0,3,5,2.0,4,5,1.0,2,5,3.0,3,5,2.0,—
A25US8Ge,"As a platform developer, I want to integrate a scalable and efficient recommendation system into my platform to provide users with a more personalized and engaging experience.","User Story:
As a platform developer, I want to implement a robust and scalable recommendation system within my platform so that users receive tailored suggestions, enhancing their engagement and overall satisfaction.

Acceptance Criteria:
- The recommendation system must handle a minimum of 10,000 concurrent users without performance degradation.
- User engagement metrics, such as click-through rates, should increase by at least 25% within the first month of implementation.
- The system should provide personalized recommendations within 2 seconds of user interaction.

Test Outline:
- Conduct load testing to ensure the recommendation system supports the required number of concurrent users.
- Analyze user engagement data before and after the implementation to measure the increase in click-through rates.
- Measure the response time of the recommendation system to confirm it meets the 2-second requirement.","robust (ISO 29148)
it (ISO 29148)
that (ISO 29148)",3,4,1.0,3,4,1.0,3,5,2.0,2,5,3.0,4,5,1.0,2,5,3.0,3,5,2.0,—
A25US9Ge,"As a global citizen, I want to see online platforms use technology responsibly to recommend products that are relevant to users' actual interests and needs, avoiding intrusive or manipulative tactics.","User Story:
As a global citizen, I want online platforms to leverage technology ethically to provide product recommendations that align with users' genuine interests and needs, while steering clear of intrusive or manipulative practices.

Acceptance Criteria:
- Ensure that at least 80% of product recommendations are based on user preferences and behavior analytics, rather than generic algorithms.
- Implement user feedback mechanisms that allow at least 70% of users to report on the relevance of recommendations.
- Maintain transparency by providing users with clear information on how their data is used for recommendations, achieving a user satisfaction rate of 90% or higher regarding data privacy.

Test Outline:
- Analyze the accuracy of product recommendations through user surveys and data analytics to confirm alignment with user interests.
- Review the feedback collected from users to assess the percentage of positive responses regarding recommendation relevance.
- Evaluate the clarity and accessibility of data usage information provided to users to ensure it meets transparency standards.","it (ISO 29148)
that (ISO 29148)",2,4,2.0,1,5,4.0,2,4,2.0,2,5,3.0,3,5,2.0,1,5,4.0,2,5,3.0,—
A25US10Ge,"As a developer of recommendation systems, I want to explore the potential of item-to-item collaborative filtering and compare it to other approaches like traditional collaborative filtering and search-based methods.","User Story:
As a developer of recommendation systems, I want to investigate the effectiveness of item-to-item collaborative filtering and benchmark its performance against traditional collaborative filtering and search-based methodologies, so that I can identify the most efficient approach for enhancing user recommendations.

Acceptance Criteria:
- Conduct a comparative analysis of item-to-item collaborative filtering, traditional collaborative filtering, and search-based methods, focusing on at least 3 key performance metrics such as accuracy, response time, and user engagement.
- Document findings in a report that includes quantitative results, with at least a 10% improvement in user engagement metrics for the preferred method.
- Present the analysis to the team, highlighting the strengths and weaknesses of each approach based on empirical data.

Test Outline:
- Implement each recommendation method and gather performance data to compare accuracy and response times.
- Analyze user engagement metrics before and after implementing the preferred recommendation approach to validate improvements.
- Review the final report with stakeholders to ensure clarity and actionable insights are communicated effectively.","most (ISO 29148)
efficient (ISO 29148)
that (ISO 29148)
can (NASA ARM)",2,4,2.0,2,4,2.0,2,5,3.0,2,5,3.0,3,5,2.0,1,5,4.0,2,5,3.0,—
A26US1Ge,"As a customer on an online shopping platform, I want to understand why a product is being recommended to me, so I can make informed purchase decisions.","User Story:
As a customer on an online shopping platform, I want to receive clear explanations for product recommendations so that I can make well-informed purchasing decisions based on relevant criteria.

Acceptance Criteria:
- Provide a detailed rationale for each product recommendation, including at least 3 specific factors (e.g., user preferences, purchase history, and trending items).
- Ensure that the explanation is displayed within 2 seconds of the recommendation being shown to the user.
- Allow users to view additional information about the recommendation criteria through a clickable link or tooltip.

Test Outline:
- Review the product recommendation section to confirm that each suggested item includes a clear explanation based on the specified factors.
- Measure the time taken for the explanation to appear after the recommendations are displayed to ensure it meets the 2-second requirement.
- Test the functionality of the clickable link or tooltip to verify that it provides further details about the recommendation criteria.","it (ISO 29148)
that (ISO 29148)
can (NASA ARM)",4,5,1.0,3,4,1.0,3,5,2.0,2,5,3.0,4,5,1.0,2,5,3.0,3,5,2.0,—
A26US2Ge,"As a content creator on a platform like YouTube, I want to provide users with explanations for why their videos are being recommended to them, helping them discover new content and creators.","User Story:
As a content creator on a platform like YouTube, I want to offer users clear explanations for the recommendations of their videos so that they can better understand the algorithm and discover relevant new content and creators that align with their interests.

Acceptance Criteria:
- Provide a detailed rationale for each video recommendation, including at least 3 specific factors influencing the suggestion.
- Ensure that users can access this information within 2 clicks from the recommendation interface.
- Track user engagement metrics to confirm a 20% increase in content discovery rates after implementing the explanations.

Test Outline:
- Review the recommendation interface to verify that explanations are clearly displayed and accessible within the specified number of clicks.
- Analyze user engagement data before and after the feature rollout to measure the increase in content discovery rates.","this (ISO 29148)
that (ISO 29148)
better (ISO 29148)
can (NASA ARM)
better (NASA ARM)",3,4,1.0,3,4,1.0,3,5,2.0,2,5,3.0,3,5,2.0,2,5,3.0,3,5,2.0,—
A26US3Ge,"As a developer of a recommender system, I want to provide users with transparent and personalized justifications for recommendations, building trust and user satisfaction.","User Story:
As a developer of a recommender system, I want to deliver clear and personalized explanations for each recommendation so that users can understand the rationale behind suggestions, thereby enhancing trust and overall user satisfaction.

Acceptance Criteria:
- Each recommendation must include at least 3 specific reasons tailored to the user's preferences and behavior.
- User feedback on the clarity and relevance of the justifications should achieve a satisfaction score of 80% or higher in post-interaction surveys.
- The system should log user interactions with the justifications, aiming for a minimum engagement rate of 50% on the provided explanations.

Test Outline:
- Review the generated recommendations to ensure they include the required personalized justifications.
- Conduct user surveys to assess satisfaction levels regarding the clarity and relevance of the explanations.
- Analyze user interaction logs to confirm that at least 50% of users engage with the justifications provided.","that (ISO 29148)
can (NASA ARM)",3,4,1.0,3,4,1.0,3,5,2.0,3,5,2.0,4,5,1.0,2,5,3.0,3,5,2.0,—
A26US4Ge,"As a researcher studying user behavior, I want to understand how users interpret and utilize justifications for recommendations in their decision-making process.","User Story:
As a researcher studying user behavior, I want to gain insights into how users comprehend and apply justifications for recommendations during their decision-making processes so that I can identify patterns that enhance recommendation systems.

Acceptance Criteria:
- Conduct at least 50 user interviews to gather qualitative data on user interpretations of recommendation justifications.
- Analyze user decision-making outcomes to determine the impact of justifications on at least 70% of the decisions made.
- Compile a report summarizing findings, including at least 5 actionable insights for improving recommendation systems based on user feedback.

Test Outline:
- Review recorded interviews to assess user understanding and application of justifications in their decisions.
- Track and evaluate the correlation between the presence of justifications and the success rate of user decisions in a controlled study.","that (ISO 29148)
can (NASA ARM)",2,4,2.0,2,5,3.0,2,5,3.0,2,5,3.0,4,5,1.0,2,5,3.0,2,5,3.0,—
A26US5Ge,"As a marketer, I want to use personalized justifications to improve the effectiveness of my recommendations and increase conversion rates.","User Story:
As a marketer, I want to implement tailored justifications for my product recommendations so that I can significantly enhance their effectiveness and achieve a conversion rate increase of at least 15%.

Acceptance Criteria:
- Develop and deploy personalized justifications for at least 80% of product recommendations.
- Track and report conversion rates before and after implementation, aiming for a minimum increase of 15%.
- Conduct A/B testing to validate the impact of personalized justifications on user engagement metrics.

Test Outline:
- Analyze the percentage of product recommendations that include personalized justifications to ensure it meets the target.
- Measure conversion rates pre- and post-implementation to confirm the desired increase.
- Execute A/B tests comparing user engagement with and without personalized justifications to assess effectiveness.","it (ISO 29148)
that (ISO 29148)
can (NASA ARM)",3,4,1.0,3,4,1.0,3,5,2.0,2,5,3.0,4,5,1.0,2,5,3.0,3,5,2.0,—
A26US6Ge,"As a data scientist, I want to explore new methods for generating diverse and informative justifications that are tailored to individual users and their preferences.","User Story:
As a data scientist, I want to investigate innovative techniques for creating personalized and varied justifications that align with the unique preferences of each user, thereby enhancing user engagement and satisfaction.

Acceptance Criteria:
- Develop at least 3 distinct methods for generating user-specific justifications that cater to different user profiles.
- Achieve a minimum of 80% user satisfaction rate based on feedback regarding the relevance and clarity of the justifications.
- Ensure that the generated justifications can be produced within a response time of 1 second or less for real-time applications.

Test Outline:
- Conduct user testing to evaluate the effectiveness of the new justification methods and gather satisfaction ratings.
- Measure the response time for generating justifications to confirm it meets the performance criteria.","it (ISO 29148)
that (ISO 29148)
can (NASA ARM)
less (NASA ARM)",2,4,2.0,2,5,3.0,2,4,2.0,2,5,3.0,4,5,1.0,2,5,3.0,2,5,3.0,—
A26US7Ge,"As a platform developer, I want to integrate personalized justification models into my platform to provide users with a more explainable and engaging experience.","User Story:
As a platform developer, I want to implement personalized justification models within my platform so that users receive tailored explanations that enhance their understanding and engagement with the content.

Acceptance Criteria:
- Develop and deploy at least 3 distinct personalized justification models that cater to different user segments.
- Achieve a user satisfaction score of 80% or higher regarding the clarity and relevance of the explanations provided.
- Monitor and report on user engagement metrics, aiming for a 15% increase in interaction rates with content that includes personalized justifications.

Test Outline:
- Conduct user surveys to assess satisfaction levels with the explanations generated by the models.
- Analyze engagement metrics before and after the implementation to confirm the targeted increase in interaction rates.
- Validate that the personalized justification models are functioning correctly and providing relevant explanations for each user segment.",that (ISO 29148),3,4,1.0,3,4,1.0,3,5,2.0,2,5,3.0,4,5,1.0,2,5,3.0,3,5,2.0,—
A26US8Ge,"As a content creator on a social media platform, I want to use justifications to explain why I recommend certain content to my followers, fostering transparency and engagement.","User Story:
As a content creator on a social media platform, I want to provide clear justifications for my content recommendations to my followers so that I can enhance transparency and boost engagement levels.

Acceptance Criteria:
- Include at least 3 specific reasons for each content recommendation that resonate with the audience's interests.
- Achieve a minimum engagement rate of 15% on posts that include justifications compared to those without.
- Track and report follower feedback on the clarity and relevance of the justifications, aiming for at least 80% positive responses.

Test Outline:
- Analyze engagement metrics on posts with justifications versus those without to confirm the targeted engagement rate.
- Collect and review follower feedback through surveys or comments to assess the effectiveness of the justifications provided.
- Monitor the consistency of including justifications in content recommendations over a defined period.","that (ISO 29148)
those (ISO 29148)
can (NASA ARM)",3,4,1.0,3,5,2.0,3,5,2.0,3,5,2.0,4,5,1.0,2,5,3.0,3,5,2.0,—
A26US9Ge,"As a consumer of online information, I want to be able to critically evaluate recommendations and justifications, making informed choices about the content I consume.","User Story:
As a consumer of online information, I want to develop the ability to critically assess recommendations and justifications so that I can make well-informed decisions regarding the content I choose to engage with.

Acceptance Criteria:
- Implement a feature that provides users with a summary of the sources and evidence behind recommendations, ensuring transparency.
- Enable users to rate the credibility of recommendations on a scale of 1 to 5, with at least 70% of users providing feedback.
- Offer educational resources or tips on how to evaluate online content effectively, with at least 80% of users reporting increased confidence in their evaluation skills.

Test Outline:
- Review the feature that summarizes sources and evidence to ensure it is accessible and informative.
- Analyze user feedback ratings to confirm that at least 70% of users are actively participating in the rating process.
- Conduct surveys to assess user confidence levels before and after accessing the educational resources, aiming for an 80% increase in reported confidence.","it (ISO 29148)
that (ISO 29148)
can (NASA ARM)",2,4,2.0,2,5,3.0,2,5,3.0,2,5,3.0,3,5,2.0,2,5,3.0,2,5,3.0,—
A26US10Ge,"As a global citizen, I want to see online platforms use technology responsibly to provide users with transparent and personalized justifications for recommendations, promoting trust and responsible consumption.","User Story:
As a global citizen, I want online platforms to implement responsible technology practices that deliver clear and personalized explanations for their recommendations, thereby fostering user trust and encouraging responsible consumption habits.

Acceptance Criteria:
- Ensure that 100% of recommendation algorithms provide users with transparent justifications for each suggestion.
- Achieve a user satisfaction score of at least 85% regarding the clarity and relevance of the provided explanations.
- Implement a feedback mechanism that allows users to rate the usefulness of the recommendations, with a target response rate of ≥70%.

Test Outline:
- Review the recommendation system to confirm that it includes clear justifications for all suggestions made to users.
- Conduct user surveys to measure satisfaction levels with the transparency and personalization of the recommendations.
- Analyze feedback data to ensure that at least 70% of users engage with the feedback mechanism and provide ratings.","it (ISO 29148)
that (ISO 29148)
all (ISO 29148)",2,4,2.0,1,5,4.0,2,4,2.0,2,5,3.0,3,5,2.0,1,5,4.0,2,5,3.0,—
A27US1Ge,"As a customer browsing a small online store, I want to see product recommendations that are relevant to my current interests, even if I haven't interacted with the store for a long time.","User Story:
As a customer browsing a small online store, I want to receive personalized product recommendations based on my interests, even if my last interaction with the store was several months ago, so that I can discover items that align with my preferences and enhance my shopping experience.

Acceptance Criteria:
- The recommendation engine must analyze user behavior and preferences to generate relevant suggestions, achieving a minimum relevance score of 80%.
- Ensure that at least 5 personalized product recommendations are displayed on the homepage upon user login or visit.
- Track user engagement with the recommendations, aiming for a click-through rate (CTR) of at least 10% on the suggested products.

Test Outline:
- Review the algorithm's output to confirm that the recommendations align with the user's past interests and achieve the specified relevance score.
- Check the homepage layout to ensure that the 5 personalized recommendations are prominently displayed upon user access.
- Monitor user interactions with the recommendations to validate the click-through rate meets or exceeds the target.","that (ISO 29148)
can (NASA ARM)",4,4,0.0,3,4,1.0,3,5,2.0,3,5,2.0,4,5,1.0,2,5,3.0,3,5,2.0,—
A27US2Ge,"As a developer of a recommender system for a website with limited user data, I want a solution that can accurately recommend items based on users' current browsing behavior within the session.","User Story:
As a developer of a recommender system for a website with limited user data, I want to implement a solution that can effectively suggest items based on users' real-time browsing behavior during their current session, thereby enhancing user engagement and increasing conversion rates.

Acceptance Criteria:
- The recommendation engine must analyze user interactions and generate relevant item suggestions within 2 seconds of user activity.
- At least 75% of users should find the recommendations relevant based on a post-session survey.
- The system should adapt to user behavior changes within the session, updating recommendations at least every 5 interactions.

Test Outline:
- Monitor the response time of the recommendation engine to ensure it meets the 2-second requirement after user activity.
- Conduct a survey with users post-session to evaluate the relevance of the recommendations, aiming for a 75% satisfaction rate.
- Track the frequency of recommendation updates in response to user interactions to confirm they occur every 5 actions or less.","it (ISO 29148)
that (ISO 29148)
every (ISO 29148)
can (NASA ARM)
less (NASA ARM)",4,4,0.0,3,4,1.0,2,4,2.0,3,5,2.0,3,5,2.0,2,5,3.0,3,4,1.0,—
A27US3Ge,"As a content creator on a platform like YouTube, I want to recommend relevant videos to viewers based on their current watch history, even if they haven't watched many videos on the platform.","User Story:
As a content creator on a platform like YouTube, I want to suggest pertinent videos to viewers based on their existing watch history, even if they have a limited number of videos viewed, so that I can enhance viewer engagement and retention.

Acceptance Criteria:
- Implement a recommendation algorithm that analyzes the watch history of users with fewer than 5 viewed videos to generate relevant suggestions.
- Achieve a minimum click-through rate (CTR) of 15% on recommended videos within the first week of implementation.
- Ensure that at least 70% of users report finding the recommendations helpful in a post-viewing survey.

Test Outline:
- Track the performance of the recommendation algorithm by measuring the CTR of suggested videos over the first week.
- Conduct a user survey to gather feedback on the relevance and helpfulness of the recommended videos.
- Analyze the engagement metrics of users who interacted with the recommendations to assess overall impact.","that (ISO 29148)
can (NASA ARM)",4,4,0.0,3,5,2.0,3,5,2.0,2,5,3.0,3,5,2.0,2,5,3.0,3,5,2.0,—
A27US4Ge,"As a music streaming service provider, I want to recommend songs to users based on the music they've recently listened to, even if they haven't built up a large listening history.","User Story:
As a music streaming service provider, I want to offer personalized song recommendations to users based on their recent listening activity, even if they have a limited listening history, so that they can discover new music that aligns with their tastes and preferences.

Acceptance Criteria:
- Generate song recommendations within 5 seconds of the user finishing their last track.
- Ensure that at least 80% of users engage with the recommended songs within their first week of use.
- Provide a feedback mechanism for users to rate the recommendations, aiming for a minimum of 50 ratings per week to refine the algorithm.

Test Outline:
- Measure the time taken to generate recommendations after the last track is played to confirm it meets the 5-second requirement.
- Track user engagement with the recommended songs over the first week to ensure the 80% engagement target is met.
- Analyze the feedback ratings collected weekly to assess the effectiveness of the recommendations and make necessary adjustments.","it (ISO 29148)
that (ISO 29148)
can (NASA ARM)",4,4,0.0,3,5,2.0,3,5,2.0,3,5,2.0,4,5,1.0,2,5,3.0,3,5,2.0,—
A27US5Ge,"As a news aggregator app developer, I want to recommend relevant news articles to users based on the articles they've read in the current session, even if they haven't set up a personalized profile.","User Story:
As a news aggregator app developer, I want to provide users with tailored news article recommendations based on their reading history during the current session, even in the absence of a personalized profile, to enhance user engagement and content discovery.

Acceptance Criteria:
- Analyze the articles read in the current session and generate a list of at least 5 relevant recommendations.
- Ensure that the recommended articles are displayed within 3 seconds after the user finishes reading an article.
- Track user interactions with the recommended articles to measure engagement rates, aiming for at least a 20% click-through rate.

Test Outline:
- Verify that the system correctly identifies and recommends articles based on the user's current session reading history.
- Measure the time taken to display recommendations after the last article is read to ensure it meets the 3-second requirement.
- Monitor user engagement with the recommended articles to confirm that the click-through rate meets or exceeds the target of 20%.","it (ISO 29148)
that (ISO 29148)",4,4,0.0,3,4,1.0,3,4,1.0,3,5,2.0,3,5,2.0,2,5,3.0,3,4,1.0,—
A27US6Ge,"As a researcher studying user behavior, I want to understand how users' current browsing patterns and past interactions within a session influence their future preferences.","User Story:
As a researcher studying user behavior, I want to analyze the impact of users' current browsing patterns and their previous interactions within a session so that I can identify trends that influence their future preferences and improve user experience.

Acceptance Criteria:
- Collect and analyze data on at least 500 user sessions to identify browsing patterns and interaction history.
- Establish correlations between current browsing behaviors and future preferences with a confidence level of 95% or higher.
- Generate a report summarizing findings, including actionable insights for enhancing user engagement based on identified trends.

Test Outline:
- Use analytics tools to track and record user sessions, ensuring data integrity and completeness.
- Perform statistical analysis to determine the strength of correlations between browsing patterns and future preferences.
- Review the generated report with stakeholders to validate insights and discuss potential implementation strategies.","that (ISO 29148)
can (NASA ARM)",2,4,2.0,2,4,2.0,2,5,3.0,2,5,3.0,4,5,1.0,2,5,3.0,2,5,3.0,—
A27US7Ge,"As a marketer, I want to use session-based recommendations to personalize product suggestions and increase conversion rates on my website.","User Story:
As a marketer, I want to implement session-based product recommendations to tailor suggestions for each user, thereby enhancing personalization and driving conversion rates on my website.

Acceptance Criteria:
- Generate personalized product recommendations based on user behavior within the current session, achieving a minimum of 15% increase in conversion rates.
- Track and analyze user interactions with recommended products to ensure at least 70% of users engage with the suggestions.
- Ensure that the recommendation engine updates in real-time, reflecting changes in user behavior within 5 seconds.

Test Outline:
- Monitor conversion rates before and after implementing session-based recommendations to confirm the targeted increase.
- Analyze user engagement metrics to verify that 70% of users interact with the personalized suggestions.
- Test the recommendation engine's response time to ensure it updates within the specified 5-second window.","it (ISO 29148)
that (ISO 29148)",3,4,1.0,3,4,1.0,3,4,1.0,3,5,2.0,4,5,1.0,2,5,3.0,3,4,1.0,—
A27US8Ge,"As a data scientist, I want to explore the potential of RNNs for session-based recommendations and develop new techniques for improving their accuracy and effectiveness.","User Story:
As a data scientist, I want to investigate the capabilities of Recurrent Neural Networks (RNNs) for generating session-based recommendations so that I can create innovative techniques that enhance their accuracy and effectiveness, ultimately driving better user engagement and satisfaction.

Acceptance Criteria:
- Conduct a comprehensive analysis of RNN performance metrics, aiming for an accuracy improvement of at least 15% over existing recommendation models.
- Develop and implement at least 3 novel techniques or algorithms that specifically target the enhancement of RNN-based recommendations.
- Validate the effectiveness of these techniques through A/B testing, ensuring that user engagement metrics increase by a minimum of 10%.

Test Outline:
- Evaluate the accuracy of the RNN model against baseline metrics to confirm the targeted improvement.
- Document the development process and outcomes of the new techniques, ensuring they are reproducible.
- Analyze user engagement data post-implementation to verify the increase in metrics as specified.","that (ISO 29148)
these (ISO 29148)
better (ISO 29148)
can (NASA ARM)
better (NASA ARM)",2,4,2.0,2,4,2.0,2,5,3.0,2,5,3.0,3,5,2.0,1,5,4.0,2,5,3.0,—
A27US9Ge,"As a platform developer, I want to integrate RNN-based session-based recommendations into my platform to provide users with a more personalized and engaging experience.","User Story:
As a platform developer, I want to implement RNN-based session-aware recommendation systems into my platform so that users receive tailored suggestions, enhancing their engagement and overall satisfaction.

Acceptance Criteria:
- Achieve a minimum increase of 20% in user engagement metrics, such as session duration or interaction rates, within 3 months of implementation.
- Ensure that the recommendation algorithm processes user sessions in real-time, with a latency of less than 500 milliseconds.
- Collect user feedback on the relevance of recommendations, aiming for at least 75% positive responses in user surveys.

Test Outline:
- Analyze user engagement data before and after the integration to confirm the targeted increase in metrics.
- Measure the response time of the recommendation system during peak usage to ensure it meets the latency requirement.
- Conduct user surveys to gather feedback on the perceived relevance of the recommendations and evaluate the percentage of positive responses.","it (ISO 29148)
that (ISO 29148)
less (NASA ARM)",2,4,2.0,2,5,3.0,2,5,3.0,2,5,3.0,3,5,2.0,2,5,3.0,2,5,3.0,—
A27US10Ge,"As a global citizen, I want to see online platforms use technology responsibly to recommend products and content that are relevant to users' actual interests and needs, avoiding intrusive or manipulative tactics.","User Story:
As a global citizen, I want online platforms to leverage technology ethically to provide personalized product and content recommendations that align with users' genuine interests and needs, while steering clear of intrusive or manipulative practices.

Acceptance Criteria:
- Ensure that at least 80% of recommended products and content are based on user preferences and past interactions.
- Implement user feedback mechanisms to assess the relevance of recommendations, aiming for a satisfaction rate of 75% or higher.
- Establish transparency in recommendation algorithms, providing users with clear insights into how their data influences suggestions.

Test Outline:
- Analyze the accuracy of recommendations by comparing them against user preferences and tracking engagement metrics.
- Conduct user surveys to measure satisfaction with the relevance of recommendations and gather feedback for improvement.
- Review the transparency of the recommendation process by evaluating the clarity of information provided to users regarding data usage.",that (ISO 29148),2,4,2.0,2,5,3.0,2,4,2.0,2,5,3.0,2,5,3.0,2,5,3.0,2,5,3.0,—
A28US1Ge,"As a single person looking for love, I want a dating recommender system that goes beyond self-reported profiles and considers real-life interactions and compatibility.","User Story:
As a single person looking for love, I want a dating recommendation system that utilizes data from real-life interactions and compatibility metrics, rather than solely relying on self-reported profiles, to enhance my chances of finding a compatible partner.

Acceptance Criteria:
- The system must analyze at least 3 different types of real-life interaction data (e.g., social media engagement, mutual friends, and event attendance) to generate recommendations.
- Compatibility scores should be calculated based on a minimum of 5 key relationship factors (e.g., interests, values, communication styles, lifestyle preferences, and long-term goals).
- Users should receive personalized match suggestions that reflect a compatibility score of 80% or higher based on the analyzed data.

Test Outline:
- Review the data sources used by the system to ensure they include the specified types of real-life interactions.
- Validate the calculation of compatibility scores by checking the factors considered and ensuring they align with the defined criteria.
- Test the recommendation output to confirm that suggested matches meet the minimum compatibility score threshold.",that (ISO 29148),3,4,1.0,3,4,1.0,2,4,2.0,3,5,2.0,4,5,1.0,2,5,3.0,3,4,1.0,—
A28US2Ge,"As a speed dating organizer, I want a tool that can analyze data from past events to improve match prediction accuracy and increase the success rate of future events.","User Story:
As a speed dating organizer, I want a data analysis tool that evaluates historical event data to enhance the accuracy of match predictions, thereby increasing the success rate of future events by at least 20%.

Acceptance Criteria:
- Analyze data from at least 10 past events to identify patterns and preferences.
- Achieve a match prediction accuracy improvement of 20% or more compared to previous events.
- Provide actionable insights and recommendations for at least 3 key areas of improvement for future events.

Test Outline:
- Review the analysis results to ensure they are based on data from the specified number of past events.
- Compare the match prediction accuracy before and after implementing the tool to confirm the targeted improvement.
- Validate that the tool generates a report with at least 3 actionable insights for enhancing future event success.","that (ISO 29148)
more (NASA ARM)",3,4,1.0,3,4,1.0,3,4,1.0,3,5,2.0,4,5,1.0,2,5,3.0,3,4,1.0,—
A28US3Ge,"As a researcher studying human behavior and romantic attraction, I want to explore the potential of using speed dating data to understand what factors contribute to successful matches.","User Story:
As a researcher studying human behavior and romantic attraction, I want to analyze speed dating data to identify key factors that lead to successful matches, enabling me to draw actionable insights that can enhance dating experiences.

Acceptance Criteria:
- Collect and analyze data from at least 500 speed dating events to ensure a robust sample size.
- Identify and quantify at least 5 significant factors that correlate with successful matches, such as communication style, shared interests, and physical attraction.
- Present findings in a comprehensive report that includes statistical analysis and recommendations for improving match success rates.

Test Outline:
- Verify the data collection process to ensure it includes a diverse range of participants and events.
- Conduct statistical analyses to confirm the identified factors significantly correlate with successful matches.
- Review the final report for clarity, depth of analysis, and actionable recommendations based on the findings.","robust (ISO 29148)
it (ISO 29148)
that (ISO 29148)
significant (ISO 29148)
can (NASA ARM)",2,4,2.0,1,5,4.0,2,4,2.0,2,5,3.0,4,5,1.0,1,5,4.0,2,5,3.0,—
A28US4Ge,"As a developer of dating apps or platforms, I want to integrate real-world data from speed dating events into my system to provide users with more accurate and personalized recommendations.","User Story:
As a developer of dating apps or platforms, I want to incorporate real-time data from speed dating events into my platform so that users receive tailored and precise match recommendations, enhancing their overall experience and increasing engagement.

Acceptance Criteria:
- Successfully integrate data from at least 5 speed dating events per month to ensure a diverse dataset.
- Achieve a minimum of 80% accuracy in match recommendations based on user preferences and event data.
- Provide users with personalized recommendations within 10 seconds of event data processing.

Test Outline:
- Verify the integration of speed dating event data by checking the system for updates from the specified events.
- Measure the accuracy of match recommendations through user feedback and engagement metrics.
- Time the recommendation process to ensure it consistently meets the 10-second threshold.","it (ISO 29148)
that (ISO 29148)",3,4,1.0,3,5,2.0,3,5,2.0,3,5,2.0,3,5,2.0,2,5,3.0,3,5,2.0,—
A28US5Ge,"As a data scientist, I want to explore the use of machine learning techniques, like random forest regression, to predict compatibility based on objective data from speed dating interactions.","User Story:
As a data scientist, I want to investigate the application of machine learning methods, specifically random forest regression, to accurately predict compatibility scores using quantitative data collected from speed dating interactions.

Acceptance Criteria:
- Develop a predictive model that achieves at least 85% accuracy in compatibility predictions based on historical speed dating data.
- Utilize a dataset containing a minimum of 500 interactions to ensure robust model training and validation.
- Present findings in a comprehensive report that includes model performance metrics and actionable insights for improving matchmaking processes.

Test Outline:
- Validate the model's accuracy by comparing predicted compatibility scores against actual outcomes from a test dataset.
- Ensure the dataset used for training and testing contains sufficient diversity in interactions to reflect various compatibility factors.
- Review the final report for clarity, completeness, and the inclusion of specific recommendations based on the analysis.","robust (ISO 29148)
that (ISO 29148)",4,4,0.0,3,4,1.0,3,4,1.0,3,5,2.0,4,5,1.0,2,5,3.0,3,4,1.0,—
A28US6Ge,"As a user concerned about data privacy, I want a dating recommender system that uses my data responsibly and transparently, ensuring my information is secure and used ethically.","User Story:
As a user concerned about data privacy, I want a dating recommendation system that handles my personal data with utmost responsibility and transparency, ensuring that my information is safeguarded and utilized in an ethical manner.

Acceptance Criteria:
- Clearly outline the data collection practices, ensuring users are informed about what data is collected and how it will be used.
- Implement robust security measures that guarantee user data is encrypted and protected against unauthorized access.
- Provide users with the ability to opt-in or opt-out of data sharing features, with at least 90% of users aware of their choices.

Test Outline:
- Review the system's privacy policy to confirm that it explicitly details data usage and collection practices.
- Conduct security audits to verify that user data is encrypted and assess the effectiveness of the security measures in place.
- Survey users to determine the percentage who understand their data sharing options and have made informed choices regarding their data.","robust (ISO 29148)
it (ISO 29148)
that (ISO 29148)",2,4,2.0,2,4,2.0,2,4,2.0,2,5,3.0,3,5,2.0,1,5,4.0,2,4,2.0,—
A28US7Ge,"As a psychologist studying dating and relationships, I want to understand how the proposed recommender system based on speed dating data compares to traditional online dating algorithms.","User Story:
As a psychologist studying dating and relationships, I want to analyze the effectiveness of a recommender system utilizing speed dating data in comparison to conventional online dating algorithms, so that I can provide evidence-based insights into their relative performance and user satisfaction.

Acceptance Criteria:
- Conduct a comparative analysis that measures user engagement levels with the recommender system versus traditional algorithms, aiming for at least a 20% increase in engagement.
- Gather user feedback through surveys to assess satisfaction rates, targeting a minimum of 75% positive responses for the new system.
- Evaluate match success rates, ensuring that the recommender system achieves at least a 15% higher success rate in forming meaningful connections compared to traditional methods.

Test Outline:
- Analyze user engagement metrics before and after implementing the recommender system to confirm the targeted increase.
- Distribute and collect survey responses from users of both systems to quantify satisfaction levels.
- Track and compare the number of successful matches made through both the recommender system and traditional algorithms to validate the success rate improvement.","that (ISO 29148)
can (NASA ARM)",2,4,2.0,2,5,3.0,2,5,3.0,2,5,3.0,4,5,1.0,1,5,4.0,2,5,3.0,—
A28US8Ge,"As a social scientist studying the impact of technology on dating, I want to explore the potential benefits and drawbacks of using speed dating data in dating recommender systems.","User Story:
As a social scientist studying the impact of technology on dating, I want to analyze the advantages and disadvantages of incorporating speed dating data into dating recommendation systems so that I can provide evidence-based insights that enhance user matching experiences.

Acceptance Criteria:
- Identify at least 3 measurable benefits of using speed dating data in recommendation algorithms, such as improved match accuracy by ≥20%.
- Assess at least 3 potential drawbacks, including user privacy concerns and data reliability issues, with documented examples.
- Compile a comprehensive report summarizing findings, including quantitative data and qualitative insights, to support recommendations for future research.

Test Outline:
- Conduct a comparative analysis of existing dating recommendation systems that utilize speed dating data versus those that do not, measuring user satisfaction and match success rates.
- Gather feedback from users regarding their experiences with recommendations based on speed dating data to identify perceived benefits and drawbacks.","that (ISO 29148)
those (ISO 29148)
improved (ISO 29148)
can (NASA ARM)
improved (NASA ARM)",2,4,2.0,2,5,3.0,2,5,3.0,2,5,3.0,4,5,1.0,1,5,4.0,2,5,3.0,—
A28US9Ge,"As a dating coach or relationship expert, I want to use insights from the speed dating-based recommender system to provide clients with personalized advice and strategies for successful dating.","User Story:
As a dating coach or relationship expert, I want to leverage insights from the speed dating recommender system to deliver tailored advice and actionable strategies to my clients, enhancing their chances of successful dating experiences.

Acceptance Criteria:
- Analyze at least 100 speed dating profiles to identify key patterns and preferences that inform personalized advice.
- Provide clients with a minimum of 3 customized strategies based on their unique profiles and insights from the recommender system.
- Measure client satisfaction with the advice provided, aiming for a feedback score of 4.5 out of 5 or higher.

Test Outline:
- Review the data analysis process to ensure it includes a diverse range of profiles and insights.
- Collect feedback from clients after implementing the personalized strategies to evaluate their effectiveness and satisfaction.
- Track the success rate of clients in securing follow-up dates or positive interactions as a result of the advice given.","it (ISO 29148)
that (ISO 29148)",3,4,1.0,3,5,2.0,3,4,1.0,3,5,2.0,4,5,1.0,2,5,3.0,3,5,2.0,—
A28US10Ge,"As a single person looking for a meaningful connection, I want to use a dating recommender system that helps me find compatible matches based on real-life interaction and mutual interest, rather than solely relying on self-reported information.","User Story:
As a single person looking for a meaningful connection, I want to utilize a dating recommendation system that identifies compatible matches through real-life interactions and shared interests, rather than depending exclusively on self-reported data.

Acceptance Criteria:
- The system must analyze at least 3 different types of real-life interaction data (e.g., event attendance, mutual friends, and activity preferences) to generate match suggestions.
- Compatibility scores should be calculated based on a minimum of 5 mutual interests or activities to ensure meaningful connections.
- Users should receive at least 3 match recommendations per week that meet the compatibility criteria.

Test Outline:
- Review the data sources used by the system to confirm that it incorporates real-life interaction metrics.
- Validate the compatibility scoring algorithm by checking that it reflects the required number of mutual interests.
- Track the number of match recommendations provided to users weekly to ensure compliance with the specified minimum.","it (ISO 29148)
that (ISO 29148)",3,4,1.0,3,4,1.0,3,4,1.0,3,5,2.0,3,5,2.0,2,5,3.0,3,4,1.0,—
A29US1Ge,"As an economic historian, I want to analyze the long-term effects of early life conditions on individuals' later life outcomes, but I need a reliable way to track individuals across historical census records.","User Story:
As an economic historian, I want to develop a robust methodology for tracking individuals across historical census records so that I can effectively analyze the long-term impacts of early life conditions on their later life outcomes.

Acceptance Criteria:
- Establish a reliable tracking system that can link at least 80% of individuals across multiple census records.
- Ensure that the methodology can be applied to a minimum of 5 different historical datasets for comprehensive analysis.
- Validate the accuracy of the tracking system by cross-referencing with known outcomes for at least 100 individuals.

Test Outline:
- Conduct a pilot study to assess the tracking system's effectiveness in linking individuals across census records and measure the success rate.
- Apply the methodology to various historical datasets and document the results to confirm its applicability.
- Perform a detailed comparison of tracked individuals' outcomes against known data to evaluate the accuracy of the tracking system.","reliable (ISO 29148)
robust (ISO 29148)
that (ISO 29148)
can (NASA ARM)",2,4,2.0,2,4,2.0,2,4,2.0,2,5,3.0,3,5,2.0,1,5,4.0,2,4,2.0,—
A29US2Ge,"As a researcher studying social mobility, I want to accurately measure intergenerational mobility across different populations and time periods, requiring precise record linkage.","User Story:
As a researcher studying social mobility, I want to effectively quantify intergenerational mobility across various demographics and historical contexts, necessitating robust and precise record linkage methods.

Acceptance Criteria:
- Establish a reliable record linkage process that achieves at least 95% accuracy in matching intergenerational data.
- Analyze intergenerational mobility across a minimum of 5 distinct populations over at least 3 different time periods.
- Generate a comprehensive report detailing findings, including statistical measures of mobility, within 3 months of data collection.

Test Outline:
- Validate the accuracy of the record linkage by cross-referencing a sample of matched records with known outcomes.
- Review the demographic and temporal diversity of the analyzed populations to ensure comprehensive coverage.
- Assess the completeness and clarity of the final report by soliciting feedback from peer researchers.","reliable (ISO 29148)
robust (ISO 29148)
that (ISO 29148)",2,4,2.0,2,5,3.0,2,4,2.0,2,5,3.0,3,5,2.0,2,5,3.0,2,5,3.0,—
A29US3Ge,"As a sociologist studying assimilation and discrimination, I want to analyze how individuals' identities and experiences change over time, which necessitates linking them across historical records.","User Story:
As a sociologist studying assimilation and discrimination, I want to conduct a longitudinal analysis of how individuals' identities and experiences evolve over time, which requires the ability to connect and track these individuals across various historical records.

Acceptance Criteria:
- Establish a comprehensive database that links at least 500 historical records to individual identities for analysis.
- Ensure that the data linkage process maintains a minimum accuracy rate of 95% in matching identities across records.
- Generate a report detailing the changes in identity and experience for at least 100 individuals over a specified time frame.

Test Outline:
- Validate the integrity and accuracy of the database by cross-referencing a sample of linked records with original historical documents.
- Assess the accuracy of identity matches by conducting a review of at least 50 linked cases to confirm correct associations.
- Analyze the generated report to ensure it reflects significant trends and changes in identity and experience as intended.","it (ISO 29148)
that (ISO 29148)
these (ISO 29148)
significant (ISO 29148)",2,4,2.0,1,4,3.0,2,4,2.0,2,5,3.0,4,5,1.0,1,5,4.0,2,4,2.0,—
A29US4Ge,"As a demographer studying population trends, I want to track individual migration patterns and family structures across generations, requiring accurate record linkage.","User Story:
As a demographer studying population trends, I want to monitor individual migration patterns and family structures across multiple generations, ensuring precise record linkage for reliable data analysis.

Acceptance Criteria:
- Establish a system that accurately links at least 90% of individual records across generations.
- Track migration patterns for a minimum of 1,000 individuals over a 10-year period.
- Generate comprehensive reports on family structures that include at least 5 key demographic variables.

Test Outline:
- Validate the accuracy of record linkage by cross-referencing linked records with known data sets.
- Analyze migration data to confirm tracking of the specified number of individuals and their movements.
- Review generated reports to ensure they include the required demographic variables and are accessible for further analysis.","reliable (ISO 29148)
that (ISO 29148)",2,4,2.0,2,4,2.0,2,4,2.0,2,5,3.0,4,5,1.0,2,5,3.0,2,4,2.0,—
A29US5Ge,"As a data scientist working with historical data, I want a user-friendly and efficient method for linking records across different databases, minimizing errors and biases.","User Story:
As a data scientist working with historical data, I want an intuitive and streamlined process for linking records across multiple databases so that I can reduce errors and biases, ensuring the integrity and accuracy of my analyses.

Acceptance Criteria:
- Implement a user interface that allows for record linking with a success rate of ≥95% in matching accuracy.
- Ensure that the linking process completes within an average time of ≤10 seconds for datasets of up to 100,000 records.
- Provide automated error detection and bias identification features that flag at least 90% of potential discrepancies during the linking process.

Test Outline:
- Conduct tests to evaluate the accuracy of linked records and confirm that the success rate meets or exceeds the target.
- Measure the time taken to link records for various dataset sizes to ensure compliance with the time criterion.
- Review the system's ability to identify errors and biases by analyzing flagged discrepancies against known issues.","intuitive (ISO 29148)
that (ISO 29148)
can (NASA ARM)",3,4,1.0,2,4,2.0,2,5,3.0,2,5,3.0,4,5,1.0,2,5,3.0,3,5,2.0,—
A29US6Ge,"As a genealogist researching family history, I want to trace the lives of my ancestors across historical records, but I need a reliable way to match records and avoid mistakes.","User Story:
As a genealogist researching family history, I want to accurately trace my ancestors' lives through historical records so that I can build a reliable family tree and minimize errors in my research.

Acceptance Criteria:
- Implement a record-matching algorithm that achieves at least 90% accuracy in linking related historical documents.
- Provide a user interface that allows for easy comparison of matched records, with a minimum of 3 key data points highlighted for verification.
- Ensure that users can flag discrepancies in matched records, with a response time of under 24 hours for review and resolution.

Test Outline:
- Test the record-matching algorithm with a sample dataset to confirm it meets the 90% accuracy threshold.
- Evaluate the user interface for ease of use in comparing matched records and check that the key data points are clearly displayed.
- Monitor the response time for flagged discrepancies to ensure it is addressed within the 24-hour timeframe.","easy (ISO 29148)
reliable (ISO 29148)
it (ISO 29148)
that (ISO 29148)
can (NASA ARM)",3,4,1.0,3,4,1.0,3,5,2.0,2,5,3.0,4,5,1.0,2,5,3.0,3,5,2.0,—
A29US7Ge,"As a policymaker, I want to understand the long-term consequences of social and economic policies, which requires analyzing data on individuals over time, necessitating accurate record linkage.","User Story:
As a policymaker, I want to analyze longitudinal data on individuals to assess the long-term impacts of social and economic policies, which requires precise and reliable record linkage to ensure data integrity and accuracy.

Acceptance Criteria:
- Establish a robust record linkage system that achieves at least 95% accuracy in matching individual records over time.
- Ensure that data from at least 3 different sources can be integrated seamlessly for comprehensive analysis.
- Provide a report detailing the long-term consequences of selected policies within 6 months of data linkage completion.

Test Outline:
- Validate the accuracy of the record linkage by comparing matched records against a known dataset to confirm the 95% accuracy threshold.
- Test the integration process by linking data from the specified sources and checking for completeness and consistency.
- Review the final report for insights on policy impacts to ensure it meets the 6-month delivery timeline.","reliable (ISO 29148)
robust (ISO 29148)
it (ISO 29148)
that (ISO 29148)
can (NASA ARM)",2,4,2.0,2,4,2.0,2,4,2.0,2,5,3.0,3,5,2.0,2,5,3.0,2,4,2.0,—
A29US8Ge,"As a developer of historical data analysis tools, I want to integrate a robust and transparent record linkage technique into my tools to ensure the accuracy and reliability of research findings.","User Story:
As a developer of historical data analysis tools, I want to implement a comprehensive and transparent record linkage methodology within my tools so that the accuracy and reliability of research findings are significantly enhanced, leading to more trustworthy outcomes.

Acceptance Criteria:
- The record linkage technique must achieve an accuracy rate of at least 95% in matching records.
- The methodology should provide a clear audit trail for each linkage decision, ensuring transparency in the process.
- User feedback on the reliability of the findings should indicate a satisfaction rate of 90% or higher in post-analysis surveys.

Test Outline:
- Conduct a series of tests to evaluate the accuracy of the record linkage technique and confirm it meets the 95% threshold.
- Review the documentation generated during the linkage process to ensure it provides a comprehensive audit trail.
- Distribute post-analysis surveys to users and analyze the feedback to verify that at least 90% express satisfaction with the reliability of the findings.","it (ISO 29148)
that (ISO 29148)
more (NASA ARM)",2,4,2.0,2,4,2.0,2,5,3.0,2,5,3.0,3,5,2.0,2,5,3.0,2,5,3.0,—
A29US9Ge,"As a librarian or archivist working with historical data, I want to provide researchers with tools and guidance on how to accurately link records across different sources.","User Story:
As a librarian or archivist working with historical data, I want to equip researchers with effective tools and comprehensive guidance for accurately linking records from various sources, thereby enhancing the reliability and depth of their research.

Acceptance Criteria:
- Develop and provide at least 3 distinct tools or resources that facilitate the linking of records across different data sources.
- Create a detailed guide that outlines best practices for record linking, ensuring it is accessible and understandable for researchers of varying expertise levels.
- Conduct a feedback survey with at least 80% of users reporting improved confidence in their ability to link records accurately after utilizing the provided tools and guidance.

Test Outline:
- Review the tools and resources created to ensure they meet the specified criteria and are user-friendly.
- Assess the clarity and effectiveness of the guidance document through user testing with a sample group of researchers.
- Analyze feedback survey results to confirm that the majority of users feel more confident in their record-linking abilities.","best (ISO 29148)
effective (ISO 29148)
it (ISO 29148)
that (ISO 29148)
improved (ISO 29148)
effective (NASA ARM)
best (NASA ARM)
improved (NASA ARM)
more (NASA ARM)",3,4,1.0,3,5,2.0,3,4,1.0,3,5,2.0,4,5,1.0,2,5,3.0,3,5,2.0,—
A29US10Ge,"As a historian interested in the lives of ordinary people, I want to use historical census data to tell more complete and nuanced stories of individuals and communities, which relies on accurate record linkage.","User Story:
As a historian interested in the lives of ordinary people, I want to leverage historical census data to construct richer and more detailed narratives about individuals and communities, ensuring that my research is grounded in precise and reliable record linkage.

Acceptance Criteria:
- Successfully link at least 90% of census records to corresponding individuals or families to enhance narrative accuracy.
- Provide a comprehensive analysis of at least 5 distinct communities, showcasing diverse stories derived from the linked data.
- Ensure that the methodology for record linkage is documented and reproducible, allowing for verification by other researchers.

Test Outline:
- Review the linked records to confirm that the accuracy rate meets or exceeds the 90% threshold.
- Analyze the narratives generated from the linked data to ensure they reflect the complexities of at least 5 different communities.
- Assess the documentation of the record linkage process for clarity and reproducibility by independent historians.","reliable (ISO 29148)
that (ISO 29148)
more (NASA ARM)",3,4,1.0,3,4,1.0,3,4,1.0,3,5,2.0,3,5,2.0,2,5,3.0,3,4,1.0,—
A30US1Ge,"As a law enforcement officer, I want to identify individuals who are at high risk of re-offending so that I can prioritize resources and interventions to prevent future crimes.","User Story:
As a law enforcement officer, I want to accurately identify individuals with a high likelihood of re-offending so that I can effectively allocate resources and implement targeted interventions to reduce the incidence of future crimes.

Acceptance Criteria:
- Utilize a data-driven risk assessment tool that identifies at least 80% of individuals who re-offend within 12 months.
- Prioritize intervention programs for the top 20% of individuals identified as high-risk based on the assessment results.
- Track and report the reduction in re-offending rates among those who received targeted interventions, aiming for a decrease of at least 15% within one year.

Test Outline:
- Validate the effectiveness of the risk assessment tool by comparing its predictions against actual re-offending rates over a 12-month period.
- Review the allocation of resources to ensure that the top 20% of high-risk individuals are receiving prioritized interventions.
- Analyze the re-offending rates of individuals who participated in the interventions to confirm a measurable reduction.","that (ISO 29148)
those (ISO 29148)
can (NASA ARM)",3,4,1.0,3,4,1.0,4,5,1.0,3,5,2.0,4,5,1.0,2,5,3.0,3,5,2.0,—
A30US2Ge,"As a parole officer, I want to use data-driven insights to assess the risk of recidivism for each parolee and tailor my supervision and support plans accordingly.","User Story:
As a parole officer, I want to leverage data analytics to evaluate the recidivism risk for each parolee so that I can customize supervision and support strategies that effectively reduce the likelihood of reoffending.

Acceptance Criteria:
- Utilize a risk assessment tool that provides a quantifiable risk score for each parolee based on historical data and behavioral indicators.
- Develop individualized supervision plans that incorporate at least 3 targeted interventions based on the risk assessment results.
- Monitor and review recidivism rates quarterly to measure the effectiveness of tailored support plans, aiming for a reduction in reoffending by at least 15% over the next year.

Test Outline:
- Validate the implementation of the risk assessment tool by comparing its predictions against actual recidivism outcomes over a defined period.
- Review the supervision plans to ensure they include the specified number of interventions tailored to each parolee's risk profile.
- Analyze recidivism data quarterly to assess the impact of the tailored plans on reducing reoffending rates.","that (ISO 29148)
can (NASA ARM)",3,4,1.0,3,4,1.0,3,5,2.0,3,5,2.0,4,5,1.0,2,5,3.0,3,5,2.0,—
A30US3Ge,"As a judge or magistrate, I want to have access to objective and reliable information about a defendant's risk of re-offending to inform sentencing decisions.","User Story:
As a judge or magistrate, I want to access comprehensive and trustworthy data regarding a defendant's likelihood of re-offending so that I can make informed and fair sentencing decisions that enhance public safety.

Acceptance Criteria:
- Provide a risk assessment report that includes at least 5 key indicators of re-offending risk.
- Ensure that the information is updated in real-time and reflects the most current data available.
- Guarantee that the risk assessment tool has a proven accuracy rate of 85% or higher in predicting re-offending.

Test Outline:
- Review the risk assessment report to confirm it includes the required indicators and is based on reliable data sources.
- Check the system for real-time updates to ensure the information is current at the time of sentencing.
- Validate the accuracy of the risk assessment tool by comparing its predictions against actual re-offending rates over a defined period.","most (ISO 29148)
reliable (ISO 29148)
it (ISO 29148)
that (ISO 29148)
can (NASA ARM)",3,4,1.0,3,4,1.0,3,5,2.0,3,5,2.0,4,5,1.0,2,5,3.0,3,5,2.0,—
A30US4Ge,"As a social worker or rehabilitation specialist, I want to identify individuals who are most likely to benefit from specific rehabilitation programs and services to reduce their risk of recidivism.","User Story:
As a social worker or rehabilitation specialist, I want to effectively identify individuals who are at the highest risk of recidivism and would benefit most from targeted rehabilitation programs and services, so that we can significantly lower their chances of reoffending and promote successful reintegration into society.

Acceptance Criteria:
- Utilize data analytics to assess and rank individuals based on their likelihood of recidivism, achieving a predictive accuracy of at least 85%.
- Develop a tailored rehabilitation program for the top 20% of individuals identified as high-risk, ensuring that at least 75% of participants complete the program.
- Monitor recidivism rates for program participants, aiming for a reduction of at least 30% compared to a control group over a 12-month period.

Test Outline:
- Validate the predictive model by comparing its assessments against actual recidivism outcomes to ensure it meets the accuracy threshold.
- Track enrollment and completion rates of the tailored rehabilitation program to confirm that the target percentage of participants successfully completes it.
- Analyze recidivism rates post-program implementation to measure the effectiveness of the interventions in reducing reoffending.","most (ISO 29148)
it (ISO 29148)
that (ISO 29148)
can (NASA ARM)",3,4,1.0,3,4,1.0,3,5,2.0,3,5,2.0,4,5,1.0,2,5,3.0,3,5,2.0,—
A30US5Ge,"As a researcher studying criminal justice, I want to develop and evaluate new methods for predicting recidivism using machine learning and other advanced technologies.","User Story:
As a researcher studying criminal justice, I want to create and assess innovative machine learning techniques for predicting recidivism so that I can provide data-driven insights that enhance rehabilitation strategies and reduce reoffending rates.

Acceptance Criteria:
- Develop at least 3 distinct machine learning models for recidivism prediction and evaluate their performance using a dataset of at least 1,000 cases.
- Achieve a minimum accuracy rate of 75% for the best-performing model in predicting recidivism outcomes.
- Conduct a comparative analysis of the developed methods against traditional prediction techniques, demonstrating at least a 10% improvement in predictive accuracy.

Test Outline:
- Validate the performance of each machine learning model using cross-validation techniques and report the accuracy metrics.
- Analyze the results of the comparative study to ensure the new methods outperform existing approaches by the specified margin.
- Gather feedback from stakeholders in the criminal justice field to assess the practical applicability of the developed methods.","best (ISO 29148)
that (ISO 29148)
can (NASA ARM)
best (NASA ARM)",2,4,2.0,2,5,3.0,2,5,3.0,2,5,3.0,3,5,2.0,2,5,3.0,2,5,3.0,—
A30US6Ge,"As a data scientist, I want to build and improve machine learning models that can accurately predict recidivism while minimizing bias and ensuring fairness.","User Story:
As a data scientist, I want to develop and refine machine learning models that can predict recidivism with a high degree of accuracy while actively reducing bias and promoting fairness in the outcomes.

Acceptance Criteria:
- Achieve a model accuracy of at least 85% on the validation dataset.
- Ensure that the model's false positive and false negative rates are balanced, with no more than a 5% disparity across different demographic groups.
- Implement fairness metrics to evaluate and report on bias reduction efforts, aiming for a 10% improvement in fairness scores compared to baseline models.

Test Outline:
- Validate the model's accuracy by comparing predictions against actual recidivism rates in a holdout dataset.
- Analyze the model's performance across various demographic groups to confirm that the disparity in error rates meets the acceptance criteria.
- Review the fairness metrics before and after implementing bias reduction techniques to ensure measurable improvements.","that (ISO 29148)
can (NASA ARM)
more (NASA ARM)",2,4,2.0,2,4,2.0,2,4,2.0,2,5,3.0,3,5,2.0,2,5,3.0,2,4,2.0,—
A30US7Ge,"As a developer of criminal justice software, I want to integrate reliable recidivism prediction tools into my products to support law enforcement and rehabilitation efforts.","User Story:
As a developer of criminal justice software, I want to incorporate validated recidivism prediction tools into my applications so that law enforcement agencies can make informed decisions and enhance rehabilitation strategies, ultimately reducing repeat offenses.

Acceptance Criteria:
- Integrate a recidivism prediction model that has an accuracy rate of at least 85% based on historical data.
- Ensure that the prediction tools provide results within 3 seconds to facilitate timely decision-making.
- Include a user-friendly interface that allows law enforcement personnel to easily interpret and act on the predictions.

Test Outline:
- Validate the accuracy of the recidivism prediction model by comparing its predictions against actual outcomes over a defined period.
- Measure the response time of the prediction tools to confirm they meet the 3-second requirement.
- Conduct user testing with law enforcement personnel to assess the usability and clarity of the interface.","that (ISO 29148)
timely (NASA ARM)
can (NASA ARM)",2,4,2.0,1,4,3.0,2,5,3.0,2,5,3.0,4,5,1.0,1,5,4.0,2,5,3.0,—
A30US8Ge,"As a civil liberties advocate, I want to ensure that the use of AI in criminal justice is transparent, accountable, and does not exacerbate existing inequalities.","User Story:
As a civil liberties advocate, I want to promote transparency and accountability in the application of AI technologies within the criminal justice system so that we can prevent the reinforcement of existing social inequalities and protect individual rights.

Acceptance Criteria:
- Establish a framework for AI usage in criminal justice that includes public reporting on algorithmic decision-making processes at least quarterly.
- Implement an independent review board to assess AI systems for bias and fairness, with findings published annually.
- Ensure that all AI tools used in criminal justice are subjected to rigorous testing, demonstrating a reduction in bias by at least 30% compared to previous systems.

Test Outline:
- Review the public reports to verify the transparency of AI decision-making processes.
- Evaluate the annual reports from the independent review board for evidence of bias assessment and corrective actions taken.
- Analyze the performance metrics of AI tools before and after implementation to confirm a measurable reduction in bias.","that (ISO 29148)
all (ISO 29148)
can (NASA ARM)",2,4,2.0,1,4,3.0,2,5,3.0,2,5,3.0,3,5,2.0,1,5,4.0,2,5,3.0,—
A30US9Ge,"As a policymaker, I want to use data-driven insights to inform policies and programs aimed at reducing recidivism and promoting public safety.","User Story:
As a policymaker, I want to leverage data-driven insights to shape effective policies and programs that significantly reduce recidivism rates and enhance public safety outcomes.

Acceptance Criteria:
- Utilize at least 3 key data metrics to identify trends in recidivism within the last 5 years.
- Develop and implement 2 targeted programs based on data analysis that aim to decrease recidivism by at least 15% within the next 2 years.
- Conduct quarterly assessments to measure the impact of these programs on public safety indicators, aiming for a 10% improvement in community safety perceptions.

Test Outline:
- Analyze historical data to confirm the identification of trends and metrics used in policy formulation.
- Track the implementation and outcomes of the targeted programs to ensure they meet the specified reduction in recidivism.
- Survey community members quarterly to evaluate changes in public safety perceptions and compare results against baseline data.","effective (ISO 29148)
that (ISO 29148)
these (ISO 29148)
effective (NASA ARM)",3,4,1.0,3,4,1.0,3,4,1.0,3,5,2.0,4,5,1.0,2,5,3.0,3,4,1.0,—
A30US10Ge,"As a citizen, I want to see a safer society where crime is prevented, and individuals are given the opportunity to successfully reintegrate into the community.","User Story:
As a citizen, I want to experience a community with enhanced safety measures that actively prevent crime and support individuals in their successful reintegration, fostering a more inclusive and secure environment for all.

Acceptance Criteria:
- Implement community safety initiatives that result in a measurable reduction in crime rates by at least 20% within the next year.
- Establish programs that assist at least 100 individuals in their reintegration into society each quarter, providing them with necessary resources and support.
- Conduct biannual surveys to assess community perceptions of safety, aiming for a satisfaction rate of 80% or higher.

Test Outline:
- Analyze crime statistics before and after the implementation of safety initiatives to confirm a reduction in crime rates.
- Track the number of individuals successfully reintegrated into the community and evaluate the effectiveness of the support programs.
- Review survey results to gauge community sentiment regarding safety and make adjustments based on feedback.","secure (ISO 29148)
that (ISO 29148)
all (ISO 29148)
more (NASA ARM)",2,4,2.0,1,5,4.0,1,4,3.0,1,5,4.0,2,5,3.0,1,5,4.0,1,5,4.0,—
A31US1Ge,"As a web developer, I want to build a browser extension that can highlight and block advertisements on websites, improving the user experience and reducing distractions.","User Story:
As a web developer, I want to create a browser extension that effectively highlights and blocks advertisements on various websites so that users can enjoy a cleaner browsing experience with fewer distractions, ultimately increasing their focus and engagement.

Acceptance Criteria:
- The extension must successfully identify and block at least 90% of advertisements on popular websites.
- Users should have the option to customize which types of ads to block, with at least 3 different categories available (e.g., banners, pop-ups, video ads).
- The extension should load and activate within 2 seconds of opening a new tab, ensuring minimal impact on browsing speed.

Test Outline:
- Conduct tests on multiple websites to measure the percentage of ads blocked by the extension and confirm it meets the 90% threshold.
- Verify that users can access and modify ad-blocking preferences, ensuring at least 3 categories are available for selection.
- Measure the time taken for the extension to load and activate upon opening a new tab to ensure it meets the 2-second requirement.","it (ISO 29148)
that (ISO 29148)
minimal (ISO 29148)
can (NASA ARM)",3,4,1.0,3,4,1.0,3,5,2.0,2,5,3.0,4,5,1.0,2,5,3.0,3,5,2.0,—
A31US2Ge,"As a content creator, I want to be able to identify and differentiate advertisements on my website to ensure transparency and avoid misleading my audience.","User Story:
As a content creator, I want to clearly identify and distinguish advertisements on my website so that I can maintain transparency with my audience and prevent any potential misunderstandings regarding sponsored content.

Acceptance Criteria:
- All advertisements must be labeled with a clear ""Advertisement"" or ""Sponsored"" tag that is visible and easily recognizable.
- Ensure that at least 95% of users can correctly identify the advertisements on the first visit to the site.
- Implement a feedback mechanism to gather user responses on the clarity of advertisement differentiation, aiming for a satisfaction rate of 80% or higher.

Test Outline:
- Conduct user testing to assess whether users can identify advertisements based on the labeling provided.
- Analyze user feedback to determine the percentage of users who find the advertisement differentiation clear and satisfactory.","that (ISO 29148)
all (ISO 29148)
can (NASA ARM)",3,4,1.0,3,4,1.0,3,5,2.0,2,5,3.0,4,5,1.0,2,5,3.0,3,5,2.0,—
A31US3Ge,"As a cybersecurity researcher, I want to analyze the features of online advertisements to develop tools for detecting malicious or misleading ads that could be used for phishing or other attacks.","User Story:
As a cybersecurity researcher, I want to systematically analyze the characteristics of online advertisements so that I can create effective tools for identifying and mitigating malicious or deceptive ads that may facilitate phishing or other cyberattacks.

Acceptance Criteria:
- Identify and document at least 10 distinct features of online advertisements that are commonly associated with malicious intent.
- Develop a prototype detection tool that can analyze these features and flag at least 85% of known phishing ads in a test dataset.
- Conduct a validation study to ensure the tool achieves a false positive rate of no more than 5% when assessing legitimate advertisements.

Test Outline:
- Review and compile a comprehensive list of advertisement features, ensuring at least 10 are identified and categorized.
- Test the prototype tool against a dataset of known phishing ads to measure its detection accuracy and false positive rate.
- Gather feedback from peer reviews to refine the tool and improve its effectiveness in real-world scenarios.","effective (ISO 29148)
that (ISO 29148)
these (ISO 29148)
effective (NASA ARM)
can (NASA ARM)
may (NASA ARM)
more (NASA ARM)",4,4,0.0,3,5,2.0,3,5,2.0,2,5,3.0,3,5,2.0,2,5,3.0,3,5,2.0,—
A31US4Ge,"As a parent, I want to use tools to control the type of advertisements my children see online, protecting them from inappropriate content and promoting responsible internet use.","User Story:
As a parent, I want to utilize advanced tools to manage and filter the advertisements displayed to my children online, ensuring they are shielded from inappropriate content and fostering responsible internet usage.

Acceptance Criteria:
- Implement a system that allows parents to customize advertisement filters based on content categories, with at least 95% accuracy in blocking inappropriate ads.
- Provide a dashboard that reports the number of blocked ads and the types of content filtered, updated in real-time.
- Enable parents to receive weekly summaries of their children's online activity, including the types of ads viewed and any attempts to access restricted content.

Test Outline:
- Test the effectiveness of the advertisement filtering system by reviewing the accuracy of blocked ads against a predefined list of inappropriate content.
- Monitor the dashboard to ensure it accurately reflects the number of ads blocked and the categories filtered.
- Review the weekly summary reports to confirm they provide comprehensive insights into the children's online interactions and ad exposure.","it (ISO 29148)
that (ISO 29148)",3,4,1.0,3,4,1.0,3,4,1.0,2,5,3.0,4,5,1.0,2,5,3.0,3,4,1.0,—
A31US5Ge,"As a search engine developer, I want to improve the accuracy of search results by identifying and filtering out advertisements, ensuring that users find the information they are looking for more easily.","User Story:
As a search engine developer, I want to enhance the precision of search results by effectively identifying and excluding advertisements, so that users can effortlessly locate the information they seek, leading to a more satisfying search experience.

Acceptance Criteria:
- Achieve a minimum of 90% accuracy in distinguishing between organic search results and advertisements.
- Reduce the number of advertisement impressions shown in search results by at least 50%.
- Increase user engagement metrics, such as click-through rates on organic results, by 20% within three months of implementation.

Test Outline:
- Conduct a series of tests to evaluate the accuracy of the algorithm in filtering out ads, ensuring it meets the 90% threshold.
- Analyze search result data to confirm a reduction in advertisement impressions by the targeted percentage.
- Monitor user engagement metrics before and after the changes to validate the increase in click-through rates.","it (ISO 29148)
that (ISO 29148)
can (NASA ARM)
more (NASA ARM)",3,4,1.0,3,4,1.0,3,5,2.0,3,5,2.0,3,5,2.0,2,5,3.0,3,5,2.0,—
A31US6Ge,"As a web accessibility advocate, I want to ensure that online advertisements are accessible to users with disabilities, providing a more inclusive browsing experience for everyone.","User Story:
As a web accessibility advocate, I want to implement standards for online advertisements that guarantee accessibility for users with disabilities, thereby fostering a more inclusive browsing experience for all individuals.

Acceptance Criteria:
- Conduct an accessibility audit on 100% of online advertisements to identify compliance with WCAG 2.1 guidelines.
- Ensure that all advertisements include alternative text for images and proper labeling for interactive elements, achieving a minimum of 95% compliance.
- Provide training sessions for 100% of the advertising team on best practices for creating accessible content.

Test Outline:
- Review the results of the accessibility audit to confirm that all advertisements meet the established guidelines.
- Check a sample of advertisements to verify that alternative text and labels are correctly implemented.
- Evaluate the effectiveness of training sessions through feedback surveys from the advertising team.","best (ISO 29148)
that (ISO 29148)
all (ISO 29148)
best (NASA ARM)
more (NASA ARM)",3,4,1.0,2,5,3.0,2,4,2.0,2,5,3.0,3,5,2.0,2,5,3.0,2,5,3.0,—
A31US7Ge,"As a marketing professional, I want to analyze the effectiveness of online advertising campaigns by tracking user interactions with identified advertisements.","User Story:
As a marketing professional, I want to evaluate the performance of online advertising campaigns by systematically tracking user interactions with specific advertisements so that I can optimize future campaigns for better ROI.

Acceptance Criteria:
- Implement tracking mechanisms to capture user interactions (clicks, impressions) for at least 90% of identified advertisements.
- Generate a report that analyzes user engagement metrics, including click-through rates (CTR) and conversion rates, within 48 hours of campaign launch.
- Achieve a minimum of 15% increase in user engagement metrics compared to previous campaigns.

Test Outline:
- Verify that tracking is correctly implemented by checking the data collected for user interactions on the advertisements.
- Review the generated report to ensure it includes the required engagement metrics and is delivered within the specified timeframe.
- Compare the engagement metrics from the current campaign to those of previous campaigns to confirm the targeted increase.","it (ISO 29148)
that (ISO 29148)
those (ISO 29148)
better (ISO 29148)
can (NASA ARM)
better (NASA ARM)",4,5,1.0,3,4,1.0,3,5,2.0,2,5,3.0,4,5,1.0,2,5,3.0,3,5,2.0,—
A31US8Ge,"As a privacy advocate, I want to understand how online advertisements track user behavior and be able to control the data collected about me for advertising purposes.","User Story:
As a privacy advocate, I want to gain insights into the mechanisms of online advertisement tracking of user behavior so that I can effectively manage and limit the data collected about me for advertising purposes, ensuring my privacy is respected.

Acceptance Criteria:
- Provide a detailed explanation of at least 3 tracking methods used in online advertising, such as cookies, pixel tags, and device fingerprinting.
- Implement a user-friendly interface that allows me to opt-out of data collection for advertising, with confirmation of changes within 24 hours.
- Ensure that I can view and modify my data preferences at any time, with a clear summary of what data is being collected and how it is used.

Test Outline:
- Review the documentation provided to confirm it includes comprehensive details on the specified tracking methods.
- Test the opt-out functionality to ensure it works as intended and that confirmation is received within the designated time frame.
- Access the data preferences interface to verify that it accurately reflects my current settings and allows for modifications.","it (ISO 29148)
that (ISO 29148)
can (NASA ARM)",3,3,0.0,3,3,0.0,3,4,1.0,2,4,2.0,4,4,0.0,2,4,2.0,3,4,1.0,—
A31US9Ge,"As a consumer, I want to be able to make informed decisions about the products and services advertised online by readily identifying them and understanding their purpose.","User Story:
As a consumer, I want to easily identify and comprehend the products and services advertised online so that I can make well-informed purchasing decisions that align with my needs and preferences.

Acceptance Criteria:
- Ensure that 90% of advertised products and services include clear descriptions and purposes within the first 3 seconds of viewing.
- Implement a user feedback mechanism that allows at least 75% of users to confirm they understand the purpose of the advertised items.
- Provide visual indicators or tags for at least 80% of products to highlight key features and benefits.

Test Outline:
- Conduct user testing to measure the time taken to identify and understand advertised products, aiming for a maximum of 3 seconds.
- Analyze user feedback data to confirm that at least 75% of participants report clarity in understanding the advertisements.
- Review the advertisement content to ensure that 80% of products have visual indicators or tags that effectively communicate their features.","that (ISO 29148)
can (NASA ARM)",3,4,1.0,3,5,2.0,3,5,2.0,2,5,3.0,4,5,1.0,2,5,3.0,3,5,2.0,—
A31US10Ge,"As a web user, I want to have a clean and clutter-free browsing experience where I can focus on the content I am interested in without being bombarded by intrusive advertisements.","User Story:
As a web user, I want to enjoy a streamlined and distraction-free browsing experience so that I can concentrate on the content that matters to me without interruptions from intrusive advertisements.

Acceptance Criteria:
- Ensure that the number of visible advertisements on the page is reduced to a maximum of 2 per session.
- Implement a content filtering feature that allows users to customize their viewing preferences, resulting in at least a 75% reduction in unwanted content.
- Achieve a user satisfaction score of 90% or higher regarding the browsing experience in post-implementation surveys.

Test Outline:
- Monitor the number of advertisements displayed during a browsing session to confirm it does not exceed the specified limit.
- Test the content filtering feature with users to evaluate its effectiveness in reducing unwanted content.
- Conduct user surveys to assess satisfaction levels and gather feedback on the browsing experience.","it (ISO 29148)
that (ISO 29148)
can (NASA ARM)",3,4,1.0,3,5,2.0,3,5,2.0,2,5,3.0,3,5,2.0,2,5,3.0,3,5,2.0,—
A32US1Ge,"As a social media researcher, I want to analyze large datasets of social media posts to understand public opinion on current events or political issues.","User Story:
As a social media researcher, I want to conduct in-depth analyses of extensive datasets comprising social media posts so that I can accurately gauge public sentiment regarding current events and political matters, ultimately informing strategic decisions.

Acceptance Criteria:
- Successfully process and analyze datasets containing at least 100,000 social media posts within a 24-hour timeframe.
- Generate sentiment analysis reports with a minimum accuracy rate of 85% to ensure reliable insights.
- Provide visualizations of public opinion trends over time, highlighting at least 3 significant events or issues.

Test Outline:
- Validate the processing time of the dataset to ensure it meets the 24-hour requirement.
- Cross-check the sentiment analysis results against a sample of posts to confirm the accuracy rate.
- Review the generated visualizations to ensure they effectively illustrate public opinion trends and key events.","reliable (ISO 29148)
it (ISO 29148)
that (ISO 29148)
significant (ISO 29148)
can (NASA ARM)",3,4,1.0,2,4,2.0,2,5,3.0,2,5,3.0,3,5,2.0,2,5,3.0,2,5,3.0,—
A32US2Ge,"As a brand manager, I want to use the system to identify user comments expressing positive, negative, or neutral stances towards my brand.","User Story:
As a brand manager, I want to leverage the system to analyze user comments that reflect positive, negative, or neutral sentiments about my brand so that I can make informed decisions to enhance brand perception and customer engagement.

Acceptance Criteria:
- The system must accurately categorize at least 90% of user comments into positive, negative, or neutral sentiments.
- Provide a real-time dashboard that displays sentiment trends over the past month, updated at least once every 24 hours.
- Generate a weekly report summarizing the sentiment analysis, highlighting key insights and actionable recommendations.

Test Outline:
- Validate the sentiment categorization accuracy by comparing the system's classifications against a manually reviewed sample of user comments.
- Check the dashboard for timely updates and ensure it reflects the latest sentiment trends.
- Review the weekly report for completeness and relevance, ensuring it includes actionable insights based on the sentiment data.","it (ISO 29148)
that (ISO 29148)
every (ISO 29148)
timely (NASA ARM)
can (NASA ARM)",4,4,0.0,3,4,1.0,3,5,2.0,3,5,2.0,4,5,1.0,2,5,3.0,3,5,2.0,—
A32US3Ge,"As a journalist, I want the system to help me verify the credibility of sources and identify potential bias in news articles and online content.","User Story:
As a journalist, I want the system to assist me in assessing the credibility of sources and detecting potential biases in news articles and online content so that I can produce accurate and balanced reporting.

Acceptance Criteria:
- The system must provide a credibility score for each source based on at least 5 verifiable criteria, such as author expertise, publication reputation, and citation frequency.
- The tool should identify and flag any potential bias in articles, categorizing it into at least 3 distinct types (e.g., political, commercial, or ideological).
- Users should receive actionable insights or recommendations for alternative sources when bias is detected, with at least 2 suggested sources per flagged article.

Test Outline:
- Evaluate the credibility scores generated by the system for a sample of sources and verify that they are based on the defined criteria.
- Review flagged articles to confirm that the system accurately categorizes the type of bias present.
- Test the recommendations feature by checking if the suggested alternative sources are relevant and credible.","it (ISO 29148)
that (ISO 29148)
can (NASA ARM)",2,4,2.0,2,4,2.0,2,5,3.0,2,5,3.0,3,5,2.0,2,5,3.0,2,5,3.0,—
A32US4Ge,"As a fact-checker, I want the system to flag social media posts containing misinformation or disinformation based on the stance taken towards a particular claim.","User Story:
As a fact-checker, I want the system to automatically identify and flag social media posts that contain misinformation or disinformation based on the specific stance taken regarding a claim, so that I can efficiently prioritize and address potentially harmful content.

Acceptance Criteria:
- The system must accurately flag at least 90% of posts containing misinformation or disinformation based on predefined criteria.
- Each flagged post should include a clear indication of the claim's stance, categorized as either true, false, or misleading.
- The system should provide a summary report of flagged posts, including the total number flagged and the percentage of posts reviewed within a 24-hour period.

Test Outline:
- Conduct a review of a sample set of social media posts to verify that the system flags the correct percentage of misinformation or disinformation.
- Check that each flagged post includes the appropriate stance categorization.
- Generate a report from the system to confirm the total number of flagged posts and the review percentage within the specified timeframe.","that (ISO 29148)
appropriate (ISO 29148)
can (NASA ARM)",3,4,1.0,2,4,2.0,2,5,3.0,2,5,3.0,4,5,1.0,2,5,3.0,3,5,2.0,—
A32US5Ge,"As a social media moderator, I want to prioritize content for review based on the intensity of a user's stance (e.g., strongly against vs. mildly disagreeing).","User Story:
As a social media moderator, I want to categorize and prioritize content for review according to the strength of a user's stance (e.g., strongly opposed versus mildly disagreeing) so that I can efficiently manage and address potentially harmful or controversial posts.

Acceptance Criteria:
- Implement a scoring system that rates user comments on a scale from 1 to 5 based on the intensity of their stance.
- Ensure that content flagged with a score of 4 or 5 is prioritized for review within 1 hour of posting.
- Track and report the percentage of high-intensity content reviewed within a 24-hour period, aiming for at least 90% compliance.

Test Outline:
- Validate the scoring system by reviewing a sample of user comments and ensuring they are accurately categorized based on their intensity.
- Monitor the time taken to review high-intensity flagged content to confirm adherence to the 1-hour priority response time.
- Generate a report on the percentage of high-intensity content reviewed within 24 hours to assess compliance with the target.","that (ISO 29148)
can (NASA ARM)",4,4,0.0,3,4,1.0,3,5,2.0,3,5,2.0,4,5,1.0,2,5,3.0,3,5,2.0,—
A32US6Ge,"As a platform developer, I want the system to integrate with social media platforms to automatically detect and label the stance of user comments on specific topics.","User Story:
As a platform developer, I want the system to seamlessly integrate with various social media platforms so that it can automatically analyze and categorize user comments regarding specific topics, enhancing content moderation and user engagement.

Acceptance Criteria:
- Successfully connect to at least 3 major social media platforms (e.g., Twitter, Facebook, Instagram) for data retrieval.
- Achieve an accuracy rate of 85% or higher in detecting and labeling the stance (positive, negative, neutral) of user comments.
- Ensure that the system processes and categorizes comments in real-time, with a response time of less than 3 seconds per comment.

Test Outline:
- Verify the successful integration with the selected social media platforms by retrieving sample comments.
- Evaluate the accuracy of stance detection by comparing the system's labels against a manually annotated dataset.
- Measure the response time for processing comments to confirm it meets the specified threshold.","it (ISO 29148)
that (ISO 29148)
can (NASA ARM)
less (NASA ARM)",2,4,2.0,2,4,2.0,2,5,3.0,2,5,3.0,4,5,1.0,2,5,3.0,2,5,3.0,—
A32US7Ge,"As a data scientist, I want the system to provide not just the overall stance, but also detailed information like confidence scores and sentiment analysis for a more nuanced understanding.","User Story:
As a data scientist, I want the system to deliver comprehensive insights that include overall stance, confidence scores, and detailed sentiment analysis, so that I can achieve a deeper and more nuanced understanding of the data.

Acceptance Criteria:
- The system must provide an overall stance with an accuracy rate of at least 90%.
- Confidence scores should be included for each stance, with a minimum score threshold of 0.75.
- Sentiment analysis must categorize sentiments into at least three distinct levels (positive, neutral, negative) with a precision of 85% or higher.

Test Outline:
- Validate the accuracy of the overall stance by comparing it against a manually annotated dataset.
- Check that confidence scores are generated for each stance and verify that they meet the minimum threshold.
- Assess the sentiment analysis results against a benchmark dataset to ensure the precision criteria are met.","it (ISO 29148)
that (ISO 29148)
can (NASA ARM)
more (NASA ARM)",3,4,1.0,3,4,1.0,3,5,2.0,3,5,2.0,4,5,1.0,2,5,3.0,3,5,2.0,—
A32US8Ge,"As a linguist, I want the system to be customizable to analyze stances in different languages and cultural contexts, accounting for sarcasm and humor.","User Story:
As a linguist, I want the system to offer customizable features for analyzing stances across various languages and cultural contexts, ensuring it effectively recognizes nuances such as sarcasm and humor.

Acceptance Criteria:
- The system must support at least 5 different languages for stance analysis, with the ability to add more as needed.
- It should accurately identify and categorize sarcasm and humor in at least 80% of test cases across the supported languages.
- Customization options must allow users to adjust parameters for cultural context, with at least 3 predefined settings available.

Test Outline:
- Test the system's stance analysis capabilities in each supported language to confirm functionality and accuracy.
- Conduct a series of evaluations to measure the system's effectiveness in detecting sarcasm and humor, ensuring it meets the 80% accuracy threshold.
- Review the customization interface to ensure users can easily modify cultural context parameters and verify the availability of predefined settings.","it (ISO 29148)
can (NASA ARM)
more (NASA ARM)",2,4,2.0,2,4,2.0,2,4,2.0,2,5,3.0,3,5,2.0,2,5,3.0,2,4,2.0,—
A32US9Ge,"As a user privacy advocate, I want the system to be transparent about how user data is used for stance detection and ensure user privacy is protected.","User Story:
As a user privacy advocate, I want the system to provide clear and accessible information regarding the usage of user data for stance detection, ensuring that user privacy is rigorously safeguarded.

Acceptance Criteria:
- Develop a comprehensive privacy policy that explicitly outlines how user data is collected, processed, and utilized for stance detection, with a readability score of 8th grade or lower.
- Implement a user consent mechanism that allows users to opt-in or opt-out of data collection, with at least 90% of users aware of their choices.
- Conduct quarterly audits to verify compliance with privacy standards and report findings to stakeholders, ensuring transparency and accountability.

Test Outline:
- Review the privacy policy for clarity and accessibility, ensuring it meets the specified readability score.
- Test the consent mechanism with a sample group to confirm that at least 90% of users understand their options regarding data collection.
- Analyze audit reports to ensure they are conducted quarterly and that findings are shared with relevant stakeholders.","it (ISO 29148)
that (ISO 29148)",2,4,2.0,2,5,3.0,2,4,2.0,2,5,3.0,4,5,1.0,2,5,3.0,2,5,3.0,—
A32US10Ge,"As a system developer, I want the system to be scalable and efficient to handle large volumes of social media data in real-time.","User Story:
As a system developer, I want the architecture to be both scalable and efficient so that it can process and analyze large volumes of social media data in real-time, ensuring timely insights and responsiveness.

Acceptance Criteria:
- The system must support a minimum of 10,000 concurrent data streams without degradation in performance.
- Data processing latency should be maintained at less than 200 milliseconds for 95% of incoming data.
- The system should automatically scale resources up or down based on data volume fluctuations, achieving at least 90% resource utilization efficiency.

Test Outline:
- Simulate 10,000 concurrent data streams and monitor system performance to ensure it meets the scalability requirement.
- Measure the processing latency for incoming data to confirm it remains below the specified threshold.
- Evaluate the auto-scaling functionality by varying data volumes and checking resource allocation efficiency.","efficient (ISO 29148)
it (ISO 29148)
that (ISO 29148)
timely (NASA ARM)
can (NASA ARM)
less (NASA ARM)",2,4,2.0,2,4,2.0,2,5,3.0,2,5,3.0,3,5,2.0,1,5,4.0,2,5,3.0,—
A33US1Ge,"As a journalist, I want to quickly access and analyze relevant information from past news articles to inform my reporting and provide context for current events.","User Story:
As a journalist, I want to efficiently retrieve and analyze pertinent information from historical news articles so that I can enhance my reporting and deliver well-informed context for current events.

Acceptance Criteria:
- The system must allow access to a searchable database of past news articles with a response time of less than 3 seconds.
- Users should be able to filter articles by date, topic, and relevance, achieving at least a 90% accuracy rate in retrieving relevant content.
- The analysis tool should provide insights or summaries of the top 5 articles related to the current event within 2 minutes of the search.

Test Outline:
- Conduct a search for past articles and measure the time taken to retrieve results to ensure it meets the response time requirement.
- Test the filtering options to confirm that the retrieved articles match the specified criteria with the required accuracy.
- Evaluate the analysis tool's performance by checking the insights or summaries generated for relevance and timeliness.","it (ISO 29148)
that (ISO 29148)
be able to (NASA ARM)
can (NASA ARM)
less (NASA ARM)",3,4,1.0,3,4,1.0,3,5,2.0,2,5,3.0,4,5,1.0,2,5,3.0,3,5,2.0,—
A33US2Ge,"As a researcher studying current events, I want to use a powerful search engine to find specific details and relationships between entities mentioned in news articles.","User Story:
As a researcher studying current events, I want to utilize an advanced search engine that enables me to efficiently locate specific details and uncover relationships between entities referenced in news articles, thereby enhancing the depth and accuracy of my analysis.

Acceptance Criteria:
- The search engine must return relevant results within 3 seconds for queries involving multiple entities.
- It should provide at least 90% accuracy in identifying and linking related entities across different articles.
- Users should be able to filter results by date, relevance, and source to refine their search effectively.

Test Outline:
- Conduct a series of searches with known entities and measure the response time to ensure it meets the 3-second requirement.
- Validate the accuracy of the search results by cross-referencing with a set of established facts and relationships.
- Test the filtering options to confirm that they function correctly and improve the relevance of the search results.","it (ISO 29148)
that (ISO 29148)
be able to (NASA ARM)",3,4,1.0,3,4,1.0,3,4,1.0,2,5,3.0,4,5,1.0,2,5,3.0,3,4,1.0,—
A33US3Ge,"As a news consumer, I want to be able to search for news articles based on specific events, locations, and people involved, rather than just relying on keywords.","User Story:
As a news consumer, I want to conduct searches for news articles using filters for specific events, locations, and individuals involved, rather than solely depending on keyword searches, so that I can find relevant information more efficiently and accurately.

Acceptance Criteria:
- Implement a search functionality that allows filtering by at least 3 distinct categories: events, locations, and people.
- Ensure that search results return articles that match the selected filters with a relevance score of 80% or higher.
- Provide users with the ability to combine multiple filters simultaneously to refine their search results.

Test Outline:
- Test the search feature by applying various combinations of filters and verify that the results align with the selected criteria.
- Measure the relevance score of the returned articles to ensure it meets or exceeds the 80% threshold.
- Confirm that the search interface is user-friendly and allows for seamless filtering without significant delays.","it (ISO 29148)
that (ISO 29148)
significant (ISO 29148)
can (NASA ARM)
more (NASA ARM)",4,4,0.0,4,4,0.0,4,5,1.0,3,5,2.0,4,5,1.0,2,5,3.0,4,5,1.0,—
A33US4Ge,"As a librarian or archivist, I want to organize and catalog news articles in a way that makes them easily searchable and accessible to researchers and the public.","User Story:
As a librarian or archivist, I want to systematically organize and catalog news articles to ensure they are easily searchable and accessible for researchers and the general public, enhancing the overall usability of our resources.

Acceptance Criteria:
- Implement a tagging system that allows for at least 90% of articles to be categorized by topic, date, and author.
- Ensure that the search functionality returns relevant results within 3 seconds for 95% of queries.
- Create a user-friendly interface that allows users to access articles with no more than 3 clicks from the homepage.

Test Outline:
- Review the tagging system to confirm that at least 90% of articles are properly categorized.
- Conduct search tests to measure the response time for various queries and ensure it meets the 3-second requirement.
- Navigate through the interface to verify that articles can be accessed within the specified number of clicks.","it (ISO 29148)
that (ISO 29148)
can (NASA ARM)
more (NASA ARM)",3,4,1.0,3,4,1.0,3,4,1.0,3,5,2.0,4,5,1.0,2,5,3.0,3,4,1.0,—
A33US5Ge,"As a developer of news aggregators or search engines, I want to integrate semantic annotations into my platform to provide users with a more comprehensive and nuanced understanding of news content.","User Story:
As a developer of news aggregators or search engines, I want to implement semantic annotations within my system so that users can gain a deeper and more nuanced comprehension of news articles, enhancing their overall experience and engagement with the content.

Acceptance Criteria:
- Integrate semantic annotations that cover at least 80% of the news articles processed by the platform.
- Ensure that users can access detailed contextual information for at least 90% of the annotated content.
- Achieve a user satisfaction score of 4.5 or higher (on a scale of 1 to 5) regarding the clarity and usefulness of the semantic annotations.

Test Outline:
- Analyze a sample of news articles to confirm that semantic annotations are applied to the required percentage.
- Conduct user surveys to gather feedback on the contextual information provided and measure satisfaction levels.
- Monitor user engagement metrics to assess the impact of semantic annotations on content interaction.","that (ISO 29148)
can (NASA ARM)
more (NASA ARM)",2,4,2.0,1,5,4.0,2,5,3.0,2,5,3.0,3,5,2.0,1,5,4.0,2,5,3.0,—
A33US6Ge,"As a data scientist, I want to explore the potential of using Wikidata and other knowledge bases to improve the accuracy and efficiency of semantic annotation and search for news articles.","User Story:
As a data scientist, I want to investigate the capabilities of leveraging Wikidata and additional knowledge bases to enhance the precision and speed of semantic annotation and search functionalities for news articles, thereby increasing the relevance of search results.

Acceptance Criteria:
- Conduct a comparative analysis demonstrating at least a 20% improvement in accuracy of semantic annotations when utilizing Wikidata versus traditional methods.
- Achieve a reduction in search query response times by 30% when integrating knowledge bases into the search algorithm.
- Implement a prototype that successfully annotates a minimum of 100 news articles with semantic tags derived from Wikidata and other sources.

Test Outline:
- Evaluate the accuracy of semantic annotations by comparing results from the new approach against a baseline established with traditional methods.
- Measure the response times of search queries before and after the integration of knowledge bases to confirm the targeted reduction.
- Review the prototype's output to ensure that it correctly annotates the specified number of news articles with relevant semantic tags.","it (ISO 29148)
that (ISO 29148)",2,4,2.0,2,4,2.0,2,4,2.0,2,5,3.0,3,5,2.0,2,5,3.0,2,4,2.0,—
A33US7Ge,"As a fact-checker or verification journalist, I want to use semantic annotations to cross-reference information in news articles with other sources and verify its accuracy.","User Story:
As a fact-checker or verification journalist, I want to implement semantic annotations to systematically cross-reference information in news articles with multiple credible sources so that I can ensure the accuracy and reliability of the reported facts.

Acceptance Criteria:
- Successfully annotate at least 90% of key information in news articles with semantic tags for cross-referencing.
- Cross-reference annotated information with a minimum of 3 reputable external sources for verification.
- Achieve a verification accuracy rate of 95% or higher for the information checked using semantic annotations.

Test Outline:
- Review a sample of news articles to confirm that 90% of key information is annotated correctly.
- Track the number of external sources used for cross-referencing and ensure at least 3 are consulted for each annotated fact.
- Analyze the results of the verification process to ensure that the accuracy rate meets or exceeds the 95% target.","that (ISO 29148)
can (NASA ARM)",3,4,1.0,3,4,1.0,3,5,2.0,3,5,2.0,4,5,1.0,2,5,3.0,3,5,2.0,—
A33US8Ge,"As a teacher or educator, I want to use semantically annotated news articles to create engaging and informative lesson plans for students.","User Story:
As a teacher or educator, I want to leverage semantically annotated news articles to develop dynamic and informative lesson plans, enhancing student engagement and comprehension.

Acceptance Criteria:
- Curate a minimum of 10 semantically annotated news articles relevant to the curriculum.
- Create at least 3 lesson plans that incorporate these articles, each with clear learning objectives and activities.
- Gather feedback from at least 80% of students indicating that the lesson plans improved their understanding of the subject matter.

Test Outline:
- Review the selection of news articles to ensure they are semantically annotated and relevant to the educational goals.
- Evaluate the lesson plans for clarity, engagement strategies, and alignment with learning objectives.
- Conduct a survey to assess student feedback on the effectiveness of the lesson plans in enhancing their learning experience.","that (ISO 29148)
these (ISO 29148)
improved (ISO 29148)
improved (NASA ARM)",2,4,2.0,2,5,3.0,2,4,2.0,2,5,3.0,4,5,1.0,1,5,4.0,2,5,3.0,—
A33US9Ge,"As a citizen concerned about misinformation and disinformation, I want to be able to access and analyze news articles critically using semantic search to identify potential biases and inconsistencies.","User Story:
As a citizen concerned about misinformation and disinformation, I want to utilize semantic search tools to critically access and analyze news articles so that I can effectively identify potential biases and inconsistencies, thereby making informed decisions based on reliable information.

Acceptance Criteria:
- Implement a semantic search feature that returns relevant articles with a precision rate of at least 85%.
- Provide a bias detection score for each article, with a threshold of ≤10% indicating low bias.
- Enable users to highlight and annotate inconsistencies within articles, with at least 90% of users reporting ease of use in the annotation process.

Test Outline:
- Test the semantic search functionality by measuring the precision rate of returned articles against a set of known relevant articles.
- Evaluate the bias detection scoring system by comparing it with expert assessments of the articles' biases.
- Conduct user testing to gather feedback on the annotation feature, ensuring that at least 90% of participants find it user-friendly.","reliable (ISO 29148)
it (ISO 29148)
that (ISO 29148)
can (NASA ARM)",3,4,1.0,3,5,2.0,3,5,2.0,3,5,2.0,4,5,1.0,2,5,3.0,3,5,2.0,—
A33US10Ge,"As a global citizen, I want to see a more informed and engaged public discourse where people can easily access and understand the complex information presented in news articles.","User Story:
As a global citizen, I want to foster a more informed and engaged public discourse so that individuals can easily access and comprehend complex information in news articles, ultimately enhancing civic participation and understanding.

Acceptance Criteria:
- Develop a platform that provides simplified summaries of news articles, ensuring at least 80% of users find the information easier to understand.
- Implement interactive features that allow users to ask questions about the articles, with a response rate of 90% within 24 hours.
- Increase user engagement metrics by 50% within 6 months, measured by the number of comments and discussions generated on the platform.

Test Outline:
- Conduct user surveys to assess the clarity and accessibility of the article summaries.
- Track the response times and quality of answers provided to user inquiries about the articles.
- Analyze engagement data to confirm a 50% increase in user interactions over the specified period.","that (ISO 29148)
can (NASA ARM)
more (NASA ARM)",2,4,2.0,2,4,2.0,2,5,3.0,2,5,3.0,3,5,2.0,2,5,3.0,2,5,3.0,—
A34US1Ge,"As a cybersecurity analyst, I want to utilize a DNN-based IDS that can detect and classify new and unpredictable cyberattacks automatically, ensuring our network remains secure against evolving threats.","User Story:
As a cybersecurity analyst, I want to implement a Deep Neural Network (DNN)-based Intrusion Detection System (IDS) that can autonomously identify and categorize novel and unpredictable cyberattacks, ensuring our network is fortified against continuously evolving threats.

Acceptance Criteria:
- The DNN-based IDS must achieve a detection accuracy of at least 95% for new cyberattack patterns within the first month of deployment.
- The system should classify detected threats into at least 5 distinct categories to enhance response strategies.
- The IDS must generate alerts within 2 seconds of detecting a potential threat to enable timely incident response.

Test Outline:
- Evaluate the detection accuracy of the IDS by testing it against a dataset of known and new cyberattack patterns.
- Review the classification results to ensure that the system can categorize threats into the specified number of categories.
- Monitor the alert generation time to confirm that alerts are issued within the required 2-second window.","it (ISO 29148)
that (ISO 29148)
timely (NASA ARM)
can (NASA ARM)",2,4,2.0,1,4,3.0,2,4,2.0,2,5,3.0,3,5,2.0,1,5,4.0,2,4,2.0,—
A34US2Ge,"As a machine learning engineer, I need to experiment with various DNN architectures and hyperparameters to determine the most effective network topology and parameters for detecting cyberattacks, using datasets like KDDCup 99.","User Story:
As a machine learning engineer, I need to conduct experiments with diverse deep neural network (DNN) architectures and hyperparameter settings so that I can identify the optimal network topology and parameters for accurately detecting cyberattacks, utilizing datasets such as KDDCup 99.

Acceptance Criteria:
- Evaluate at least 5 different DNN architectures to assess their performance in cyberattack detection.
- Test a minimum of 10 distinct hyperparameter configurations for each architecture to optimize detection accuracy.
- Achieve a detection accuracy of at least 95% on the KDDCup 99 dataset.

Test Outline:
- Document the performance metrics of each DNN architecture, including accuracy, precision, and recall, to compare effectiveness.
- Track the results of hyperparameter tuning to determine which configurations yield the best performance.
- Validate the final model's accuracy against a separate test dataset to ensure reliability in detecting cyberattacks.","best (ISO 29148)
that (ISO 29148)
can (NASA ARM)
best (NASA ARM)",3,4,1.0,3,4,1.0,3,5,2.0,3,5,2.0,3,5,2.0,2,5,3.0,3,5,2.0,—
A34US3Ge,"As a data scientist, I want to benchmark the performance of our DNN model against other classical machine learning classifiers across multiple publicly available malware datasets, to ensure we are using the best approach.","User Story:
As a data scientist, I want to systematically evaluate the performance of our Deep Neural Network (DNN) model against various classical machine learning classifiers using multiple publicly available malware datasets, so that we can confidently determine the most effective approach for malware detection.

Acceptance Criteria:
- Conduct benchmarking tests on at least 5 different publicly available malware datasets to ensure comprehensive evaluation.
- Compare the DNN model's accuracy, precision, and recall against at least 3 classical machine learning classifiers, with results documented in a comparative performance report.
- Achieve a minimum improvement of 10% in accuracy or F1 score with the DNN model compared to the best-performing classical classifier.

Test Outline:
- Collect and preprocess the malware datasets, ensuring they are suitable for benchmarking.
- Execute the performance tests and record the metrics for each model, ensuring consistency in evaluation criteria.
- Analyze the results and compile a report that highlights the performance differences, including visualizations for clarity.","best (ISO 29148)
most (ISO 29148)
effective (ISO 29148)
that (ISO 29148)
effective (NASA ARM)
can (NASA ARM)
best (NASA ARM)",4,5,1.0,3,4,1.0,3,5,2.0,3,5,2.0,3,5,2.0,2,5,3.0,3,5,2.0,—
A34US4Ge,"As a software developer, I need to implement a scalable IDS that can handle large volumes of network traffic and rapidly evolving attack methods without degradation in performance.","User Story:
As a software developer, I need to design and implement a scalable Intrusion Detection System (IDS) that can efficiently manage high volumes of network traffic and adapt to rapidly changing attack techniques, ensuring consistent performance and reliability.

Acceptance Criteria:
- The IDS must be capable of processing at least 10 Gbps of network traffic without performance degradation.
- The system should demonstrate the ability to detect and respond to new attack vectors within 5 minutes of their emergence.
- The IDS must maintain a false positive rate of less than 1% while accurately identifying genuine threats.

Test Outline:
- Conduct stress tests to measure the maximum throughput of the IDS under various traffic loads to confirm it meets the 10 Gbps requirement.
- Simulate new attack methods and track the detection and response times to ensure they are within the 5-minute threshold.
- Evaluate the accuracy of the IDS by running it against a dataset of known threats and measuring the false positive rate.","it (ISO 29148)
that (ISO 29148)
be capable of (NASA ARM)
can (NASA ARM)
less (NASA ARM)",2,4,2.0,1,4,3.0,2,4,2.0,2,5,3.0,3,5,2.0,1,5,4.0,2,4,2.0,—
A34US5Ge,"As a project manager in cybersecurity, I aim to oversee a research project that systematically updates and benchmarks malware datasets, ensuring that our IDS remains effective against the latest threats.","User Story:
As a project manager in cybersecurity, I want to lead a comprehensive research initiative that regularly updates and benchmarks malware datasets, ensuring our Intrusion Detection System (IDS) maintains a high level of effectiveness against emerging threats.

Acceptance Criteria:
- Conduct quarterly updates to the malware datasets, ensuring they reflect the latest threat intelligence.
- Benchmark the IDS performance against the updated datasets, achieving a detection rate of at least 95% for known malware.
- Document and report findings on the effectiveness of the IDS after each update, with actionable insights for further improvements.

Test Outline:
- Review the updated malware datasets to confirm they are current and relevant to the latest threats.
- Execute tests on the IDS using the updated datasets and measure the detection rate to ensure it meets or exceeds the target.
- Analyze the documentation and reports generated after each benchmarking session to verify that they include comprehensive insights and recommendations.","it (ISO 29148)
that (ISO 29148)",2,4,2.0,2,4,2.0,2,4,2.0,2,5,3.0,3,5,2.0,2,5,3.0,2,4,2.0,—
A34US6Ge,"As an IDS user, I want the system to continuously learn and adapt to changes in network behavior and new types of cyberattacks, ensuring robust protection over time.","User Story:
As an IDS user, I want the system to consistently learn and evolve in response to shifts in network behavior and emerging cyberattack vectors, ensuring sustained and enhanced protection over time.

Acceptance Criteria:
- The system must update its detection algorithms at least once every 24 hours based on the latest network behavior data.
- The IDS should identify and adapt to at least 90% of new cyberattack patterns within 48 hours of their emergence.
- User feedback on false positives and negatives must be incorporated into the learning process, with a target reduction of false positives by 30% within the first quarter.

Test Outline:
- Monitor the frequency of algorithm updates to ensure compliance with the 24-hour requirement.
- Track the system's detection rate of new cyberattack patterns to confirm it meets the 90% adaptation target.
- Analyze user feedback reports to evaluate the effectiveness of adjustments made to reduce false positives.","it (ISO 29148)
every (ISO 29148)",2,4,2.0,1,4,3.0,1,4,3.0,2,5,3.0,3,5,2.0,1,5,4.0,2,4,2.0,—
A34US7Ge,"As a quality assurance engineer, I need to conduct comprehensive testing on the IDS to validate its effectiveness in real-world scenarios and across different datasets, including NSL-KDD and CICIDS 2017.","User Story:
As a quality assurance engineer, I need to perform thorough testing on the Intrusion Detection System (IDS) to ensure its effectiveness in real-world applications and across various datasets, specifically including NSL-KDD and CICIDS 2017, to guarantee reliability and accuracy.

Acceptance Criteria:
- Execute a minimum of 100 test cases across both NSL-KDD and CICIDS 2017 datasets to assess the IDS performance.
- Achieve a detection accuracy rate of at least 95% for both datasets during testing.
- Document and report any false positives and false negatives, ensuring they are below 5% for each dataset.

Test Outline:
- Review the test case results to confirm that at least 100 cases have been executed and analyze the performance metrics.
- Calculate the detection accuracy from the test results to verify it meets or exceeds the 95% threshold.
- Compile a report detailing the instances of false positives and false negatives to ensure they are within the acceptable range.","it (ISO 29148)
that (ISO 29148)",3,4,1.0,3,4,1.0,3,4,1.0,3,5,2.0,3,5,2.0,3,5,2.0,3,4,1.0,—
A34US8Ge,"As a regulatory compliance officer, I want to ensure that our IDS meets all cybersecurity standards and regulations, providing dependable security without compromising compliance.","User Story:
As a regulatory compliance officer, I want to verify that our Intrusion Detection System (IDS) adheres to all relevant cybersecurity standards and regulations so that we can maintain robust security while ensuring full compliance with legal requirements.

Acceptance Criteria:
- Conduct a comprehensive audit to confirm that the IDS meets at least 100% of applicable cybersecurity standards and regulations.
- Document and resolve any compliance gaps identified during the audit within 30 days.
- Achieve a minimum of 95% positive feedback from internal stakeholders regarding the effectiveness and reliability of the IDS.

Test Outline:
- Review the audit report to ensure all standards and regulations are met and documented.
- Track the resolution of compliance gaps to confirm they are addressed within the specified timeframe.
- Collect feedback from stakeholders through surveys to assess their satisfaction with the IDS's performance.","robust (ISO 29148)
that (ISO 29148)
all (ISO 29148)
can (NASA ARM)",2,4,2.0,1,5,4.0,2,5,3.0,2,5,3.0,4,5,1.0,1,5,4.0,2,5,3.0,—
A34US9Ge,"As a researcher, I am interested in publishing the findings from our evaluations of various machine learning techniques on IDS, contributing to the cybersecurity community's understanding of effective defenses against malware.","User Story:
As a researcher, I want to publish our comprehensive findings on the evaluation of diverse machine learning techniques applied to Intrusion Detection Systems (IDS) so that I can significantly enhance the cybersecurity community's knowledge and strategies for effective malware defenses.

Acceptance Criteria:
- Submit a peer-reviewed paper detailing the evaluation results to a reputable cybersecurity journal within the next 6 months.
- Achieve a minimum of 3 citations from other researchers within the first year of publication.
- Present the findings at at least one major cybersecurity conference within the next 12 months.

Test Outline:
- Track the submission process and confirm acceptance of the paper by the journal.
- Monitor citation metrics through academic databases to verify the number of citations received.
- Review conference schedules to ensure the research is presented at a relevant event.","effective (ISO 29148)
that (ISO 29148)
effective (NASA ARM)
can (NASA ARM)",3,4,1.0,2,4,2.0,2,5,3.0,2,5,3.0,2,5,3.0,2,5,3.0,2,5,3.0,—
A34US10Ge,"As a system administrator, I want to easily integrate the DNN-based IDS into our existing network infrastructure, ensuring minimal disruption and maximum protection.","User Story:
As a system administrator, I want to seamlessly integrate the DNN-based Intrusion Detection System (IDS) into our current network infrastructure so that we achieve optimal security with minimal operational disruption.

Acceptance Criteria:
- Complete the integration process within a maximum of 48 hours, ensuring all systems are operational post-integration.
- Maintain network uptime at 99.9% during the integration phase to minimize disruption to users.
- Achieve a detection accuracy rate of at least 95% for potential threats within the first month of deployment.

Test Outline:
- Track the time taken for the integration process and confirm it does not exceed the 48-hour limit.
- Monitor network uptime during the integration to ensure it meets the 99.9% threshold.
- Evaluate the IDS's threat detection performance after one month to verify it achieves the required accuracy rate.","it (ISO 29148)
that (ISO 29148)
minimal (ISO 29148)
all (ISO 29148)",2,5,3.0,1,4,3.0,2,5,3.0,2,5,3.0,3,5,2.0,1,5,4.0,2,5,3.0,—
A35US1Ge,"As a sales manager in a wholesale company, I want to accurately predict future sales for each product, customer, and market to optimize inventory levels and sales strategies.","User Story:
As a sales manager in a wholesale company, I want to leverage data analytics to forecast future sales for each product, customer segment, and market, so that I can effectively optimize inventory levels and refine sales strategies, ultimately increasing revenue.

Acceptance Criteria:
- Generate sales forecasts with at least 90% accuracy for each product within a 3-month horizon.
- Analyze customer purchasing patterns to identify trends and adjust inventory levels accordingly, ensuring stock availability meets demand with a target of ≤5% stockouts.
- Develop tailored sales strategies for at least 3 key market segments based on predictive insights, aiming for a 15% increase in sales within those segments over the next quarter.

Test Outline:
- Validate the accuracy of sales forecasts by comparing predicted sales against actual sales data after the 3-month period.
- Monitor inventory levels and stockout rates to ensure they remain within the specified limits.
- Assess the effectiveness of the new sales strategies by measuring sales growth in the targeted market segments after implementation.","that (ISO 29148)
those (ISO 29148)
can (NASA ARM)",3,4,1.0,3,4,1.0,3,5,2.0,3,5,2.0,4,5,1.0,2,5,3.0,3,5,2.0,—
A35US2Ge,"As a logistics manager in a wholesale company, I want to receive accurate sales forecasts to plan transportation and warehousing resources efficiently, minimizing costs and delays.","User Story:
As a logistics manager in a wholesale company, I want to obtain precise sales forecasts so that I can effectively allocate transportation and warehousing resources, thereby reducing operational costs and minimizing delays.

Acceptance Criteria:
- Sales forecasts must achieve an accuracy rate of at least 90% when compared to actual sales data.
- Forecasts should be generated and delivered at least 7 days in advance of the planning period to allow for adequate resource allocation.
- The system should provide insights into potential fluctuations in demand, with at least 3 actionable recommendations for resource adjustments.

Test Outline:
- Compare the generated sales forecasts against actual sales data to verify the accuracy rate meets the target.
- Check the delivery timeline of the forecasts to ensure they are provided 7 days prior to the planning period.
- Review the insights and recommendations provided by the system to confirm they include at least 3 actionable items for resource management.","that (ISO 29148)
adequate (ISO 29148)
adequate (NASA ARM)
can (NASA ARM)",3,4,1.0,3,4,1.0,3,5,2.0,3,5,2.0,4,5,1.0,2,5,3.0,3,5,2.0,—
A35US3Ge,"As a financial analyst in a wholesale company, I want to use sales predictions to create accurate financial forecasts and budget allocations for future operations.","User Story:
As a financial analyst in a wholesale company, I want to leverage sales prediction data to develop precise financial forecasts and allocate budgets effectively for upcoming operations, ensuring optimal resource utilization.

Acceptance Criteria:
- Generate sales predictions with at least 90% accuracy based on historical data and market trends.
- Create financial forecasts that align with sales predictions, allowing for budget allocations that are within 5% of actual expenditures.
- Provide a detailed report on budget allocations that includes at least three scenarios (best case, worst case, and most likely case) for future operations.

Test Outline:
- Validate the accuracy of sales predictions by comparing them against actual sales data over a defined period.
- Review the financial forecasts and budget allocations to ensure they fall within the specified accuracy and percentage thresholds.
- Assess the scenario report for completeness and clarity, ensuring it includes all required scenarios and justifications.","best (ISO 29148)
most (ISO 29148)
it (ISO 29148)
that (ISO 29148)
all (ISO 29148)
best (NASA ARM)",3,4,1.0,3,4,1.0,3,4,1.0,3,5,2.0,4,5,1.0,2,5,3.0,3,4,1.0,—
A35US4Ge,"As a product manager in a wholesale company, I want to use sales data to identify trends and patterns in customer demand, informing product development and marketing decisions.","User Story:
As a product manager in a wholesale company, I want to analyze sales data to uncover trends and patterns in customer demand, enabling data-driven decisions for product development and targeted marketing strategies.

Acceptance Criteria:
- Generate a comprehensive report that highlights at least 5 key trends in customer purchasing behavior over the last quarter.
- Identify and categorize at least 3 emerging product opportunities based on customer demand patterns.
- Provide actionable insights that lead to a minimum of 2 new marketing initiatives or product adjustments within the next month.

Test Outline:
- Review the generated report to ensure it includes the specified number of trends and insights.
- Validate the identification of product opportunities through stakeholder feedback and market analysis.
- Assess the implementation of marketing initiatives or product changes to confirm they align with the insights derived from the sales data.","it (ISO 29148)
that (ISO 29148)",3,4,1.0,3,5,2.0,3,4,1.0,3,5,2.0,4,5,1.0,2,5,3.0,3,5,2.0,—
A35US5Ge,"As a data scientist in a wholesale company, I want to build and maintain a data mart and ARIMA models for sales prediction, ensuring data quality and model accuracy.","User Story:
As a data scientist in a wholesale company, I want to develop and sustain a robust data mart along with ARIMA models for precise sales forecasting, ensuring high data quality and model accuracy to drive informed business decisions.

Acceptance Criteria:
- Establish a data mart that integrates data from at least 5 different sources with a data quality score of 95% or higher.
- Implement ARIMA models that achieve a forecasting accuracy (measured by Mean Absolute Percentage Error) of 10% or less on historical sales data.
- Conduct quarterly reviews of data quality and model performance to ensure ongoing accuracy and reliability.

Test Outline:
- Validate the data mart by checking the integration of data sources and calculating the overall data quality score.
- Test the ARIMA models against a validation dataset to confirm that the forecasting accuracy meets the specified threshold.
- Review documentation and reports from quarterly assessments to ensure data quality and model performance are consistently monitored.","robust (ISO 29148)
that (ISO 29148)
less (NASA ARM)",2,4,2.0,2,4,2.0,2,4,2.0,2,5,3.0,3,5,2.0,2,5,3.0,2,4,2.0,—
A35US6Ge,"As a business intelligence analyst in a wholesale company, I want to visualize and analyze sales predictions to identify opportunities for growth and areas for improvement.","User Story:
As a business intelligence analyst in a wholesale company, I want to create visualizations and conduct analyses of sales forecasts so that I can pinpoint growth opportunities and identify areas needing enhancement, ultimately driving strategic decision-making.

Acceptance Criteria:
- Generate at least 5 distinct visualizations that represent sales predictions across various product categories.
- Provide a detailed report identifying at least 3 actionable growth opportunities based on the sales data analysis.
- Highlight at least 2 areas for improvement with specific metrics that can be tracked over time.

Test Outline:
- Review the generated visualizations to ensure they accurately reflect the sales predictions and are easy to interpret.
- Analyze the report to confirm it includes actionable insights and metrics that can be measured for growth and improvement.
- Validate that the identified areas for improvement are supported by data and can be tracked for progress over the next quarter.","easy (ISO 29148)
it (ISO 29148)
that (ISO 29148)
easy to (NASA ARM)
can (NASA ARM)",3,4,1.0,3,4,1.0,3,5,2.0,3,5,2.0,4,5,1.0,2,5,3.0,3,5,2.0,—
A35US7Ge,"As a customer service representative in a wholesale company, I want to use sales predictions to anticipate customer needs and provide more proactive and personalized service.","User Story:
As a customer service representative in a wholesale company, I want to leverage sales prediction analytics to proactively identify customer needs, enabling me to deliver tailored and anticipatory service that enhances customer satisfaction and loyalty.

Acceptance Criteria:
- Utilize sales prediction data to identify at least 3 key customer trends per month.
- Achieve a 20% increase in customer satisfaction scores through personalized service initiatives based on predictions.
- Reduce average response time to customer inquiries by 15% by anticipating needs and preparing solutions in advance.

Test Outline:
- Analyze sales prediction reports monthly to confirm identification of customer trends.
- Conduct customer satisfaction surveys to measure improvements in scores after implementing personalized service strategies.
- Track and compare response times to customer inquiries before and after implementing proactive service measures.",that (ISO 29148),3,4,1.0,3,4,1.0,3,4,1.0,3,5,2.0,4,5,1.0,2,5,3.0,3,4,1.0,—
A35US8Ge,"As a marketing manager in a wholesale company, I want to use sales predictions to target marketing campaigns more effectively and maximize return on investment.","User Story:
As a marketing manager in a wholesale company, I want to leverage sales predictions to strategically target our marketing campaigns so that we can significantly enhance our return on investment (ROI) by at least 20%.

Acceptance Criteria:
- Utilize sales prediction data to identify the top 5 product categories for targeted campaigns.
- Achieve a minimum increase of 15% in campaign engagement rates compared to previous efforts.
- Measure and confirm a return on investment (ROI) of at least 20% from the targeted marketing campaigns.

Test Outline:
- Analyze sales prediction data to ensure the correct product categories are selected for campaigns.
- Track engagement metrics from the campaigns to verify the increase in engagement rates.
- Calculate the ROI from the campaigns to confirm it meets or exceeds the 20% target.","it (ISO 29148)
that (ISO 29148)
can (NASA ARM)",3,5,2.0,3,4,1.0,3,5,2.0,3,5,2.0,4,5,1.0,2,5,3.0,3,5,2.0,—
A35US9Ge,"As a CEO of a wholesale company, I want to use sales predictions to make informed strategic decisions about resource allocation, expansion, and new product development.","User Story:
As the CEO of a wholesale company, I want to leverage accurate sales predictions to guide strategic decisions regarding resource allocation, market expansion, and the development of new products, ensuring that our initiatives align with projected demand and maximize profitability.

Acceptance Criteria:
- Implement a sales forecasting model that achieves at least 85% accuracy in predicting quarterly sales.
- Analyze resource allocation efficiency, aiming for a 10% reduction in costs associated with overstock and stockouts.
- Identify at least 3 viable new product opportunities based on predictive analytics within the next fiscal year.

Test Outline:
- Validate the accuracy of the sales forecasting model by comparing predicted sales against actual sales data for the previous four quarters.
- Review resource allocation reports to confirm a reduction in costs related to inventory management.
- Conduct market research to assess the feasibility of the identified new product opportunities and present findings to the executive team.",that (ISO 29148),3,4,1.0,3,4,1.0,3,4,1.0,3,5,2.0,4,5,1.0,2,5,3.0,3,4,1.0,—
A35US10Ge,"As a shareholder of a wholesale company, I want to have access to accurate and reliable sales predictions to assess the financial health and future prospects of the company.","User Story:
As a shareholder of a wholesale company, I want to obtain precise and dependable sales forecasts so that I can evaluate the company's financial stability and anticipate its future growth potential.

Acceptance Criteria:
- Sales predictions must achieve an accuracy rate of at least 90% based on historical data.
- Forecasts should be updated quarterly to reflect the most current market trends and conditions.
- Provide a detailed report on sales predictions that includes a breakdown of expected revenue growth by product category.

Test Outline:
- Compare the predicted sales figures against actual sales data to verify the accuracy rate meets the target.
- Review the frequency of updates to ensure forecasts are refreshed quarterly.
- Analyze the sales prediction report for completeness and clarity in the revenue growth breakdown.","most (ISO 29148)
that (ISO 29148)
can (NASA ARM)",3,4,1.0,3,4,1.0,3,5,2.0,3,5,2.0,4,5,1.0,2,5,3.0,3,5,2.0,—
A36US1Ge,"As a traffic engineer, I want to use a wireless sensor network to monitor traffic patterns and classify moving vehicles in real-time, allowing me to optimize traffic flow and improve safety.","User Story:
As a traffic engineer, I want to implement a wireless sensor network to continuously monitor traffic patterns and accurately classify moving vehicles in real-time, enabling me to enhance traffic flow efficiency and significantly improve road safety.

Acceptance Criteria:
- The system must provide real-time traffic data updates with a latency of less than 2 seconds.
- Vehicle classification accuracy should reach at least 90% for different types of vehicles.
- Traffic flow optimization strategies should result in a minimum 15% reduction in congestion during peak hours.

Test Outline:
- Monitor the latency of data updates to ensure they are consistently under the 2-second threshold.
- Validate the vehicle classification results against a known dataset to confirm the 90% accuracy rate.
- Analyze traffic flow metrics before and after implementing optimization strategies to confirm a 15% reduction in congestion.",less (NASA ARM),3,4,1.0,3,4,1.0,3,4,1.0,3,5,2.0,3,5,2.0,2,5,3.0,3,4,1.0,—
A36US2Ge,"As a city planner, I want to use vehicle classification data from a sensor network to understand how different types of vehicles use the city's infrastructure, informing future planning decisions.","User Story:
As a city planner, I want to analyze vehicle classification data collected from a comprehensive sensor network so that I can gain insights into the usage patterns of various vehicle types on the city's infrastructure, ultimately guiding data-driven planning decisions for future developments.

Acceptance Criteria:
- Collect and categorize vehicle classification data from at least 95% of the sensor network across key city locations.
- Generate a detailed report on vehicle usage patterns, including at least 3 distinct vehicle categories, within 30 days of data collection.
- Present findings to stakeholders with actionable recommendations for infrastructure improvements based on the analysis.

Test Outline:
- Verify the completeness and accuracy of the vehicle classification data collected from the sensor network.
- Review the generated report to ensure it includes the required vehicle categories and is delivered within the specified timeframe.
- Assess the presentation of findings to stakeholders for clarity and relevance to future planning initiatives.","it (ISO 29148)
that (ISO 29148)
can (NASA ARM)",4,5,1.0,3,4,1.0,3,5,2.0,3,5,2.0,3,5,2.0,2,5,3.0,3,5,2.0,—
A36US3Ge,"As a law enforcement officer, I want to use vehicle classification data to identify suspicious vehicles and track their movements, enhancing public safety and security.","User Story:
As a law enforcement officer, I want to access and analyze vehicle classification data to effectively identify and monitor suspicious vehicles, thereby improving public safety and security in our community.

Acceptance Criteria:
- Successfully classify and log vehicle types with at least 90% accuracy in real-time.
- Track the movements of identified suspicious vehicles with updates every 5 minutes.
- Generate alerts for any vehicle that deviates from its expected route or exhibits unusual behavior.

Test Outline:
- Validate the accuracy of vehicle classification by cross-referencing with known vehicle data.
- Monitor the tracking system to ensure updates are received within the specified time frame.
- Simulate suspicious vehicle behavior to confirm that alerts are triggered appropriately.","that (ISO 29148)
every (ISO 29148)",3,4,1.0,3,4,1.0,3,4,1.0,3,5,2.0,4,5,1.0,2,5,3.0,3,4,1.0,—
A36US4Ge,"As a transportation researcher, I want to analyze vehicle classification data from a sensor network to study the behavior of different vehicle types and develop new models for traffic management.","User Story:
As a transportation researcher, I want to conduct a comprehensive analysis of vehicle classification data collected from a sensor network so that I can understand the behaviors of various vehicle types and create innovative models for effective traffic management.

Acceptance Criteria:
- Analyze at least 10,000 data points from the sensor network to ensure a robust dataset.
- Identify and categorize a minimum of 5 distinct vehicle types based on their behavior patterns.
- Develop and validate at least 2 new traffic management models that demonstrate a measurable improvement in traffic flow efficiency by at least 15%.

Test Outline:
- Verify the completeness and accuracy of the vehicle classification data by cross-referencing with known benchmarks.
- Assess the categorization of vehicle types through statistical analysis to confirm the identification of at least 5 distinct groups.
- Evaluate the performance of the newly developed traffic management models through simulation tests to ensure they meet the specified efficiency improvement criteria.","effective (ISO 29148)
robust (ISO 29148)
that (ISO 29148)
effective (NASA ARM)
can (NASA ARM)",2,4,2.0,2,4,2.0,2,5,3.0,2,5,3.0,4,5,1.0,2,5,3.0,2,5,3.0,—
A36US5Ge,"As a developer of sensor network applications, I want to build a robust and efficient system for classifying moving vehicles in real-time, using the provided data set as a benchmark for performance.","User Story:
As a developer of sensor network applications, I want to create a high-performance and reliable system for real-time classification of moving vehicles, utilizing the provided data set to establish measurable benchmarks for system efficiency and accuracy.

Acceptance Criteria:
- Achieve a classification accuracy of at least 90% when tested against the provided data set.
- Ensure the system can process and classify vehicle movements with a latency of 100 milliseconds or less.
- Validate that the system can handle a minimum of 500 vehicle classifications per minute without performance degradation.

Test Outline:
- Conduct tests using the provided data set to measure classification accuracy and confirm it meets or exceeds the target.
- Measure the latency of the classification process to ensure it remains within the specified limit.
- Simulate a high volume of vehicle movements to verify that the system maintains the required classification rate.","reliable (ISO 29148)
it (ISO 29148)
that (ISO 29148)
can (NASA ARM)
less (NASA ARM)",2,4,2.0,2,4,2.0,2,4,2.0,2,5,3.0,2,5,3.0,2,5,3.0,2,4,2.0,—
A36US6Ge,"As a data scientist, I want to explore the use of machine learning and signal processing techniques to extract meaningful features from sensor data and improve the accuracy of vehicle classification.","User Story:
As a data scientist, I want to investigate and implement advanced machine learning and signal processing methods to derive significant features from sensor data, thereby enhancing the accuracy of vehicle classification by at least 15%.

Acceptance Criteria:
- Identify and apply at least 3 machine learning algorithms to the sensor data for feature extraction.
- Achieve a minimum accuracy improvement of 15% in vehicle classification compared to the baseline model.
- Document the feature extraction process and results, including performance metrics for each algorithm used.

Test Outline:
- Evaluate the performance of each machine learning algorithm on a validation dataset to confirm the accuracy improvement.
- Review the documentation to ensure it clearly outlines the feature extraction techniques and their impact on classification accuracy.","it (ISO 29148)
significant (ISO 29148)",2,4,2.0,2,4,2.0,2,4,2.0,2,5,3.0,3,5,2.0,2,5,3.0,2,4,2.0,—
A36US7Ge,"As a network security specialist, I want to ensure the security and reliability of the wireless sensor network used for vehicle classification, protecting it from potential attacks and data breaches.","User Story:
As a network security specialist, I want to implement robust security measures for the wireless sensor network utilized in vehicle classification so that I can safeguard it against potential cyberattacks and data breaches, ensuring continuous reliability and data integrity.

Acceptance Criteria:
- Conduct a comprehensive security assessment to identify vulnerabilities and achieve a risk reduction of at least 90%.
- Implement encryption protocols that secure data transmission, ensuring that 100% of sensitive data is protected.
- Establish a monitoring system that detects and responds to security threats in real-time, achieving a response time of less than 5 minutes for any detected anomalies.

Test Outline:
- Perform vulnerability scans and penetration tests to verify that identified risks have been mitigated effectively.
- Review data transmission logs to confirm that all sensitive information is encrypted during transmission.
- Simulate security threats to evaluate the monitoring system's response time and effectiveness in addressing potential breaches.","robust (ISO 29148)
secure (ISO 29148)
it (ISO 29148)
that (ISO 29148)
all (ISO 29148)
can (NASA ARM)
less (NASA ARM)",2,4,2.0,2,4,2.0,2,5,3.0,2,5,3.0,3,5,2.0,2,5,3.0,2,5,3.0,—
A36US8Ge,"As a citizen concerned about traffic congestion and emissions, I want to see technology used to improve traffic management and reduce the environmental impact of transportation.","User Story:
As a citizen concerned about traffic congestion and emissions, I want to leverage advanced technology for traffic management so that I can contribute to reducing congestion and minimizing transportation-related emissions, ultimately fostering a healthier environment.

Acceptance Criteria:
- Implement smart traffic signals that adapt to real-time traffic conditions, aiming to reduce average wait times by at least 30%.
- Introduce a traffic monitoring system that provides data analytics to identify congestion hotspots, with a goal of decreasing traffic delays by 20% within the first year.
- Deploy an emissions tracking system that measures and reports reductions in vehicle emissions, targeting a minimum decrease of 15% in the first 12 months.

Test Outline:
- Monitor and analyze traffic signal performance to ensure they are effectively reducing wait times as specified.
- Evaluate traffic data before and after the implementation of the monitoring system to confirm a reduction in delays.
- Assess emissions data to verify that the targeted reduction in vehicle emissions is achieved.","that (ISO 29148)
can (NASA ARM)",2,4,2.0,1,4,3.0,2,5,3.0,2,5,3.0,3,5,2.0,1,5,4.0,2,5,3.0,—
A36US9Ge,"As a privacy advocate, I want to ensure that the data collected by the sensor network for vehicle classification is used responsibly and does not violate individual privacy rights.","User Story:
As a privacy advocate, I want to guarantee that the data gathered by the sensor network for vehicle classification is utilized ethically and in full compliance with individual privacy rights, ensuring that no personal information is compromised.

Acceptance Criteria:
- Conduct a comprehensive audit to confirm that data collection practices align with privacy regulations, achieving 100% compliance.
- Implement data anonymization techniques to ensure that no personally identifiable information (PII) is linked to the collected data.
- Establish a transparent data usage policy that is communicated to all stakeholders, with at least 90% of users acknowledging their understanding of how their data is used.

Test Outline:
- Review the audit results to verify compliance with privacy regulations and identify any areas for improvement.
- Test the data anonymization process to ensure that PII cannot be extracted from the collected data.
- Survey stakeholders to assess their understanding of the data usage policy and confirm that at least 90% can accurately describe its key points.","that (ISO 29148)
all (ISO 29148)
can (NASA ARM)",2,4,2.0,1,4,3.0,2,4,2.0,2,5,3.0,4,5,1.0,1,5,4.0,2,4,2.0,—
A36US10Ge,"As a global citizen, I want to see smart cities adopt innovative technologies like wireless sensor networks to improve traffic flow, safety, and sustainability for all.","User Story:
As a global citizen, I want to witness the implementation of cutting-edge technologies, such as wireless sensor networks, in smart cities so that traffic flow is optimized, safety is enhanced, and sustainability is prioritized for the benefit of all residents.

Acceptance Criteria:
- At least 75% of urban areas should have wireless sensor networks deployed to monitor and manage traffic conditions.
- Traffic congestion should be reduced by a minimum of 30% within the first year of implementation.
- Safety incidents related to traffic should decrease by at least 20% within the first year of adopting these technologies.

Test Outline:
- Evaluate the coverage of wireless sensor networks across urban areas to ensure it meets the target percentage.
- Analyze traffic data before and after implementation to confirm the reduction in congestion levels.
- Review safety reports to assess the change in traffic-related incidents following the technology deployment.","it (ISO 29148)
that (ISO 29148)
these (ISO 29148)
all (ISO 29148)",2,4,2.0,2,4,2.0,2,5,3.0,2,5,3.0,3,5,2.0,1,5,4.0,2,5,3.0,—
A37US1Ge,"As a casual sports fan, I want to participate in fantasy sports but feel overwhelmed by the amount of information and player choices. I want a platform that uses data and analytics to help me make informed decisions about which players to select for my team.","User Story:
As a casual sports fan, I want to engage in fantasy sports without feeling overwhelmed by the extensive information and player options, so that I can confidently make informed decisions on player selections for my team.

Acceptance Criteria:
- The platform must provide personalized player recommendations based on data analytics, improving user decision-making by at least 30%.
- Users should have access to a simplified interface that reduces the time spent on player research by 50%.
- The platform should offer real-time updates and insights on player performance, ensuring that users receive relevant information within 2 minutes of any game event.

Test Outline:
- Evaluate the effectiveness of player recommendations by tracking user selections and their performance outcomes.
- Measure the time taken by users to research players before and after implementing the simplified interface.
- Monitor the timeliness and accuracy of real-time updates to confirm they are delivered within the specified timeframe.","that (ISO 29148)
can (NASA ARM)",3,4,1.0,3,4,1.0,3,5,2.0,3,5,2.0,3,5,2.0,2,5,3.0,3,5,2.0,—
A37US2Ge,"As a seasoned fantasy sports player, I want to go beyond basic statistics and gain deeper insights into player performance and potential. I want a platform that uses advanced analytics to identify undervalued players and make strategic team decisions.","User Story:
As a seasoned fantasy sports player, I want to leverage advanced analytics to uncover in-depth insights into player performance and potential, enabling me to identify undervalued players and make informed strategic decisions for my team.

Acceptance Criteria:
- The platform must provide at least 5 advanced metrics (e.g., player efficiency ratings, injury history analysis, matchup statistics) to evaluate player performance.
- Users should receive personalized recommendations for at least 3 undervalued players each week based on predictive analytics.
- The system should allow users to simulate team performance based on different player combinations, with results generated in under 10 seconds.

Test Outline:
- Review the advanced metrics available on the platform to ensure they meet the specified criteria.
- Track the number of undervalued player recommendations provided weekly to confirm compliance with the acceptance criteria.
- Conduct simulations of team performance with various player combinations and measure the response time to verify it meets the target.",it (ISO 29148),3,4,1.0,3,4,1.0,3,4,1.0,3,5,2.0,3,5,2.0,2,5,3.0,3,4,1.0,—
A37US3Ge,"As a fantasy sports enthusiast, I want to avoid making decisions based solely on team loyalty and instead focus on players with the highest potential for points and success. I want a platform that helps me overcome favoritism bias and choose players based on objective data.","User Story:
As a fantasy sports enthusiast, I want to utilize a data-driven platform that enables me to make informed player selections based on their potential for scoring and overall success, rather than being influenced by personal team loyalty.

Acceptance Criteria:
- The platform must provide player performance metrics, including average points per game and success rates, for at least 100 players.
- Users should be able to filter and sort players based on objective criteria, such as projected points and historical performance, with at least 5 different filters available.
- The platform should offer insights and recommendations that help users identify players with the highest potential, aiming for a minimum accuracy rate of 75% in projections.

Test Outline:
- Verify that the platform displays comprehensive performance metrics for a minimum of 100 players.
- Test the filtering and sorting functionality to ensure users can easily access data based on at least 5 different criteria.
- Evaluate the accuracy of the platform's player recommendations by comparing projected points against actual performance over a defined period.","that (ISO 29148)
be able to (NASA ARM)
can (NASA ARM)",3,4,1.0,3,4,1.0,3,4,1.0,3,5,2.0,3,5,2.0,2,5,3.0,3,4,1.0,—
A37US4Ge,"As a busy fantasy sports player, I want to access all the relevant player data and analytics in one place, without having to spend hours researching and analyzing information from different sources.","User Story:
As a busy fantasy sports player, I want to have a centralized platform that consolidates all essential player data and analytics so that I can make informed decisions quickly, saving me time and enhancing my competitive edge.

Acceptance Criteria:
- Provide access to comprehensive player statistics, including performance metrics, injury reports, and historical data, all in one dashboard.
- Ensure that the platform updates player data in real-time, with updates occurring at least every 5 minutes during active game seasons.
- Allow users to filter and sort player data based on customizable criteria, such as position, team, and performance trends, to facilitate quick analysis.

Test Outline:
- Verify that all relevant player data is available on a single dashboard without the need to navigate to multiple sources.
- Check the frequency of data updates to confirm they occur within the specified time frame.
- Test the filtering and sorting functionalities to ensure they work as intended and meet user needs.","that (ISO 29148)
all (ISO 29148)
every (ISO 29148)
can (NASA ARM)",2,4,2.0,2,4,2.0,2,5,3.0,2,5,3.0,2,5,3.0,2,5,3.0,2,5,3.0,—
A37US5Ge,"As a fantasy sports league manager, I want to use data-driven insights to create a more balanced and competitive league experience for all participants.","User Story:
As a fantasy sports league manager, I want to leverage data analytics to enhance the league's competitiveness and balance, ensuring that all participants have an equitable and engaging experience.

Acceptance Criteria:
- Utilize player performance metrics to create balanced team rosters, achieving a maximum disparity of 10% in average points per player across all teams.
- Implement weekly data reports that provide insights on player performance trends, with at least 80% of participants utilizing these insights for roster adjustments.
- Ensure that league standings reflect a competitive balance, with no team finishing more than 3 wins apart from the median win total at the end of the season.

Test Outline:
- Analyze team rosters to confirm that the average points per player fall within the specified disparity limit.
- Track participant engagement with weekly reports to verify that at least 80% are making roster changes based on the provided insights.
- Review final league standings to ensure that the win totals align with the competitive balance criteria.","that (ISO 29148)
these (ISO 29148)
all (ISO 29148)
more (NASA ARM)",2,4,2.0,2,4,2.0,2,4,2.0,2,5,3.0,4,5,1.0,1,5,4.0,2,4,2.0,—
A37US6Ge,"As a fantasy sports platform developer, I want to leverage data science and statistical analysis to provide users with the most accurate and valuable player projections and recommendations.","User Story:
As a fantasy sports platform developer, I want to utilize advanced data science techniques and statistical analysis to deliver precise player projections and tailored recommendations, enhancing user decision-making and overall platform value.

Acceptance Criteria:
- Implement predictive models that achieve at least 85% accuracy in player performance forecasts based on historical data.
- Provide personalized recommendations for users that result in a minimum 10% increase in user engagement metrics, such as time spent on the platform or number of transactions.
- Ensure that the player projection updates occur in real-time, with data refreshed at least every 5 minutes during live events.

Test Outline:
- Validate the accuracy of player performance forecasts by comparing model predictions against actual outcomes over a defined period.
- Analyze user engagement metrics before and after implementing the recommendations to confirm the targeted increase.
- Monitor the frequency of data updates during live events to ensure compliance with the real-time requirement.","that (ISO 29148)
every (ISO 29148)",2,4,2.0,2,4,2.0,2,4,2.0,2,5,3.0,3,5,2.0,2,5,3.0,2,4,2.0,—
A37US7Ge,"As a sports data analyst, I want to explore the use of advanced statistical models and machine learning techniques to further improve the accuracy and effectiveness of fantasy sports predictions.","User Story:
As a sports data analyst, I want to leverage advanced statistical models and machine learning algorithms to enhance the precision and reliability of fantasy sports predictions, thereby increasing user engagement and satisfaction.

Acceptance Criteria:
- Implement at least 3 different machine learning models to compare their predictive accuracy against historical data.
- Achieve a minimum improvement of 15% in prediction accuracy over the current baseline metrics.
- Provide a detailed report on model performance, including metrics such as precision, recall, and F1 score for each model.

Test Outline:
- Validate the accuracy of each machine learning model by testing it against a separate validation dataset and comparing results to the baseline.
- Analyze the prediction outcomes to ensure that the improvement in accuracy meets or exceeds the 15% target.
- Review the performance report to confirm that it includes all required metrics and insights for further analysis.","it (ISO 29148)
that (ISO 29148)
all (ISO 29148)",2,4,2.0,1,4,3.0,2,4,2.0,2,5,3.0,3,5,2.0,1,5,4.0,2,4,2.0,—
A37US8Ge,"As a sports journalist or content creator, I want to use fantasy sports analytics to generate engaging and informative content for fans, such as player profiles, team analysis, and fantasy advice.","User Story:
As a sports journalist or content creator, I want to leverage fantasy sports analytics to produce captivating and insightful content for fans, including detailed player profiles, comprehensive team analyses, and actionable fantasy advice, thereby enhancing fan engagement and knowledge.

Acceptance Criteria:
- Generate at least 5 player profiles per week that incorporate relevant fantasy statistics and insights.
- Create 3 in-depth team analysis articles each month, utilizing analytics to highlight strengths and weaknesses.
- Provide weekly fantasy advice articles that achieve a minimum engagement rate of 15% from readers.

Test Outline:
- Review the published player profiles to ensure they include analytics and meet the weekly target.
- Analyze the team analysis articles for depth and relevance, confirming the monthly output.
- Track engagement metrics on fantasy advice articles to verify they meet or exceed the specified engagement rate.",that (ISO 29148),3,4,1.0,3,4,1.0,3,4,1.0,3,5,2.0,3,5,2.0,2,5,3.0,3,4,1.0,—
A37US9Ge,"As a fantasy sports player concerned about responsible gaming, I want a platform that promotes healthy competition and discourages excessive spending or unhealthy obsession with the game.","User Story:
As a fantasy sports player concerned about responsible gaming, I want a platform that fosters healthy competition and actively discourages excessive spending or unhealthy gaming habits, ensuring a balanced and enjoyable experience.

Acceptance Criteria:
- Implement features that limit spending to a maximum of $100 per month to promote responsible financial management.
- Introduce reminders and alerts for users who engage in gameplay for more than 3 hours in a single session to encourage breaks and moderation.
- Provide educational resources on responsible gaming practices accessible directly from the platform.

Test Outline:
- Monitor user spending patterns to confirm that no player exceeds the $100 monthly limit.
- Track session durations to ensure that alerts are triggered for users playing longer than the specified time.
- Evaluate user engagement with educational resources to determine their accessibility and effectiveness in promoting responsible gaming.","that (ISO 29148)
more (NASA ARM)",2,4,2.0,2,4,2.0,2,4,2.0,2,5,3.0,3,5,2.0,2,5,3.0,2,4,2.0,—
A37US10Ge,"As a global citizen, I want to see technology used to enhance the enjoyment and engagement of fantasy sports for all participants, regardless of their level of expertise or experience.","User Story:
As a global citizen, I want to leverage technology to enrich the enjoyment and engagement of fantasy sports for all participants, ensuring accessibility and inclusivity for users of varying expertise and experience levels.

Acceptance Criteria:
- Implement user-friendly interfaces that cater to both novice and experienced players, achieving a user satisfaction score of at least 85%.
- Provide educational resources and tutorials that increase user engagement by 30% within the first month of implementation.
- Ensure that at least 70% of users report an enhanced experience through surveys conducted post-participation.

Test Outline:
- Conduct usability testing sessions to gather feedback on the interface from users of different skill levels.
- Track user engagement metrics before and after the introduction of educational resources to measure the increase.
- Distribute surveys to participants after their fantasy sports experience to assess perceived improvements in enjoyment and engagement.","that (ISO 29148)
all (ISO 29148)",2,4,2.0,2,5,3.0,2,4,2.0,2,5,3.0,3,5,2.0,1,5,4.0,2,5,3.0,—
A38US1Ge,"As a job seeker, I want to apply for jobs easily and efficiently, without having to submit my resume multiple times.","User Story:
As a job seeker, I want to streamline my job application process by submitting my resume only once, so that I can apply for multiple positions quickly and efficiently, saving time and reducing frustration.

Acceptance Criteria:
- Implement a single resume submission feature that allows users to apply for multiple job listings without re-uploading their resume.
- Ensure that users can apply to at least 5 different job postings in one session using the single submission.
- Provide confirmation of successful applications for each job within 2 minutes of submission.

Test Outline:
- Test the functionality of the single resume submission feature by applying to multiple job postings and verifying that the resume is only uploaded once.
- Measure the time taken to receive confirmation for each job application to ensure it meets the 2-minute requirement.
- Check that users can successfully apply to at least 5 job postings in one session without any errors.","it (ISO 29148)
that (ISO 29148)
can (NASA ARM)",3,4,1.0,3,4,1.0,3,5,2.0,3,5,2.0,4,5,1.0,2,5,3.0,3,5,2.0,—
A38US2Ge,"As a recruiter, I want to save time and effort by using a system that automatically screens resumes and assesses candidates' personalities.","User Story:
As a recruiter, I want to utilize an automated system that efficiently screens resumes and evaluates candidates' personalities so that I can significantly reduce the time spent on initial candidate assessments and focus on high-potential applicants.

Acceptance Criteria:
- The system must automatically screen at least 90% of submitted resumes within 2 minutes of receipt.
- It should provide a personality assessment score for each candidate, with a minimum of 80% accuracy compared to manual evaluations.
- The tool should allow for the identification of top 10% candidates based on screening and assessment results.

Test Outline:
- Measure the time taken by the system to screen resumes and confirm it meets the 2-minute requirement.
- Compare the personality assessment scores generated by the system against manual evaluations to validate accuracy.
- Analyze the list of candidates identified as top performers to ensure it aligns with the expected top 10% threshold.","it (ISO 29148)
that (ISO 29148)
can (NASA ARM)",2,4,2.0,2,4,2.0,2,5,3.0,2,5,3.0,3,5,2.0,2,5,3.0,2,5,3.0,—
A38US3Ge,"As a hiring manager, I want to receive a pool of qualified candidates who are not only technically skilled but also possess the desired personality traits for the role.","User Story:
As a hiring manager, I want to obtain a selection of qualified candidates who not only demonstrate the necessary technical expertise but also embody the key personality traits that align with our company culture and the specific role requirements.

Acceptance Criteria:
- At least 10 candidates must be sourced who meet both technical qualifications and personality trait criteria.
- Conduct initial screenings to ensure that 80% of candidates exhibit the desired soft skills relevant to the role.
- Provide a detailed report on each candidate's technical skills and personality traits, with a scoring system for easy comparison.

Test Outline:
- Review the candidate pool to confirm that the minimum number of qualified candidates has been identified.
- Evaluate the results of initial screenings to verify that the majority of candidates possess the required soft skills.
- Analyze the candidate reports to ensure they include comprehensive assessments of both technical and personality attributes.","easy (ISO 29148)
that (ISO 29148)",3,4,1.0,2,4,2.0,2,4,2.0,2,5,3.0,4,5,1.0,2,5,3.0,3,4,1.0,—
A38US4Ge,"As a human resources professional, I want to ensure that the recruitment process is fair and unbiased, considering both skills and personality.","User Story:
As a human resources professional, I want to implement a recruitment process that is equitable and impartial, evaluating candidates based on their skills and personality traits to enhance team dynamics and overall performance.

Acceptance Criteria:
- Develop a standardized evaluation rubric that scores candidates on both skills and personality, ensuring a minimum score threshold for each category.
- Conduct training sessions for hiring managers to recognize and mitigate biases, achieving at least 90% participation.
- Monitor and report on the diversity of candidates selected for interviews, aiming for a minimum of 30% representation from underrepresented groups.

Test Outline:
- Review the evaluation rubric used in the recruitment process to confirm it includes both skills and personality assessments.
- Track attendance and feedback from training sessions to ensure hiring managers are equipped to conduct unbiased interviews.
- Analyze the diversity metrics of candidates interviewed and hired to verify compliance with the established representation goals.","it (ISO 29148)
that (ISO 29148)",2,4,2.0,2,5,3.0,2,4,2.0,2,5,3.0,4,5,1.0,2,5,3.0,2,5,3.0,—
A38US5Ge,"As a data scientist, I want to develop and improve machine learning models for personality assessment, ensuring their accuracy and fairness.","User Story:
As a data scientist, I want to create and enhance machine learning models for personality assessment to ensure they deliver high accuracy and fairness, ultimately providing reliable insights into individual traits.

Acceptance Criteria:
- Achieve a model accuracy rate of at least 90% on validation datasets.
- Implement fairness metrics to ensure that model predictions are unbiased across different demographic groups, with a fairness score of ≥0.8.
- Conduct regular model evaluations and updates every quarter to incorporate new data and improve performance.

Test Outline:
- Validate the model's accuracy by comparing predictions against a labeled test dataset and calculating the accuracy percentage.
- Assess the fairness of the model by analyzing prediction outcomes across various demographic segments and ensuring the fairness score meets the target.
- Review the model's performance reports every three months to confirm updates and improvements are made based on the latest data.","reliable (ISO 29148)
that (ISO 29148)
every (ISO 29148)",2,4,2.0,2,4,2.0,2,4,2.0,2,5,3.0,3,5,2.0,2,5,3.0,2,4,2.0,—
A38US6Ge,"As a technology developer, I want to integrate this system with existing recruiting platforms, creating a seamless and efficient hiring experience.","User Story:
As a technology developer, I want to connect this system with current recruiting platforms to facilitate a streamlined and efficient hiring process, enhancing user experience and reducing time-to-hire.

Acceptance Criteria:
- Successfully establish integration with at least 3 major recruiting platforms (e.g., LinkedIn, Indeed, and Glassdoor).
- Ensure that candidate data can be transferred between systems with a success rate of 95% or higher.
- Reduce the average time-to-hire by at least 20% through improved workflow efficiency.

Test Outline:
- Verify the successful integration by testing data transfer between the system and each recruiting platform.
- Monitor the success rate of data transfers to ensure it meets or exceeds the 95% threshold.
- Analyze the time-to-hire metrics before and after integration to confirm a reduction of 20% or more.","efficient (ISO 29148)
it (ISO 29148)
this (ISO 29148)
that (ISO 29148)
improved (ISO 29148)
can (NASA ARM)
improved (NASA ARM)
more (NASA ARM)",2,4,2.0,2,4,2.0,2,4,2.0,2,5,3.0,3,5,2.0,2,5,3.0,2,4,2.0,—
A38US7Ge,"As a psychologist or personality expert, I want to provide input on the development and validation of the personality assessment tools used in the system.","User Story:
As a psychologist or personality expert, I want to contribute my expertise to the design and validation process of the personality assessment tools utilized in the system so that the tools are scientifically robust and yield accurate, reliable results for users.

Acceptance Criteria:
- Collaborate with the development team to ensure that the assessment tools are based on established psychological theories and frameworks.
- Validate that at least 90% of the assessment items demonstrate strong reliability (Cronbach's alpha ≥ 0.80) in pilot testing.
- Ensure that the tools undergo a comprehensive review process, incorporating feedback from at least 5 other experts in the field.

Test Outline:
- Review the design documents and assessment items to confirm alignment with psychological principles.
- Analyze the reliability statistics from pilot testing to verify that the criteria are met.
- Collect and assess feedback from peer experts to ensure the tools meet professional standards.","reliable (ISO 29148)
robust (ISO 29148)
that (ISO 29148)",2,4,2.0,2,5,3.0,2,5,3.0,2,5,3.0,4,5,1.0,2,5,3.0,2,5,3.0,—
A38US8Ge,"As a legal professional, I want to ensure that the system complies with data privacy regulations and avoids any discriminatory practices.","User Story:
As a legal professional, I want to guarantee that the system adheres to all relevant data privacy regulations and actively prevents any form of discriminatory practices, ensuring ethical compliance and protection of user rights.

Acceptance Criteria:
- Conduct a comprehensive audit to confirm that 100% of data handling processes comply with applicable data privacy laws (e.g., GDPR, CCPA).
- Implement training programs for all staff to ensure that 95% of employees understand and can identify discriminatory practices.
- Establish a monitoring system that reports any potential compliance violations within 24 hours of detection.

Test Outline:
- Review audit results to verify that all data handling processes meet legal standards.
- Assess employee training completion rates and conduct quizzes to ensure understanding of non-discriminatory practices.
- Test the monitoring system by simulating a compliance violation and checking if it reports within the specified timeframe.","it (ISO 29148)
that (ISO 29148)
all (ISO 29148)
can (NASA ARM)",2,4,2.0,1,4,3.0,2,4,2.0,2,5,3.0,3,5,2.0,1,5,4.0,2,4,2.0,—
A38US9Ge,"As a researcher studying recruitment and personality, I want to analyze the effectiveness of this system and its impact on hiring decisions.","User Story:
As a researcher studying recruitment and personality, I want to evaluate the effectiveness of the hiring system and its influence on recruitment outcomes so that I can provide data-driven insights that enhance hiring practices.

Acceptance Criteria:
- Conduct a comprehensive analysis of at least 100 hiring decisions made using the system to assess its effectiveness.
- Measure the correlation between system recommendations and successful hires, aiming for a minimum correlation coefficient of 0.7 or higher.
- Gather feedback from at least 50 hiring managers regarding their satisfaction with the system's impact on their decision-making process.

Test Outline:
- Review and analyze the data from the 100 hiring decisions to determine the system's effectiveness.
- Calculate the correlation coefficient between the system's recommendations and the actual hiring outcomes.
- Distribute a survey to hiring managers and analyze the feedback to evaluate their satisfaction levels.","that (ISO 29148)
can (NASA ARM)",2,4,2.0,2,5,3.0,2,5,3.0,2,5,3.0,4,5,1.0,2,5,3.0,2,5,3.0,—
A38US10Ge,"As a global citizen, I want to see technology used to create a more efficient and inclusive recruitment process, where candidates are evaluated based on their skills and personality, regardless of their background or personal characteristics.","User Story:
As a global citizen, I want to leverage technology to develop a recruitment process that is both efficient and inclusive, ensuring that candidates are assessed based on their skills and personality traits, irrespective of their backgrounds or personal characteristics.

Acceptance Criteria:
- Implement a technology-driven evaluation system that reduces bias in candidate assessments by at least 30%.
- Ensure that 100% of candidates are evaluated using standardized skill and personality assessments.
- Achieve a candidate satisfaction rate of 85% or higher regarding the fairness and transparency of the recruitment process.

Test Outline:
- Analyze the recruitment data to measure the reduction in bias and confirm it meets the target.
- Review the evaluation process to ensure all candidates undergo the standardized assessments.
- Conduct a survey post-recruitment to gauge candidate satisfaction with the process.","efficient (ISO 29148)
it (ISO 29148)
that (ISO 29148)
all (ISO 29148)",2,4,2.0,2,4,2.0,2,4,2.0,2,5,3.0,2,5,3.0,1,5,4.0,2,4,2.0,—
A39US1Ge,"As a music enthusiast, I want to create playlists that resonate with a wider audience and gain popularity. I want a tool that can predict the success of my playlists based on musical characteristics, allowing me to refine my curation and increase engagement.","User Story:
As a music enthusiast, I want to utilize a predictive tool that analyzes musical characteristics to create playlists that appeal to a broader audience, thereby enhancing their popularity and engagement.

Acceptance Criteria:
- The tool must provide a success prediction score for each playlist based on at least 5 key musical characteristics (e.g., tempo, genre diversity, mood).
- Users should be able to refine their playlists based on actionable insights, with at least 3 specific recommendations for improvement provided.
- Engagement metrics (e.g., shares, likes, and plays) for playlists should show a minimum increase of 20% after implementing the tool's suggestions.

Test Outline:
- Validate that the tool generates a success prediction score for each playlist and that it is based on the defined musical characteristics.
- Review the recommendations provided by the tool to ensure they are actionable and relevant to the user's playlist.
- Track engagement metrics before and after using the tool to confirm a 20% or greater increase in user interaction with the playlists.","it (ISO 29148)
that (ISO 29148)
be able to (NASA ARM)
greater (NASA ARM)",3,4,1.0,3,4,1.0,3,4,1.0,3,5,2.0,3,5,2.0,2,5,3.0,3,4,1.0,—
A39US2Ge,"As a musician or artist, I want to understand what factors contribute to the success of playlists featuring my music. I want to use this knowledge to collaborate with curators and platforms to increase the visibility and reach of my work.","User Story:
As a musician or artist, I want to analyze the key factors that drive the success of playlists that include my music so that I can strategically collaborate with curators and platforms to enhance the visibility and audience reach of my work.

Acceptance Criteria:
- Identify at least 5 measurable factors that influence playlist success, such as listener engagement rates, playlist follower counts, and genre compatibility.
- Establish a framework for collaboration with at least 3 curators or platforms within the next quarter to promote my music.
- Increase the visibility of my work by achieving a minimum of 20% growth in streams from playlist placements over the next 6 months.

Test Outline:
- Conduct a data analysis to pinpoint the identified factors and their impact on playlist performance.
- Track and document collaborations with curators and platforms to ensure they meet the established criteria.
- Monitor streaming metrics to evaluate the effectiveness of playlist placements and confirm the targeted growth in visibility.","that (ISO 29148)
can (NASA ARM)",3,4,1.0,3,4,1.0,3,5,2.0,3,5,2.0,3,5,2.0,2,5,3.0,3,5,2.0,—
A39US3Ge,"As a music streaming platform, I want to leverage machine learning to recommend personalized playlists to users based on their preferences and predicted success of the playlists. This will enhance user experience and satisfaction, leading to increased engagement and platform loyalty.","User Story:
As a music streaming platform, I want to implement machine learning algorithms to generate personalized playlist recommendations tailored to individual user preferences and the anticipated success of these playlists. This will significantly improve user experience and satisfaction, resulting in a measurable increase in user engagement by at least 20% and enhanced platform loyalty.

Acceptance Criteria:
- Develop and deploy machine learning models that analyze user listening habits and preferences to create personalized playlists.
- Achieve a minimum user satisfaction score of 85% for the recommended playlists based on user feedback.
- Track and report a 20% increase in user engagement metrics, such as time spent listening and playlist saves, within three months of implementation.

Test Outline:
- Evaluate the effectiveness of the machine learning models by comparing user engagement metrics before and after the recommendations are introduced.
- Conduct user surveys to assess satisfaction levels with the personalized playlists and ensure they meet the target score.
- Monitor the analytics dashboard for changes in user behavior, focusing on the specified engagement metrics.","this (ISO 29148)
that (ISO 29148)
these (ISO 29148)",3,4,1.0,3,5,2.0,4,4,0.0,3,5,2.0,3,5,2.0,2,5,3.0,3,5,2.0,—
A39US4Ge,"As a music curator, I want to use data-driven insights to optimize my playlist creation process. I want to identify the most effective combinations of musical characteristics and genres to create playlists that are more likely to resonate with specific audiences.","User Story:
As a music curator, I want to leverage data analytics to refine my playlist creation process so that I can craft playlists that effectively engage targeted audiences and enhance listener satisfaction.

Acceptance Criteria:
- Analyze at least 10,000 listener interactions to identify the top 5 musical characteristics that drive engagement.
- Determine the most effective genre combinations by measuring listener retention rates, aiming for an increase of at least 20% in playlist completion.
- Generate a minimum of 3 optimized playlists per week based on the identified insights, with a target audience engagement score of 75% or higher.

Test Outline:
- Review the data analysis results to confirm the identification of the top musical characteristics and their impact on listener engagement.
- Track listener retention rates for the newly created playlists to ensure they meet the targeted increase in completion rates.
- Monitor audience engagement scores for the optimized playlists to verify they achieve the desired threshold.","most (ISO 29148)
effective (ISO 29148)
that (ISO 29148)
effective (NASA ARM)
can (NASA ARM)",3,4,1.0,3,4,1.0,3,5,2.0,3,5,2.0,3,5,2.0,2,5,3.0,3,5,2.0,—
A39US5Ge,"As a music label or record company, I want to use machine learning-based playlist success prediction to inform marketing and promotional strategies. I want to identify playlists with high potential and target them for artist placement, ultimately increasing artist exposure and driving music consumption.","User Story:
As a music label or record company, I want to leverage machine learning algorithms to predict the success of playlists so that I can strategically inform my marketing and promotional efforts, ultimately enhancing artist visibility and boosting music consumption rates.

Acceptance Criteria:
- Identify and rank at least 10 playlists with a predicted success rate of ≥75% for artist placement.
- Increase artist exposure by at least 30% within 3 months of targeting identified playlists.
- Achieve a minimum of 20% growth in music consumption metrics (streams, downloads) for artists placed in the targeted playlists.

Test Outline:
- Validate the accuracy of the machine learning model by comparing predicted success rates against actual playlist performance.
- Track and analyze artist exposure metrics before and after placement in the identified playlists to confirm the targeted increase.
- Measure the change in music consumption metrics for artists featured in the playlists to ensure the growth target is met.","that (ISO 29148)
can (NASA ARM)",3,4,1.0,3,4,1.0,3,5,2.0,3,5,2.0,3,5,2.0,2,5,3.0,3,5,2.0,—
A39US6Ge,"As a music researcher, I want to explore the use of machine learning to understand the complex factors that influence playlist popularity. This can provide valuable insights into music listening trends and user preferences, informing future research and development in the music industry.","User Story:
As a music researcher, I want to investigate the application of machine learning techniques to analyze the intricate factors that drive playlist popularity, so that I can derive actionable insights into music listening trends and user preferences, ultimately guiding future innovations and strategies in the music industry.

Acceptance Criteria:
- Identify and analyze at least 10 key factors that significantly impact playlist popularity using machine learning models.
- Generate a report detailing the findings, including at least 3 actionable recommendations for music industry stakeholders.
- Validate the insights by comparing them against historical data to ensure accuracy and relevance.

Test Outline:
- Review the machine learning models used to ensure they effectively capture the identified factors influencing playlist popularity.
- Assess the generated report for clarity, depth, and the presence of actionable recommendations.
- Cross-reference the insights with historical playlist performance data to confirm their validity and applicability.","that (ISO 29148)
can (NASA ARM)",3,4,1.0,3,4,1.0,3,5,2.0,2,5,3.0,3,5,2.0,2,5,3.0,3,5,2.0,—
A39US7Ge,"As a technology developer, I want to build user-friendly tools that integrate machine learning models for playlist success prediction. This can empower music creators and curators to make data-driven decisions and optimize their playlists for wider reach and impact.","User Story:
As a technology developer, I want to create intuitive tools that seamlessly incorporate machine learning models for predicting playlist success, enabling music creators and curators to leverage data-driven insights to enhance their playlists for greater audience engagement and influence.

Acceptance Criteria:
- Develop a user interface that allows users to easily input playlist data and receive success predictions within 3 seconds.
- Ensure that the machine learning model achieves at least 85% accuracy in predicting playlist performance based on historical data.
- Provide actionable recommendations for optimizing playlists that can be accessed within the tool, with at least 5 specific suggestions per playlist.

Test Outline:
- Test the user interface for ease of use and measure the time taken to generate success predictions.
- Validate the accuracy of the machine learning model by comparing its predictions against actual playlist performance metrics.
- Review the recommendations provided by the tool to ensure they are relevant and actionable for users.","intuitive (ISO 29148)
that (ISO 29148)
can (NASA ARM)
greater (NASA ARM)",3,4,1.0,3,4,1.0,3,4,1.0,3,5,2.0,3,5,2.0,2,5,3.0,3,4,1.0,—
A39US8Ge,"As a music industry analyst, I want to use machine learning to analyze and forecast trends in playlist popularity across different genres and demographics. This can provide valuable insights for music platforms, curators, and artists to adapt their strategies and cater to evolving listener preferences.","User Story:
As a music industry analyst, I want to leverage machine learning algorithms to analyze and predict trends in playlist popularity across various genres and demographic segments so that music platforms, curators, and artists can make data-driven decisions to align their strategies with changing listener preferences.

Acceptance Criteria:
- Develop a machine learning model that accurately predicts playlist popularity with at least 85% accuracy based on historical data.
- Analyze trends across a minimum of 5 different genres and 3 demographic groups to ensure comprehensive insights.
- Provide actionable recommendations based on the analysis that can be implemented by music platforms and artists to enhance engagement by at least 20%.

Test Outline:
- Validate the accuracy of the machine learning model by comparing its predictions against actual playlist performance metrics.
- Review the analysis results to confirm that trends have been identified across the specified genres and demographics.
- Assess the implementation of recommendations and measure the resulting increase in user engagement to ensure it meets the target.","it (ISO 29148)
that (ISO 29148)
can (NASA ARM)",3,4,1.0,3,4,1.0,3,5,2.0,3,5,2.0,3,5,2.0,2,5,3.0,3,5,2.0,—
A39US9Ge,"As a data scientist, I want to explore and compare different machine learning algorithms and features for predicting playlist success. This can lead to the development of more accurate and robust models, further enhancing the effectiveness of playlist creation and recommendation strategies.","User Story:
As a data scientist, I want to analyze and evaluate various machine learning algorithms and feature sets for predicting the success of playlists so that I can develop more precise and resilient models, ultimately improving the effectiveness of playlist creation and recommendation strategies.

Acceptance Criteria:
- Conduct comparative analysis of at least 5 different machine learning algorithms to determine their predictive accuracy.
- Identify and test a minimum of 10 distinct features that may influence playlist success, measuring their impact on model performance.
- Achieve an improvement in model accuracy by at least 15% compared to the baseline model.

Test Outline:
- Validate the performance of each machine learning algorithm using a consistent dataset and report their accuracy metrics.
- Document the feature selection process and analyze the contribution of each feature to the model's predictive power.
- Compare the new model's accuracy against the baseline to confirm the targeted improvement percentage.","that (ISO 29148)
can (NASA ARM)
may (NASA ARM)
more (NASA ARM)",3,4,1.0,3,4,1.0,3,5,2.0,3,5,2.0,3,5,2.0,2,5,3.0,3,5,2.0,—
A39US10Ge,"As a global citizen, I want to see technology used to improve the overall music listening experience for everyone. By predicting playlist success and delivering personalized recommendations, we can create a more engaging and enriching music ecosystem for all music lovers.","User Story:
As a global citizen, I want to leverage technology to enhance the music listening experience for all users so that we can foster a more engaging and enriching music ecosystem that caters to diverse tastes and preferences.

Acceptance Criteria:
- Implement predictive analytics to assess the potential success of playlists, achieving at least a 75% accuracy rate in predictions.
- Deliver personalized music recommendations to users, with a target of increasing user engagement by 30% within the first month of implementation.
- Ensure that the music ecosystem supports a minimum of 10 different genres to cater to a wide range of music lovers.

Test Outline:
- Analyze the accuracy of playlist success predictions by comparing predicted outcomes with actual user engagement metrics.
- Track user engagement levels before and after the introduction of personalized recommendations to confirm the targeted increase.
- Review the diversity of music genres available in the ecosystem to ensure it meets the specified minimum.","it (ISO 29148)
that (ISO 29148)
all (ISO 29148)
can (NASA ARM)
more (NASA ARM)",2,4,2.0,2,4,2.0,2,5,3.0,2,5,3.0,2,5,3.0,2,5,3.0,2,5,3.0,—
A40US1Ge,"As a social network user, I want to be protected from cyber-criminals that try to compromise my account, ensuring my personal information and online interactions remain secure.","User Story:
As a social network user, I want robust security measures in place to safeguard my account from cyber-criminals, ensuring that my personal information and online interactions are consistently protected against unauthorized access.

Acceptance Criteria:
- Implement multi-factor authentication (MFA) that must be enabled for all accounts, reducing the risk of unauthorized access by at least 90%.
- Conduct regular security audits and vulnerability assessments every quarter to identify and mitigate potential threats.
- Provide users with real-time alerts for any suspicious login attempts or account changes, ensuring they can respond within 5 minutes.

Test Outline:
- Verify that multi-factor authentication is successfully implemented and mandatory for all user accounts.
- Review the results of the quarterly security audits to confirm that vulnerabilities are addressed promptly.
- Test the alert system by simulating suspicious activities and ensuring users receive notifications within the specified time frame.","robust (ISO 29148)
that (ISO 29148)
all (ISO 29148)
every (ISO 29148)
can (NASA ARM)",2,4,2.0,1,4,3.0,2,4,2.0,2,5,3.0,4,5,1.0,1,5,4.0,2,4,2.0,—
A40US2Ge,"As a security analyst at Pokec, I need to utilize the anomaly model trained on historical login data to effectively identify compromised accounts, enhancing the safety and trustworthiness of the network.","User Story:
As a security analyst at Pokec, I want to leverage the anomaly detection model trained on historical login data so that I can accurately identify compromised accounts, thereby significantly improving the safety and trustworthiness of our network.

Acceptance Criteria:
- The anomaly detection model must achieve at least 90% accuracy in identifying compromised accounts based on historical login patterns.
- The system should generate alerts for at least 95% of confirmed compromised accounts within 1 hour of detection.
- Provide a dashboard that displays real-time statistics on detected anomalies and the number of accounts flagged for review.

Test Outline:
- Validate the accuracy of the anomaly detection model by comparing its predictions against a labeled dataset of compromised accounts.
- Monitor the alert generation process to ensure that alerts are triggered within the specified time frame for confirmed cases.
- Review the dashboard functionality to ensure it accurately reflects real-time data on anomalies and flagged accounts.","it (ISO 29148)
that (ISO 29148)
can (NASA ARM)",3,4,1.0,3,4,1.0,3,5,2.0,3,5,2.0,3,5,2.0,2,5,3.0,3,5,2.0,—
A40US3Ge,"As a data scientist, I want to evaluate the effectiveness of the anomaly model by analyzing its sensitivity, specificity, and overall accuracy, ensuring it meets the high standards required for cybersecurity applications.","User Story:
As a data scientist, I want to rigorously assess the performance of the anomaly detection model by quantifying its sensitivity, specificity, and overall accuracy, ensuring it aligns with the stringent requirements necessary for effective cybersecurity applications.

Acceptance Criteria:
- Achieve a sensitivity rate of at least 90% to ensure true positive detection of anomalies.
- Maintain a specificity rate of 85% or higher to minimize false positive rates.
- Ensure the overall accuracy of the model is at least 88% to confirm its reliability in real-world scenarios.

Test Outline:
- Conduct a series of tests to calculate the sensitivity and specificity of the model, comparing the results against the established benchmarks.
- Analyze the overall accuracy by evaluating the model's performance on a validation dataset and confirming it meets or exceeds the target percentage.","effective (ISO 29148)
it (ISO 29148)
effective (NASA ARM)",3,4,1.0,3,4,1.0,3,4,1.0,3,5,2.0,4,5,1.0,2,5,3.0,3,4,1.0,—
A40US4Ge,"As a member of the Pokec social network community, I want confidence that proactive measures are in place to protect my account from cybercriminals, preserving my personal information and the integrity of my online interactions.","User Story:
As a member of the Pokec social network community, I want assurance that robust security measures are implemented to safeguard my account against cybercriminals, ensuring the protection of my personal information and the integrity of my online interactions.

Acceptance Criteria:
- Implement multi-factor authentication (MFA) for all user accounts, achieving at least a 90% adoption rate among active users within 3 months.
- Conduct quarterly security audits to identify and address vulnerabilities, with a target of resolving 100% of critical issues within 30 days of discovery.
- Provide users with real-time alerts for any suspicious login attempts, ensuring that 95% of alerts are sent within 1 minute of detection.

Test Outline:
- Verify the implementation and user adoption rate of multi-factor authentication through user account settings.
- Review the results of the quarterly security audits and track the resolution of identified vulnerabilities.
- Monitor the system for real-time alert functionality and check the response time for suspicious login notifications.","robust (ISO 29148)
that (ISO 29148)
all (ISO 29148)",2,4,2.0,2,4,2.0,2,4,2.0,2,5,3.0,2,5,3.0,2,5,3.0,2,4,2.0,—
A40US5Ge,"As a software developer working on social networking platforms, I need to understand the techniques and data used to train the anomaly model so that I can implement similar security measures in other online environments.","User Story:
As a software developer working on social networking platforms, I need to gain a comprehensive understanding of the methodologies and datasets utilized in training the anomaly detection model so that I can effectively apply similar security protocols in various online environments, enhancing overall system integrity.

Acceptance Criteria:
- Document the specific techniques used in the anomaly model training process, including algorithms and frameworks.
- Provide a detailed overview of the datasets employed, including their size, source, and relevance to anomaly detection.
- Outline best practices for implementing these security measures in different online platforms, with at least three actionable recommendations.

Test Outline:
- Review the documentation to ensure it includes all specified techniques and datasets.
- Validate the relevance and applicability of the provided best practices through a peer review process.
- Conduct a pilot implementation of the recommended security measures in a test environment to assess their effectiveness.","best (ISO 29148)
it (ISO 29148)
that (ISO 29148)
these (ISO 29148)
all (ISO 29148)
can (NASA ARM)
best (NASA ARM)",3,4,1.0,3,4,1.0,4,4,0.0,3,4,1.0,3,4,1.0,2,4,2.0,3,4,1.0,—
A40US6Ge,"As a regulatory compliance officer, I want to ensure that the anomaly detection methods comply with data protection laws, safeguarding user privacy while enhancing account security.","User Story:
As a regulatory compliance officer, I want to validate that our anomaly detection techniques adhere to data protection regulations so that we can protect user privacy while simultaneously strengthening account security measures.

Acceptance Criteria:
- Conduct a comprehensive review of anomaly detection methods to ensure 100% compliance with relevant data protection laws.
- Implement privacy-preserving techniques that guarantee user data is anonymized in at least 95% of anomaly detection processes.
- Provide documentation demonstrating compliance and privacy safeguards to stakeholders within 30 days of implementation.

Test Outline:
- Audit the anomaly detection methods against data protection regulations to confirm compliance.
- Analyze the data handling processes to ensure that user data is anonymized as required.
- Review the compliance documentation for completeness and accuracy before presenting it to stakeholders.","it (ISO 29148)
that (ISO 29148)
as required (NASA ARM)
can (NASA ARM)",4,5,1.0,3,4,1.0,3,5,2.0,3,5,2.0,4,5,1.0,2,5,3.0,3,5,2.0,—
A40US7Ge,"As a cybersecurity consultant, I want to advise social networking sites on implementing and optimizing anomaly models to detect unusual login patterns, helping to prevent account compromises and enhance user trust.","User Story:
As a cybersecurity consultant, I want to provide strategic guidance to social networking platforms on the implementation and optimization of anomaly detection models for identifying atypical login behaviors, thereby reducing the risk of account breaches and fostering greater user confidence.

Acceptance Criteria:
- Develop and present a comprehensive report detailing at least 3 anomaly detection techniques tailored for social networking sites.
- Achieve a minimum detection rate of 90% for unusual login patterns during testing phases.
- Ensure that the false positive rate for the anomaly detection system remains below 5% to maintain user experience.

Test Outline:
- Review the report and assess the proposed anomaly detection techniques for relevance and effectiveness.
- Conduct a series of tests to measure the detection rate of unusual login patterns and confirm it meets the target.
- Analyze the system's false positive rate during testing to ensure it adheres to the specified threshold.","it (ISO 29148)
that (ISO 29148)
greater (NASA ARM)",3,4,1.0,3,4,1.0,3,4,1.0,3,5,2.0,3,5,2.0,2,5,3.0,3,4,1.0,—
A40US8Ge,"As a machine learning engineer, I want to collaborate on refining the anomaly model to adapt dynamically to new cyber threats and user behavior patterns, improving its efficacy in real-time threat detection.","User Story:
As a machine learning engineer, I want to work collaboratively on enhancing the anomaly detection model so that it can dynamically adjust to emerging cyber threats and evolving user behavior patterns, thereby increasing its effectiveness in real-time threat identification.

Acceptance Criteria:
- Implement a feedback loop that allows the model to update its parameters based on at least 90% of new threat data within 24 hours.
- Achieve a minimum 15% improvement in detection accuracy for new threats compared to the previous model version.
- Ensure that the model can process and analyze user behavior data in real-time, with a latency of less than 1 second.

Test Outline:
- Monitor the model's performance metrics to confirm that it adapts to new data within the specified timeframe.
- Evaluate the detection accuracy by comparing the model's performance against a benchmark dataset of known threats.
- Test the system's response time to ensure that real-time analysis of user behavior meets the latency requirement.","it (ISO 29148)
that (ISO 29148)
can (NASA ARM)
less (NASA ARM)",3,4,1.0,3,5,2.0,3,5,2.0,2,5,3.0,3,5,2.0,2,5,3.0,3,5,2.0,—
A40US9Ge,"As an IT project manager, I aim to oversee the deployment and continuous improvement of the anomaly detection system, ensuring it integrates seamlessly with existing security protocols and contributes to overall network security.","User Story:
As an IT project manager, I want to manage the deployment and ongoing enhancement of the anomaly detection system so that it effectively integrates with current security protocols and significantly strengthens overall network security.

Acceptance Criteria:
- Ensure the anomaly detection system is deployed within 3 months and fully operational.
- Achieve a seamless integration with existing security protocols, validated by a successful integration test with 100% of the current systems.
- Demonstrate a measurable improvement in network security, targeting a reduction in security incidents by at least 30% within the first 6 months post-deployment.

Test Outline:
- Track the deployment timeline to confirm completion within the specified 3-month period.
- Conduct integration tests to verify that the anomaly detection system works flawlessly with all existing security protocols.
- Monitor and analyze security incident reports to assess the effectiveness of the system in reducing incidents by the targeted percentage.","it (ISO 29148)
that (ISO 29148)
all (ISO 29148)",2,4,2.0,2,4,2.0,2,4,2.0,2,5,3.0,2,5,3.0,2,5,3.0,2,4,2.0,—
A40US10Ge,"As a user experience designer for online social networks, I want to ensure that security measures like the anomaly model operate transparently and do not disrupt the user experience, maintaining ease of access while protecting accounts.","User Story:
As a user experience designer for online social networks, I want to implement security measures, such as an anomaly detection model, in a way that operates seamlessly and does not hinder the user experience, ensuring that account protection is maintained while facilitating easy access.

Acceptance Criteria:
- The anomaly detection model must operate with a false positive rate of less than 5%, ensuring minimal disruption to legitimate users.
- User feedback on the security measures should indicate a satisfaction score of 80% or higher regarding ease of access.
- The implementation should not increase the average login time by more than 2 seconds compared to the previous security measures.

Test Outline:
- Analyze the performance of the anomaly detection model to confirm the false positive rate is within the acceptable range.
- Conduct user surveys to gather feedback on their experience with the security measures and calculate the satisfaction score.
- Measure the average login time before and after implementing the new security measures to ensure it remains within the specified limit.","easy (ISO 29148)
it (ISO 29148)
that (ISO 29148)
minimal (ISO 29148)
more (NASA ARM)
less (NASA ARM)",2,4,2.0,2,4,2.0,2,4,2.0,2,5,3.0,3,5,2.0,2,5,3.0,2,4,2.0,—
A41US1Ge,"As a researcher in food computing, I want access to a large and diverse dataset of food images to train and evaluate new food recognition algorithms.","User Story:
As a researcher in food computing, I want to obtain a comprehensive and varied dataset of food images so that I can effectively train and assess the performance of innovative food recognition algorithms, enhancing their accuracy and reliability.

Acceptance Criteria:
- Access to a dataset containing at least 10,000 unique food images across various cuisines and categories.
- Ensure that the dataset includes a minimum of 100 different food types to support diverse algorithm training.
- Provide metadata for each image, including labels and nutritional information, to facilitate thorough evaluation.

Test Outline:
- Verify the total number of images in the dataset to confirm it meets or exceeds the 10,000-image requirement.
- Check the diversity of food types represented in the dataset to ensure at least 100 different categories are included.
- Review the metadata associated with the images to ensure it contains the necessary labels and nutritional details.","it (ISO 29148)
that (ISO 29148)
can (NASA ARM)",3,4,1.0,3,4,1.0,3,5,2.0,2,5,3.0,4,5,1.0,2,5,3.0,3,5,2.0,—
A41US2Ge,"As a developer of a diet management app, I want a dataset that accurately reflects the diversity of foods people consume so that my app can accurately identify and analyze meals.","User Story:
As a developer of a diet management app, I want to obtain a comprehensive dataset that captures the wide variety of foods consumed by individuals so that my app can effectively identify, categorize, and analyze meals for enhanced user experience and nutritional accuracy.

Acceptance Criteria:
- The dataset must include at least 5,000 unique food items representing various cuisines and dietary preferences.
- Each food item should have detailed nutritional information, including calories, macronutrients, and serving sizes.
- The dataset should be updated quarterly to reflect new food trends and changes in dietary habits.

Test Outline:
- Review the dataset to ensure it contains the required number of unique food items and diverse categories.
- Validate that each food item includes complete nutritional information as specified.
- Check the update logs to confirm that the dataset is refreshed every three months.","it (ISO 29148)
that (ISO 29148)
every (ISO 29148)
can (NASA ARM)",3,4,1.0,3,4,1.0,4,5,1.0,3,5,2.0,4,5,1.0,2,5,3.0,3,5,2.0,—
A41US3Ge,"As an academic, I want a well-documented and publicly available benchmark dataset to compare my research results with others in the field.","User Story:
As an academic, I want access to a comprehensive and publicly accessible benchmark dataset so that I can effectively compare my research findings with those of my peers in the field, ensuring transparency and reproducibility.

Acceptance Criteria:
- The benchmark dataset must be well-documented, including detailed descriptions of data sources, methodologies, and any preprocessing steps taken.
- The dataset should be available for public access, with a clear download link and usage guidelines.
- The dataset must include at least 1,000 data points to ensure a robust basis for comparison across various research studies.

Test Outline:
- Review the documentation accompanying the dataset to confirm it meets the required standards for clarity and completeness.
- Attempt to access and download the dataset to verify that it is publicly available without restrictions.
- Analyze the dataset to ensure it contains the specified minimum number of data points for effective benchmarking.","effective (ISO 29148)
robust (ISO 29148)
it (ISO 29148)
that (ISO 29148)
those (ISO 29148)
effective (NASA ARM)
can (NASA ARM)",3,4,1.0,3,4,1.0,3,4,1.0,2,5,3.0,4,5,1.0,2,5,3.0,3,4,1.0,—
A41US4Ge,"As a user of a self-service restaurant kiosk, I want the system to accurately identify the food items on my tray.","User Story:
As a user of a self-service restaurant kiosk, I want the system to reliably recognize the food items on my tray so that I can ensure my order is correct and streamline my checkout process.

Acceptance Criteria:
- Achieve an accuracy rate of at least 95% in identifying food items on the tray.
- Ensure the identification process completes within 3 seconds of placing the tray on the kiosk.
- Provide clear feedback on identified items, allowing users to confirm or correct the selection before finalizing the order.

Test Outline:
- Conduct tests with a variety of food items to measure the accuracy of the identification system against the target rate.
- Time the identification process to verify it consistently meets the 3-second requirement.
- Review the user interface to ensure it displays the identified items clearly and allows for user confirmation or adjustments.","it (ISO 29148)
that (ISO 29148)
can (NASA ARM)",3,4,1.0,2,5,3.0,2,5,3.0,2,5,3.0,3,5,2.0,2,5,3.0,2,5,3.0,—
A41US5Ge,"As a chef developing a recipe app, I want the app to be able to recognize ingredients in a photo to suggest relevant recipes.","User Story:
As a chef developing a recipe app, I want the app to accurately identify ingredients from a photo so that it can provide users with tailored recipe suggestions based on the ingredients they have on hand.

Acceptance Criteria:
- The app must achieve an ingredient recognition accuracy of at least 90% for various food items in images.
- Users should receive at least 3 relevant recipe suggestions within 5 seconds of uploading a photo.
- The app should support recognition of a minimum of 50 different ingredients to ensure a diverse range of recipe options.

Test Outline:
- Conduct tests with a diverse set of ingredient images to verify that the recognition accuracy meets or exceeds the 90% threshold.
- Measure the time taken from photo upload to recipe suggestion display to ensure it is within the 5-second limit.
- Validate that the app can successfully identify and suggest recipes for at least 50 different ingredients.","it (ISO 29148)
that (ISO 29148)
can (NASA ARM)",3,5,2.0,2,4,2.0,2,5,3.0,2,5,3.0,4,5,1.0,2,5,3.0,3,5,2.0,—
A41US6Ge,"As a person with dietary restrictions, I want my food tracking app to accurately identify the ingredients in my meals to avoid allergens and adhere to my diet.","User Story:
As a person with dietary restrictions, I want my food tracking application to precisely recognize and list the ingredients in my meals so that I can effectively avoid allergens and strictly follow my dietary guidelines.

Acceptance Criteria:
- The app must accurately identify and display all ingredients in a meal with a 95% accuracy rate.
- Users should receive immediate alerts for any allergens present in the identified ingredients.
- The app should allow users to customize their dietary preferences and restrictions, ensuring that at least 90% of meals logged comply with these settings.

Test Outline:
- Conduct tests with a variety of meals to verify that the ingredient identification meets the required accuracy rate.
- Simulate meals containing allergens to ensure that alerts are triggered correctly.
- Review user settings to confirm that the app adheres to the specified dietary preferences in at least 90% of logged meals.","that (ISO 29148)
these (ISO 29148)
all (ISO 29148)
can (NASA ARM)",3,4,1.0,3,4,1.0,3,5,2.0,2,5,3.0,4,5,1.0,2,5,3.0,3,5,2.0,—
A41US7Ge,"As a user, I want the food recognition system to be fast and efficient.","User Story:
As a user, I want the food recognition system to operate quickly and accurately so that I can receive instant feedback on my food choices, enhancing my overall experience.

Acceptance Criteria:
- The system should recognize food items within 2 seconds of submission, ensuring a swift response.
- Achieve an accuracy rate of at least 90% in identifying various food items to ensure reliability.
- The system should handle a minimum of 100 simultaneous requests without degradation in performance.

Test Outline:
- Measure the time taken for the system to recognize food items and confirm it meets the 2-second requirement.
- Conduct tests with a diverse set of food items to verify that the accuracy rate is at least 90%.
- Simulate multiple users submitting requests simultaneously to ensure the system can handle at least 100 requests effectively.","it (ISO 29148)
that (ISO 29148)
can (NASA ARM)",2,4,2.0,2,5,3.0,2,5,3.0,2,5,3.0,3,5,2.0,2,5,3.0,2,5,3.0,—
A41US8Ge,"As a developer, I want the model to be explainable so that I can understand its predictions and improve its accuracy.","User Story:
As a developer, I want the predictive model to provide clear explanations for its outputs so that I can comprehend its decision-making process and identify areas for enhancing its accuracy.

Acceptance Criteria:
- The model must generate explanations for at least 90% of its predictions, detailing the contributing factors.
- Explanations should be understandable to users with a technical background, achieving a clarity rating of 4 out of 5 in user feedback surveys.
- Implement a feedback loop that allows developers to input adjustments based on the explanations, with at least a 15% improvement in model accuracy over the next evaluation period.

Test Outline:
- Review a sample of predictions to ensure that explanations are provided for the majority and assess their clarity through user feedback.
- Collect and analyze feedback from developers regarding the usefulness of the explanations in improving model accuracy.
- Track changes in model accuracy over time to confirm that the feedback loop leads to measurable improvements.","that (ISO 29148)
can (NASA ARM)",3,4,1.0,3,4,1.0,4,5,1.0,3,5,2.0,4,5,1.0,2,5,3.0,3,5,2.0,—
A41US9Ge,"As a researcher, I want to understand how the model's attention mechanism works to gain insights into the visual features that are important for food recognition.","User Story:
As a researcher, I want to analyze the functionality of the model's attention mechanism so that I can identify and quantify the visual features that significantly contribute to accurate food recognition.

Acceptance Criteria:
- Document at least 5 key visual features that the attention mechanism highlights during food recognition tasks.
- Provide a comparative analysis showing how attention impacts recognition accuracy, aiming for an improvement of at least 15% in feature identification.
- Create visual representations (e.g., heatmaps) that illustrate the attention distribution across different food items.

Test Outline:
- Conduct experiments to extract and list the visual features emphasized by the attention mechanism during food recognition.
- Measure and compare the recognition accuracy with and without the attention mechanism to validate the improvement.
- Generate and review heatmaps to confirm that the attention mechanism effectively highlights relevant features in food images.","that (ISO 29148)
can (NASA ARM)",3,4,1.0,2,4,2.0,2,5,3.0,2,5,3.0,4,5,1.0,2,5,3.0,3,5,2.0,—
A41US10Ge,"As a user, I want the food recognition system to be reliable and accurate across a variety of different food types and images.","User Story:
As a user, I want the food recognition system to consistently deliver reliable and accurate results across a diverse range of food types and image qualities so that I can confidently identify and track my food intake.

Acceptance Criteria:
- Achieve an accuracy rate of at least 90% for food recognition across a minimum of 100 different food types.
- Ensure the system can accurately process images with varying resolutions, maintaining performance across at least 80% of images taken in different lighting conditions.
- Provide feedback on recognition confidence levels, with a threshold of ≥75% for users to trust the identification.

Test Outline:
- Conduct a series of tests using a dataset of 100 food types to measure the accuracy of the recognition system.
- Evaluate the system's performance with images taken under different lighting and resolution conditions to confirm it meets the specified accuracy rate.
- Review the confidence levels provided by the system for each recognition attempt to ensure they meet the established threshold.","reliable (ISO 29148)
it (ISO 29148)
that (ISO 29148)
can (NASA ARM)",2,4,2.0,2,5,3.0,2,5,3.0,2,5,3.0,3,5,2.0,2,5,3.0,2,5,3.0,—
A42US1Ge,"As a public health official in Virginia, I want to use a data-driven model to identify the best locations for mobile vaccination clinics, ensuring that under-vaccinated populations have convenient access to vaccines.","User Story:
As a public health official in Virginia, I want to implement a data-driven model to strategically determine optimal locations for mobile vaccination clinics, ensuring that populations with low vaccination rates have easy and convenient access to vaccines.

Acceptance Criteria:
- Utilize demographic and vaccination data to identify at least 5 high-need areas with under-vaccination rates exceeding 20%.
- Ensure that mobile clinics are deployed within a 10-mile radius of identified locations to maximize accessibility.
- Achieve a minimum of 75% vaccination coverage in targeted areas within 3 months of clinic deployment.

Test Outline:
- Analyze demographic and vaccination data to confirm the identification of high-need areas.
- Map the locations of mobile clinics to verify they fall within the specified distance from the target populations.
- Monitor vaccination rates in the targeted areas post-deployment to assess the effectiveness of the clinics.","easy (ISO 29148)
that (ISO 29148)",4,4,0.0,3,4,1.0,3,4,1.0,2,5,3.0,3,5,2.0,2,5,3.0,3,4,1.0,—
A42US2Ge,"As a community leader in a rural area with low vaccination rates, I want to advocate for mobile vaccination clinics to be placed in areas where they are most likely to be used by residents.","User Story:
As a community leader in a rural area with low vaccination rates, I want to promote the establishment of mobile vaccination clinics in strategically identified locations so that residents can easily access vaccinations, ultimately increasing community immunization rates.

Acceptance Criteria:
- Identify and document at least 5 high-traffic areas where mobile clinics can be deployed, based on community needs.
- Achieve a minimum of 70% vaccination uptake among residents in the targeted areas within 3 months of clinic deployment.
- Gather feedback from at least 100 residents post-vaccination to assess satisfaction and identify areas for improvement.

Test Outline:
- Conduct a survey to confirm the identification of high-traffic areas and ensure they align with community needs.
- Track vaccination rates in the targeted areas before and after the mobile clinics are implemented to measure the increase in uptake.
- Analyze feedback collected from residents to evaluate their experience and satisfaction with the mobile vaccination clinics.","that (ISO 29148)
can (NASA ARM)",4,5,1.0,3,5,2.0,3,5,2.0,2,5,3.0,3,5,2.0,2,5,3.0,3,5,2.0,—
A42US3Ge,"As a researcher studying vaccine hesitancy, I want to use the model's ability to tailor recommendations for different demographic groups to understand the factors influencing vaccine uptake in specific communities.","User Story:
As a researcher studying vaccine hesitancy, I want to leverage the model's capability to customize recommendations for various demographic groups so that I can analyze the specific factors that affect vaccine uptake within distinct communities.

Acceptance Criteria:
- Generate tailored recommendations for at least 5 different demographic groups based on their unique characteristics.
- Identify and report on at least 3 key factors influencing vaccine uptake for each demographic group.
- Provide a comprehensive analysis that includes data visualizations to illustrate the differences in vaccine hesitancy across the identified communities.

Test Outline:
- Validate that the model produces customized recommendations for each demographic group by reviewing the output.
- Cross-reference the identified factors with existing literature to ensure they are relevant and significant.
- Assess the clarity and effectiveness of the data visualizations in conveying the analysis results.","that (ISO 29148)
significant (ISO 29148)
capability to (NASA ARM)
can (NASA ARM)",4,5,1.0,3,4,1.0,3,5,2.0,3,5,2.0,3,5,2.0,2,5,3.0,3,5,2.0,—
A42US4Ge,"As a policymaker concerned with healthcare equity, I want to use the model to ensure that vaccine distribution strategies address the needs of underserved and marginalized communities.","User Story:
As a policymaker concerned with healthcare equity, I want to leverage the model to develop vaccine distribution strategies that specifically target and meet the needs of underserved and marginalized communities, ensuring equitable access for all.

Acceptance Criteria:
- Analyze data to identify at least 3 underserved communities that require prioritized vaccine distribution.
- Develop and implement a strategy that increases vaccine access in these communities by at least 30% within the next quarter.
- Collect feedback from community leaders to ensure that the distribution strategy effectively addresses their specific needs and concerns.

Test Outline:
- Review the data analysis to confirm the identification of the targeted underserved communities.
- Measure the increase in vaccine access within these communities to verify the 30% improvement.
- Conduct interviews or surveys with community leaders to assess the effectiveness and responsiveness of the distribution strategy.","that (ISO 29148)
these (ISO 29148)
all (ISO 29148)",3,4,1.0,3,5,2.0,3,4,1.0,3,5,2.0,4,5,1.0,2,5,3.0,3,5,2.0,—
A42US5Ge,"As a data scientist, I want to explore the use of real-time mobility data and other heterogeneous data sources to develop more sophisticated models for optimizing mobile vaccination site placement.","User Story:
As a data scientist, I want to analyze real-time mobility data alongside various heterogeneous data sources so that I can create advanced predictive models that optimize the placement of mobile vaccination sites, ultimately increasing vaccination coverage in targeted areas.

Acceptance Criteria:
- Integrate at least 3 different data sources, including real-time mobility data, demographic information, and health statistics.
- Develop a model that can predict optimal mobile vaccination site locations with at least 85% accuracy based on historical data.
- Generate actionable insights that can be implemented to improve site placement within 2 weeks of model completion.

Test Outline:
- Validate the integration of the specified data sources by checking for data consistency and completeness.
- Assess the model's predictive accuracy using a test dataset to ensure it meets the 85% accuracy threshold.
- Review the generated insights and their implementation feasibility to confirm they can be acted upon within the designated timeframe.","it (ISO 29148)
that (ISO 29148)
can (NASA ARM)",2,5,3.0,2,4,2.0,2,5,3.0,2,5,3.0,3,4,1.0,1,5,4.0,2,5,3.0,—
A42US6Ge,"As a public health communications specialist, I want to use the model's insights to develop targeted outreach campaigns that encourage vaccination among hesitant groups in specific locations.","User Story:
As a public health communications specialist, I want to leverage the model's insights to create tailored outreach campaigns that effectively promote vaccination among hesitant populations in identified geographic areas.

Acceptance Criteria:
- Identify at least 3 specific locations with high vaccine hesitancy based on data analysis.
- Develop and implement 2 targeted outreach strategies for each location, aiming for a minimum engagement rate of 30%.
- Measure the increase in vaccination rates in these areas by at least 15% within 3 months of campaign launch.

Test Outline:
- Analyze data to confirm the selection of locations with high vaccine hesitancy.
- Review the outreach strategies implemented and track engagement metrics to ensure they meet the target.
- Monitor vaccination rates in the identified locations before and after the campaign to validate the effectiveness of the outreach efforts.","that (ISO 29148)
these (ISO 29148)",4,4,0.0,3,4,1.0,3,4,1.0,3,5,2.0,4,5,1.0,2,5,3.0,3,4,1.0,—
A42US7Ge,"As a technology developer, I want to build a user-friendly platform that integrates the model's recommendations with other relevant information, such as vaccine availability and clinic hours, to improve accessibility and convenience for the public.","User Story:
As a technology developer, I want to create an intuitive platform that seamlessly integrates the model's recommendations with critical information, including vaccine availability and clinic operating hours, to enhance public accessibility and convenience.

Acceptance Criteria:
- The platform must display real-time vaccine availability data for at least 90% of clinics listed.
- Clinic hours should be updated and accurate, with a maximum discrepancy of 1 hour from the actual operating times.
- User feedback on platform usability should achieve a satisfaction score of 85% or higher in post-interaction surveys.

Test Outline:
- Verify the accuracy and timeliness of vaccine availability information by cross-referencing with clinic databases.
- Check the displayed clinic hours against official sources to ensure they are correct within the specified margin.
- Conduct user surveys after interactions to measure satisfaction levels and gather insights for further improvements.","intuitive (ISO 29148)
that (ISO 29148)",2,4,2.0,2,4,2.0,2,4,2.0,2,5,3.0,2,5,3.0,2,5,3.0,2,4,2.0,—
A42US8Ge,"As a journalist reporting on the pandemic, I want to use the model's findings to inform the public about the challenges and successes of vaccine distribution efforts in different regions.","User Story:
As a journalist reporting on the pandemic, I want to leverage the model's insights to effectively communicate the challenges and successes of vaccine distribution across various regions, ensuring the public is well-informed about the current situation.

Acceptance Criteria:
- Utilize at least 3 key findings from the model to highlight specific challenges faced in vaccine distribution in different areas.
- Present at least 2 success stories that demonstrate effective vaccine rollout strategies in various regions.
- Ensure that the information is accessible and understandable to the general public, with a target readability score of 8th grade or lower.

Test Outline:
- Review the article to confirm that it includes the specified number of challenges and success stories derived from the model's findings.
- Assess the readability of the article using a readability tool to ensure it meets the target score.","effective (ISO 29148)
it (ISO 29148)
that (ISO 29148)
effective (NASA ARM)",3,4,1.0,3,4,1.0,3,3,0.0,3,4,1.0,3,4,1.0,2,4,2.0,3,4,1.0,—
A42US9Ge,"As a citizen concerned about public health, I want to see data-driven approaches used to improve vaccine access and overcome vaccine hesitancy, ultimately contributing to a safer and healthier community.","User Story:
As a citizen concerned about public health, I want to access comprehensive data-driven strategies aimed at enhancing vaccine availability and addressing vaccine hesitancy, so that we can foster a safer and healthier community for all residents.

Acceptance Criteria:
- Present at least 3 data-driven initiatives that have successfully improved vaccine access in similar communities.
- Provide metrics showing a reduction in vaccine hesitancy by at least 20% within 6 months of implementing these strategies.
- Ensure that community feedback mechanisms are established to assess public perception and trust in vaccination efforts.

Test Outline:
- Review and analyze the effectiveness of the proposed initiatives through community health reports and vaccination rates.
- Conduct surveys before and after the implementation of strategies to measure changes in vaccine hesitancy levels.
- Collect and evaluate community feedback to determine the perceived impact of the data-driven approaches on public health.","that (ISO 29148)
these (ISO 29148)
improved (ISO 29148)
all (ISO 29148)
can (NASA ARM)
improved (NASA ARM)",2,4,2.0,1,5,4.0,2,5,3.0,2,5,3.0,2,5,3.0,1,5,4.0,2,5,3.0,—
A42US10Ge,"As a global citizen, I want to see this model adapted and implemented in other regions facing similar challenges with vaccine distribution, promoting equitable access to vaccines and mitigating the impact of the pandemic worldwide.","User Story:
As a global citizen, I want to ensure that this vaccine distribution model is tailored and deployed in various regions experiencing comparable challenges, so that we can promote fair access to vaccines and effectively reduce the pandemic's impact on a global scale.

Acceptance Criteria:
- Adapt the model for at least 3 additional regions with documented vaccine distribution issues within the next 6 months.
- Achieve a minimum of 80% vaccine access rate in the newly implemented regions within 3 months of adaptation.
- Collect and analyze feedback from at least 100 stakeholders in each region to assess the effectiveness of the adapted model.

Test Outline:
- Review documentation and reports to confirm the model's adaptation for the targeted regions.
- Monitor vaccination rates in the new regions to ensure they meet the 80% access goal.
- Conduct surveys and interviews with stakeholders to gather qualitative data on the model's performance and areas for improvement.","this (ISO 29148)
that (ISO 29148)
can (NASA ARM)",2,4,2.0,2,5,3.0,2,5,3.0,2,5,3.0,2,5,3.0,2,5,3.0,2,5,3.0,—
