ID,Original User Story,Rewritten User Story,Fuzzy Terms (with source),I_before,I_after,delta_I,N_before,N_after,delta_N,V_before,V_after,delta_V,E_before,E_after,delta_E,S_before,S_after,delta_S,T_before,T_after,delta_T,overall_before,overall_after,delta_overall,Low-score Explanation (<2)
US001,"As a site member, I want to describe myself on my own page in a semi-structured way, so that others can learn about me.","User Story:
As a site member, I want to create a semi-structured personal profile on my page so that other users can easily understand my background, interests, and skills.

Acceptance Criteria:
- Provide at least 5 distinct sections in the profile, such as ""About Me,"" ""Interests,"" ""Skills,"" ""Experience,"" and ""Contact Information.""
- Each section must allow for a minimum of 100 characters and a maximum of 500 characters to ensure detailed descriptions.
- Enable users to edit and update their profile information at any time, with changes reflected immediately.

Test Outline:
- Review the profile page to confirm the presence of the 5 required sections.
- Check that each section adheres to the character limits specified.
- Test the editing functionality to ensure that updates are saved and displayed in real-time.","that (ISO 29148)
can (NASA ARM)",4,4,0.0,3,4,1.0,4,5,1.0,3,5,2.0,4,5,1.0,2,5,3.0,3,5,2.0,—
US002,"As a site member, I want to fill out an application to become a Certified Scrum Practitioner, so that I can earn that designation.","User Story:
As a site member, I want to complete an application for the Certified Scrum Practitioner designation so that I can officially earn this credential and enhance my professional qualifications.

Acceptance Criteria:
- Successfully submit the application form with all required fields completed.
- Receive confirmation of application submission within 24 hours.
- Achieve a processing time of no more than 7 business days to receive the certification decision.

Test Outline:
- Verify that the application form can be filled out and submitted without errors.
- Check for the confirmation email to ensure it is received within the specified timeframe.
- Track the processing time from submission to decision to confirm it meets the 7-day requirement.","it (ISO 29148)
this (ISO 29148)
that (ISO 29148)
all (ISO 29148)
can (NASA ARM)
more (NASA ARM)",4,4,0.0,3,4,1.0,4,5,1.0,3,5,2.0,4,5,1.0,2,5,3.0,3,5,2.0,—
US003,"As a Practitioner, I want to include additional details about me in my profile page, so that I can showcase my experience.","User Story:
As a Practitioner, I want to enhance my profile page with comprehensive details about my professional background so that I can effectively showcase my experience and attract potential clients or employers.

Acceptance Criteria:
- Include fields for at least 5 key professional experiences that can be added to the profile.
- Allow the addition of certifications and qualifications, with a maximum of 10 entries.
- Enable users to upload a professional profile picture that meets specified size requirements (e.g., 300x300 pixels).

Test Outline:
- Verify that users can successfully add and save at least 5 professional experiences to their profile.
- Check that users can input and save up to 10 certifications or qualifications without errors.
- Confirm that the profile picture upload feature works and adheres to the specified size requirements.","that (ISO 29148)
can (NASA ARM)",4,4,0.0,3,4,1.0,4,5,1.0,3,5,2.0,4,5,1.0,2,5,3.0,3,5,2.0,—
US004,"As a site member, I want to fill out an application to become a Certified Scrum Trainer, so that I can teach CSM and CSPO courses and certify others.","User Story:
As a site member, I want to complete an application process to become a Certified Scrum Trainer, so that I can effectively teach Certified Scrum Master (CSM) and Certified Scrum Product Owner (CSPO) courses and certify aspiring Scrum professionals.

Acceptance Criteria:
- Submit a comprehensive application that includes proof of relevant experience and qualifications in Scrum methodologies.
- Receive confirmation of application submission within 24 hours.
- Achieve a successful review and approval of the application within 30 days, allowing me to begin training and certifying others.

Test Outline:
- Verify that the application form captures all necessary information and documentation required for certification.
- Check the email confirmation for submission to ensure it is received within the specified timeframe.
- Monitor the application review process to confirm that the approval is completed within the 30-day target.","it (ISO 29148)
that (ISO 29148)
all (ISO 29148)
can (NASA ARM)",3,4,1.0,3,4,1.0,4,5,1.0,3,5,2.0,4,5,1.0,2,5,3.0,3,5,2.0,—
US005,"As a Trainer, I want to include additional details in my profile page about me, so that others can learn about me and decide if I am the right trainer for them.","User Story:
As a Trainer, I want to enhance my profile page with comprehensive details about my background and expertise so that potential clients can make informed decisions about my suitability as their trainer.

Acceptance Criteria:
- Include a minimum of 200 words detailing my qualifications, experience, and training philosophy.
- Add at least 3 testimonials from previous clients to showcase my effectiveness and impact.
- Provide links to relevant certifications or professional achievements to validate my expertise.

Test Outline:
- Review the profile page to ensure it contains the required word count and detailed information.
- Check for the presence of at least 3 client testimonials on the profile.
- Verify that all links to certifications and achievements are functional and lead to credible sources.","it (ISO 29148)
that (ISO 29148)
all (ISO 29148)
can (NASA ARM)",3,4,1.0,3,4,1.0,4,5,1.0,3,5,2.0,3,5,2.0,2,5,3.0,3,5,2.0,—
US006,"As a Practitioner, I want to write an article for the site with a small graphic shown with the article showing my CSP or CST status, so that others know my certifications when reading.","User Story:
As a Practitioner, I want to publish an article on the site that includes a small graphic displaying my Certified Scrum Professional (CSP) or Certified Scrum Trainer (CST) status, so that readers can easily recognize my qualifications and expertise.

Acceptance Criteria:
- The article must include a graphic that clearly indicates my CSP or CST certification status.
- The graphic should be displayed prominently alongside the article title or author section.
- The article must be published and accessible to users within 48 hours of submission.

Test Outline:
- Review the published article to ensure the certification graphic is present and correctly displayed.
- Confirm that the article is live on the site within the specified 48-hour timeframe.
- Gather feedback from readers to assess their recognition of the certification graphic and its impact on their perception of the article's credibility.","that (ISO 29148)
can (NASA ARM)",4,4,0.0,3,3,0.0,4,4,0.0,3,4,1.0,3,4,1.0,2,4,2.0,3,4,1.0,—
US007,"As a trainer, I want to list my upcoming classes in my profile and include a link to a detailed page about each, so that prospective attendees can find my courses.","User Story:
As a trainer, I want to showcase my upcoming classes on my profile with direct links to detailed pages for each course, so that potential attendees can easily access information and register for my sessions.

Acceptance Criteria:
- Display a list of at least 5 upcoming classes on the trainer's profile.
- Each class entry must include a clickable link that directs users to a detailed course page.
- Ensure that the detailed page contains essential information such as class schedule, duration, and registration instructions.

Test Outline:
- Verify that the profile displays a minimum of 5 upcoming classes.
- Check that each class entry has a functional link leading to the corresponding detailed page.
- Review the detailed pages to confirm they include all required information for prospective attendees.","that (ISO 29148)
all (ISO 29148)
can (NASA ARM)",4,4,0.0,4,4,0.0,4,5,1.0,4,5,1.0,4,5,1.0,3,5,2.0,4,5,1.0,—
US008,"As a site member, I want to view the profiles of other members, so that I can find others I might want to connect with.","User Story:
As a site member, I want to access and browse the profiles of other members so that I can identify potential connections and expand my network effectively.

Acceptance Criteria:
- The profile viewing feature must allow members to view at least 10 profiles per page.
- Each profile should load within 3 seconds to ensure a smooth browsing experience.
- Members should be able to filter profiles based on at least 3 criteria (e.g., location, interests, and activity level).

Test Outline:
- Verify that the profile viewing feature displays a minimum of 10 profiles on each page.
- Measure the loading time of profiles to confirm it is within the 3-second limit.
- Test the filtering functionality to ensure it allows filtering by the specified criteria.","it (ISO 29148)
that (ISO 29148)
be able to (NASA ARM)
can (NASA ARM)",4,4,0.0,3,4,1.0,4,5,1.0,3,5,2.0,4,5,1.0,2,5,3.0,3,5,2.0,—
US009,"As a site member, I want to search for profiles based on a few fields, so that I can find others I might want to connect with.","User Story:
As a site member, I want to perform searches for profiles using specific criteria so that I can efficiently discover potential connections that align with my interests and goals.

Acceptance Criteria:
- Users must be able to filter profiles based on at least 3 distinct fields (e.g., location, interests, and profession).
- The search results should return relevant profiles within 3 seconds of initiating the search.
- Users should have the option to save their search criteria for future use, with a maximum of 5 saved searches.

Test Outline:
- Conduct a search using various combinations of the specified fields to ensure relevant profiles are returned.
- Measure the response time of the search function to confirm it meets the 3-second requirement.
- Verify that users can successfully save and retrieve their search criteria.","it (ISO 29148)
that (ISO 29148)
be able to (NASA ARM)
can (NASA ARM)",4,4,0.0,3,4,1.0,4,5,1.0,3,5,2.0,4,5,1.0,2,5,3.0,3,5,2.0,—
US010,"As a site member, I want to mark my profile as private in which case only my name will appear, so that no one can learn things about me I don't want shared.","User Story:
As a site member, I want to set my profile to private mode, ensuring that only my name is visible to others, so that I can protect my personal information and control what details are shared with the community.

Acceptance Criteria:
- The profile privacy setting must be easily accessible and allow toggling between public and private modes.
- When the profile is set to private, only the member's name should be displayed to other users, with all other personal information hidden.
- A confirmation message should be provided to the user upon successfully changing the profile to private.

Test Outline:
- Verify that the privacy setting can be changed and is reflected in the user interface.
- Check that only the member's name is visible to other users when the profile is set to private.
- Ensure that a confirmation message appears after the privacy setting is successfully updated.","that (ISO 29148)
all (ISO 29148)
can (NASA ARM)",4,4,0.0,3,4,1.0,4,5,1.0,3,5,2.0,3,5,2.0,2,5,3.0,3,5,2.0,—
US011,"As a site member, I want to mark my email address as private even if the rest of my profile is not, so that no one can contact me.","User Story:
As a site member, I want the ability to designate my email address as private, regardless of the visibility settings of my other profile information, so that I can prevent unwanted contact from other users.

Acceptance Criteria:
- The option to mark the email address as private must be clearly available in the profile settings.
- When the email is marked as private, it should not be visible to any other users on the site.
- Users should receive a confirmation notification when they successfully change the privacy setting of their email address.

Test Outline:
- Verify that the privacy option for the email address is accessible and functional within the profile settings.
- Check that the email address is not displayed to other users when marked as private.
- Confirm that a notification is sent to the user upon successfully updating the email privacy setting.","it (ISO 29148)
that (ISO 29148)
can (NASA ARM)",4,5,1.0,3,4,1.0,4,5,1.0,3,5,2.0,4,5,1.0,2,5,3.0,3,5,2.0,—
US012,"As a site member, I want to send an email to any member via a form, so that we can connect.","User Story:
As a site member, I want to utilize a form to send emails to any other member, so that I can establish connections and foster communication within the community.

Acceptance Criteria:
- The email form must allow users to select any member from a list of registered members.
- Users should be able to send an email successfully within 2 minutes of filling out the form.
- Confirmation of email delivery must be provided to the sender within 1 minute of sending.

Test Outline:
- Verify that the form includes a comprehensive list of all registered members for selection.
- Measure the time taken from form submission to email delivery confirmation to ensure it meets the 2-minute requirement.
- Check that the sender receives a confirmation notification within 1 minute after the email is sent.","it (ISO 29148)
that (ISO 29148)
all (ISO 29148)
be able to (NASA ARM)
can (NASA ARM)",4,4,0.0,3,4,1.0,4,5,1.0,3,5,2.0,4,5,1.0,2,5,3.0,3,5,2.0,—
US013,"As a site administrator, I want to read practicing and training applications and approve or reject them, so that only applicants who qualify can become CSPs or CSTs.","User Story:
As a site administrator, I want to review and evaluate practicing and training applications to approve or reject them, ensuring that only qualified candidates are granted the status of Certified Service Providers (CSPs) or Certified Service Trainers (CSTs).

Acceptance Criteria:
- Review all submitted applications within 3 business days of receipt.
- Approve or reject applications based on a standardized scoring system with a minimum qualification score of 75%.
- Notify applicants of the decision (approval or rejection) within 1 business day after the review is completed.

Test Outline:
- Track the time taken to review applications to ensure it meets the 3-day requirement.
- Validate the scoring system used for approvals to confirm that it adheres to the minimum qualification score.
- Check the notification process to ensure all applicants receive their decision within the specified timeframe.","it (ISO 29148)
that (ISO 29148)
all (ISO 29148)",3,4,1.0,3,4,1.0,4,4,0.0,3,5,2.0,4,5,1.0,2,5,3.0,3,4,1.0,—
US014,"As a site administrator, I want to edit any site member profile, so that I can correct problems for members.","User Story:
As a site administrator, I want the capability to modify any member's profile on the site so that I can promptly address and rectify issues for members, ensuring a seamless user experience.

Acceptance Criteria:
- Successfully access and edit any member profile within 2 minutes of identifying an issue.
- Ensure that all changes made to a member's profile are logged with a timestamp and the administrator's ID for accountability.
- Confirm that members receive a notification of any profile changes made on their behalf within 10 minutes.

Test Outline:
- Track the time taken to access and edit a member's profile to ensure it meets the 2-minute requirement.
- Review the change log to verify that all edits are recorded accurately with the necessary details.
- Check that members receive a notification email or message within the specified 10-minute timeframe after their profile is updated.","it (ISO 29148)
that (ISO 29148)
all (ISO 29148)
capability to (NASA ARM)
can (NASA ARM)",4,4,0.0,3,4,1.0,4,5,1.0,3,5,2.0,4,5,1.0,2,5,3.0,3,5,2.0,—
US015,"As a site visitor, I want to read current news on the home page, so that I stay current on agile news.","User Story:
As a site visitor, I want to access the latest news articles directly on the home page so that I can stay informed about the most recent developments in agile methodologies and practices.

Acceptance Criteria:
- The home page must display at least 5 current news articles related to agile topics.
- News articles should be updated at least once every 24 hours to ensure content freshness.
- Each article must include a publication date and a brief summary of no more than 150 words.

Test Outline:
- Verify that the home page lists a minimum of 5 agile news articles upon loading.
- Check the update frequency of the news articles to confirm they are refreshed within the 24-hour timeframe.
- Ensure that each article includes a publication date and a concise summary as specified.","most (ISO 29148)
that (ISO 29148)
every (ISO 29148)
can (NASA ARM)
more (NASA ARM)",4,4,0.0,3,4,1.0,4,5,1.0,3,5,2.0,4,5,1.0,2,5,3.0,3,5,2.0,—
US016,"As a site visitor, I want to access old news that is no longer on the home page, so that I can access things I remember from the past or that others mention to me.","User Story:
As a site visitor, I want to retrieve archived news articles that are no longer featured on the home page, so that I can revisit content I recall or that has been referenced by others.

Acceptance Criteria:
- Implement a dedicated archive section that allows users to search for news articles from the past year.
- Ensure that users can access at least 100 archived articles with a maximum load time of 3 seconds.
- Provide a filtering option by date and category to enhance the search experience.

Test Outline:
- Verify that the archive section is accessible and contains articles from the past year.
- Measure the load time for accessing archived articles to ensure it meets the 3-second requirement.
- Test the filtering functionality to confirm it allows users to sort articles by date and category effectively.","it (ISO 29148)
that (ISO 29148)
can (NASA ARM)",4,5,1.0,3,4,1.0,4,5,1.0,3,5,2.0,3,5,2.0,2,5,3.0,3,5,2.0,—
US017,"As a site visitor, I want to email news items to the editor, so that they can be considered for publication.","User Story:
As a site visitor, I want to submit news items via email to the editor so that my contributions can be evaluated for potential publication, enhancing community engagement and information sharing.

Acceptance Criteria:
- Provide a clear email submission form that allows users to send news items directly to the editor.
- Ensure that submissions are acknowledged with a confirmation email within 24 hours.
- Track and report the number of submitted news items considered for publication, aiming for at least a 10% acceptance rate.

Test Outline:
- Test the email submission form to confirm it successfully sends news items to the editor.
- Monitor the response time for confirmation emails to ensure they are sent within the 24-hour timeframe.
- Review the records of submitted news items to verify the acceptance rate meets or exceeds the target.","it (ISO 29148)
that (ISO 29148)
can (NASA ARM)",4,4,0.0,3,4,1.0,4,5,1.0,3,5,2.0,4,5,1.0,2,5,3.0,3,5,2.0,—
US018,"As a site editor, I want to set the following dates on a news item: Start Publishing Date, Old News Date, Stop Publishing Date, so that articles are published on and through appropriate dates.","User Story:
As a site editor, I want to configure specific dates for a news item, including the Start Publishing Date, Old News Date, and Stop Publishing Date, so that articles are accurately published and displayed within the intended timeframes, ensuring relevance and timeliness for our audience.

Acceptance Criteria:
- The Start Publishing Date must be set to initiate the article's visibility on the site.
- The Old News Date must be defined to indicate when the article transitions to an archived status.
- The Stop Publishing Date must be established to automatically remove the article from active circulation.

Test Outline:
- Verify that the Start Publishing Date correctly triggers the article's visibility on the specified date.
- Check that the Old News Date is accurately reflected in the article's status after the designated date.
- Confirm that the Stop Publishing Date effectively removes the article from the site as intended.",that (ISO 29148),3,4,1.0,3,4,1.0,4,5,1.0,3,5,2.0,3,5,2.0,2,5,3.0,3,5,2.0,—
US019,"As a site member, I want to subscribe to an RSS feed of news, so that I remain sufficiently and easily informed.","User Story:
As a site member, I want to subscribe to an RSS feed for news updates so that I can effortlessly stay informed about the latest developments relevant to my interests.

Acceptance Criteria:
- Successfully subscribe to the RSS feed with a confirmation message displayed.
- Receive updates from the RSS feed at least once a day.
- Ensure that the feed includes a minimum of 5 news articles per update.

Test Outline:
- Verify that the subscription process completes with a confirmation notification.
- Check the frequency of updates to confirm they are received daily.
- Review the content of the RSS feed to ensure it consistently includes at least 5 articles.","it (ISO 29148)
that (ISO 29148)
can (NASA ARM)",3,5,2.0,3,4,1.0,4,5,1.0,3,5,2.0,4,5,1.0,2,5,3.0,3,5,2.0,—
US020,"As a site editor, I want to assign priority numbers to news items, so that I can indicate which articles I want featured most prominently on the site.","User Story:
As a site editor, I want to assign priority rankings to news articles so that I can effectively highlight the most important content on the site, enhancing visibility and reader engagement.

Acceptance Criteria:
- Each news item must have a priority number assigned, ranging from 1 (highest priority) to 5 (lowest priority).
- The system should allow for easy reordering of articles based on their assigned priority numbers.
- Changes to priority rankings should be reflected on the site within 2 minutes of being updated.

Test Outline:
- Verify that each news article can be assigned a priority number within the specified range.
- Check that the articles can be reordered according to their priority numbers and that the changes are saved correctly.
- Confirm that the updated priority rankings are displayed on the site within the 2-minute timeframe.","most (ISO 29148)
easy (ISO 29148)
that (ISO 29148)
can (NASA ARM)",4,4,0.0,3,4,1.0,4,5,1.0,3,5,2.0,4,5,1.0,2,5,3.0,3,5,2.0,—
US021,"As a site visitor, I want to see a list of all upcoming Certification Courses and can page through them if there are a lot, so that I can choose the best course for me.","User Story:
As a site visitor, I want to access a comprehensive list of all upcoming Certification Courses with pagination options, so that I can easily browse and select the course that best fits my needs.

Acceptance Criteria:
- Display a complete list of upcoming Certification Courses with a maximum of 10 courses per page.
- Implement pagination controls that allow users to navigate through multiple pages of courses.
- Ensure that the course details, including dates and descriptions, are clearly visible for each listed course.

Test Outline:
- Verify that the list of Certification Courses is displayed correctly with the specified pagination limit.
- Check that pagination controls function properly, allowing users to move between pages seamlessly.
- Confirm that all relevant course information is accurately presented for each course on the list.","best (ISO 29148)
that (ISO 29148)
all (ISO 29148)
can (NASA ARM)
best (NASA ARM)",4,4,0.0,4,4,0.0,4,5,1.0,4,5,1.0,4,5,1.0,3,5,2.0,4,5,1.0,—
US022,"As a site visitor, I want to see a list of all upcoming Other Courses and can page through them if necessary, so that I can choose the best course for me.","User Story:
As a site visitor, I want to access a comprehensive list of all upcoming Other Courses and navigate through them via pagination, so that I can easily identify and select the course that best fits my needs.

Acceptance Criteria:
- Display a complete list of upcoming Other Courses with at least 20 entries per page.
- Implement pagination that allows users to navigate through a minimum of 5 pages of course listings.
- Ensure that each course entry includes essential details such as course title, date, and duration.

Test Outline:
- Verify that the list of upcoming Other Courses is displayed correctly with the specified number of entries per page.
- Check the functionality of pagination to ensure users can navigate through all available pages.
- Confirm that each course entry contains the required details for informed decision-making.","best (ISO 29148)
that (ISO 29148)
all (ISO 29148)
can (NASA ARM)
best (NASA ARM)",3,4,1.0,3,4,1.0,4,5,1.0,3,5,2.0,3,5,2.0,2,5,3.0,3,5,2.0,—
US023,"As a site visitor, I want to see a list of all upcoming Events, so that I can decide if I want to attend any.","User Story:
As a site visitor, I want to access a comprehensive list of all upcoming events so that I can evaluate my options and make informed decisions about which events to attend.

Acceptance Criteria:
- The events list must display at least 10 upcoming events with relevant details (date, time, location) for each.
- The events list should be updated in real-time to reflect any changes or new additions within 5 minutes.
- Users must be able to filter events by category (e.g., music, sports, workshops) to enhance their browsing experience.

Test Outline:
- Verify that the events list shows a minimum of 10 upcoming events with all necessary details.
- Check the update frequency of the events list to ensure it refreshes within the specified 5-minute window.
- Test the filtering functionality to confirm that users can successfully filter events by category.","it (ISO 29148)
that (ISO 29148)
all (ISO 29148)
be able to (NASA ARM)
can (NASA ARM)",4,4,0.0,3,4,1.0,4,5,1.0,3,5,2.0,4,5,1.0,2,5,3.0,3,5,2.0,—
US024,"As a trainer, I want to create a new course or event, so that site visitors can see it.","User Story:
As a trainer, I want to develop and publish a new course or event on the platform so that site visitors can easily discover and enroll in it, enhancing their learning opportunities.

Acceptance Criteria:
- The course or event must be created and published within 3 business days of initiation.
- The new course or event should be visible on the homepage and relevant category pages immediately after publication.
- At least 80% of site visitors should be able to find the new course or event through the search function within 2 clicks.

Test Outline:
- Track the time taken from course/event creation to publication to ensure it meets the 3-day requirement.
- Check the visibility of the new course or event on the homepage and category pages post-publication.
- Conduct user testing to confirm that at least 80% of visitors can locate the new course or event using the search feature.","it (ISO 29148)
that (ISO 29148)
be able to (NASA ARM)
can (NASA ARM)",4,4,0.0,3,4,1.0,4,5,1.0,3,5,2.0,4,5,1.0,2,5,3.0,3,5,2.0,—
US025,"As a trainer, I want to create an Other Course or Event I am charged a listing fee for that activity, so that I don't list events I don't really intend to hold.","User Story:
As a trainer, I want to establish a new course or event with a listing fee associated with it, so that I am incentivized to only list activities that I genuinely plan to conduct, ensuring quality and commitment.

Acceptance Criteria:
- A listing fee must be set at a minimum of $50 for each course or event created.
- The system should prevent the listing of any course or event unless the fee is paid upfront.
- A confirmation notification must be sent to the trainer upon successful listing of the course or event.

Test Outline:
- Verify that the listing fee is correctly applied and required before a course or event can be published.
- Check that no course or event appears in the listings unless the fee has been paid.
- Ensure that a confirmation notification is received by the trainer immediately after the successful listing.","it (ISO 29148)
that (ISO 29148)
can (NASA ARM)",4,4,0.0,3,4,1.0,4,5,1.0,3,5,2.0,3,5,2.0,2,5,3.0,3,5,2.0,—
US026,"As a site administrator, I want to create an Other Course or Event that is not charged a listing fee, so that the Scrum Alliance doesn't charge itself for Scrum Gatherings that it puts on.","User Story:
As a site administrator, I want to establish an Other Course or Event that incurs no listing fee, so that the Scrum Alliance can host Scrum Gatherings without incurring additional costs.

Acceptance Criteria:
- Successfully create an Other Course or Event entry that is marked as fee-exempt.
- Ensure that the listing process for these events is completed within 10 minutes.
- Confirm that no listing fees are charged for at least 95% of the Scrum Gatherings organized by the Scrum Alliance.

Test Outline:
- Verify that the Other Course or Event can be created without any listing fee being applied.
- Measure the time taken to complete the listing process to ensure it meets the 10-minute requirement.
- Review the financial records to confirm that listing fees are not charged for the specified percentage of events.","it (ISO 29148)
that (ISO 29148)
these (ISO 29148)
can (NASA ARM)",4,5,1.0,3,4,1.0,4,5,1.0,3,5,2.0,3,5,2.0,2,5,3.0,3,5,2.0,—
US027,"As a site administrator, I want to set the listing fee per Other Course or Event, so that we have flexibility on what to charge in the future.","User Story:
As a site administrator, I want to establish a customizable listing fee for each Other Course or Event, so that we can adapt our pricing strategy to maximize revenue and respond to market demands effectively.

Acceptance Criteria:
- The system must allow the administrator to set a listing fee for each Other Course or Event individually.
- Changes to the listing fee should be reflected in real-time on the site within 2 minutes of being updated.
- The administrator should be able to view a summary of all listing fees set for courses and events in a single report.

Test Outline:
- Verify that the administrator can successfully set and update the listing fee for an Other Course or Event.
- Check the time it takes for the updated fee to appear on the site to ensure it meets the 2-minute requirement.
- Review the summary report to confirm that all listing fees are accurately displayed.","it (ISO 29148)
that (ISO 29148)
all (ISO 29148)
be able to (NASA ARM)
can (NASA ARM)",4,4,0.0,3,4,1.0,4,5,1.0,3,5,2.0,4,5,1.0,2,5,3.0,3,5,2.0,—
US028,"As a trainer, I want to update one of my existing courses or events, so that it reflects accurate information.","User Story:
As a trainer, I want to modify the details of one of my current courses or events so that it provides accurate and up-to-date information for participants, enhancing their learning experience.

Acceptance Criteria:
- Successfully access the course or event management system to initiate updates.
- Ensure that all changes are saved and reflected in the course/event details within 10 minutes.
- Notify all registered participants of the updates via email within 15 minutes of the changes being made.

Test Outline:
- Verify that the trainer can access and edit the course or event information without errors.
- Check the time taken for the updates to appear in the system to confirm it meets the 10-minute requirement.
- Confirm that an email notification is sent to all participants within the specified 15-minute timeframe.","it (ISO 29148)
that (ISO 29148)
all (ISO 29148)
can (NASA ARM)",4,4,0.0,3,4,1.0,4,5,1.0,3,5,2.0,4,5,1.0,2,5,3.0,3,5,2.0,—
US029,"As a trainer, I want to delete one of my courses or events, so that it's no longer listed if I cancel for some reason.","User Story:
As a trainer, I want the ability to remove a specific course or event from my listings so that it is no longer visible to participants in the event of a cancellation.

Acceptance Criteria:
- Successfully delete a selected course or event from the platform with a confirmation message.
- Ensure that the deleted course or event is no longer displayed in the trainer's dashboard within 1 minute of deletion.
- Verify that participants can no longer access the deleted course or event details.

Test Outline:
- Attempt to delete a course or event and check for a confirmation message indicating successful removal.
- Refresh the trainer's dashboard to confirm that the deleted item is no longer listed within the specified time frame.
- Attempt to access the deleted course or event as a participant to ensure it is no longer available.","it (ISO 29148)
that (ISO 29148)
can (NASA ARM)",4,5,1.0,3,4,1.0,4,5,1.0,3,5,2.0,4,5,1.0,2,5,3.0,3,5,2.0,—
US030,"As a trainer, I want to copy one of my courses or events, so that I can create a new one.","User Story:
As a trainer, I want to duplicate an existing course or event so that I can efficiently create a new offering with minimal effort and maintain consistency in content.

Acceptance Criteria:
- Successfully select and copy an existing course or event with all associated materials and settings.
- The new course or event must be created within 5 minutes of initiating the copy process.
- Ensure that the copied course or event is editable, allowing for modifications before finalization.

Test Outline:
- Verify that the duplication process retains all relevant details and materials from the original course or event.
- Measure the time taken to complete the copy process to ensure it meets the 5-minute requirement.
- Check that the new course or event is accessible for editing immediately after creation.","it (ISO 29148)
that (ISO 29148)
minimal (ISO 29148)
all (ISO 29148)
can (NASA ARM)",4,4,0.0,3,4,1.0,4,5,1.0,3,5,2.0,4,5,1.0,2,5,3.0,3,5,2.0,—
US031,"As a site admin, I want to delete any course or event, so that I can remove things that will no longer occur.","User Story:
As a site admin, I want the ability to permanently delete any course or event from the platform so that I can efficiently manage content and ensure that outdated or irrelevant items are removed, maintaining a streamlined user experience.

Acceptance Criteria:
- Successfully delete a course or event with a confirmation prompt to prevent accidental deletions.
- Ensure that the deletion process is completed within 3 seconds to minimize disruption.
- Verify that the deleted course or event no longer appears in the system or user listings.

Test Outline:
- Attempt to delete a course or event and confirm that a prompt appears for user verification.
- Measure the time taken to complete the deletion process to ensure it meets the 3-second requirement.
- Check the system and user listings to confirm that the deleted item is no longer visible.","it (ISO 29148)
that (ISO 29148)
can (NASA ARM)",4,4,0.0,3,4,1.0,4,5,1.0,3,5,2.0,4,5,1.0,2,5,3.0,3,5,2.0,—
US032,"As a site editor, I want to update any course or event, so that I can fix things the original author hasn't.","User Story:
As a site editor, I want the ability to modify any course or event details so that I can correct inaccuracies or enhance the content that the original author may have overlooked.

Acceptance Criteria:
- Successfully access and edit any course or event entry within the content management system.
- Ensure that all changes are saved and reflected on the site within 2 minutes of submission.
- Confirm that a notification is sent to the original author regarding the updates made to their content.

Test Outline:
- Attempt to edit various course and event entries to verify that the editing functionality works as intended.
- Measure the time taken for changes to appear on the site after saving to ensure it meets the 2-minute requirement.
- Check that the original author receives a notification about the modifications made to their content.","it (ISO 29148)
that (ISO 29148)
all (ISO 29148)
can (NASA ARM)
may (NASA ARM)",4,5,1.0,3,4,1.0,4,5,1.0,3,5,2.0,4,5,1.0,2,5,3.0,3,5,2.0,—
US033,"As a trainer, I want to turn a course into an event or an event into a course, so that I can correctly classify anything that was entered incorrectly.","User Story:
As a trainer, I want to convert a course into an event or vice versa, so that I can accurately categorize any entries that were misclassified, ensuring proper organization and accessibility of training materials.

Acceptance Criteria:
- Successfully convert a course to an event or an event to a course with a confirmation message displayed to the user.
- Ensure that all associated data (e.g., participants, schedules) is correctly updated and reflected in the new classification.
- Provide a report of all conversions made, including the number of corrections applied, to track the accuracy of classifications.

Test Outline:
- Test the conversion process by attempting to change a course to an event and verify that the system confirms the change.
- Check that all relevant data is accurately updated post-conversion by reviewing the details of the newly classified item.
- Generate a report after multiple conversions to ensure it accurately reflects the number of corrections made.","it (ISO 29148)
that (ISO 29148)
all (ISO 29148)
can (NASA ARM)",4,4,0.0,3,4,1.0,4,5,1.0,3,5,2.0,4,5,1.0,2,5,3.0,3,5,2.0,—
US034,"As a site visitor, I want to have an advanced search option that lets me fill in a form of search criteria, so that I can quickly find what I am looking for.","User Story:
As a site visitor, I want to utilize an advanced search feature that allows me to input specific search criteria through a detailed form, so that I can efficiently locate the information or products I need without unnecessary delays.

Acceptance Criteria:
- The advanced search form must include at least 5 customizable fields for different search criteria (e.g., category, price range, keywords).
- Users should be able to submit the search form and receive results within 3 seconds.
- The search results must display at least 10 relevant items based on the provided criteria.

Test Outline:
- Verify that the advanced search form includes all specified fields and is user-friendly.
- Measure the response time for search results after form submission to ensure it meets the 3-second requirement.
- Check that the search results contain a minimum of 10 relevant items that match the user's criteria.","it (ISO 29148)
that (ISO 29148)
all (ISO 29148)
be able to (NASA ARM)
can (NASA ARM)",4,5,1.0,3,4,1.0,4,5,1.0,3,5,2.0,3,5,2.0,2,5,3.0,3,5,2.0,—
US035,"As a site visitor, I want to view a course I can click on the trainer's name and be taken to the trainer's profile, so that I can read more about a trainer before registering for a course.","User Story:
As a site visitor, I want to access a course and click on the trainer's name to navigate to their profile, so that I can gather detailed information about the trainer's qualifications and experience before deciding to register for a course.

Acceptance Criteria:
- Each course listing must include a clickable trainer's name that redirects to the trainer's profile page.
- The trainer's profile should load within 3 seconds to ensure a smooth user experience.
- The profile must display at least 3 key qualifications or experiences of the trainer.

Test Outline:
- Click on the trainer's name from a course listing and verify that it redirects to the correct trainer's profile page.
- Measure the loading time of the trainer's profile to ensure it meets the 3-second requirement.
- Check that the trainer's profile includes the specified qualifications or experiences prominently displayed.","it (ISO 29148)
that (ISO 29148)
can (NASA ARM)",3,4,1.0,3,4,1.0,4,5,1.0,3,5,2.0,3,5,2.0,2,5,3.0,3,5,2.0,—
US036,"As a site visitor, I want to subscribe to an RSS feed of upcoming courses and events, so that I am up to day without having to visit the site.","User Story:
As a site visitor, I want to subscribe to an RSS feed for upcoming courses and events so that I can stay informed in real-time without needing to frequently check the website.

Acceptance Criteria:
- Users can successfully subscribe to the RSS feed with a confirmation message displayed.
- The RSS feed must include at least 10 upcoming courses and events, updated at least once every 24 hours.
- Users should receive notifications for new events within 1 hour of their addition to the feed.

Test Outline:
- Verify that the subscription process works and that users receive a confirmation message.
- Check the content of the RSS feed to ensure it lists at least 10 upcoming courses and events.
- Monitor the feed updates to confirm that new events are added within the specified 1-hour timeframe.","it (ISO 29148)
that (ISO 29148)
every (ISO 29148)
can (NASA ARM)",3,4,1.0,3,4,1.0,4,5,1.0,3,5,2.0,4,5,1.0,2,5,3.0,3,5,2.0,—
US037,"As a site visitor, I want to read FAQs, so that I can get quick answers.","User Story:
As a site visitor, I want to access a comprehensive FAQ section so that I can quickly find answers to common questions, enhancing my overall experience on the site.

Acceptance Criteria:
- The FAQ section must contain at least 20 relevant questions and answers.
- Users should be able to find answers within 3 clicks from the homepage.
- The FAQ page should load in under 2 seconds to ensure a smooth user experience.

Test Outline:
- Review the FAQ section to confirm it includes a minimum of 20 questions and answers.
- Track the number of clicks required to access the FAQ section from the homepage.
- Measure the load time of the FAQ page to ensure it meets the 2-second requirement.","it (ISO 29148)
that (ISO 29148)
be able to (NASA ARM)
can (NASA ARM)",4,5,1.0,3,4,1.0,4,5,1.0,3,5,2.0,4,5,1.0,2,5,3.0,3,5,2.0,—
US038,"As a site editor, I want to maintain a FAQ section, so that support gets fewer easily answered questions.","User Story:
As a site editor, I want to effectively manage a comprehensive FAQ section so that the support team receives at least 30% fewer inquiries related to common questions, allowing them to focus on more complex issues.

Acceptance Criteria:
- Create and update the FAQ section with a minimum of 15 relevant questions and answers.
- Monitor support inquiries to ensure a reduction of at least 30% in frequently asked questions within 3 months of the FAQ section launch.
- Implement a user feedback mechanism to assess the usefulness of the FAQ content, aiming for a satisfaction rate of 80% or higher.

Test Outline:
- Review the FAQ section for completeness and relevance to ensure it contains at least 15 entries.
- Analyze support ticket data before and after the FAQ implementation to confirm a 30% reduction in common inquiries.
- Collect user feedback on the FAQ section and calculate the satisfaction rate to verify it meets the 80% target.","it (ISO 29148)
that (ISO 29148)
more (NASA ARM)",4,5,1.0,3,5,2.0,4,5,1.0,3,5,2.0,4,5,1.0,2,5,3.0,3,5,2.0,—
US039,"As a site visitor, I want to do a full-text search of the FAQs, so that I can find an answer quickly.","User Story:
As a site visitor, I want to perform a comprehensive full-text search of the FAQs so that I can quickly locate the answers I need, enhancing my overall experience on the site.

Acceptance Criteria:
- The search functionality must return relevant FAQ results within 2 seconds of the query submission.
- At least 90% of users should be able to find their desired answer within the first 3 search results.
- The search feature should support keyword highlighting in the results to improve visibility of relevant information.

Test Outline:
- Measure the response time of the search results to ensure it meets the 2-second requirement.
- Conduct user testing to confirm that 90% of participants can find their answers within the top 3 results.
- Verify that the search results display highlighted keywords to enhance user navigation.","it (ISO 29148)
that (ISO 29148)
be able to (NASA ARM)
can (NASA ARM)",4,5,1.0,3,4,1.0,4,5,1.0,3,5,2.0,4,5,1.0,2,5,3.0,3,5,2.0,—
US040,"As a site member, I want to download the latest training material and methodology PDFs, so that I have them.","User Story:
As a site member, I want to access and download the most recent training materials and methodology PDFs so that I can stay updated and enhance my learning experience.

Acceptance Criteria:
- The latest training material PDF must be available for download with a version date clearly indicated.
- The methodology PDF should be downloadable and include a summary of key updates.
- Users should be able to download both PDFs within 3 clicks from the main training resources page.

Test Outline:
- Verify that the training material and methodology PDFs are accessible and downloadable from the designated section.
- Check that the version date and summary of updates are clearly displayed on the download page.
- Count the number of clicks required to download both PDFs to ensure it does not exceed 3.","most (ISO 29148)
it (ISO 29148)
that (ISO 29148)
be able to (NASA ARM)
can (NASA ARM)",3,4,1.0,3,4,1.0,4,5,1.0,3,5,2.0,4,5,1.0,2,5,3.0,3,5,2.0,—
US041,"As a visitor, I want to download presentations, PDFs, etc. on Scrum, so that I can learn from them or use them.","User Story:
As a visitor, I want to access and download various resources such as presentations and PDFs on Scrum, so that I can enhance my knowledge and apply best practices in my work.

Acceptance Criteria:
- Provide a minimum of 10 downloadable resources related to Scrum, including presentations and PDFs.
- Ensure that all downloadable files are accessible within 3 clicks from the main resource page.
- Implement a tracking system to measure the number of downloads per resource, aiming for at least 100 downloads within the first month of availability.

Test Outline:
- Verify that at least 10 resources are available for download on the designated page.
- Check the navigation process to confirm that users can access the downloads within 3 clicks.
- Monitor the download statistics to ensure that the target of 100 downloads is met within the specified timeframe.","best (ISO 29148)
that (ISO 29148)
all (ISO 29148)
can (NASA ARM)
best (NASA ARM)",4,4,0.0,3,4,1.0,4,5,1.0,3,5,2.0,4,5,1.0,2,5,3.0,3,5,2.0,—
US042,"As a site member, I want to scroll through a listing of jobs, so that I can see if there any I am interested in.","User Story:
As a site member, I want to browse through a comprehensive list of job postings so that I can identify opportunities that match my skills and interests.

Acceptance Criteria:
- The job listing should display at least 50 job postings per page for efficient browsing.
- Users should be able to filter job listings by at least 5 criteria, such as location, job type, salary range, industry, and experience level.
- The job listings should load within 3 seconds to ensure a smooth user experience.

Test Outline:
- Verify that the job listing page shows a minimum of 50 postings per page.
- Check the functionality of the filtering options to ensure all 5 criteria are available and working correctly.
- Measure the loading time of the job listings to confirm it is 3 seconds or less.","efficient (ISO 29148)
it (ISO 29148)
that (ISO 29148)
all (ISO 29148)
be able to (NASA ARM)
can (NASA ARM)
less (NASA ARM)",4,4,0.0,3,4,1.0,4,5,1.0,3,5,2.0,4,5,1.0,2,5,3.0,3,5,2.0,—
US043,"As a recruiter, I want to post a help wanted ad, so that I can attract candidates.","User Story:
As a recruiter, I want to publish a job advertisement for open positions so that I can effectively attract qualified candidates and fill vacancies promptly.

Acceptance Criteria:
- The job ad must be posted on at least 3 relevant job boards or platforms within 24 hours.
- The ad should include specific qualifications and responsibilities to ensure clarity and attract suitable applicants.
- Track the number of applications received within the first week to ensure a minimum of 10 qualified candidates.

Test Outline:
- Verify that the job advertisement is live on the selected job boards within the specified timeframe.
- Review the content of the ad to ensure it includes all necessary details about qualifications and responsibilities.
- Monitor the application count after one week to confirm that at least 10 qualified candidates have applied.","it (ISO 29148)
that (ISO 29148)
all (ISO 29148)
can (NASA ARM)",4,4,0.0,3,4,1.0,4,5,1.0,3,5,2.0,4,5,1.0,2,5,3.0,3,5,2.0,—
US044,"As a site admin, I want to approve each help wanted ad before it gets to the site, so that we're sure of the quality of jobs being listed.","User Story:
As a site admin, I want to review and approve every help wanted advertisement prior to publication on the site, so that we can ensure the quality and relevance of the job listings for our users.

Acceptance Criteria:
- Each help wanted ad must be submitted for approval and should be reviewed within 24 hours of submission.
- A quality checklist must be established, with at least 5 criteria to evaluate each ad's relevance and clarity.
- The approval process should result in a minimum approval rate of 90% for submitted ads, ensuring only high-quality listings are published.

Test Outline:
- Track the time taken to review and approve each ad to confirm compliance with the 24-hour review window.
- Evaluate the submitted ads against the quality checklist to ensure all criteria are met.
- Monitor the approval rate of ads over a month to verify that it meets or exceeds the 90% target.","it (ISO 29148)
that (ISO 29148)
all (ISO 29148)
every (ISO 29148)
can (NASA ARM)",4,4,0.0,3,4,1.0,4,5,1.0,3,5,2.0,4,5,1.0,2,5,3.0,3,5,2.0,—
US045,"As a site admin, I want to be emailed whenever a job is submitted, so that I am aware of it and can decide if I want to post it.","User Story:
As a site admin, I want to receive an email notification each time a job is submitted so that I can promptly review the submission and determine whether to publish it on the site.

Acceptance Criteria:
- An email notification must be sent to the site admin's registered email address within 2 minutes of a job submission.
- The email must include key details of the job submission, such as the job title, submission date, and submitter's contact information.
- The system should log each email notification sent for auditing purposes, ensuring that all submissions are tracked.

Test Outline:
- Submit a job and verify that an email notification is received within the specified 2-minute timeframe.
- Check the content of the email to ensure it contains all required job details.
- Review the system logs to confirm that the email notification was recorded accurately.","it (ISO 29148)
that (ISO 29148)
all (ISO 29148)
can (NASA ARM)",3,4,1.0,3,4,1.0,4,5,1.0,3,5,2.0,4,5,1.0,2,5,3.0,3,5,2.0,—
US046,"As a site member, I want to subscribe to an RSS feed of jobs available, so that I can read them without visiting the site.","User Story:
As a site member, I want to subscribe to an RSS feed that provides updates on available job listings so that I can conveniently access and read them without needing to visit the website.

Acceptance Criteria:
- Users can successfully subscribe to the RSS feed with a single click.
- The RSS feed must deliver job updates at least once every hour.
- The feed should include job titles, company names, and posting dates for the last 30 days.

Test Outline:
- Verify that the subscription process is seamless and requires no more than one click.
- Check the frequency of updates in the RSS feed to ensure it meets the hourly delivery requirement.
- Review the content of the RSS feed to confirm it includes the necessary job details for the last 30 days.","it (ISO 29148)
that (ISO 29148)
every (ISO 29148)
can (NASA ARM)
more (NASA ARM)",4,4,0.0,3,4,1.0,4,5,1.0,3,5,2.0,4,5,1.0,2,5,3.0,3,5,2.0,—
US047,"As a site admin, I want to edit and delete help wanted ads, so that I can correct small problems or make sure each ad complies with site guidelines.","User Story:
As a site admin, I want the ability to modify and remove help wanted advertisements so that I can promptly address minor issues and ensure that all listings adhere to the established site guidelines.

Acceptance Criteria:
- Successfully edit any help wanted ad to correct inaccuracies or update information within 5 minutes of identifying the issue.
- Delete any help wanted ad that does not comply with site guidelines, with a confirmation prompt to prevent accidental deletions.
- Maintain a log of all edits and deletions, including timestamps and reasons for changes, accessible for review.

Test Outline:
- Verify that edits to help wanted ads can be made and saved within the specified time frame.
- Check that the deletion process includes a confirmation step and that non-compliant ads are removed.
- Review the log of changes to ensure all edits and deletions are accurately recorded.","that (ISO 29148)
all (ISO 29148)
can (NASA ARM)",3,4,1.0,3,4,1.0,4,5,1.0,3,5,2.0,4,5,1.0,2,5,3.0,3,5,2.0,—
US048,"As a site admin, I want to stop publishing jobs on the site 30 days after being posted, so that jobs that may have been filled aren't still listed when the hiring party forgets to come back and delete the ad.","User Story:
As a site admin, I want to automatically remove job postings from the site 30 days after their initial publication so that outdated listings do not remain visible, preventing confusion for users and ensuring that only current opportunities are displayed.

Acceptance Criteria:
- Job postings must be automatically unpublished 30 days after the original posting date.
- A notification should be sent to the hiring party 5 days before the job is scheduled to be unpublished, reminding them to take action if the position is still open.
- Ensure that no job postings older than 30 days are visible on the site.

Test Outline:
- Verify that job postings are removed from the site exactly 30 days after they are published.
- Check that notifications are sent to hiring parties 5 days prior to the unpublishing date.
- Conduct a review of the job listings to confirm that no postings older than 30 days are displayed.",that (ISO 29148),4,4,0.0,4,4,0.0,4,5,1.0,3,5,2.0,4,5,1.0,2,5,3.0,4,5,1.0,—
US049,"As a recruiter, I want to be able to extend an ad for another 30 days by visiting the site and updating the posting, so that my ad remains active.","User Story:
As a recruiter, I want to extend my job advertisement for an additional 30 days by accessing the site and updating the posting, so that my ad continues to attract potential candidates without interruption.

Acceptance Criteria:
- Successfully navigate to the job posting management section of the site.
- Extend the advertisement duration by 30 days with a confirmation message displayed.
- Ensure that the updated posting remains active and visible to candidates immediately after the extension.

Test Outline:
- Verify that the recruiter can access the job posting management section without errors.
- Check that the system confirms the successful extension of the advertisement duration by 30 days.
- Monitor the visibility of the updated posting to ensure it is active and accessible to candidates right after the extension.","it (ISO 29148)
that (ISO 29148)
can (NASA ARM)",3,4,1.0,3,4,1.0,4,5,1.0,3,5,2.0,4,5,1.0,2,5,3.0,3,5,2.0,—
US050,"As an advertiser, I want to be emailed a reminder seven day before an ad is about to expire, so that I can go extend the ad.","User Story:
As an advertiser, I want to receive an email notification seven days prior to the expiration of my advertisement so that I can proactively extend the ad and maintain its visibility.

Acceptance Criteria:
- An email reminder must be sent exactly 7 days before the ad expiration date.
- The email should include the ad details and a direct link to the extension page.
- The reminder email must be delivered with a success rate of 95% or higher.

Test Outline:
- Verify that the email reminder is sent out 7 days before the ad expiration for multiple test cases.
- Check the content of the email to ensure it includes all necessary ad details and the extension link.
- Monitor the email delivery success rate to confirm it meets or exceeds the 95% threshold.","it (ISO 29148)
that (ISO 29148)
all (ISO 29148)
can (NASA ARM)",3,4,1.0,3,4,1.0,4,4,0.0,3,5,2.0,4,5,1.0,2,5,3.0,3,4,1.0,—
US051,"As a site visitor, I want to read a new article on the front page about once a week, so that I am up on all the latest happenings.","User Story:
As a site visitor, I want to access a new article featured on the front page at least once a week so that I can stay informed about the latest news and developments.

Acceptance Criteria:
- A new article must be published on the front page at least once every 7 days.
- The article should cover relevant and trending topics to ensure user engagement.
- User feedback should indicate a satisfaction rate of 80% or higher regarding the relevance of the articles.

Test Outline:
- Track the publication schedule to confirm that a new article is posted weekly.
- Analyze user engagement metrics to assess the relevance and interest in the articles.
- Conduct a user survey to measure satisfaction levels regarding the content provided.","that (ISO 29148)
every (ISO 29148)
can (NASA ARM)",4,4,0.0,3,4,1.0,4,5,1.0,3,5,2.0,4,5,1.0,2,5,3.0,3,5,2.0,—
US052,"As the site editor, I want to include a teaser with each article, so that site visitors can decide if they want to read the rest.","User Story:
As the site editor, I want to add a compelling teaser for each article so that site visitors can quickly assess the content and determine their interest in reading the full article.

Acceptance Criteria:
- Each article must have a teaser that is no longer than 150 characters.
- The teaser should include at least one key point or question to engage the reader.
- Teasers must be displayed prominently on the article listing page for all articles.

Test Outline:
- Review a sample of articles to ensure each has a teaser that meets the character limit and engagement criteria.
- Check the visibility of the teasers on the article listing page to confirm they are prominently displayed.","that (ISO 29148)
all (ISO 29148)
can (NASA ARM)",3,4,1.0,3,4,1.0,4,4,0.0,3,5,2.0,4,5,1.0,2,5,3.0,3,4,1.0,—
US053,"As a site member who has read a teaser on the front page, I want to read the entire article so that I can finish articles that appeal to me.","User Story:
As a site member who has read a teaser on the front page, I want to access the full article so that I can thoroughly enjoy and complete the content that interests me.

Acceptance Criteria:
- The full article must be accessible within 2 clicks from the teaser.
- The article should load within 3 seconds to ensure a smooth reading experience.
- A clear indication of the article's length (in words) should be displayed to help users gauge their reading time.

Test Outline:
- Track the number of clicks required to navigate from the teaser to the full article to confirm it does not exceed 2.
- Measure the loading time of the article to ensure it meets the 3-second requirement.
- Check that the article length is displayed prominently at the beginning of the article.","it (ISO 29148)
that (ISO 29148)
can (NASA ARM)",4,4,0.0,3,4,1.0,4,5,1.0,3,5,2.0,4,5,1.0,2,5,3.0,3,5,2.0,—
US054,"As the site editor, I want to add an article to the site, so that the site has plenty of content.","User Story:
As the site editor, I want to publish a new article on the website so that the site maintains a rich and diverse content library, enhancing user engagement and attracting more visitors.

Acceptance Criteria:
- Successfully create and publish an article that meets the editorial guidelines.
- Ensure the article is live on the site within 24 hours of submission.
- Track user engagement metrics, aiming for at least a 10% increase in page views within the first week of publication.

Test Outline:
- Review the published article to confirm it adheres to the established editorial standards.
- Check the article's live status on the website within the specified timeframe.
- Analyze the page view statistics for the article after one week to verify the engagement increase.","it (ISO 29148)
that (ISO 29148)
more (NASA ARM)",3,4,1.0,3,4,1.0,4,4,0.0,3,5,2.0,4,5,1.0,2,5,3.0,3,4,1.0,—
US055,"As a site editor, I want to set start publishing dates, old article date, and stop publishing dates for articles, so that articles appear only during appropriate periods.","User Story:
As a site editor, I want to define start and stop publishing dates, as well as the publication date for older articles, so that content is displayed only during designated timeframes, ensuring relevance and accuracy for our audience.

Acceptance Criteria:
- Ability to set a start publishing date for new articles that must be at least 24 hours in advance of the current date.
- Ability to specify an old article date that accurately reflects when the article was originally published.
- Ability to set a stop publishing date that prevents articles from being visible after a specified date, ensuring no outdated content is accessible.

Test Outline:
- Verify that the start publishing date cannot be set to a time earlier than 24 hours from the current date.
- Check that the old article date is correctly recorded and displayed alongside the article.
- Confirm that articles are no longer visible after the designated stop publishing date.",that (ISO 29148),3,4,1.0,3,4,1.0,4,5,1.0,3,5,2.0,4,5,1.0,2,5,3.0,3,5,2.0,—
US056,"As a site editor, I want to be able to designate whether or not an ever makes the home page, so that the best content is featured most prominently.","User Story:
As a site editor, I want to have the capability to select which articles are featured on the home page, so that the highest quality content is prominently displayed, enhancing user engagement and site traffic.

Acceptance Criteria:
- Implement a feature that allows the editor to mark articles for home page visibility with a simple toggle.
- Ensure that the selected articles are updated on the home page within 2 minutes of being designated.
- Track and report the increase in user engagement metrics (e.g., page views or time spent) for featured articles compared to non-featured articles.

Test Outline:
- Verify that the toggle feature for marking articles is functional and user-friendly.
- Measure the time taken for the home page to reflect changes after an article is marked for feature.
- Analyze user engagement metrics before and after implementing the feature to confirm an increase in interaction with featured articles.","that (ISO 29148)
capability to (NASA ARM)",4,4,0.0,3,4,1.0,4,5,1.0,3,5,2.0,4,5,1.0,2,5,3.0,3,5,2.0,—
US057,"As the site editor, I want to have pretty good control over how the article, so that articles are visually appealing.","User Story:
As the site editor, I want to have comprehensive control over the article's formatting and layout so that the articles are visually appealing and enhance reader engagement.

Acceptance Criteria:
- Implement a user-friendly interface that allows for customization of text styles, images, and layout options.
- Ensure that at least 90% of articles meet predefined visual standards as assessed by user feedback.
- Provide real-time previews of changes made to the article to facilitate immediate adjustments.

Test Outline:
- Test the customization interface to confirm all formatting options are functional and user-friendly.
- Collect user feedback on the visual appeal of articles to measure adherence to visual standards.
- Verify that changes made in the editor reflect accurately in the real-time preview.","that (ISO 29148)
all (ISO 29148)",2,4,2.0,2,5,3.0,3,4,1.0,2,5,3.0,3,5,2.0,2,5,3.0,2,5,3.0,—
US058,"As a site visitor, I want to click the link from the article teaser to take me directly to the body of the article. not to another teaser setup, so that I can easily finish the article.","User Story:
As a site visitor, I want to click on the link from the article teaser to be directed straight to the full article content, rather than being redirected to another teaser, so that I can efficiently read and complete the article without unnecessary interruptions.

Acceptance Criteria:
- Clicking the teaser link should lead directly to the article body with no intermediate pages.
- The article should load within 3 seconds of clicking the link.
- The article must be fully accessible and formatted correctly for reading upon arrival.

Test Outline:
- Test the link from the teaser to ensure it directs to the full article without any redirects to teaser pages.
- Measure the loading time of the article to confirm it meets the 3-second requirement.
- Review the article's formatting and accessibility to ensure it is user-friendly and readable.","it (ISO 29148)
that (ISO 29148)
can (NASA ARM)",4,4,0.0,3,4,1.0,4,5,1.0,3,5,2.0,3,5,2.0,2,5,3.0,3,5,2.0,—
US059,"As a site editor, I want to be able to indicate whether an article is publicly available or for members only, so that visitors are incentivized to become members.","User Story:
As a site editor, I want to specify the availability status of each article as either public or members-only, so that I can effectively encourage visitors to subscribe for membership and access exclusive content.

Acceptance Criteria:
- Each article must have a clear availability option that can be set to either ""Public"" or ""Members Only.""
- The visibility status should be displayed prominently on the article page to inform visitors of the access level.
- Track the conversion rate of visitors to members, aiming for a minimum increase of 15% within three months of implementing this feature.

Test Outline:
- Verify that the availability option can be successfully set and saved for each article.
- Check that the visibility status is correctly displayed on the article page for both public and members-only articles.
- Analyze membership conversion rates before and after the feature rollout to confirm the targeted increase.","this (ISO 29148)
that (ISO 29148)
can (NASA ARM)",4,4,0.0,4,4,0.0,4,5,1.0,4,5,1.0,4,5,1.0,3,5,2.0,4,5,1.0,—
US060,"As a site visitor, I want to be able to read some of your articles, so that I can learn without first joining the site.","User Story:
As a site visitor, I want to access a selection of articles without needing to register, so that I can gain knowledge and evaluate the site's value before committing to membership.

Acceptance Criteria:
- At least 5 articles must be available for reading without requiring user registration.
- Articles should cover a variety of topics to cater to different interests.
- Users should be able to read articles for a minimum of 10 minutes before being prompted to join the site.

Test Outline:
- Verify that 5 or more articles are accessible without registration by visiting the site.
- Check the diversity of topics covered in the available articles to ensure broad appeal.
- Measure the time spent on articles to confirm that users can read for at least 10 minutes before encountering a registration prompt.","that (ISO 29148)
be able to (NASA ARM)
can (NASA ARM)
more (NASA ARM)",4,4,0.0,3,4,1.0,4,5,1.0,3,5,2.0,4,5,1.0,2,5,3.0,3,5,2.0,—
US061,"As a site member, I want to have full access to all articles, so that there is a benefit to being a member.","User Story:
As a site member, I want to gain unrestricted access to the entire library of articles so that I can fully leverage my membership and enhance my knowledge and skills.

Acceptance Criteria:
- Ensure that all articles are accessible to members without any restrictions.
- Provide a clear indication of membership benefits on the site, highlighting the value of full article access.
- Track and report member engagement metrics, aiming for at least a 30% increase in article views among members within the first month.

Test Outline:
- Verify that all articles are available to members by attempting to access various articles without encountering paywalls or restrictions.
- Check the website for clear communication regarding membership benefits related to article access.
- Analyze engagement metrics to confirm a 30% increase in article views by members after implementing the changes.","that (ISO 29148)
all (ISO 29148)
can (NASA ARM)",4,4,0.0,3,4,1.0,4,5,1.0,3,5,2.0,4,5,1.0,2,5,3.0,3,5,2.0,—
US062,"As a site visitor, I want to do a full-text search of article body, title, and author name, so that I can find what I want.","User Story:
As a site visitor, I want to perform a comprehensive full-text search across the article body, title, and author name so that I can efficiently locate the specific content I am interested in.

Acceptance Criteria:
- The search functionality must return relevant results from the article body, title, and author name within 2 seconds.
- At least 90% of search queries should yield accurate results that match the user's intent.
- The search interface should allow for filtering results by date, relevance, and author.

Test Outline:
- Conduct multiple search queries to measure the response time and ensure it is within the 2-second threshold.
- Analyze the accuracy of the search results against a set of predefined queries to confirm that 90% or more are relevant.
- Test the filtering options to verify that they function correctly and enhance the search experience.","it (ISO 29148)
that (ISO 29148)
can (NASA ARM)
more (NASA ARM)",3,4,1.0,3,4,1.0,4,5,1.0,3,5,2.0,4,5,1.0,2,5,3.0,3,5,2.0,—
US063,"As a site visitor, I want to subscribe to an RSS feed of articles, so that I can read them without visiting the site.","User Story:
As a site visitor, I want to subscribe to an RSS feed of articles so that I can conveniently access and read the latest content without needing to navigate to the website.

Acceptance Criteria:
- Users can successfully subscribe to the RSS feed with a single click.
- The RSS feed must include the latest 10 articles, updated in real-time.
- Users should receive notifications for new articles within 15 minutes of publication.

Test Outline:
- Verify that the subscription process is seamless and requires only one click.
- Check the RSS feed to ensure it contains the latest 10 articles and updates correctly.
- Monitor the notification system to confirm that users receive alerts for new articles within the specified timeframe.","it (ISO 29148)
that (ISO 29148)
can (NASA ARM)",4,4,0.0,3,4,1.0,4,5,1.0,3,5,2.0,4,5,1.0,2,5,3.0,3,5,2.0,—
US064,"As a site visitor, I want to post comments about articles, so that others can read them.","User Story:
As a site visitor, I want to submit comments on articles so that other readers can engage with my thoughts and insights, fostering a community of discussion.

Acceptance Criteria:
- Users must be able to post comments on at least 90% of articles available on the site.
- Each comment should be successfully displayed to other visitors within 5 seconds of submission.
- The system should allow users to edit or delete their comments within 10 minutes of posting.

Test Outline:
- Verify that comments can be posted on a sample of articles to ensure functionality across the site.
- Measure the time taken for comments to appear after submission to confirm it meets the 5-second requirement.
- Test the editing and deletion features to ensure they work correctly within the specified 10-minute window.","it (ISO 29148)
that (ISO 29148)
be able to (NASA ARM)
can (NASA ARM)",4,4,0.0,3,4,1.0,4,5,1.0,3,5,2.0,4,5,1.0,2,5,3.0,3,5,2.0,—
US065,"As a site editor, I want to have a prominent area on the home page where I can put special announcements not necessarily news or articles, so that I can give them additional exposure.","User Story:
As a site editor, I want to create a dedicated section on the home page for highlighting special announcements that are not limited to news or articles, so that I can enhance their visibility and engagement with our audience.

Acceptance Criteria:
- The dedicated announcement area must be clearly visible above the fold on the home page.
- The section should allow for at least 3 announcements to be displayed simultaneously.
- Each announcement must be easily editable and can be updated within 10 minutes of submission.

Test Outline:
- Check the home page layout to ensure the announcement area is positioned prominently and is visually distinct.
- Verify that the section can accommodate at least 3 announcements without overlap or layout issues.
- Test the editing functionality to confirm that changes to announcements can be made and reflected on the home page within the specified time frame.","that (ISO 29148)
can (NASA ARM)",4,4,0.0,3,4,1.0,4,5,1.0,3,5,2.0,3,5,2.0,2,5,3.0,3,5,2.0,—
US066,"As a site editor, I want to have some flexibility as to where things appear, so that I can accommodate different types of content.","User Story:
As a site editor, I want to have customizable placement options for content elements so that I can effectively adapt the layout to suit various content types and enhance user engagement.

Acceptance Criteria:
- Provide at least 3 different layout configurations for content placement.
- Allow drag-and-drop functionality for rearranging content elements on the page.
- Ensure that changes in content placement are saved and reflected in real-time without requiring a page refresh.

Test Outline:
- Test the availability of multiple layout configurations to confirm they meet the requirement.
- Verify the drag-and-drop functionality by rearranging content elements and checking if the changes are applied.
- Check that the saved layout persists after refreshing the page or navigating away and returning.","that (ISO 29148)
can (NASA ARM)",4,4,0.0,3,4,1.0,4,5,1.0,3,5,2.0,4,5,1.0,2,5,3.0,3,5,2.0,—
US067,"As a trainer, I want to see the upcoming courses are what I want visitors to notice, so that they register and there's a benefit to my membership.","User Story:
As a trainer, I want the upcoming courses to be prominently displayed so that visitors are encouraged to register, ultimately enhancing the value of my membership and increasing participant engagement.

Acceptance Criteria:
- Ensure that the upcoming courses section is visible above the fold on the homepage.
- Achieve a registration conversion rate of at least 15% from visitors viewing the upcoming courses.
- Update the course listings weekly to keep content fresh and relevant.

Test Outline:
- Conduct a usability test to confirm that visitors can easily find the upcoming courses section.
- Track and analyze registration data to verify that the conversion rate meets or exceeds the target.
- Review the course listings weekly to ensure they are updated and reflect current offerings.","that (ISO 29148)
can (NASA ARM)",2,4,2.0,2,4,2.0,3,5,2.0,2,5,3.0,3,5,2.0,2,5,3.0,2,5,3.0,—
US068,"As a site visitor, I want to see new content when I come to the site, so that I come back more often.","User Story:
As a site visitor, I want to access fresh content each time I visit the site so that I am encouraged to return more frequently, enhancing my overall engagement and satisfaction.

Acceptance Criteria:
- New content must be updated on the site at least once every 24 hours.
- At least 5 new articles or posts should be available for viewing during each visit.
- User engagement metrics, such as return visits, should increase by at least 20% within the next quarter.

Test Outline:
- Monitor the site’s content update schedule to ensure new content is published within the 24-hour timeframe.
- Check the number of new articles or posts available during each visit to confirm it meets the minimum requirement.
- Analyze user engagement data to assess the increase in return visits over the specified period.","it (ISO 29148)
that (ISO 29148)
every (ISO 29148)
more (NASA ARM)",4,4,0.0,3,4,1.0,4,5,1.0,3,5,2.0,4,5,1.0,2,5,3.0,3,5,2.0,—
US069,"As a site visitor, I want to have articles that interest me and are easy to get to, so that I come to the site for my agile news and learning.","User Story:
As a site visitor, I want to access articles tailored to my interests and easily navigate to them, so that I consistently return to the site for the latest news and learning resources on agile methodologies.

Acceptance Criteria:
- Implement a recommendation system that suggests at least 5 articles based on user preferences and browsing history.
- Ensure that the average time to find and access an article is 3 clicks or fewer.
- Achieve a user satisfaction score of 80% or higher in post-visit surveys regarding content relevance and accessibility.

Test Outline:
- Analyze user interaction data to confirm that the recommendation system provides relevant article suggestions.
- Track the number of clicks required for users to access articles and verify that it meets the target.
- Conduct user surveys to assess satisfaction levels with the content and navigation experience.","it (ISO 29148)
that (ISO 29148)",3,4,1.0,3,4,1.0,4,5,1.0,3,5,2.0,3,5,2.0,2,5,3.0,3,5,2.0,—
US070,"As a site visitor, I want to know as soon as I visit what on earth Scrum is and why it needs an alliance, so that I don't bounce immediately oﬀ the page.","User Story:
As a site visitor, I want to quickly understand the concept of Scrum and the importance of an alliance upon landing on the page, so that I am engaged and encouraged to explore further rather than leaving immediately.

Acceptance Criteria:
- Provide a clear and concise definition of Scrum within the first 10 seconds of page load.
- Explain the significance of the Scrum alliance in 3 bullet points that highlight its benefits.
- Ensure that at least 70% of visitors remain on the page for more than 30 seconds after the initial load.

Test Outline:
- Measure the time taken for the Scrum definition to appear on the page using analytics tools.
- Review the content to confirm that the benefits of the Scrum alliance are presented in a clear, bullet-point format.
- Analyze user engagement metrics to determine the percentage of visitors who stay on the page for over 30 seconds.","that (ISO 29148)
more (NASA ARM)",3,4,1.0,3,4,1.0,4,5,1.0,3,5,2.0,3,5,2.0,2,5,3.0,3,5,2.0,—
US071,"As a site visitor, I want to know as I glance around the home page what on earth a CSM is and why I'd want to be one, so that I read more.","User Story:
As a site visitor, I want to quickly understand the role of a Customer Success Manager (CSM) and the benefits of pursuing this career path, so that I am encouraged to explore further information on the website.

Acceptance Criteria:
- Provide a clear and concise definition of a CSM within the first 100 words on the home page.
- Highlight at least 3 key benefits of being a CSM, such as career growth opportunities, impact on customer satisfaction, and potential earnings.
- Ensure that the information is visually engaging and easily accessible, with a prominent call-to-action leading to more detailed content.

Test Outline:
- Review the home page to confirm that the CSM definition is present and within the specified word count.
- Check that the benefits of being a CSM are clearly listed and visually distinct.
- Click on the call-to-action to verify it directs to a comprehensive section about the CSM role.","it (ISO 29148)
this (ISO 29148)
that (ISO 29148)
more (NASA ARM)",3,4,1.0,3,4,1.0,4,5,1.0,3,5,2.0,3,5,2.0,2,5,3.0,3,5,2.0,—
US072,"As a site visitor, I want to be able to get back to the home page quickly and easily, so that I don't get lost navigating.","User Story:
As a site visitor, I want to quickly and easily return to the home page so that I can navigate the site without confusion and enhance my overall browsing experience.

Acceptance Criteria:
- A prominent ""Home"" button must be accessible from every page, ensuring visibility and ease of use.
- The ""Home"" button should redirect to the home page within 2 seconds of being clicked.
- The home page must load fully within 3 seconds to minimize user wait time.

Test Outline:
- Check the presence and visibility of the ""Home"" button on all site pages.
- Measure the time taken for the redirection to the home page after clicking the button.
- Monitor the load time of the home page to ensure it meets the 3-second requirement.","it (ISO 29148)
that (ISO 29148)
all (ISO 29148)
every (ISO 29148)
can (NASA ARM)",3,4,1.0,3,4,1.0,4,5,1.0,3,5,2.0,4,5,1.0,2,5,3.0,3,5,2.0,—
US073,"As a site visitor, I want to see a list of the most popular items on the site, so that I am most likely to read the most important or best content.","User Story:
As a site visitor, I want to access a curated list of the most popular items on the site so that I can easily engage with the most relevant and high-quality content, enhancing my overall browsing experience.

Acceptance Criteria:
- The list of popular items must be updated in real-time, reflecting the top 10 items based on user engagement metrics (e.g., views, likes).
- Each item in the list should include a brief description and a thumbnail image to facilitate quick recognition and interest.
- The list must load within 3 seconds to ensure a seamless user experience.

Test Outline:
- Monitor the update frequency of the popular items list to confirm it reflects the latest engagement data.
- Check that each item displays the required description and image correctly.
- Measure the loading time of the popular items list to ensure it meets the 3-second requirement.","most (ISO 29148)
it (ISO 29148)
that (ISO 29148)
can (NASA ARM)",4,4,0.0,3,4,1.0,4,5,1.0,3,5,2.0,3,5,2.0,2,5,3.0,3,5,2.0,—
US074,"As a trainer, I want to be assured that no one can submit the same answers multiple time and skew my results, so that my ratings are accurate.","User Story:
As a trainer, I want to ensure that each participant can submit their answers only once to prevent duplicate submissions that could distort my evaluation results, thereby maintaining the integrity and accuracy of the ratings.

Acceptance Criteria:
- Implement a system that detects and blocks any duplicate answer submissions from the same participant.
- Provide a confirmation message to users upon successful submission, indicating that their answers have been recorded.
- Generate a report that shows the number of unique submissions versus total submissions to verify the effectiveness of the duplicate prevention mechanism.

Test Outline:
- Test the submission process by attempting to submit the same answers multiple times from the same participant to confirm that duplicates are blocked.
- Check that a confirmation message is displayed after a successful submission.
- Review the generated report to ensure it accurately reflects the number of unique submissions.","it (ISO 29148)
that (ISO 29148)
can (NASA ARM)",3,4,1.0,3,4,1.0,4,4,0.0,3,5,2.0,4,5,1.0,2,5,3.0,3,4,1.0,—
US075,"As a trainer, I want to be notified about the results of surveys about my classes, so that I can read them.","User Story:
As a trainer, I want to receive timely notifications regarding the survey results for my classes so that I can review the feedback and make informed improvements to my training methods.

Acceptance Criteria:
- Notifications about survey results must be sent within 24 hours of survey completion.
- Each notification should include a summary of key feedback points and an overall satisfaction rating of at least 80%.
- Access to detailed survey results should be available through a link in the notification.

Test Outline:
- Check the timestamp of notifications to ensure they are sent within the 24-hour timeframe.
- Review the content of the notifications to confirm they include key feedback points and the overall satisfaction rating.
- Click the link in the notification to verify that it leads to the complete survey results.","it (ISO 29148)
that (ISO 29148)
timely (NASA ARM)
can (NASA ARM)",4,4,0.0,3,4,1.0,4,5,1.0,3,5,2.0,4,5,1.0,2,5,3.0,3,5,2.0,—
US076,"As a site admin, I want to see the results for each trainer and averages for the class, so that I can identify any outliers or possible problems.","User Story:
As a site admin, I want to access detailed performance results for each trainer along with average metrics for the entire class, so that I can effectively identify outliers and address potential issues proactively.

Acceptance Criteria:
- Display individual performance results for each trainer in a clear and organized format.
- Calculate and present the average performance metrics for the class, ensuring accuracy.
- Highlight any performance outliers that deviate from the average by more than 15%.

Test Outline:
- Verify that the performance results for each trainer are accessible and correctly displayed.
- Check the accuracy of the average metrics calculated for the class.
- Confirm that outliers are identified and highlighted based on the specified deviation criteria.","that (ISO 29148)
can (NASA ARM)
more (NASA ARM)",3,4,1.0,3,4,1.0,4,5,1.0,3,5,2.0,4,5,1.0,2,5,3.0,3,5,2.0,—
US077,"As a site visitor, I want to see a trainer's rating, so that I choose a course from an appropriate trainer.","User Story:
As a site visitor, I want to view the rating of each trainer so that I can select a course from a highly-rated trainer, ensuring a quality learning experience.

Acceptance Criteria:
- Display the trainer's rating prominently on the course selection page, using a 5-star scale.
- Ensure that the rating is updated in real-time based on user feedback, with at least 10 ratings contributing to the displayed score.
- Provide a tooltip or additional information that explains the rating criteria to enhance user understanding.

Test Outline:
- Check that the trainer's rating is visible and correctly formatted on the course selection page.
- Verify that the rating updates accurately after new feedback is submitted, reflecting the latest average.
- Test the tooltip or information feature to ensure it provides clear and helpful context about the rating system.","it (ISO 29148)
that (ISO 29148)
can (NASA ARM)",4,5,1.0,3,5,2.0,4,5,1.0,3,5,2.0,4,5,1.0,2,5,3.0,3,5,2.0,—
US078,"As a trainer, I want to show my rating up on my profile page, so that site visitors can choose wisely.","User Story:
As a trainer, I want my rating prominently displayed on my profile page so that potential clients can make informed decisions when selecting a trainer.

Acceptance Criteria:
- The trainer's rating must be visible on the profile page, with a clear numerical score (e.g., 4.5 out of 5).
- The rating should be updated in real-time to reflect the most recent reviews and feedback.
- The rating display must include at least 10 reviews to ensure credibility and reliability.

Test Outline:
- Check the profile page to confirm that the rating is displayed prominently and accurately.
- Monitor the rating updates after new reviews are submitted to ensure real-time accuracy.
- Verify that the number of reviews displayed alongside the rating meets or exceeds the minimum requirement of 10.","most (ISO 29148)
that (ISO 29148)
can (NASA ARM)",4,5,1.0,3,4,1.0,4,5,1.0,3,5,2.0,4,5,1.0,2,5,3.0,3,5,2.0,—
US079,"As a site visitor, I want to view a section of the website that teaches me the basics of what Scrum is, so that I can learn that quickly.","User Story:
As a site visitor, I want to access a dedicated section of the website that provides a comprehensive overview of Scrum fundamentals, so that I can quickly acquire essential knowledge and apply it effectively.

Acceptance Criteria:
- The section must include at least 5 key concepts of Scrum, each explained in clear, concise language.
- Users should be able to complete the overview in under 10 minutes.
- The content must include interactive elements, such as quizzes or infographics, to enhance engagement and retention.

Test Outline:
- Review the section to ensure it covers the required 5 key Scrum concepts.
- Time how long it takes for a user to read through the section to confirm it is under 10 minutes.
- Assess the effectiveness of interactive elements by measuring user engagement metrics, such as time spent on the page and quiz completion rates.","it (ISO 29148)
that (ISO 29148)
be able to (NASA ARM)
can (NASA ARM)",4,4,0.0,3,4,1.0,4,5,1.0,3,5,2.0,4,5,1.0,2,5,3.0,3,5,2.0,—
US080,"As a site editor, I want to create the content of the What Is Scrum section, so that it's there for visitors.","User Story:
As a site editor, I want to develop comprehensive content for the ""What Is Scrum"" section so that visitors can easily understand the Scrum framework and its benefits, enhancing their overall experience on the site.

Acceptance Criteria:
- The content must clearly define Scrum in 300 words or more, including its key principles and roles.
- Include at least 3 practical examples of how Scrum is applied in real-world scenarios.
- Ensure the section is optimized for SEO with relevant keywords to improve visibility in search engines.

Test Outline:
- Review the content for clarity and completeness to confirm it meets the 300-word requirement and includes key principles.
- Check for the inclusion of at least 3 real-world examples demonstrating Scrum in action.
- Analyze the content for SEO optimization using relevant tools to ensure it ranks well in search results.","it (ISO 29148)
that (ISO 29148)
can (NASA ARM)
more (NASA ARM)",3,4,1.0,2,4,2.0,3,5,2.0,2,5,3.0,3,5,2.0,2,5,3.0,3,5,2.0,—
US081,"As a site visitor, I want to view lists on the site of all Certified Scrum Masters, Practitioners, Trainers, and Certified Scrum Product Owners.","User Story:
As a site visitor, I want to access comprehensive lists of all Certified Scrum Masters, Practitioners, Trainers, and Certified Scrum Product Owners on the site so that I can easily find qualified professionals for collaboration or learning opportunities.

Acceptance Criteria:
- Display a complete list of Certified Scrum Masters, Practitioners, Trainers, and Certified Scrum Product Owners, with at least 100 entries available for viewing.
- Ensure that each professional's profile includes their certification status, location, and contact information.
- Implement a search and filter functionality that allows users to find professionals by certification type, location, or name.

Test Outline:
- Verify that the lists of certified professionals are accessible and contain a minimum of 100 entries.
- Check that each entry includes the required details: certification status, location, and contact information.
- Test the search and filter functionality to ensure it accurately narrows down results based on user input.","it (ISO 29148)
that (ISO 29148)
all (ISO 29148)
can (NASA ARM)",3,4,1.0,3,4,1.0,3,5,2.0,3,5,2.0,4,5,1.0,2,5,3.0,3,5,2.0,—
US082,"As a CSM, I want to have my name listed in the registry without becoming a member of the site, so that employers or others can verify my certification.","User Story:
As a CSM, I want my name to be included in the certification registry without requiring full membership on the site, so that potential employers and other stakeholders can easily verify my certification status.

Acceptance Criteria:
- My name must be successfully added to the registry within 24 hours of the request.
- The registry entry should include my certification details and be accessible to the public without any membership barriers.
- Verification requests from employers must be processed and responded to within 2 business days.

Test Outline:
- Check the registry to confirm that my name appears correctly within the specified timeframe.
- Ensure that the certification details are accurate and publicly visible without needing to log in.
- Monitor the response time for verification requests to ensure compliance with the 2-day turnaround.","that (ISO 29148)
can (NASA ARM)",4,4,0.0,3,4,1.0,4,5,1.0,3,5,2.0,4,5,1.0,2,5,3.0,3,5,2.0,—
US083,"As a trainer, I want to load an Excel file into the site, so that the course participants are added to the Scrum Alliance records.","User Story:
As a trainer, I want to upload an Excel file to the platform so that I can efficiently add course participants to the Scrum Alliance records, ensuring accurate tracking and compliance.

Acceptance Criteria:
- Successfully upload an Excel file containing participant information without errors.
- Confirm that all participant records from the uploaded file are accurately reflected in the Scrum Alliance database within 10 minutes of upload.
- Provide a confirmation message indicating the number of participants successfully added to the records.

Test Outline:
- Test the upload functionality with a sample Excel file to ensure it processes correctly.
- Verify the accuracy of the participant data in the Scrum Alliance records post-upload.
- Check that the confirmation message displays the correct number of participants added.","it (ISO 29148)
that (ISO 29148)
all (ISO 29148)
can (NASA ARM)",4,4,0.0,3,4,1.0,4,5,1.0,3,5,2.0,4,5,1.0,2,5,3.0,3,5,2.0,—
US084,"As a site admin, I want to view all classes in a pending state, so that I can approve any that need to be approved.","User Story:
As a site admin, I want to access a comprehensive list of all classes currently in a pending state so that I can efficiently review and approve those that require my authorization.

Acceptance Criteria:
- Display a list of all classes with a pending status, updated in real-time.
- Include filtering options to sort classes by submission date and instructor name.
- Ensure that the approval process can be completed within 3 clicks for each class.

Test Outline:
- Verify that the list of pending classes is accurate and reflects the current state of submissions.
- Test the filtering functionality to ensure it works correctly for sorting by date and instructor.
- Measure the number of clicks required to approve a class and confirm it does not exceed 3.","it (ISO 29148)
that (ISO 29148)
those (ISO 29148)
all (ISO 29148)
can (NASA ARM)",4,4,0.0,3,4,1.0,4,5,1.0,3,5,2.0,4,5,1.0,2,5,3.0,3,5,2.0,—
US085,"As a site admin, I want to move people in a trainer's class from a pending state to the registry once I have received proof of payment from the trainer.","User Story:
As a site admin, I want to transition participants in a trainer's class from a pending status to the official registry upon receiving verified proof of payment from the trainer, ensuring accurate record-keeping and compliance.

Acceptance Criteria:
- Confirm receipt of proof of payment from the trainer within 24 hours of submission.
- Successfully move participants from the pending state to the registry, with a target completion rate of 100% for all verified payments.
- Generate a notification for the trainer once the transition is completed, confirming the status change of their participants.

Test Outline:
- Track the time taken to receive and verify proof of payment to ensure it is within the 24-hour window.
- Review the registry to confirm that all participants with verified payments have been moved from pending to registered status.
- Check the notification system to ensure that trainers receive confirmation of the status change for their participants.","it (ISO 29148)
that (ISO 29148)
all (ISO 29148)",4,4,0.0,3,4,1.0,3,4,1.0,3,5,2.0,3,5,2.0,2,5,3.0,3,4,1.0,—
US086,"As a CSM, I want to be sent an email welcoming me to the Scrum Alliance and with instructions to register or activate my membership once my name has been loaded to the registry.","User Story:
As a CSM, I want to receive a welcome email from the Scrum Alliance that includes clear instructions for registering or activating my membership once my name is added to the registry, so that I can promptly engage with the community and access resources.

Acceptance Criteria:
- A welcome email must be sent within 24 hours of my name being loaded into the registry.
- The email should contain step-by-step instructions for registration or activation of my membership.
- Confirmation of successful registration or activation should be received within 1 hour of completing the process.

Test Outline:
- Verify that the welcome email is sent within the specified 24-hour timeframe after the name is added to the registry.
- Check the content of the email to ensure it includes clear and actionable instructions for membership activation.
- Confirm that a follow-up email is received within 1 hour after the registration or activation is completed.","it (ISO 29148)
that (ISO 29148)
can (NASA ARM)",3,4,1.0,3,4,1.0,3,5,2.0,3,5,2.0,3,5,2.0,2,5,3.0,3,5,2.0,—
US087,"As a site editor, I want to edit the content of the email automatically sent to new Certified Scrum Masters and Product Owners, so that I don't need to involve a programmer on simple email edits.","User Story:
As a site editor, I want to modify the content of the automated emails sent to newly certified Scrum Masters and Product Owners, so that I can independently make simple edits without requiring assistance from a programmer.

Acceptance Criteria:
- The email content can be edited through a user-friendly interface with no programming knowledge required.
- Changes made to the email content should be saved and reflected in the next email sent within 5 minutes.
- The system must allow for previewing the email before sending to ensure accuracy and clarity.

Test Outline:
- Test the editing interface to confirm that changes can be made without programming skills.
- Verify that any edits are saved and appear in the next automated email sent within the specified time frame.
- Check the preview functionality to ensure that the email displays correctly before it is sent.","it (ISO 29148)
that (ISO 29148)
can (NASA ARM)",4,4,0.0,4,4,0.0,4,5,1.0,4,5,1.0,4,5,1.0,3,5,2.0,4,5,1.0,—
US088,"As a company, I want to join the Scrum Alliance by paying a corporate membership fee, so that I can show the company's support of Scrum.","User Story:
As a company, I want to secure a corporate membership with the Scrum Alliance by paying the required fee, so that I can demonstrate our organization's commitment to Agile methodologies and enhance our credibility in the industry.

Acceptance Criteria:
- Complete the corporate membership application process and submit the payment within 10 business days.
- Receive confirmation of membership approval from the Scrum Alliance within 5 business days of application submission.
- Obtain access to exclusive resources and training materials provided by the Scrum Alliance within 3 days of membership confirmation.

Test Outline:
- Verify that the membership application and payment are submitted within the specified timeframe.
- Check for the confirmation email from the Scrum Alliance to ensure membership approval is received promptly.
- Access the Scrum Alliance resources to confirm that they are available within the stated period after membership approval.","secure (ISO 29148)
that (ISO 29148)
can (NASA ARM)",4,4,0.0,3,4,1.0,4,5,1.0,3,5,2.0,4,5,1.0,2,5,3.0,3,5,2.0,—
US089,"As a corporatesponsor, I want to display my logo on a corporate sponsors page, so that others see the company's support of Scrum.","User Story:
As a corporatesponsor, I want to prominently showcase my company logo on the corporate sponsors page so that potential clients and partners recognize our commitment to supporting Scrum and its community.

Acceptance Criteria:
- The logo must be displayed in a high-resolution format that meets branding guidelines.
- The logo should be visible on the corporate sponsors page within 2 seconds of loading.
- The corporate sponsors page must be updated to include the logo within 5 business days of sponsorship confirmation.

Test Outline:
- Verify that the logo appears correctly on the corporate sponsors page and adheres to the specified resolution and branding guidelines.
- Measure the loading time of the corporate sponsors page to ensure the logo is visible within the target timeframe.
- Confirm that the logo is added to the page within the stipulated 5 business days after sponsorship confirmation.",that (ISO 29148),4,4,0.0,3,4,1.0,4,5,1.0,3,5,2.0,4,5,1.0,2,5,3.0,3,5,2.0,—
US090,"As a corporatesponsor, I want to make my logo randomly appear on the home page, so that others see the company's support of Scrum.","User Story:
As a corporatesponsor, I want my logo to be displayed randomly on the home page so that visitors can recognize and appreciate my company's support for Scrum, enhancing brand visibility and community engagement.

Acceptance Criteria:
- The logo should appear randomly on the home page at least 10 times per hour during peak traffic.
- Ensure that the logo is displayed for a minimum of 5 seconds each time it appears.
- Track and report the number of impressions generated by the logo display on a weekly basis.

Test Outline:
- Monitor the home page to confirm that the logo appears randomly as specified, with the required frequency.
- Measure the duration of each logo display to ensure it meets the minimum time requirement.
- Analyze the weekly report to verify the total number of impressions and assess brand visibility.","it (ISO 29148)
that (ISO 29148)
can (NASA ARM)",4,4,0.0,3,4,1.0,4,5,1.0,3,5,2.0,4,5,1.0,2,5,3.0,3,5,2.0,—
US091,"As a CSM, I want to be charged a fee once I am approved for Practitioner status, so that my certification status can be activated.","User Story:
As a CSM, I want to incur a fee upon receiving approval for Practitioner status so that I can activate my certification and enhance my professional credentials.

Acceptance Criteria:
- The fee must be clearly communicated and must not exceed $200.
- The payment process should be completed within 24 hours of approval notification.
- Certification status must be activated immediately upon successful payment.

Test Outline:
- Verify that the fee amount is displayed and confirmed during the approval process.
- Check the payment completion time to ensure it is processed within the 24-hour window.
- Confirm that the certification status is updated to active immediately after payment is received.","it (ISO 29148)
that (ISO 29148)
can (NASA ARM)",4,4,0.0,3,4,1.0,4,5,1.0,3,5,2.0,4,5,1.0,2,5,3.0,3,5,2.0,—
US092,"As a CST, I want to pay an annual fee, so that my CST status is active.","User Story:
As a CST, I want to pay an annual membership fee so that I can maintain my active CST status and continue to access exclusive resources and support.

Acceptance Criteria:
- Successfully complete the payment process for the annual fee by the due date.
- Receive confirmation of payment and active CST status within 24 hours.
- Ensure that access to CST resources and support is uninterrupted for the entire membership year.

Test Outline:
- Verify that the payment process is completed and recorded in the system.
- Check for the confirmation email or notification received within 24 hours of payment.
- Confirm continued access to CST resources and support services throughout the membership period.","that (ISO 29148)
can (NASA ARM)",4,4,0.0,3,4,1.0,4,5,1.0,3,5,2.0,4,5,1.0,2,5,3.0,3,5,2.0,—
US093,"As a site administrator, I want to set the annual fees for members, Practitioners and Trainers, so that fees can be set without involving a programmer.","User Story:
As a site administrator, I want to independently configure the annual fees for members, practitioners, and trainers through an intuitive interface so that I can manage pricing efficiently without needing to rely on a programmer.

Acceptance Criteria:
- The system must allow the administrator to set and update annual fees for each category (members, practitioners, trainers) through a user-friendly dashboard.
- Changes to the fees should be saved and reflected in the system within 2 minutes of being updated.
- The administrator should receive a confirmation notification upon successfully updating the fees.

Test Outline:
- Verify that the administrator can access the fee configuration interface and make changes.
- Check the time taken for the updated fees to be saved and displayed in the system.
- Confirm that a notification is sent to the administrator after the fee update is completed.","intuitive (ISO 29148)
that (ISO 29148)
can (NASA ARM)",3,4,1.0,3,4,1.0,4,5,1.0,3,5,2.0,4,5,1.0,2,5,3.0,3,5,2.0,—
US094,"As a member, I want to receive a reminder and a link, so that I can renew my membership.","User Story:
As a member, I want to receive a timely reminder along with a renewal link so that I can efficiently renew my membership before it expires, ensuring uninterrupted access to benefits.

Acceptance Criteria:
- A reminder notification must be sent at least 30 days prior to the membership expiration date.
- The reminder must include a direct link to the membership renewal page.
- The renewal process should be completed successfully within 5 minutes of clicking the link.

Test Outline:
- Check the timing of the reminder notification to confirm it is sent 30 days before expiration.
- Verify that the reminder includes a functional link to the renewal page.
- Test the renewal process to ensure it can be completed within the specified time frame.","it (ISO 29148)
that (ISO 29148)
timely (NASA ARM)
can (NASA ARM)",3,5,2.0,3,4,1.0,4,5,1.0,3,5,2.0,4,5,1.0,2,5,3.0,3,5,2.0,—
US095,"As a member, I want to have the system email me a new password or a password reminder since i have short-term memory problems.","User Story:
As a member, I want the system to automatically send me a new password or a password reminder via email so that I can easily access my account without frustration.

Acceptance Criteria:
- The system must allow me to request a password reset or reminder through a simple interface.
- I should receive the email containing the new password or reminder within 3 minutes of my request.
- The email must include clear instructions on how to use the new password or reminder effectively.

Test Outline:
- Verify that the password reset or reminder request is processed and an email is generated.
- Check the email delivery time to ensure it is received within the 3-minute window.
- Review the content of the email to confirm it includes the new password or reminder and clear usage instructions.","it (ISO 29148)
that (ISO 29148)
can (NASA ARM)",4,5,1.0,3,4,1.0,3,5,2.0,3,5,2.0,4,5,1.0,2,5,3.0,3,5,2.0,—
US096,"As a trainer, I want to read information of relevance only to trainers, so that the Scrum Alliance can share information with me easily.","User Story:
As a trainer, I want to access content specifically tailored for trainers so that the Scrum Alliance can efficiently provide me with relevant updates and resources.

Acceptance Criteria:
- The system must filter and display only trainer-specific information, ensuring 100% relevance.
- Notifications for new trainer-related content should be sent within 24 hours of publication.
- The platform should allow me to customize my content preferences to enhance the relevance of the information I receive.

Test Outline:
- Verify that the displayed information is exclusively for trainers by cross-referencing with the content categories.
- Check the timeliness of notifications to confirm they are received within the 24-hour window.
- Test the customization feature to ensure it accurately reflects my selected preferences for trainer-related content.","it (ISO 29148)
that (ISO 29148)
can (NASA ARM)",4,4,0.0,3,4,1.0,4,5,1.0,3,5,2.0,4,5,1.0,2,5,3.0,3,5,2.0,—
US097,"As a site editor, I want to post information in a trainers-only section, so that only trainers see it.","User Story:
As a site editor, I want to publish content in a dedicated trainers-only section so that only authorized trainers can access and view this information, ensuring confidentiality and relevance.

Acceptance Criteria:
- The trainers-only section must be accessible exclusively to users with trainer roles, with a verification process in place.
- All posted information should be visible only to trainers within 1 minute of publication.
- A notification system must alert trainers when new content is posted in the section.

Test Outline:
- Verify that only users with the trainer role can access the trainers-only section.
- Check the visibility of newly posted information to ensure it appears within 1 minute for authorized trainers.
- Confirm that trainers receive notifications for new posts in the section.","it (ISO 29148)
this (ISO 29148)
that (ISO 29148)
all (ISO 29148)
can (NASA ARM)",4,4,0.0,3,4,1.0,4,5,1.0,3,5,2.0,4,5,1.0,2,5,3.0,3,5,2.0,—
