ID,Original User Story,Rewritten User Story,Fuzzy Terms (with source),I_before,I_after,delta_I,N_before,N_after,delta_N,V_before,V_after,delta_V,E_before,E_after,delta_E,S_before,S_after,delta_S,T_before,T_after,delta_T,overall_before,overall_after,delta_overall,Low-score Explanation (<2)
US001,"As a site member, I want to describe myself on my own page in a semi-structured way, so that others can learn about me.","User Story:
As a site member, I want to create a semi-structured personal profile on my page so that visitors can easily understand my background, interests, and skills, enhancing community engagement.

Acceptance Criteria:
- Provide a template that includes at least 5 distinct sections (e.g., biography, interests, skills, achievements, and contact information) for users to fill out.
- Ensure that each section allows for a minimum of 100 characters and a maximum of 500 characters to encourage detailed descriptions.
- Allow users to preview their profile before publishing to ensure accuracy and completeness.

Test Outline:
- Verify that the profile template includes the required sections and character limits.
- Check that users can successfully preview their profile before final submission.
- Confirm that the published profile displays all sections correctly and is accessible to other members.","that (ISO 29148)
all (ISO 29148)
can (NASA ARM)",4,4,0.0,3,4,1.0,4,5,1.0,3,5,2.0,4,5,1.0,2,5,3.0,3,5,2.0,—
US002,"As a site member, I want to fill out an application to become a Certified Scrum Practitioner, so that I can earn that designation.","User Story:
As a site member, I want to complete an application for the Certified Scrum Practitioner designation so that I can enhance my professional credentials and demonstrate my expertise in Scrum methodologies.

Acceptance Criteria:
- Successfully submit the application form with all required fields completed.
- Receive a confirmation email within 24 hours acknowledging the application submission.
- Achieve a processing time of no more than 5 business days to receive the certification decision.

Test Outline:
- Verify that the application form can be filled out and submitted without errors.
- Check the email inbox for a confirmation message within the specified timeframe after submission.
- Monitor the application processing timeline to ensure a decision is provided within 5 business days.","that (ISO 29148)
all (ISO 29148)
can (NASA ARM)
more (NASA ARM)",4,4,0.0,3,4,1.0,4,5,1.0,3,5,2.0,4,5,1.0,2,5,3.0,3,5,2.0,—
US003,"As a Practitioner, I want to include additional details about me in my profile page, so that I can showcase my experience.","User Story:
As a Practitioner, I want to enhance my profile page with comprehensive details about my qualifications and experience so that I can effectively showcase my expertise to potential clients and colleagues.

Acceptance Criteria:
- Include fields for at least 3 professional certifications or licenses to validate my qualifications.
- Add a section for a minimum of 5 years of relevant work experience, detailing specific roles and responsibilities.
- Allow the upload of a professional profile picture to personalize my profile.

Test Outline:
- Review the profile page to ensure all new fields for certifications and experience are present and functional.
- Verify that the information entered reflects accurately on the profile after submission.
- Check that the profile picture upload feature works correctly and displays the image as intended.","that (ISO 29148)
all (ISO 29148)
can (NASA ARM)",4,4,0.0,3,4,1.0,4,5,1.0,3,5,2.0,4,5,1.0,2,5,3.0,3,5,2.0,—
US004,"As a site member, I want to fill out an application to become a Certified Scrum Trainer, so that I can teach CSM and CSPO courses and certify others.","User Story:
As a site member, I want to complete an application process to obtain certification as a Certified Scrum Trainer, so that I can effectively teach Certified Scrum Master (CSM) and Certified Scrum Product Owner (CSPO) courses and empower others to achieve their certifications.

Acceptance Criteria:
- Successfully submit the application form with all required information and documentation.
- Receive confirmation of application submission within 24 hours.
- Achieve a response regarding application approval or feedback within 14 business days.

Test Outline:
- Verify that the application form can be filled out and submitted without errors.
- Check for an email confirmation of submission within the specified timeframe.
- Monitor the timeline for feedback on the application to ensure it is received within 14 business days.","it (ISO 29148)
that (ISO 29148)
all (ISO 29148)
can (NASA ARM)",3,4,1.0,3,5,2.0,4,5,1.0,3,5,2.0,4,5,1.0,2,5,3.0,3,5,2.0,—
US005,"As a Trainer, I want to include additional details in my profile page about me, so that others can learn about me and decide if I am the right trainer for them.","User Story:
As a Trainer, I want to enrich my profile page with comprehensive information about my qualifications and training philosophy so that potential clients can make informed decisions about whether I am the ideal trainer to meet their fitness goals.

Acceptance Criteria:
- Include at least 3 key qualifications or certifications relevant to my training expertise.
- Add a personal training philosophy statement that is at least 100 words long.
- Provide a list of 5 specific training specialties or areas of focus that I offer.

Test Outline:
- Review the profile page to ensure it displays the required qualifications and certifications.
- Check the length and content of the training philosophy statement for completeness.
- Verify that the list of training specialties is present and accurately reflects my expertise.","it (ISO 29148)
that (ISO 29148)
can (NASA ARM)",3,4,1.0,3,4,1.0,4,5,1.0,3,5,2.0,3,5,2.0,2,5,3.0,3,5,2.0,—
US006,"As a Practitioner, I want to write an article for the site with a small graphic shown with the article showing my CSP or CST status, so that others know my certifications when reading.","User Story:
As a Practitioner, I want to publish an article on the website that includes a small graphic displaying my Certified Scrum Professional (CSP) or Certified Scrum Trainer (CST) status, so that readers can easily recognize my qualifications and expertise.

Acceptance Criteria:
- Successfully create and submit an article that includes a graphic representing my CSP or CST certification.
- Ensure the graphic is clearly visible and appropriately sized within the article layout.
- Confirm that the article is published on the site and accessible to users within 24 hours of submission.

Test Outline:
- Review the published article to verify the inclusion and visibility of the certification graphic.
- Check the article's accessibility on the website to ensure it can be found by users.
- Validate that the graphic accurately reflects the correct certification status.","it (ISO 29148)
that (ISO 29148)
can (NASA ARM)",4,4,0.0,3,4,1.0,4,4,0.0,3,4,1.0,3,4,1.0,2,4,2.0,3,4,1.0,—
US007,"As a trainer, I want to list my upcoming classes in my profile and include a link to a detailed page about each, so that prospective attendees can find my courses.","User Story:
As a trainer, I want to showcase my upcoming classes on my profile along with links to detailed pages for each class, so that potential attendees can easily access information about my courses and make informed decisions to join.

Acceptance Criteria:
- Display a list of at least 5 upcoming classes on the trainer's profile.
- Provide a direct link to a detailed page for each class, containing information such as schedule, location, and class description.
- Ensure that the class information is updated in real-time, reflecting any changes within 24 hours.

Test Outline:
- Verify that the profile displays a minimum of 5 upcoming classes.
- Check that each class has a functioning link to its detailed page.
- Confirm that any updates to class information are reflected on the profile within the specified time frame.","that (ISO 29148)
can (NASA ARM)",4,4,0.0,4,4,0.0,4,5,1.0,4,5,1.0,4,5,1.0,3,5,2.0,4,5,1.0,—
US008,"As a site member, I want to view the profiles of other members, so that I can find others I might want to connect with.","User Story:
As a site member, I want to access and browse the profiles of other members so that I can identify potential connections and expand my network effectively.

Acceptance Criteria:
- Successfully view profiles of at least 10 other members within 3 clicks from the homepage.
- Ensure that each profile displays key information such as name, interests, and connection status.
- Implement a search filter that allows members to find profiles based on specific criteria (e.g., location, interests) with at least 80% accuracy.

Test Outline:
- Track the number of clicks taken to access member profiles from the homepage to confirm it is ≤ 3.
- Review the displayed information on member profiles to ensure all key details are present.
- Test the search filter functionality to verify it returns relevant profiles based on the specified criteria.","it (ISO 29148)
that (ISO 29148)
all (ISO 29148)
can (NASA ARM)",4,4,0.0,3,4,1.0,4,5,1.0,3,5,2.0,4,5,1.0,2,5,3.0,3,5,2.0,—
US009,"As a site member, I want to search for profiles based on a few fields, so that I can find others I might want to connect with.","User Story:
As a site member, I want to perform searches for profiles using specific criteria so that I can efficiently discover potential connections that align with my interests and networking goals.

Acceptance Criteria:
- Enable search functionality that allows filtering by at least 3 distinct fields (e.g., location, interests, and profession).
- Ensure that search results are returned within 3 seconds to maintain a smooth user experience.
- Provide at least 10 relevant profiles in the search results based on the selected criteria.

Test Outline:
- Test the search feature by applying various filters and confirming that results are generated based on the specified fields.
- Measure the response time of the search function to ensure it is ≤ 3 seconds.
- Review the search results to verify that at least 10 profiles are displayed and are relevant to the search criteria.","it (ISO 29148)
that (ISO 29148)
can (NASA ARM)",4,4,0.0,3,4,1.0,4,5,1.0,3,5,2.0,4,5,1.0,2,5,3.0,3,5,2.0,—
US010,"As a site member, I want to mark my profile as private in which case only my name will appear, so that no one can learn things about me I don't want shared.","User Story:
As a site member, I want to set my profile to private mode, ensuring that only my name is visible to others, so that I can protect my personal information and control what details are shared with the community.

Acceptance Criteria:
- Successfully toggle the profile privacy setting to private, restricting visibility to only the member's name.
- Ensure that no additional personal information is displayed to other users when the profile is set to private.
- Confirm that the privacy setting can be easily changed back to public by the member at any time.

Test Outline:
- Verify that the profile privacy setting can be activated and deactivated without errors.
- Check that only the member's name is visible to other users when the profile is private.
- Test the functionality to switch back to public mode and ensure all previous information is restored.","that (ISO 29148)
all (ISO 29148)
can (NASA ARM)",4,4,0.0,3,5,2.0,4,5,1.0,3,5,2.0,3,5,2.0,2,5,3.0,3,5,2.0,—
US011,"As a site member, I want to mark my email address as private even if the rest of my profile is not, so that no one can contact me.","User Story:
As a site member, I want the ability to designate my email address as private, even when my other profile information remains public, so that I can maintain my privacy and prevent unsolicited contact from other users.

Acceptance Criteria:
- Successfully toggle the email privacy setting to ""private,"" ensuring it is not visible to other members.
- Confirm that the email address remains hidden while all other profile details are accessible to the public.
- Validate that no messages can be sent to the private email address from other users.

Test Outline:
- Check the profile settings to ensure the email privacy option can be activated and deactivated.
- Review the public profile to confirm that the email address is not displayed when set to private.
- Attempt to send a message to the private email address to verify that it is not reachable by other users.","it (ISO 29148)
that (ISO 29148)
all (ISO 29148)
can (NASA ARM)",4,4,0.0,3,4,1.0,4,5,1.0,3,5,2.0,4,5,1.0,2,5,3.0,3,5,2.0,—
US012,"As a site member, I want to send an email to any member via a form, so that we can connect.","User Story:
As a site member, I want to utilize a form to send emails to any other member, so that I can establish connections and foster communication within the community.

Acceptance Criteria:
- Successfully submit an email through the form to any member, with confirmation of delivery.
- Ensure that the email is sent within 2 minutes of submission.
- Provide a notification to the sender indicating that the email has been successfully dispatched.

Test Outline:
- Verify that the email form allows for the selection of any member and captures the message correctly.
- Check the email logs to confirm that the email is sent within the specified time frame.
- Ensure that the sender receives a notification confirming the successful sending of the email.","that (ISO 29148)
can (NASA ARM)",4,4,0.0,3,4,1.0,4,5,1.0,3,5,2.0,4,5,1.0,2,5,3.0,3,5,2.0,—
US013,"As a site administrator, I want to read practicing and training applications and approve or reject them, so that only applicants who qualify can become CSPs or CSTs.","User Story:
As a site administrator, I want to review and evaluate applications for practicing and training so that I can ensure that only qualified candidates are approved as Certified Service Providers (CSPs) or Certified Service Trainers (CSTs).

Acceptance Criteria:
- Review all submitted applications within 3 business days of receipt.
- Approve or reject applications based on a standardized scoring system with a minimum qualification score of 75%.
- Notify applicants of the decision (approval or rejection) within 1 business day after the review is completed.

Test Outline:
- Track the time taken to review applications to ensure it meets the 3-day requirement.
- Validate the scoring system used for approvals to confirm it aligns with the 75% qualification threshold.
- Check the notification system to ensure all applicants receive their decision within the specified timeframe.","it (ISO 29148)
that (ISO 29148)
all (ISO 29148)
can (NASA ARM)",3,4,1.0,3,4,1.0,4,5,1.0,3,5,2.0,4,5,1.0,2,5,3.0,3,5,2.0,—
US014,"As a site administrator, I want to edit any site member profile, so that I can correct problems for members.","User Story:
As a site administrator, I want the capability to modify any member's profile on the site so that I can promptly address and rectify issues for members, ensuring a seamless user experience.

Acceptance Criteria:
- Successfully access and edit any member profile within 2 minutes of identifying an issue.
- Ensure that all changes made to a member's profile are logged and can be reviewed for accountability.
- Confirm that members receive a notification of any profile updates made on their behalf within 10 minutes.

Test Outline:
- Track the time taken to edit a member's profile to ensure it is ≤ 2 minutes.
- Review the change log to verify that all modifications are recorded accurately.
- Check the member's notification settings to ensure they receive updates within the specified timeframe.","it (ISO 29148)
that (ISO 29148)
all (ISO 29148)
capability to (NASA ARM)
can (NASA ARM)",4,4,0.0,3,4,1.0,4,5,1.0,3,5,2.0,4,5,1.0,2,5,3.0,3,5,2.0,—
US015,"As a site visitor, I want to read current news on the home page, so that I stay current on agile news.","User Story:
As a site visitor, I want to access the latest news articles directly on the home page so that I can stay informed about the most recent developments in agile methodologies and practices.

Acceptance Criteria:
- Display at least 5 current news articles on the home page, updated daily.
- Ensure that each article includes a publication date and a brief summary of 2-3 sentences.
- Allow users to click through to read the full article, with a loading time of ≤ 2 seconds.

Test Outline:
- Check the home page to confirm that 5 or more news articles are visible and updated within the last 24 hours.
- Verify that each article has a publication date and a summary that meets the specified length.
- Measure the loading time for the full article page to ensure it is ≤ 2 seconds.","most (ISO 29148)
it (ISO 29148)
that (ISO 29148)
can (NASA ARM)
more (NASA ARM)",4,4,0.0,3,4,1.0,4,5,1.0,3,5,2.0,4,5,1.0,2,5,3.0,3,5,2.0,—
US016,"As a site visitor, I want to access old news that is no longer on the home page, so that I can access things I remember from the past or that others mention to me.","User Story:
As a site visitor, I want to retrieve archived news articles that are no longer featured on the home page so that I can revisit content I recall or that has been referenced by others.

Acceptance Criteria:
- Provide a dedicated archive section accessible from the main navigation menu.
- Ensure that users can search for articles by date, keyword, or category, returning relevant results within 3 seconds.
- Display at least 10 articles per page in the archive, with pagination for easy navigation through older content.

Test Outline:
- Verify that the archive section is easily accessible from the main navigation.
- Conduct a search for specific articles to confirm that results are returned within the specified time frame.
- Check the pagination functionality to ensure users can navigate through multiple pages of archived articles.","easy (ISO 29148)
that (ISO 29148)
can (NASA ARM)",4,5,1.0,3,4,1.0,4,5,1.0,3,5,2.0,3,5,2.0,2,5,3.0,3,5,2.0,—
US017,"As a site visitor, I want to email news items to the editor, so that they can be considered for publication.","User Story:
As a site visitor, I want to submit news items via email to the editor so that my contributions can be evaluated for potential publication, enhancing community engagement and information sharing.

Acceptance Criteria:
- Provide a clear email submission form that allows users to send news items directly to the editor.
- Ensure that submissions are acknowledged with a confirmation email within 24 hours.
- Track and report the number of submitted news items considered for publication, aiming for at least a 10% acceptance rate.

Test Outline:
- Test the email submission form to confirm it successfully sends news items to the editor.
- Check the inbox for confirmation emails to ensure they are sent within the specified timeframe.
- Review the submission logs to verify the number of items considered for publication and calculate the acceptance rate.","it (ISO 29148)
that (ISO 29148)
can (NASA ARM)",4,4,0.0,3,4,1.0,4,5,1.0,3,5,2.0,4,5,1.0,2,5,3.0,3,5,2.0,—
US018,"As a site editor, I want to set the following dates on a news item: Start Publishing Date, Old News Date, Stop Publishing Date, so that articles are published on and through appropriate dates.","User Story:
As a site editor, I want to configure the Start Publishing Date, Old News Date, and Stop Publishing Date for a news article so that the content is accurately published and displayed within the designated timeframes, ensuring relevance and timely updates.

Acceptance Criteria:
- Successfully set a Start Publishing Date that activates the article on the specified date.
- Define an Old News Date that marks when the article transitions to an archived status, ensuring it is no longer featured prominently.
- Establish a Stop Publishing Date that deactivates the article, preventing it from being visible after the specified date.

Test Outline:
- Verify that the article becomes live on the site starting from the designated Start Publishing Date.
- Check that the article is marked as old news on the Old News Date and is no longer highlighted.
- Confirm that the article is no longer accessible to users after the Stop Publishing Date.","it (ISO 29148)
that (ISO 29148)
timely (NASA ARM)",3,4,1.0,3,4,1.0,4,5,1.0,3,5,2.0,3,5,2.0,2,5,3.0,3,5,2.0,—
US019,"As a site member, I want to subscribe to an RSS feed of news, so that I remain sufficiently and easily informed.","User Story:
As a site member, I want to subscribe to an RSS feed for news updates so that I can effortlessly stay informed about the latest developments relevant to my interests.

Acceptance Criteria:
- Successfully subscribe to the RSS feed with a confirmation message displayed.
- Receive updates via the RSS feed at least once a day, ensuring timely information delivery.
- Ensure that the RSS feed includes a minimum of 5 news articles per update to provide comprehensive coverage.

Test Outline:
- Verify that the subscription process completes with a confirmation notification.
- Check the frequency of updates to confirm that they occur daily.
- Review the content of the RSS feed to ensure it contains at least 5 articles in each update.","it (ISO 29148)
that (ISO 29148)
timely (NASA ARM)
can (NASA ARM)",3,5,2.0,3,4,1.0,4,5,1.0,3,5,2.0,4,5,1.0,2,5,3.0,3,5,2.0,—
US020,"As a site editor, I want to assign priority numbers to news items, so that I can indicate which articles I want featured most prominently on the site.","User Story:
As a site editor, I want to assign priority rankings to news articles so that I can effectively highlight the most important content on the site, enhancing visibility and reader engagement.

Acceptance Criteria:
- Enable the assignment of priority numbers ranging from 1 to 10 for each news item, with 1 being the highest priority.
- Ensure that articles with higher priority numbers are displayed at the top of the news section on the site.
- Allow for real-time updates to priority rankings, reflecting changes immediately on the site.

Test Outline:
- Verify that priority numbers can be assigned and saved for each news article.
- Check the display order of articles on the site to confirm that higher priority items appear first.
- Test the functionality to update priority rankings and ensure changes are reflected instantly.","most (ISO 29148)
that (ISO 29148)
can (NASA ARM)",4,4,0.0,3,4,1.0,4,5,1.0,3,5,2.0,4,5,1.0,2,5,3.0,3,5,2.0,—
US021,"As a site visitor, I want to see a list of all upcoming Certification Courses and can page through them if there are a lot, so that I can choose the best course for me.","User Story:
As a site visitor, I want to access a comprehensive list of all upcoming Certification Courses with pagination options, so that I can easily navigate and select the course that best fits my needs.

Acceptance Criteria:
- Display a complete list of upcoming Certification Courses, with at least 20 courses visible per page.
- Implement pagination that allows users to navigate through multiple pages if the total number of courses exceeds 100.
- Ensure that each course entry includes essential details such as course title, date, duration, and a brief description.

Test Outline:
- Verify that the list of Certification Courses is displayed correctly with a minimum of 20 courses per page.
- Check the pagination functionality to ensure users can navigate through pages when the total exceeds 100 courses.
- Confirm that each course entry contains the required details for informed decision-making.","best (ISO 29148)
that (ISO 29148)
all (ISO 29148)
can (NASA ARM)
best (NASA ARM)",4,4,0.0,4,4,0.0,4,5,1.0,4,5,1.0,4,5,1.0,3,5,2.0,4,5,1.0,—
US022,"As a site visitor, I want to see a list of all upcoming Other Courses and can page through them if necessary, so that I can choose the best course for me.","User Story:
As a site visitor, I want to access a comprehensive list of all upcoming Other Courses and navigate through them using pagination, so that I can easily identify and select the course that best fits my needs.

Acceptance Criteria:
- Display a complete list of upcoming Other Courses with at least 20 entries per page.
- Implement pagination that allows users to navigate through at least 5 pages of course listings.
- Ensure that each course entry includes essential details such as course title, date, and duration.

Test Outline:
- Verify that the list of upcoming Other Courses is fully populated and displays a minimum of 20 courses per page.
- Check the pagination functionality to confirm that users can navigate through at least 5 pages without issues.
- Ensure that each course entry contains the required details for informed decision-making.","best (ISO 29148)
that (ISO 29148)
all (ISO 29148)
can (NASA ARM)
best (NASA ARM)",3,4,1.0,3,4,1.0,4,5,1.0,3,5,2.0,3,5,2.0,2,5,3.0,3,5,2.0,—
US023,"As a site visitor, I want to see a list of all upcoming Events, so that I can decide if I want to attend any.","User Story:
As a site visitor, I want to access a comprehensive list of all upcoming events so that I can evaluate my options and make informed decisions about which events to attend.

Acceptance Criteria:
- Display a complete list of upcoming events with details such as date, time, and location.
- Ensure the event list is updated in real-time, reflecting any changes or new additions within 10 minutes.
- Allow users to filter events by category, date, and location to enhance their browsing experience.

Test Outline:
- Verify that the event list includes all relevant details for each upcoming event.
- Check the update frequency of the event list to confirm it refreshes within the specified time frame.
- Test the filtering functionality to ensure users can easily sort events based on their preferences.","it (ISO 29148)
that (ISO 29148)
all (ISO 29148)
can (NASA ARM)",4,4,0.0,3,4,1.0,4,5,1.0,3,5,2.0,4,5,1.0,2,5,3.0,3,5,2.0,—
US024,"As a trainer, I want to create a new course or event, so that site visitors can see it.","User Story:
As a trainer, I want to develop and publish a new course or event on the platform so that site visitors can easily discover and enroll in it, enhancing their learning opportunities.

Acceptance Criteria:
- Successfully create a new course or event with a detailed description, including objectives and prerequisites.
- Ensure the course or event is visible to site visitors within 10 minutes of publication.
- Track and report the number of views and enrollments within the first week of launch.

Test Outline:
- Verify that the course or event can be created with all required fields filled out correctly.
- Check the visibility of the newly created course or event on the site within the specified time frame.
- Monitor analytics to confirm the number of views and enrollments for the course or event in the first week.","it (ISO 29148)
that (ISO 29148)
all (ISO 29148)
can (NASA ARM)",4,4,0.0,3,4,1.0,4,5,1.0,3,5,2.0,4,5,1.0,2,5,3.0,3,5,2.0,—
US025,"As a trainer, I want to create an Other Course or Event I am charged a listing fee for that activity, so that I don't list events I don't really intend to hold.","User Story:
As a trainer, I want to establish a new course or event with a listing fee associated with it, so that I am incentivized to only list events that I genuinely plan to conduct, ensuring quality and commitment.

Acceptance Criteria:
- Implement a listing fee structure that is clearly communicated to trainers before event creation.
- Ensure that at least 90% of listed events are conducted as scheduled, reflecting the commitment of trainers.
- Provide a mechanism for trainers to receive feedback on their events to improve future offerings.

Test Outline:
- Verify that the listing fee is applied during the event creation process.
- Track the percentage of events that are held versus those listed to confirm adherence to the 90% target.
- Collect and analyze feedback from participants to assess the quality and relevance of the events.","it (ISO 29148)
that (ISO 29148)
those (ISO 29148)",4,4,0.0,3,5,2.0,4,5,1.0,3,5,2.0,3,5,2.0,2,5,3.0,3,5,2.0,—
US026,"As a site administrator, I want to create an Other Course or Event that is not charged a listing fee, so that the Scrum Alliance doesn't charge itself for Scrum Gatherings that it puts on.","User Story:
As a site administrator, I want to establish a listing for an Other Course or Event that incurs no listing fee, so that the Scrum Alliance can host Scrum Gatherings without incurring additional costs.

Acceptance Criteria:
- Successfully create an Other Course or Event listing that is exempt from any associated fees.
- Ensure that the listing process is completed within 10 minutes to streamline event management.
- Confirm that the listing is visible on the site without any errors or issues.

Test Outline:
- Verify that the listing is created without any fees being applied.
- Measure the time taken to complete the listing process to ensure it is ≤ 10 minutes.
- Check the site to ensure the new listing appears correctly and is accessible to users.","it (ISO 29148)
that (ISO 29148)
can (NASA ARM)",4,5,1.0,3,4,1.0,4,5,1.0,3,5,2.0,3,5,2.0,2,5,3.0,3,5,2.0,—
US027,"As a site administrator, I want to set the listing fee per Other Course or Event, so that we have flexibility on what to charge in the future.","User Story:
As a site administrator, I want to establish a customizable listing fee for each Other Course or Event so that we can adapt our pricing strategy based on market trends and maximize revenue potential.

Acceptance Criteria:
- Enable the setting of a listing fee for each Other Course or Event, with a minimum fee of $0 and a maximum fee of $500.
- Provide an interface that allows for fee adjustments to be made within 5 minutes.
- Ensure that changes to the listing fee are reflected in the system and visible to users within 1 hour of being set.

Test Outline:
- Verify that the listing fee can be set for each Other Course or Event within the specified range.
- Check the time taken to adjust the fee and confirm it is ≤ 5 minutes.
- Monitor the system to ensure that updated fees are displayed to users within the 1-hour timeframe.","it (ISO 29148)
that (ISO 29148)
can (NASA ARM)",4,4,0.0,3,4,1.0,4,5,1.0,3,5,2.0,4,5,1.0,2,5,3.0,3,5,2.0,—
US028,"As a trainer, I want to update one of my existing courses or events, so that it reflects accurate information.","User Story:
As a trainer, I want to modify the details of one of my current courses or events so that it provides accurate and up-to-date information for participants, enhancing their learning experience.

Acceptance Criteria:
- Successfully update course/event details, including title, date, and description, ensuring all information is current.
- Confirm that changes are reflected in the course/event listing within 10 minutes of submission.
- Notify all registered participants of the updates via email within 15 minutes of the changes being made.

Test Outline:
- Review the course/event listing to verify that the updated information is displayed correctly.
- Check the timestamp to ensure updates are applied within the specified timeframe.
- Validate that an email notification is sent to all participants, confirming the changes made.","it (ISO 29148)
that (ISO 29148)
all (ISO 29148)",4,4,0.0,3,4,1.0,4,5,1.0,3,5,2.0,4,5,1.0,2,5,3.0,3,5,2.0,—
US029,"As a trainer, I want to delete one of my courses or events, so that it's no longer listed if I cancel for some reason.","User Story:
As a trainer, I want the ability to remove a specific course or event from my listings so that it is effectively canceled and no longer visible to participants, ensuring clarity and accuracy in my offerings.

Acceptance Criteria:
- Successfully delete a course or event, ensuring it is removed from the active listings within 5 minutes.
- Confirm that participants are notified of the cancellation via email within 10 minutes of the deletion.
- Ensure that the deleted course or event cannot be accessed or registered for by users after removal.

Test Outline:
- Attempt to delete a course or event and verify that it is no longer listed within the specified time frame.
- Check the email notifications sent to participants to confirm they received cancellation alerts.
- Try to access the deleted course or event to ensure it is completely removed from the system.","it (ISO 29148)
that (ISO 29148)",4,4,0.0,3,4,1.0,4,5,1.0,3,5,2.0,4,5,1.0,2,5,3.0,3,5,2.0,—
US030,"As a trainer, I want to copy one of my courses or events, so that I can create a new one.","User Story:
As a trainer, I want to duplicate an existing course or event so that I can efficiently create a new offering while maintaining the structure and content of the original.

Acceptance Criteria:
- Successfully initiate the duplication process for a selected course or event.
- Ensure that all relevant details (title, description, schedule) are copied to the new course or event template.
- Confirm that the new course or event is created and available for editing within 5 minutes of the duplication request.

Test Outline:
- Verify that the duplication feature is accessible and functional for the selected course or event.
- Check that all necessary details are accurately copied to the new course or event.
- Validate that the new course or event appears in the trainer's dashboard within the specified time frame.","that (ISO 29148)
all (ISO 29148)
can (NASA ARM)",4,4,0.0,3,4,1.0,4,5,1.0,3,5,2.0,4,5,1.0,2,5,3.0,3,5,2.0,—
US031,"As a site admin, I want to delete any course or event, so that I can remove things that will no longer occur.","User Story:
As a site admin, I want the ability to permanently delete any course or event from the platform so that I can efficiently manage content and ensure that outdated or irrelevant information is removed.

Acceptance Criteria:
- Successfully delete a course or event with a confirmation prompt to prevent accidental deletions.
- Ensure that the deletion process is completed within 3 seconds to maintain system responsiveness.
- Verify that the deleted course or event no longer appears in the system or user-facing interfaces.

Test Outline:
- Attempt to delete a course or event and confirm that a prompt appears for user verification.
- Measure the time taken to complete the deletion process to ensure it is ≤ 3 seconds.
- Check the system and user interfaces to confirm that the deleted item is no longer listed.","it (ISO 29148)
that (ISO 29148)
can (NASA ARM)",4,4,0.0,3,4,1.0,4,5,1.0,3,5,2.0,4,5,1.0,2,5,3.0,3,5,2.0,—
US032,"As a site editor, I want to update any course or event, so that I can fix things the original author hasn't.","User Story:
As a site editor, I want the ability to modify any course or event details so that I can correct inaccuracies or enhance the content that the original author may have overlooked.

Acceptance Criteria:
- Successfully access and edit any course or event entry within the content management system.
- Ensure that all changes are saved and reflected on the site within 2 minutes of submission.
- Confirm that the updated content is reviewed and approved by a designated reviewer within 24 hours.

Test Outline:
- Attempt to edit a course or event and verify that the changes can be made without errors.
- Check the site to ensure that the updated information appears correctly within the specified time frame.
- Review the approval process to confirm that the changes are validated by the reviewer within the 24-hour window.","that (ISO 29148)
all (ISO 29148)
can (NASA ARM)
may (NASA ARM)",4,4,0.0,3,4,1.0,4,4,0.0,3,4,1.0,4,4,0.0,2,4,2.0,3,4,1.0,—
US033,"As a trainer, I want to turn a course into an event or an event into a course, so that I can correctly classify anything that was entered incorrectly.","User Story:
As a trainer, I want to convert a course into an event or vice versa, so that I can accurately categorize and rectify any misclassified entries in our training management system.

Acceptance Criteria:
- Successfully convert a course to an event or an event to a course with a confirmation message displayed to the user.
- Ensure that all associated data (e.g., participants, schedules) is correctly updated and reflected in the system after conversion.
- Validate that the classification change is logged, allowing for tracking of modifications made to course and event statuses.

Test Outline:
- Test the conversion process to confirm that it completes without errors and provides user feedback.
- Review the updated data to ensure all relevant information is accurately transferred and displayed post-conversion.
- Check the logs to verify that the classification change has been recorded appropriately.","it (ISO 29148)
that (ISO 29148)
all (ISO 29148)
can (NASA ARM)",4,4,0.0,3,5,2.0,4,5,1.0,3,5,2.0,4,5,1.0,2,5,3.0,3,5,2.0,—
US034,"As a site visitor, I want to have an advanced search option that lets me fill in a form of search criteria, so that I can quickly find what I am looking for.","User Story:
As a site visitor, I want to utilize an advanced search feature that allows me to input specific search criteria through a detailed form, so that I can efficiently locate the information or products I need within seconds.

Acceptance Criteria:
- Provide a form with at least 5 customizable search fields to refine search results.
- Ensure that search results are displayed within 3 seconds of submitting the search criteria.
- Allow users to save their search preferences for future use, with a success confirmation message.

Test Outline:
- Test the advanced search form to confirm it includes the required number of customizable fields.
- Measure the time taken to display search results after submission to ensure it is ≤ 3 seconds.
- Verify that users can save their search preferences and receive a confirmation message upon successful saving.","it (ISO 29148)
that (ISO 29148)
can (NASA ARM)",4,5,1.0,3,4,1.0,4,5,1.0,3,5,2.0,3,5,2.0,2,5,3.0,3,5,2.0,—
US035,"As a site visitor, I want to view a course I can click on the trainer's name and be taken to the trainer's profile, so that I can read more about a trainer before registering for a course.","User Story:
As a site visitor, I want to access a course and click on the trainer's name to navigate to their profile, so that I can gather detailed information about the trainer's qualifications and experience before making a decision to register for the course.

Acceptance Criteria:
- Ensure that each course listing includes a clickable trainer's name that redirects to the trainer's profile page.
- The trainer's profile must load within 3 seconds to provide a seamless user experience.
- Include at least 5 key details about the trainer, such as qualifications, experience, and student ratings, on the profile page.

Test Outline:
- Click on the trainer's name from the course listing and verify that it redirects to the correct trainer's profile.
- Measure the loading time of the trainer's profile to confirm it is ≤ 3 seconds.
- Check the trainer's profile to ensure it displays at least 5 relevant details about the trainer.","it (ISO 29148)
that (ISO 29148)
can (NASA ARM)",3,4,1.0,3,4,1.0,4,5,1.0,3,5,2.0,3,5,2.0,2,5,3.0,3,5,2.0,—
US036,"As a site visitor, I want to subscribe to an RSS feed of upcoming courses and events, so that I am up to day without having to visit the site.","User Story:
As a site visitor, I want to easily subscribe to an RSS feed that provides updates on upcoming courses and events, so that I can stay informed without the need to frequently check the website.

Acceptance Criteria:
- Successfully subscribe to the RSS feed with a confirmation message displayed.
- Ensure that the RSS feed updates with new course and event information at least once a day.
- Provide a clear option to unsubscribe from the RSS feed at any time.

Test Outline:
- Verify that the subscription process is completed successfully and a confirmation message is received.
- Check the RSS feed for updates to confirm that new information is added daily.
- Test the unsubscribe functionality to ensure it works as intended.","it (ISO 29148)
that (ISO 29148)
can (NASA ARM)",3,4,1.0,3,4,1.0,4,5,1.0,3,5,2.0,4,5,1.0,2,5,3.0,3,5,2.0,—
US037,"As a site visitor, I want to read FAQs, so that I can get quick answers.","User Story:
As a site visitor, I want to access a comprehensive FAQ section so that I can quickly find answers to common questions, enhancing my overall experience on the site.

Acceptance Criteria:
- Ensure the FAQ section contains at least 20 relevant questions and answers to cover common inquiries.
- Implement a search functionality that allows users to find specific FAQs within 3 seconds.
- Track user engagement metrics, aiming for a 75% satisfaction rate based on feedback collected after FAQ interactions.

Test Outline:
- Review the FAQ section to confirm it includes a minimum of 20 questions and answers.
- Test the search feature to ensure it returns relevant results within the specified time frame.
- Analyze user feedback to verify that at least 75% of users report satisfaction with the FAQ section.","it (ISO 29148)
that (ISO 29148)
can (NASA ARM)",4,5,1.0,3,5,2.0,4,5,1.0,3,5,2.0,4,5,1.0,2,5,3.0,3,5,2.0,—
US038,"As a site editor, I want to maintain a FAQ section, so that support gets fewer easily answered questions.","User Story:
As a site editor, I want to manage and update a comprehensive FAQ section so that the support team receives at least 30% fewer inquiries related to common questions, allowing them to focus on more complex issues.

Acceptance Criteria:
- Ensure the FAQ section is updated with at least 10 new questions and answers each month based on user feedback.
- Track and report a reduction in support inquiries related to FAQ topics by 30% within 3 months of updates.
- Implement a user feedback mechanism to assess the usefulness of the FAQ content, aiming for a satisfaction rating of 80% or higher.

Test Outline:
- Review the FAQ section monthly to confirm the addition of new content.
- Analyze support ticket data to measure the decrease in inquiries related to the FAQ topics.
- Collect user feedback on the FAQ section to evaluate satisfaction levels and make necessary adjustments.","that (ISO 29148)
more (NASA ARM)",4,4,0.0,3,5,2.0,4,5,1.0,3,5,2.0,4,5,1.0,2,5,3.0,3,5,2.0,—
US039,"As a site visitor, I want to do a full-text search of the FAQs, so that I can find an answer quickly.","User Story:
As a site visitor, I want to perform a comprehensive full-text search across the FAQs so that I can quickly locate the information I need without unnecessary navigation.

Acceptance Criteria:
- Enable full-text search functionality that returns relevant FAQ results within 2 seconds.
- Ensure that at least 90% of search queries yield accurate and relevant answers from the FAQ database.
- Provide a user-friendly interface that allows filtering of search results by category or topic.

Test Outline:
- Conduct multiple full-text searches to measure the response time, ensuring it is ≤ 2 seconds.
- Analyze the accuracy of search results by comparing them against a set of predefined queries to confirm that 90% or more are relevant.
- Test the filtering options to ensure they function correctly and enhance the search experience.","it (ISO 29148)
that (ISO 29148)
can (NASA ARM)
more (NASA ARM)",4,5,1.0,3,4,1.0,4,5,1.0,3,5,2.0,4,5,1.0,2,5,3.0,3,5,2.0,—
US040,"As a site member, I want to download the latest training material and methodology PDFs, so that I have them.","User Story:
As a site member, I want to access and download the most recent training materials and methodology PDFs so that I can stay updated with the latest information and enhance my learning experience.

Acceptance Criteria:
- Provide a clear download link for the latest training material PDFs that is accessible within 2 clicks from the homepage.
- Ensure that the latest methodology PDFs are available for download, with a confirmation message displayed upon successful download.
- Track the number of downloads to ensure at least 100 members access the materials within the first month of release.

Test Outline:
- Navigate to the homepage and verify that the download link for training materials is reachable within 2 clicks.
- Attempt to download the methodology PDFs and confirm that a success message appears after the download.
- Monitor download statistics to confirm that at least 100 members have downloaded the materials within the specified timeframe.","most (ISO 29148)
that (ISO 29148)
can (NASA ARM)",3,4,1.0,3,4,1.0,4,5,1.0,3,5,2.0,4,5,1.0,2,5,3.0,3,5,2.0,—
US041,"As a visitor, I want to download presentations, PDFs, etc. on Scrum, so that I can learn from them or use them.","User Story:
As a visitor, I want to access and download various resources such as presentations and PDFs on Scrum, so that I can enhance my knowledge and apply best practices in my projects.

Acceptance Criteria:
- Provide a minimum of 10 downloadable resources related to Scrum, including presentations and PDFs.
- Ensure that all downloadable files are accessible within 3 clicks from the homepage.
- Implement a tracking system to measure the number of downloads per resource, aiming for at least 100 downloads within the first month of availability.

Test Outline:
- Navigate through the website to confirm that all resources can be accessed and downloaded within the specified number of clicks.
- Check the download tracking system to verify that it accurately records the number of downloads for each resource.
- Review user feedback to assess the usefulness and quality of the downloaded materials.","best (ISO 29148)
it (ISO 29148)
that (ISO 29148)
all (ISO 29148)
can (NASA ARM)
best (NASA ARM)",4,4,0.0,3,5,2.0,4,5,1.0,3,5,2.0,4,5,1.0,2,5,3.0,3,5,2.0,—
US042,"As a site member, I want to scroll through a listing of jobs, so that I can see if there any I am interested in.","User Story:
As a site member, I want to browse through a comprehensive list of job postings so that I can identify opportunities that match my skills and interests.

Acceptance Criteria:
- Display a minimum of 50 job listings per page to provide ample options for review.
- Ensure that the job listings load within 3 seconds to facilitate a smooth browsing experience.
- Implement a filter feature that allows users to refine job listings by category, location, and experience level.

Test Outline:
- Verify that at least 50 job listings are visible on each page of the job listing section.
- Measure the loading time of the job listings to confirm it is ≤ 3 seconds.
- Test the filter functionality to ensure it accurately narrows down job listings based on user-selected criteria.","it (ISO 29148)
that (ISO 29148)
can (NASA ARM)",4,4,0.0,3,4,1.0,4,5,1.0,3,5,2.0,4,5,1.0,2,5,3.0,3,5,2.0,—
US043,"As a recruiter, I want to post a help wanted ad, so that I can attract candidates.","User Story:
As a recruiter, I want to publish a job advertisement for open positions so that I can effectively attract qualified candidates and fill vacancies in a timely manner.

Acceptance Criteria:
- Successfully create and post the job ad on at least 3 relevant job boards or platforms.
- Achieve a minimum of 50 applications received within the first 30 days of posting.
- Ensure that at least 10% of applicants meet the required qualifications for the position.

Test Outline:
- Verify that the job ad is live on the selected job boards and accessible to potential candidates.
- Track the number of applications received within the specified timeframe to confirm it meets or exceeds 50.
- Review the qualifications of applicants to ensure that at least 10% align with the job requirements.","it (ISO 29148)
that (ISO 29148)
timely (NASA ARM)
can (NASA ARM)",4,4,0.0,3,4,1.0,4,5,1.0,3,5,2.0,4,5,1.0,2,5,3.0,3,5,2.0,—
US044,"As a site admin, I want to approve each help wanted ad before it gets to the site, so that we're sure of the quality of jobs being listed.","User Story:
As a site admin, I want to review and approve every help wanted advertisement prior to publication on the site so that we can ensure that only high-quality job listings are displayed to users, enhancing the overall credibility of our platform.

Acceptance Criteria:
- Review each job ad submission within 24 hours of receipt to maintain a timely approval process.
- Approve or reject ads based on a predefined quality checklist, ensuring at least 90% of ads meet the established standards.
- Notify the submitter of the approval status (approved or rejected) within 1 hour of the decision.

Test Outline:
- Track the time taken to review and approve job ads to confirm compliance with the 24-hour review window.
- Evaluate the quality checklist used for approvals to ensure it effectively filters out at least 90% of subpar ads.
- Check the notification system to verify that submitters receive timely updates regarding their ad status.","it (ISO 29148)
that (ISO 29148)
every (ISO 29148)
timely (NASA ARM)
can (NASA ARM)",4,4,0.0,3,4,1.0,4,5,1.0,3,5,2.0,4,5,1.0,2,5,3.0,3,5,2.0,—
US045,"As a site admin, I want to be emailed whenever a job is submitted, so that I am aware of it and can decide if I want to post it.","User Story:
As a site admin, I want to receive an email notification each time a job submission occurs, so that I can promptly review the submission and determine whether to publish it on the site.

Acceptance Criteria:
- Receive an email notification within 2 minutes of each job submission.
- Ensure the email contains all relevant job details, including title, description, and submission date.
- Confirm that the notification system is operational 99% of the time, with no more than 1% of submissions missing notifications.

Test Outline:
- Track the time taken to receive the email after a job is submitted to ensure it is ≤ 2 minutes.
- Review the content of the email to verify that it includes all necessary job details.
- Monitor the notification system's performance over a month to confirm it meets the 99% operational standard.","it (ISO 29148)
that (ISO 29148)
all (ISO 29148)
can (NASA ARM)
more (NASA ARM)",3,4,1.0,3,4,1.0,4,5,1.0,3,5,2.0,4,5,1.0,2,5,3.0,3,5,2.0,—
US046,"As a site member, I want to subscribe to an RSS feed of jobs available, so that I can read them without visiting the site.","User Story:
As a site member, I want to subscribe to an RSS feed that provides updates on available job listings so that I can conveniently access and read them without needing to visit the website.

Acceptance Criteria:
- Successfully create an RSS feed that includes all current job postings.
- Ensure that the RSS feed updates automatically with new job listings at least once every hour.
- Allow users to easily subscribe to the RSS feed with a single click from the job listings page.

Test Outline:
- Verify that the RSS feed is generated and includes all relevant job postings.
- Check the frequency of updates to confirm that new listings appear in the feed within the specified time frame.
- Test the subscription process to ensure it is seamless and functional for users.","it (ISO 29148)
that (ISO 29148)
all (ISO 29148)
every (ISO 29148)
can (NASA ARM)",4,4,0.0,3,4,1.0,4,5,1.0,3,5,2.0,4,5,1.0,2,5,3.0,3,5,2.0,—
US047,"As a site admin, I want to edit and delete help wanted ads, so that I can correct small problems or make sure each ad complies with site guidelines.","User Story:
As a site admin, I want the ability to modify and remove help wanted advertisements so that I can promptly address minor issues and ensure that all listings adhere to the established site guidelines.

Acceptance Criteria:
- Successfully edit a help wanted ad to correct any inaccuracies or issues within 5 minutes of identifying them.
- Remove any non-compliant help wanted ad within 10 minutes of detection, ensuring adherence to site policies.
- Confirm that all changes made to ads are logged for accountability and review.

Test Outline:
- Test the editing functionality by making changes to an ad and verifying that the updates are reflected accurately.
- Check the deletion process by removing an ad and ensuring it no longer appears on the site.
- Review the change log to ensure all modifications and deletions are recorded correctly.","it (ISO 29148)
that (ISO 29148)
all (ISO 29148)
can (NASA ARM)",3,4,1.0,3,4,1.0,4,5,1.0,3,5,2.0,4,5,1.0,2,5,3.0,3,5,2.0,—
US048,"As a site admin, I want to stop publishing jobs on the site 30 days after being posted, so that jobs that may have been filled aren't still listed when the hiring party forgets to come back and delete the ad.","User Story:
As a site admin, I want to automatically unpublish job listings 30 days after their initial posting date so that outdated job ads are removed, preventing confusion for users and ensuring that only current opportunities are visible.

Acceptance Criteria:
- Implement a system that identifies and unpublishes job listings that have been active for 30 days or longer.
- Ensure that notifications are sent to the hiring parties 5 days before their job ad is scheduled to be unpublished.
- Confirm that no job listings older than 30 days remain visible on the site.

Test Outline:
- Review the job listings to verify that those older than 30 days are no longer published.
- Check the notification system to ensure hiring parties receive alerts 5 days prior to unpublishing.
- Conduct a random audit of job ads to confirm compliance with the 30-day unpublishing rule.","that (ISO 29148)
those (ISO 29148)",4,4,0.0,4,4,0.0,4,5,1.0,4,5,1.0,4,5,1.0,3,5,2.0,4,5,1.0,—
US049,"As a recruiter, I want to be able to extend an ad for another 30 days by visiting the site and updating the posting, so that my ad remains active.","User Story:
As a recruiter, I want to extend my job advertisement for an additional 30 days by accessing the site and updating the posting, so that my advertisement continues to attract potential candidates without interruption.

Acceptance Criteria:
- Successfully navigate to the job posting management section to initiate the extension process.
- Confirm that the ad is extended for 30 days upon updating, with a visible change in the posting date.
- Ensure that the ad remains active and visible to candidates throughout the extended period.

Test Outline:
- Verify that the recruiter can access the job posting management section without errors.
- Check the posting date to confirm the extension of 30 days after the update is made.
- Monitor the ad's visibility to ensure it remains active and accessible to job seekers during the extended timeframe.","it (ISO 29148)
that (ISO 29148)
can (NASA ARM)",3,4,1.0,3,4,1.0,4,4,0.0,3,4,1.0,4,4,0.0,2,4,2.0,3,4,1.0,—
US050,"As an advertiser, I want to be emailed a reminder seven day before an ad is about to expire, so that I can go extend the ad.","User Story:
As an advertiser, I want to receive an email notification seven days prior to the expiration of my advertisement so that I can take timely action to extend the ad and maintain its visibility.

Acceptance Criteria:
- Ensure that an email reminder is sent exactly 7 days before the ad expiration date.
- Confirm that the email includes clear instructions on how to extend the ad.
- Verify that the reminder is sent for all active ads nearing expiration.

Test Outline:
- Check the email logs to ensure reminders are dispatched 7 days before the expiration of each ad.
- Review the content of the reminder email to confirm it contains the necessary extension instructions.
- Validate that reminders are generated for every active advertisement set to expire.","it (ISO 29148)
that (ISO 29148)
all (ISO 29148)
every (ISO 29148)
timely (NASA ARM)
can (NASA ARM)",3,4,1.0,3,4,1.0,4,4,0.0,3,5,2.0,4,5,1.0,2,5,3.0,3,4,1.0,—
US051,"As a site visitor, I want to read a new article on the front page about once a week, so that I am up on all the latest happenings.","User Story:
As a site visitor, I want to access a new article featured on the front page at least once a week so that I can stay informed about the latest news and developments relevant to my interests.

Acceptance Criteria:
- Ensure that a new article is published and prominently displayed on the front page at least once every 7 days.
- Track user engagement metrics to confirm that at least 70% of visitors read the new article within the week of its publication.
- Provide a notification or highlight feature to alert returning visitors about the latest article.

Test Outline:
- Review the front page weekly to verify that a new article is consistently available.
- Analyze site analytics to measure the percentage of visitors who engage with the new article within the specified timeframe.
- Check the functionality of the notification or highlight feature to ensure it effectively informs users of new content.","it (ISO 29148)
that (ISO 29148)
every (ISO 29148)
can (NASA ARM)",4,4,0.0,3,4,1.0,4,5,1.0,3,5,2.0,4,5,1.0,2,5,3.0,3,5,2.0,—
US052,"As the site editor, I want to include a teaser with each article, so that site visitors can decide if they want to read the rest.","User Story:
As the site editor, I want to add a compelling teaser for each article so that site visitors can quickly assess the content and determine their interest in reading the full article, ultimately increasing engagement and page views.

Acceptance Criteria:
- Each article must have a teaser of at least 50 words that summarizes the main points.
- Teasers should be displayed prominently on the article listing page to ensure visibility.
- Track and report the click-through rate (CTR) of articles with teasers, aiming for a minimum CTR of 15%.

Test Outline:
- Review a sample of articles to confirm that each includes a teaser of the required length.
- Check the layout of the article listing page to ensure teasers are easily visible to visitors.
- Analyze the click-through rates for articles with teasers to verify that the target of 15% is met or exceeded.","that (ISO 29148)
can (NASA ARM)",3,4,1.0,3,4,1.0,4,4,0.0,3,5,2.0,4,5,1.0,2,5,3.0,3,4,1.0,—
US053,"As a site member who has read a teaser on the front page, I want to read the entire article so that I can finish articles that appeal to me.","User Story:
As a site member who has read a teaser on the front page, I want to access the full article so that I can thoroughly enjoy and complete the content that interests me.

Acceptance Criteria:
- Ensure that the full article is accessible with a single click from the teaser.
- Confirm that the article loads within 3 seconds to maintain user engagement.
- Provide a seamless reading experience with no interruptions or errors throughout the article.

Test Outline:
- Test the link from the teaser to verify it directs to the full article without any issues.
- Measure the loading time of the article to ensure it is ≤ 3 seconds.
- Review the article for any interruptions or errors during the reading process.","it (ISO 29148)
that (ISO 29148)
can (NASA ARM)",4,4,0.0,3,4,1.0,4,5,1.0,3,5,2.0,4,5,1.0,2,5,3.0,3,5,2.0,—
US054,"As the site editor, I want to add an article to the site, so that the site has plenty of content.","User Story:
As the site editor, I want to publish a new article on the website so that the site maintains a rich and diverse content library, enhancing user engagement and increasing traffic.

Acceptance Criteria:
- Successfully create and publish an article that meets the editorial guidelines and is at least 800 words in length.
- Ensure the article includes relevant images and SEO-optimized metadata to improve search visibility.
- Track and report a minimum of 100 views within the first week of publication.

Test Outline:
- Review the published article to confirm it adheres to the editorial standards and word count.
- Check the article's metadata and images for compliance with SEO best practices.
- Monitor the article's view count over the first week to verify it reaches at least 100 views.","best (ISO 29148)
it (ISO 29148)
that (ISO 29148)
best (NASA ARM)",2,4,2.0,2,4,2.0,3,4,1.0,2,5,3.0,3,5,2.0,2,5,3.0,2,4,2.0,—
US055,"As a site editor, I want to set start publishing dates, old article date, and stop publishing dates for articles, so that articles appear only during appropriate periods.","User Story:
As a site editor, I want to define start and stop publishing dates, as well as the original publication date for articles, so that content is displayed only during designated timeframes, ensuring relevance and accuracy for our audience.

Acceptance Criteria:
- Successfully set a start publishing date for each article that determines when it becomes visible to users.
- Accurately record the original publication date for each article to maintain historical context.
- Establish a stop publishing date for articles, ensuring they are no longer accessible after the specified time.

Test Outline:
- Verify that articles are only visible on the site after the designated start publishing date.
- Check that the original publication date is correctly displayed alongside the article.
- Confirm that articles are no longer accessible once the stop publishing date has passed.","it (ISO 29148)
that (ISO 29148)",4,4,0.0,4,4,0.0,4,5,1.0,4,5,1.0,4,5,1.0,3,5,2.0,4,5,1.0,—
US056,"As a site editor, I want to be able to designate whether or not an ever makes the home page, so that the best content is featured most prominently.","User Story:
As a site editor, I want to have the capability to select which articles are featured on the home page so that the highest quality content is prominently displayed, enhancing user engagement and site traffic.

Acceptance Criteria:
- Implement a toggle feature that allows editors to mark articles for home page visibility.
- Ensure that at least 80% of the articles featured on the home page receive a minimum of 100 views within the first week of publication.
- Provide an analytics dashboard that tracks the performance of home page articles, including views and engagement metrics.

Test Outline:
- Verify that the toggle feature is functional and allows for easy selection of articles for the home page.
- Monitor the view counts of featured articles to confirm that at least 80% meet the specified view threshold.
- Check the analytics dashboard for accurate reporting of article performance metrics.","easy (ISO 29148)
that (ISO 29148)
capability to (NASA ARM)",4,4,0.0,3,4,1.0,4,5,1.0,3,5,2.0,4,5,1.0,2,5,3.0,3,5,2.0,—
US057,"As the site editor, I want to have pretty good control over how the article, so that articles are visually appealing.","User Story:
As the site editor, I want to have comprehensive control over the article formatting and layout so that the articles are visually engaging and enhance the reader's experience.

Acceptance Criteria:
- Provide at least 5 customizable formatting options (e.g., font size, color schemes, spacing) for articles.
- Ensure that all articles maintain a consistent visual style that aligns with brand guidelines.
- Allow real-time preview of changes made to the article layout before publishing.

Test Outline:
- Verify that the formatting options are accessible and functional within the article editor.
- Review published articles to ensure they adhere to the established visual style guidelines.
- Test the real-time preview feature to confirm that changes are accurately reflected before finalizing the article.","that (ISO 29148)
all (ISO 29148)",2,4,2.0,2,4,2.0,3,4,1.0,2,5,3.0,3,5,2.0,2,5,3.0,2,4,2.0,—
US058,"As a site visitor, I want to click the link from the article teaser to take me directly to the body of the article. not to another teaser setup, so that I can easily finish the article.","User Story:
As a site visitor, I want to click on the link from the article teaser to be directed straight to the full article content, rather than being redirected to another teaser page, so that I can efficiently read and complete the article without unnecessary navigation.

Acceptance Criteria:
- Ensure that clicking the teaser link takes the user directly to the article body with no intermediate pages.
- Confirm that the article loads within 3 seconds of clicking the link.
- Validate that the article is fully accessible and readable without any additional clicks required.

Test Outline:
- Test the functionality of the teaser link to verify it leads directly to the article body.
- Measure the loading time of the article to ensure it is ≤ 3 seconds.
- Check that all content of the article is displayed correctly and is fully accessible upon loading.","it (ISO 29148)
that (ISO 29148)
all (ISO 29148)
can (NASA ARM)",4,4,0.0,3,4,1.0,4,5,1.0,3,5,2.0,3,5,2.0,2,5,3.0,3,5,2.0,—
US059,"As a site editor, I want to be able to indicate whether an article is publicly available or for members only, so that visitors are incentivized to become members.","User Story:
As a site editor, I want to specify the accessibility status of each article as either publicly available or restricted to members only, so that potential visitors are motivated to subscribe for membership benefits.

Acceptance Criteria:
- Implement a toggle feature that allows editors to easily set an article's status to either public or members-only.
- Ensure that articles marked as members-only display a clear message prompting visitors to sign up for membership.
- Track the conversion rate of visitors to members after implementing this feature, aiming for a minimum increase of 15% within the first quarter.

Test Outline:
- Verify that the toggle feature functions correctly, allowing editors to change article statuses without errors.
- Check that members-only articles display the appropriate sign-up prompt to non-members.
- Analyze membership conversion rates before and after the feature launch to confirm the targeted increase.","this (ISO 29148)
that (ISO 29148)
appropriate (ISO 29148)",4,5,1.0,4,4,0.0,4,5,1.0,4,5,1.0,4,5,1.0,3,5,2.0,4,5,1.0,—
US060,"As a site visitor, I want to be able to read some of your articles, so that I can learn without first joining the site.","User Story:
As a site visitor, I want to access a selection of articles without needing to register, so that I can gain valuable insights and knowledge about the content offered on the site before deciding to join.

Acceptance Criteria:
- Provide at least 5 articles that are accessible to non-registered users.
- Ensure that the articles cover a variety of topics to cater to different interests.
- Track the number of non-member views to assess engagement and interest in the content.

Test Outline:
- Verify that at least 5 articles are available for reading without registration.
- Review the topics of the articles to confirm diversity in content.
- Analyze site analytics to measure the number of views from non-registered visitors.","that (ISO 29148)
can (NASA ARM)",4,4,0.0,3,4,1.0,4,5,1.0,3,5,2.0,4,5,1.0,2,5,3.0,3,5,2.0,—
US061,"As a site member, I want to have full access to all articles, so that there is a benefit to being a member.","User Story:
As a site member, I want to gain unrestricted access to the complete library of articles so that I can fully leverage my membership and enhance my knowledge and skills.

Acceptance Criteria:
- Ensure that all articles are accessible to members without any restrictions.
- Track member engagement to achieve at least a 30% increase in article views within the first month of access.
- Provide a feedback mechanism to gather member satisfaction ratings, aiming for a score of 4.5 out of 5 or higher.

Test Outline:
- Verify that all articles are available to members by attempting to access various articles.
- Analyze engagement metrics to confirm a 30% increase in views compared to the previous month.
- Collect and review member feedback to ensure the satisfaction rating meets or exceeds the target.","that (ISO 29148)
all (ISO 29148)
can (NASA ARM)",4,4,0.0,3,5,2.0,4,5,1.0,3,5,2.0,4,5,1.0,2,5,3.0,3,5,2.0,—
US062,"As a site visitor, I want to do a full-text search of article body, title, and author name, so that I can find what I want.","User Story:
As a site visitor, I want to perform a comprehensive full-text search across the article body, title, and author name so that I can efficiently locate the specific content I am interested in.

Acceptance Criteria:
- Enable full-text search functionality that returns relevant results from the article body, title, and author name within 2 seconds.
- Ensure that at least 90% of search queries yield relevant results based on user feedback.
- Provide a user-friendly interface that allows filtering of search results by article category or date published.

Test Outline:
- Conduct search tests to measure the response time, ensuring it is ≤ 2 seconds for all queries.
- Collect user feedback on the relevance of search results to confirm that 90% or more meet user expectations.
- Verify the functionality of filtering options to ensure they work correctly and enhance the search experience.","it (ISO 29148)
that (ISO 29148)
all (ISO 29148)
can (NASA ARM)
more (NASA ARM)",3,4,1.0,3,5,2.0,4,5,1.0,3,5,2.0,4,5,1.0,2,5,3.0,3,5,2.0,—
US063,"As a site visitor, I want to subscribe to an RSS feed of articles, so that I can read them without visiting the site.","User Story:
As a site visitor, I want to easily subscribe to an RSS feed of articles so that I can conveniently access and read the latest content without needing to navigate to the website.

Acceptance Criteria:
- Provide a clear and accessible option to subscribe to the RSS feed on the homepage.
- Ensure that the RSS feed updates with new articles within 10 minutes of publication.
- Allow users to receive notifications for at least 90% of new articles published.

Test Outline:
- Check the homepage to confirm the presence of the RSS feed subscription option.
- Monitor the RSS feed for updates to verify that new articles appear within the specified time frame.
- Track user notifications to ensure that at least 90% of new articles trigger alerts for subscribers.","that (ISO 29148)
can (NASA ARM)",4,4,0.0,3,4,1.0,4,5,1.0,3,5,2.0,4,5,1.0,2,5,3.0,3,5,2.0,—
US064,"As a site visitor, I want to post comments about articles, so that others can read them.","User Story:
As a site visitor, I want to submit comments on articles so that other readers can engage with my thoughts and contribute to the discussion.

Acceptance Criteria:
- Enable users to post comments on at least 90% of articles available on the site.
- Ensure that comments are displayed within 5 seconds of submission to enhance user interaction.
- Implement a moderation system that reviews comments within 24 hours to maintain quality and relevance.

Test Outline:
- Verify that the comment feature is accessible on the majority of articles by checking a sample of 10 articles.
- Measure the time taken for a comment to appear after submission to ensure it is ≤ 5 seconds.
- Review the moderation logs to confirm that comments are being reviewed within the 24-hour timeframe.","it (ISO 29148)
that (ISO 29148)
can (NASA ARM)",4,4,0.0,3,4,1.0,4,5,1.0,3,5,2.0,4,5,1.0,2,5,3.0,3,5,2.0,—
US065,"As a site editor, I want to have a prominent area on the home page where I can put special announcements not necessarily news or articles, so that I can give them additional exposure.","User Story:
As a site editor, I want to create a dedicated section on the home page for highlighting special announcements that are distinct from news or articles, so that I can enhance their visibility and ensure they reach a wider audience.

Acceptance Criteria:
- Design and implement a visually prominent area on the home page specifically for special announcements.
- Ensure that this section can accommodate at least 5 announcements simultaneously without compromising layout.
- Track user engagement metrics to confirm a minimum 20% increase in views for announcements displayed in this section compared to previous placements.

Test Outline:
- Review the home page layout to verify the presence and visibility of the dedicated announcements section.
- Check that the section can display at least 5 announcements without layout issues.
- Analyze user engagement data to assess the increase in views for announcements featured in the new section.","this (ISO 29148)
that (ISO 29148)
can (NASA ARM)",4,4,0.0,3,4,1.0,4,5,1.0,3,5,2.0,3,5,2.0,2,5,3.0,3,5,2.0,—
US066,"As a site editor, I want to have some flexibility as to where things appear, so that I can accommodate different types of content.","User Story:
As a site editor, I want the ability to customize the placement of content elements on the page so that I can effectively showcase various types of content and enhance the overall user experience.

Acceptance Criteria:
- Enable drag-and-drop functionality for at least 5 different content types to allow flexible positioning.
- Provide a preview feature that updates in real-time as changes are made to content placement.
- Ensure that all changes are saved and can be reverted within a 30-minute window.

Test Outline:
- Test the drag-and-drop feature with different content types to confirm flexibility in placement.
- Verify that the preview feature reflects changes instantly as the editor adjusts content positions.
- Check the save and revert functionality to ensure it works within the specified time frame.","it (ISO 29148)
that (ISO 29148)
all (ISO 29148)
can (NASA ARM)",4,4,0.0,3,4,1.0,4,5,1.0,3,5,2.0,4,5,1.0,2,5,3.0,3,5,2.0,—
US067,"As a trainer, I want to see the upcoming courses are what I want visitors to notice, so that they register and there's a benefit to my membership.","User Story:
As a trainer, I want the upcoming courses to be prominently displayed so that potential participants are encouraged to register, ultimately enhancing the value of my membership and increasing enrollment rates.

Acceptance Criteria:
- Ensure that at least 80% of website visitors can easily identify the upcoming courses within 3 seconds of landing on the page.
- Track registration conversions to achieve a minimum increase of 25% in course sign-ups within the first month of implementation.
- Highlight at least 3 key benefits of each course to attract visitor interest and drive engagement.

Test Outline:
- Conduct user testing to measure the time taken for visitors to locate the upcoming courses on the website.
- Analyze registration data to confirm a 25% increase in sign-ups post-implementation.
- Review the course listings to ensure that the benefits are clearly articulated and visible to users.","that (ISO 29148)
can (NASA ARM)",2,4,2.0,2,4,2.0,3,5,2.0,2,5,3.0,3,5,2.0,2,5,3.0,2,5,3.0,—
US068,"As a site visitor, I want to see new content when I come to the site, so that I come back more often.","User Story:
As a site visitor, I want to access fresh content each time I visit the site so that I am encouraged to return more frequently, enhancing my overall engagement and satisfaction.

Acceptance Criteria:
- Ensure that at least 80% of the content displayed is updated or new since the last visit.
- Implement a content refresh mechanism that updates the homepage every 24 hours.
- Track user return visits and aim for a 20% increase in repeat visits within the next quarter.

Test Outline:
- Analyze the content displayed to confirm that 80% is new or updated since the user's last visit.
- Monitor the content refresh mechanism to ensure it activates every 24 hours.
- Review analytics to measure the increase in repeat visits over the specified time frame.","it (ISO 29148)
that (ISO 29148)
every (ISO 29148)
more (NASA ARM)",4,4,0.0,3,4,1.0,4,5,1.0,3,5,2.0,4,5,1.0,2,5,3.0,3,5,2.0,—
US069,"As a site visitor, I want to have articles that interest me and are easy to get to, so that I come to the site for my agile news and learning.","User Story:
As a site visitor, I want to access articles tailored to my interests and easily navigate to them, so that I consistently return to the site for the latest news and insights on agile methodologies.

Acceptance Criteria:
- Implement a recommendation system that suggests at least 5 relevant articles based on user preferences and browsing history.
- Ensure that the average time to find and access an article is ≤ 3 clicks from the homepage.
- Achieve a user satisfaction score of ≥ 85% regarding the relevance and accessibility of the articles.

Test Outline:
- Test the recommendation system by tracking the number of relevant articles suggested to users.
- Measure the number of clicks required to access articles from the homepage to confirm it is ≤ 3.
- Conduct a user survey to assess satisfaction levels with the article relevance and ease of access.","it (ISO 29148)
that (ISO 29148)",3,4,1.0,3,4,1.0,4,5,1.0,3,5,2.0,3,5,2.0,2,5,3.0,3,5,2.0,—
US070,"As a site visitor, I want to know as soon as I visit what on earth Scrum is and why it needs an alliance, so that I don't bounce immediately oﬀ the page.","User Story:
As a site visitor, I want to quickly understand the concept of Scrum and the importance of forming an alliance around it as soon as I land on the page, so that I am engaged and less likely to leave the site immediately.

Acceptance Criteria:
- Display a clear and concise definition of Scrum within the first 5 seconds of page load.
- Include a compelling explanation of the benefits of a Scrum alliance, ensuring it is visible without scrolling.
- Achieve a bounce rate of less than 30% on the landing page within the first month of implementation.

Test Outline:
- Measure the time taken for the Scrum definition to appear on the page after loading.
- Check the visibility of the Scrum alliance explanation without requiring user scrolling.
- Analyze the bounce rate data to confirm it is below the target threshold of 30%.","it (ISO 29148)
that (ISO 29148)
less (NASA ARM)",3,4,1.0,3,4,1.0,4,5,1.0,3,5,2.0,3,5,2.0,2,5,3.0,3,5,2.0,—
US071,"As a site visitor, I want to know as I glance around the home page what on earth a CSM is and why I'd want to be one, so that I read more.","User Story:
As a site visitor, I want to quickly understand the role of a Customer Success Manager (CSM) and the benefits of pursuing this career path, so that I am encouraged to explore further information on the website.

Acceptance Criteria:
- Provide a clear and concise definition of a CSM within the first 100 words on the home page.
- Highlight at least 3 key benefits of being a CSM, such as career growth opportunities, impact on customer satisfaction, and potential earnings, in a visually engaging format.
- Ensure that the information is easily accessible and prompts at least 30% of visitors to click through to the detailed CSM page.

Test Outline:
- Review the home page content to confirm the definition of a CSM is present and within the specified word limit.
- Check for the visibility and clarity of the benefits listed, ensuring they are highlighted effectively.
- Analyze website analytics to measure the click-through rate to the CSM page and verify it meets or exceeds the 30% target.","it (ISO 29148)
this (ISO 29148)
that (ISO 29148)",3,4,1.0,3,4,1.0,4,5,1.0,3,5,2.0,3,5,2.0,2,5,3.0,3,5,2.0,—
US072,"As a site visitor, I want to be able to get back to the home page quickly and easily, so that I don't get lost navigating.","User Story:
As a site visitor, I want to have a prominent and accessible option to return to the home page so that I can navigate the site efficiently without feeling disoriented.

Acceptance Criteria:
- Ensure a ""Home"" button is visible on every page, with a click-through rate of at least 80%.
- Implement a keyboard shortcut (e.g., pressing the ""H"" key) that redirects to the home page, with a usage rate of ≥ 50% among users.
- Confirm that the home page loads within 3 seconds when accessed from any other page.

Test Outline:
- Track the visibility and click-through rate of the ""Home"" button across different pages.
- Monitor the usage of the keyboard shortcut to ensure it is utilized by at least half of the visitors.
- Measure the loading time of the home page to verify it meets the 3-second requirement.","it (ISO 29148)
that (ISO 29148)
every (ISO 29148)
can (NASA ARM)",3,4,1.0,3,4,1.0,4,5,1.0,3,5,2.0,4,5,1.0,2,5,3.0,3,5,2.0,—
US073,"As a site visitor, I want to see a list of the most popular items on the site, so that I am most likely to read the most important or best content.","User Story:
As a site visitor, I want to access a curated list of the top 10 most popular items on the website so that I can easily discover and engage with the most relevant and high-quality content available.

Acceptance Criteria:
- Display a list of the top 10 popular items based on user engagement metrics, such as views or shares.
- Update the list dynamically at least once every 24 hours to reflect current trends and interests.
- Ensure that each item in the list includes a brief description and a direct link for easy access.

Test Outline:
- Verify that the list of popular items is displayed prominently on the site and contains exactly 10 entries.
- Check the update frequency to confirm that the list refreshes at least once every 24 hours.
- Click on each item in the list to ensure that the links direct users to the correct content pages.","most (ISO 29148)
easy (ISO 29148)
that (ISO 29148)
every (ISO 29148)
can (NASA ARM)",4,4,0.0,3,4,1.0,4,5,1.0,3,5,2.0,3,5,2.0,2,5,3.0,3,5,2.0,—
US074,"As a trainer, I want to be assured that no one can submit the same answers multiple time and skew my results, so that my ratings are accurate.","User Story:
As a trainer, I want to implement a mechanism that prevents users from submitting identical answers multiple times, ensuring that the evaluation results remain accurate and reliable.

Acceptance Criteria:
- Establish a system that detects and blocks duplicate submissions from the same user for a given evaluation.
- Ensure that at least 95% of submissions are unique, reducing the risk of skewed results.
- Provide real-time feedback to users attempting to submit duplicate answers, enhancing user experience.

Test Outline:
- Test the submission process to confirm that duplicate answers are flagged and not accepted.
- Analyze submission data to verify that the percentage of unique responses meets or exceeds 95%.
- Review user feedback to ensure that the real-time notifications are clear and effective.","effective (ISO 29148)
reliable (ISO 29148)
that (ISO 29148)
effective (NASA ARM)",3,4,1.0,3,5,2.0,4,4,0.0,3,5,2.0,4,5,1.0,2,5,3.0,3,5,2.0,—
US075,"As a trainer, I want to be notified about the results of surveys about my classes, so that I can read them.","User Story:
As a trainer, I want to receive timely notifications regarding the survey results for my classes so that I can review feedback and make informed improvements to enhance the learning experience.

Acceptance Criteria:
- Receive survey result notifications within 24 hours of survey completion.
- Access a summary report of the survey results that includes at least 3 key metrics (e.g., average rating, response rate, and top feedback themes).
- Ensure that notifications are sent via email and include a direct link to the detailed survey results.

Test Outline:
- Track the time from survey completion to notification delivery to confirm it is within 24 hours.
- Review the content of the summary report to ensure it includes the specified key metrics.
- Verify that the notification email contains a functional link to the detailed survey results.","it (ISO 29148)
that (ISO 29148)
timely (NASA ARM)
can (NASA ARM)",4,4,0.0,3,5,2.0,4,5,1.0,3,5,2.0,4,5,1.0,2,5,3.0,3,5,2.0,—
US076,"As a site admin, I want to see the results for each trainer and averages for the class, so that I can identify any outliers or possible problems.","User Story:
As a site admin, I want to access detailed performance results for each trainer along with average metrics for the entire class, so that I can effectively identify outliers and address potential issues proactively.

Acceptance Criteria:
- Display individual performance results for each trainer in a clear and organized format.
- Calculate and present the average performance metrics for the class, ensuring they are updated in real-time.
- Highlight any trainer whose performance deviates by more than 15% from the class average, allowing for quick identification of potential problems.

Test Outline:
- Verify that the performance results for each trainer are accessible and correctly displayed.
- Check that the average metrics for the class are accurately calculated and presented.
- Confirm that any outlier trainers are flagged based on the specified deviation criteria.","that (ISO 29148)
can (NASA ARM)
more (NASA ARM)",3,4,1.0,3,4,1.0,4,5,1.0,3,5,2.0,4,5,1.0,2,5,3.0,3,5,2.0,—
US077,"As a site visitor, I want to see a trainer's rating, so that I choose a course from an appropriate trainer.","User Story:
As a site visitor, I want to view the ratings of trainers so that I can select a course taught by a highly-rated instructor, ensuring a quality learning experience.

Acceptance Criteria:
- Display trainer ratings on the course selection page, with ratings updated in real-time.
- Ensure that the rating system allows for a scale of 1 to 5 stars, with at least 50 ratings required for a trainer to be displayed.
- Provide a filter option to sort courses by trainer ratings, allowing users to easily find top-rated instructors.

Test Outline:
- Verify that trainer ratings are visible on the course selection page and reflect the most current data.
- Check that the rating scale is correctly implemented and that only trainers with 50 or more ratings are shown.
- Test the sorting functionality to ensure courses can be filtered by trainer ratings effectively.","most (ISO 29148)
that (ISO 29148)
can (NASA ARM)
more (NASA ARM)",4,5,1.0,3,4,1.0,4,5,1.0,3,5,2.0,4,5,1.0,2,5,3.0,3,5,2.0,—
US078,"As a trainer, I want to show my rating up on my profile page, so that site visitors can choose wisely.","User Story:
As a trainer, I want to prominently display my rating on my profile page so that potential clients can make informed decisions based on my qualifications and feedback from previous clients.

Acceptance Criteria:
- Ensure the trainer's rating is visible on the profile page, with a clear numerical score out of 5 stars.
- Update the rating in real-time to reflect the most recent client feedback and reviews.
- Include a minimum of 10 client reviews to validate the displayed rating and enhance credibility.

Test Outline:
- Check the profile page to confirm that the rating is displayed prominently and accurately.
- Simulate client feedback submission to verify that the rating updates in real-time.
- Review the number of client testimonials to ensure at least 10 are present and linked to the rating.","most (ISO 29148)
that (ISO 29148)
can (NASA ARM)",4,4,0.0,3,5,2.0,4,5,1.0,3,5,2.0,4,5,1.0,2,5,3.0,3,5,2.0,—
US079,"As a site visitor, I want to view a section of the website that teaches me the basics of what Scrum is, so that I can learn that quickly.","User Story:
As a site visitor, I want to access a dedicated section that provides a comprehensive overview of Scrum fundamentals, so that I can quickly grasp the essential concepts and principles of Scrum methodology.

Acceptance Criteria:
- The section must contain at least 500 words covering key Scrum concepts, roles, and ceremonies.
- Users should be able to navigate to this section within 3 clicks from the homepage.
- Include a quiz at the end of the section with at least 5 questions to assess understanding, with a passing score of 80% or higher.

Test Outline:
- Review the content to ensure it meets the 500-word requirement and covers all essential topics.
- Track the number of clicks required to reach the Scrum overview section from the homepage.
- Administer the quiz to a sample group and verify that at least 80% of participants achieve a passing score.","it (ISO 29148)
this (ISO 29148)
that (ISO 29148)
all (ISO 29148)
be able to (NASA ARM)
can (NASA ARM)",4,4,0.0,3,4,1.0,4,5,1.0,3,5,2.0,4,5,1.0,2,5,3.0,3,5,2.0,—
US080,"As a site editor, I want to create the content of the What Is Scrum section, so that it's there for visitors.","User Story:
As a site editor, I want to develop comprehensive content for the ""What Is Scrum"" section so that visitors can easily understand the Scrum framework and its benefits, enhancing their overall experience on the site.

Acceptance Criteria:
- Produce a detailed overview of Scrum that is at least 500 words long, covering its principles and practices.
- Include at least 3 real-world examples of Scrum implementation to illustrate its effectiveness.
- Ensure the content is optimized for SEO, achieving a keyword density of 1-2% for relevant terms.

Test Outline:
- Review the content to confirm it meets the minimum word count and includes the required examples.
- Use an SEO tool to analyze the keyword density and ensure it falls within the specified range.","it (ISO 29148)
that (ISO 29148)
can (NASA ARM)",3,4,1.0,2,4,2.0,3,5,2.0,2,5,3.0,3,5,2.0,2,5,3.0,3,5,2.0,—
US081,"As a site visitor, I want to view lists on the site of all Certified Scrum Masters, Practitioners, Trainers, and Certified Scrum Product Owners.","User Story:
As a site visitor, I want to access comprehensive lists of all Certified Scrum Masters, Practitioners, Trainers, and Certified Scrum Product Owners on the website so that I can easily find qualified professionals for my project needs.

Acceptance Criteria:
- Display a complete list of Certified Scrum Masters, Practitioners, Trainers, and Certified Scrum Product Owners, with at least 95% of the current certified individuals included.
- Ensure that the lists are searchable and filterable by certification type and location.
- Update the lists at least once a month to reflect the most current certifications and professionals.

Test Outline:
- Verify that the lists include at least 95% of the certified individuals by cross-referencing with the official certification database.
- Test the search and filter functionality to ensure users can easily find professionals based on their criteria.
- Check the update frequency of the lists to confirm they are refreshed at least monthly.","most (ISO 29148)
that (ISO 29148)
all (ISO 29148)
can (NASA ARM)",3,4,1.0,3,4,1.0,3,5,2.0,3,5,2.0,4,5,1.0,2,5,3.0,3,5,2.0,—
US082,"As a CSM, I want to have my name listed in the registry without becoming a member of the site, so that employers or others can verify my certification.","User Story:
As a CSM, I want my name to be included in the certification registry without requiring full membership on the site, so that potential employers and stakeholders can easily verify my professional certification status.

Acceptance Criteria:
- Ensure that my name is accurately listed in the registry within 24 hours of submission.
- Provide a verification link that employers can use to confirm my certification status.
- Maintain the registry with an update frequency of at least once a month to ensure all listings are current.

Test Outline:
- Check the registry to confirm that my name appears correctly within the specified time frame.
- Test the verification link to ensure it directs to the correct certification details.
- Review the registry updates to verify that the information is refreshed monthly.","it (ISO 29148)
that (ISO 29148)
all (ISO 29148)
can (NASA ARM)",4,4,0.0,3,4,1.0,4,5,1.0,3,5,2.0,4,5,1.0,2,5,3.0,3,5,2.0,—
US083,"As a trainer, I want to load an Excel file into the site, so that the course participants are added to the Scrum Alliance records.","User Story:
As a trainer, I want to upload an Excel file to the platform so that I can efficiently add course participants to the Scrum Alliance records, ensuring accurate tracking and compliance.

Acceptance Criteria:
- Successfully upload an Excel file containing participant data with a maximum file size of 5 MB.
- Validate that the uploaded file adheres to the required format and contains all necessary fields for participant registration.
- Confirm that all participants from the Excel file are accurately reflected in the Scrum Alliance records within 24 hours of upload.

Test Outline:
- Attempt to upload an Excel file and check for successful upload confirmation.
- Review the file format and required fields to ensure compliance before the upload.
- Verify the Scrum Alliance records to ensure all participants are added correctly within the specified timeframe.","that (ISO 29148)
all (ISO 29148)
can (NASA ARM)",4,4,0.0,3,4,1.0,4,5,1.0,3,5,2.0,4,5,1.0,2,5,3.0,3,5,2.0,—
US084,"As a site admin, I want to view all classes in a pending state, so that I can approve any that need to be approved.","User Story:
As a site admin, I want to access a comprehensive list of all classes currently in a pending approval state so that I can efficiently review and approve those that require my attention.

Acceptance Criteria:
- Display a filtered list of all classes with a pending status, updated in real-time.
- Ensure that the list includes relevant details such as class name, submission date, and the number of students enrolled.
- Provide an approval action for each class that allows for a decision to be made within 2 clicks.

Test Outline:
- Verify that the pending classes list is accessible and accurately reflects the current status of all classes.
- Check that the displayed information includes all required details for each class.
- Test the approval process to confirm that it can be completed within the specified number of clicks.","it (ISO 29148)
that (ISO 29148)
those (ISO 29148)
all (ISO 29148)
can (NASA ARM)",4,4,0.0,3,4,1.0,4,5,1.0,3,5,2.0,4,5,1.0,2,5,3.0,3,5,2.0,—
US085,"As a site admin, I want to move people in a trainer's class from a pending state to the registry once I have received proof of payment from the trainer.","User Story:
As a site admin, I want to transition participants in a trainer's class from a pending status to the official registry once I have verified the receipt of payment from the trainer, ensuring accurate record-keeping and compliance.

Acceptance Criteria:
- Confirm receipt of payment proof from the trainer within 24 hours of submission.
- Successfully move participants from the pending state to the registry, with a target completion rate of 100% for all verified payments.
- Generate a notification for each successful transition to maintain transparency and track changes.

Test Outline:
- Review the payment proof documentation to ensure it meets the required criteria within the specified timeframe.
- Check the registry to confirm that all participants have been updated from pending to registered status.
- Validate that notifications are sent out for each transition, ensuring all stakeholders are informed.","it (ISO 29148)
that (ISO 29148)
all (ISO 29148)",4,4,0.0,3,4,1.0,3,4,1.0,3,5,2.0,3,5,2.0,2,5,3.0,3,4,1.0,—
US086,"As a CSM, I want to be sent an email welcoming me to the Scrum Alliance and with instructions to register or activate my membership once my name has been loaded to the registry.","User Story:
As a CSM, I want to receive a welcome email from the Scrum Alliance with clear instructions for registering or activating my membership as soon as my name is added to the registry, so that I can promptly engage with the community and access resources.

Acceptance Criteria:
- Receive the welcome email within 24 hours of my name being loaded into the registry.
- The email must include step-by-step instructions for registration or activation of my membership.
- Ensure that the email contains contact information for support in case I encounter any issues during the registration process.

Test Outline:
- Monitor the email inbox to confirm receipt of the welcome email within the specified timeframe.
- Review the content of the email to ensure it includes comprehensive registration or activation instructions.
- Test the provided contact information by reaching out to verify responsiveness and support availability.","it (ISO 29148)
that (ISO 29148)
can (NASA ARM)",3,4,1.0,3,4,1.0,3,5,2.0,3,5,2.0,3,5,2.0,2,5,3.0,3,5,2.0,—
US087,"As a site editor, I want to edit the content of the email automatically sent to new Certified Scrum Masters and Product Owners, so that I don't need to involve a programmer on simple email edits.","User Story:
As a site editor, I want to have the ability to modify the content of the automated emails sent to newly certified Scrum Masters and Product Owners, so that I can make simple updates independently without requiring assistance from a programmer.

Acceptance Criteria:
- Enable a user-friendly interface for editing email content that requires no coding skills.
- Ensure that changes made to the email content are saved and reflected in the next automated email sent.
- Provide a preview option to review the email content before it is sent to new recipients.

Test Outline:
- Test the editing interface to confirm that the site editor can make changes without technical support.
- Send a test email to verify that the edited content is accurately reflected in the automated email.
- Check the preview functionality to ensure it displays the updated email content correctly before sending.","it (ISO 29148)
that (ISO 29148)
can (NASA ARM)",4,4,0.0,4,4,0.0,4,5,1.0,4,5,1.0,4,5,1.0,3,5,2.0,4,5,1.0,—
US088,"As a company, I want to join the Scrum Alliance by paying a corporate membership fee, so that I can show the company's support of Scrum.","User Story:
As a company, I want to secure a corporate membership with the Scrum Alliance by paying the required fee, so that I can visibly demonstrate our commitment to Agile methodologies and enhance our organizational credibility within the Scrum community.

Acceptance Criteria:
- Complete the corporate membership application process and submit the membership fee.
- Receive confirmation of membership approval from the Scrum Alliance within 10 business days.
- Display the Scrum Alliance membership badge on our company website and marketing materials within 5 business days of approval.

Test Outline:
- Verify that the membership application has been submitted and the payment processed.
- Check for the confirmation email from the Scrum Alliance to ensure membership approval is received within the specified timeframe.
- Confirm that the Scrum Alliance membership badge is correctly displayed on the company’s website and promotional content.","secure (ISO 29148)
that (ISO 29148)
can (NASA ARM)",4,4,0.0,3,4,1.0,4,5,1.0,3,5,2.0,4,5,1.0,2,5,3.0,3,5,2.0,—
US089,"As a corporatesponsor, I want to display my logo on a corporate sponsors page, so that others see the company's support of Scrum.","User Story:
As a corporatesponsor, I want to prominently showcase my company logo on the corporate sponsors page so that potential clients and partners recognize our commitment to supporting Scrum and its community.

Acceptance Criteria:
- Ensure the logo is displayed in a high-resolution format that meets branding guidelines.
- Position the logo on the corporate sponsors page with a visibility rate of at least 90% for all visitors.
- Track and report the number of impressions and interactions with the logo to measure visibility and engagement.

Test Outline:
- Verify that the logo is uploaded and displayed correctly on the corporate sponsors page.
- Use analytics tools to assess the visibility rate of the logo among page visitors.
- Collect data on impressions and interactions to evaluate the effectiveness of the logo display.","that (ISO 29148)
all (ISO 29148)",4,4,0.0,3,4,1.0,4,5,1.0,3,5,2.0,4,5,1.0,2,5,3.0,3,5,2.0,—
US090,"As a corporatesponsor, I want to make my logo randomly appear on the home page, so that others see the company's support of Scrum.","User Story:
As a corporatesponsor, I want my logo to be displayed randomly on the home page so that visitors can recognize and appreciate my company's support for Scrum, enhancing brand visibility and association with agile methodologies.

Acceptance Criteria:
- Ensure the logo appears on the home page at least 10 times per hour, distributed randomly.
- Track and report the number of unique visitors who see the logo, aiming for at least 500 views per week.
- Confirm that the logo maintains a consistent size and quality across all devices and screen resolutions.

Test Outline:
- Monitor the home page to verify that the logo is displayed randomly and meets the frequency requirement.
- Use analytics tools to count the unique visitor views of the logo over a week.
- Check the logo's appearance on various devices to ensure it meets the specified quality standards.","it (ISO 29148)
that (ISO 29148)
all (ISO 29148)
can (NASA ARM)",4,4,0.0,3,4,1.0,4,5,1.0,3,5,2.0,4,5,1.0,2,5,3.0,3,5,2.0,—
US091,"As a CSM, I want to be charged a fee once I am approved for Practitioner status, so that my certification status can be activated.","User Story:
As a CSM, I want to incur a certification fee upon receiving approval for Practitioner status, so that I can activate my certification and enhance my professional credentials.

Acceptance Criteria:
- Ensure that the fee is charged automatically within 24 hours of approval for Practitioner status.
- Confirm that the certification status is activated immediately upon successful payment of the fee.
- Provide a receipt of the transaction to the CSM via email within 1 hour of the charge.

Test Outline:
- Verify that the fee is charged within the specified time frame after approval.
- Check the certification status to ensure it is activated post-payment.
- Confirm receipt of the transaction email in the CSM's inbox.","it (ISO 29148)
that (ISO 29148)
can (NASA ARM)",4,4,0.0,3,4,1.0,4,5,1.0,3,5,2.0,4,5,1.0,2,5,3.0,3,5,2.0,—
US092,"As a CST, I want to pay an annual fee, so that my CST status is active.","User Story:
As a CST, I want to pay my annual membership fee so that I can maintain my active CST status and continue to access exclusive resources and support.

Acceptance Criteria:
- Successfully complete the payment process for the annual fee before the renewal deadline.
- Receive confirmation of payment and active status within 24 hours of transaction.
- Ensure that access to CST resources and support is uninterrupted following payment.

Test Outline:
- Verify that the payment process is completed and recorded in the system.
- Check for the confirmation email or notification indicating active CST status.
- Attempt to access CST resources to confirm that access is granted without issues.","that (ISO 29148)
can (NASA ARM)",4,4,0.0,3,4,1.0,4,5,1.0,3,5,2.0,4,5,1.0,2,5,3.0,3,5,2.0,—
US093,"As a site administrator, I want to set the annual fees for members, Practitioners and Trainers, so that fees can be set without involving a programmer.","User Story:
As a site administrator, I want to independently configure the annual fees for members, practitioners, and trainers through an intuitive interface so that I can manage pricing efficiently without needing to rely on a programmer.

Acceptance Criteria:
- Provide a user-friendly interface that allows the administrator to set and update fees for each category (members, practitioners, trainers) with a maximum of 3 clicks.
- Ensure that changes to the fees are saved and reflected on the site within 1 minute of being set.
- Implement validation to prevent the setting of fees below a defined minimum threshold (e.g., $50) for each category.

Test Outline:
- Test the interface to confirm that the administrator can set fees for all categories with no more than 3 clicks.
- Monitor the site to verify that updated fees appear within 1 minute after being saved.
- Attempt to set fees below the minimum threshold to ensure the validation mechanism is functioning correctly.","intuitive (ISO 29148)
that (ISO 29148)
all (ISO 29148)
can (NASA ARM)
more (NASA ARM)",3,4,1.0,3,4,1.0,4,5,1.0,3,5,2.0,4,5,1.0,2,5,3.0,3,5,2.0,—
US094,"As a member, I want to receive a reminder and a link, so that I can renew my membership.","User Story:
As a member, I want to receive a timely reminder along with a renewal link so that I can easily renew my membership before it expires, ensuring uninterrupted access to member benefits.

Acceptance Criteria:
- Send a reminder notification at least 30 days prior to the membership expiration date.
- Include a direct renewal link in the reminder email for quick access.
- Confirm that the renewal process can be completed in 3 steps or fewer.

Test Outline:
- Check the system to ensure that reminder notifications are scheduled to be sent 30 days before expiration.
- Verify that the reminder email contains a functional renewal link.
- Test the renewal process to ensure it can be completed in 3 steps or less.","it (ISO 29148)
that (ISO 29148)
timely (NASA ARM)
can (NASA ARM)
less (NASA ARM)",3,5,2.0,3,4,1.0,4,5,1.0,3,5,2.0,4,5,1.0,2,5,3.0,3,5,2.0,—
US095,"As a member, I want to have the system email me a new password or a password reminder since i have short-term memory problems.","User Story:
As a member, I want the system to automatically send me a new password or a password reminder via email so that I can easily access my account without frustration.

Acceptance Criteria:
- Ensure that a password reset or reminder email is sent within 3 minutes of the request.
- Confirm that the email contains clear instructions and a secure link for resetting the password.
- Verify that the user can successfully log in using the new password or reminder information provided.

Test Outline:
- Track the time taken to send the password reset or reminder email after the request is made.
- Review the content of the email to ensure it includes all necessary instructions and a secure link.
- Attempt to log in with the new password or reminder to confirm successful access to the account.","secure (ISO 29148)
it (ISO 29148)
that (ISO 29148)
all (ISO 29148)
can (NASA ARM)",4,5,1.0,3,4,1.0,3,5,2.0,3,5,2.0,4,5,1.0,2,5,3.0,3,5,2.0,—
US096,"As a trainer, I want to read information of relevance only to trainers, so that the Scrum Alliance can share information with me easily.","User Story:
As a trainer, I want to access content specifically tailored for trainers so that the Scrum Alliance can efficiently provide me with relevant updates and resources that enhance my training effectiveness.

Acceptance Criteria:
- Ensure that the information accessed is exclusively relevant to trainers, filtering out unrelated content.
- Provide a user-friendly interface that allows me to easily navigate and find trainer-specific resources within 3 clicks.
- Update the content library at least once a month to ensure the information remains current and valuable.

Test Outline:
- Review the content accessed to confirm it is exclusively for trainers and not mixed with other roles.
- Test the navigation process to ensure that all trainer-specific resources can be found within 3 clicks.
- Check the update logs to verify that new content is added monthly.","it (ISO 29148)
that (ISO 29148)
all (ISO 29148)
can (NASA ARM)",4,4,0.0,3,4,1.0,4,5,1.0,3,5,2.0,4,5,1.0,2,5,3.0,3,5,2.0,—
US097,"As a site editor, I want to post information in a trainers-only section, so that only trainers see it.","User Story:
As a site editor, I want to publish content in a dedicated trainers-only section so that only authorized trainers can access and view this information, ensuring confidentiality and relevance.

Acceptance Criteria:
- Ensure that the trainers-only section is accessible exclusively to users with trainer roles.
- Confirm that all posted information is visible only to trainers and not to other user roles.
- Implement a notification system to alert trainers when new content is posted in their section.

Test Outline:
- Verify that only users with the trainer role can access the trainers-only section.
- Check that non-trainers cannot view any content posted in the trainers-only section.
- Test the notification system to ensure trainers receive alerts for new postings.","this (ISO 29148)
that (ISO 29148)
all (ISO 29148)
can (NASA ARM)",4,4,0.0,3,4,1.0,4,5,1.0,3,5,2.0,4,5,1.0,2,5,3.0,3,5,2.0,—
